ISO-10303-21;
HEADER;
/* Generated by software containing ST-Developer
 * from STEP Tools, Inc. (www.steptools.com) 
 */
/* OPTION: using custom renumber hook */

FILE_DESCRIPTION(
/* description */ ('STEP AP242 Edition 2',
'CAx-IF Rec.Pracs.---Representation and Presentation of Product Manufa
cturing Information (PMI)---4.0---2014-10-13',
'CAx-IF Rec.Pracs.---3D Tessellated Geometry---0.4---2014-09-14','2;1',
'CAx-IF Rec.Pracs.---User Defined Attributes---1.5---2016-08-15'),
/* implementation_level */ '2;1');

FILE_NAME(
/* name */ '6ab7d27a75a06e08379311bc',
/* time_stamp */ '2026-09-26T14:11:06Z',
/* author */ (''),
/* organization */ (''),
/* preprocessor_version */ 'ST-DEVELOPER v20',
/* originating_system */ 'ONSHAPE BY PTC INC, 1.221',
/* authorisation */ '  ');

FILE_SCHEMA (('AP242_MANAGED_MODEL_BASED_3D_ENGINEERING_MIM_LF { 1 0 10303 442 3 1 4 }'));
ENDSEC;

DATA;
#10=CONICAL_SURFACE('',#12717,0.00165,0.367173833818);
#11=(
BOUNDED_CURVE()
B_SPLINE_CURVE(2,(#17884,#17885,#17886),.UNSPECIFIED.,.F.,.F.)
B_SPLINE_CURVE_WITH_KNOTS((3,3),(0.,30.3737861998474),
 .PIECEWISE_BEZIER_KNOTS.)
CURVE()
GEOMETRIC_REPRESENTATION_ITEM()
RATIONAL_B_SPLINE_CURVE((1.,0.965076447241132,1.))
REPRESENTATION_ITEM('')
);
#12=(
BOUNDED_CURVE()
B_SPLINE_CURVE(2,(#17898,#17899,#17900),.UNSPECIFIED.,.F.,.F.)
B_SPLINE_CURVE_WITH_KNOTS((3,3),(329.626213800153,360.),
 .PIECEWISE_BEZIER_KNOTS.)
CURVE()
GEOMETRIC_REPRESENTATION_ITEM()
RATIONAL_B_SPLINE_CURVE((1.,0.965076447241132,1.))
REPRESENTATION_ITEM('')
);
#13=(
BOUNDED_CURVE()
B_SPLINE_CURVE(2,(#17905,#17906,#17907),.UNSPECIFIED.,.F.,.F.)
B_SPLINE_CURVE_WITH_KNOTS((3,3),(306.869897645841,328.997280866127),
 .PIECEWISE_BEZIER_KNOTS.)
CURVE()
GEOMETRIC_REPRESENTATION_ITEM()
RATIONAL_B_SPLINE_CURVE((1.,0.981414468304768,1.))
REPRESENTATION_ITEM('')
);
#14=(
BOUNDED_CURVE()
B_SPLINE_CURVE(2,(#17919,#17920,#17921),.UNSPECIFIED.,.F.,.F.)
B_SPLINE_CURVE_WITH_KNOTS((3,3),(31.0027191338729,53.1301023541584),
 .PIECEWISE_BEZIER_KNOTS.)
CURVE()
GEOMETRIC_REPRESENTATION_ITEM()
RATIONAL_B_SPLINE_CURVE((1.,0.981414468304768,1.))
REPRESENTATION_ITEM('')
);
#15=DRAUGHTING_PRE_DEFINED_COLOUR('black');
#16=OVER_RIDING_STYLED_ITEM('',(#11199),#10685,#11189);
#17=OVER_RIDING_STYLED_ITEM('',(#11200),#10686,#11189);
#18=OVER_RIDING_STYLED_ITEM('',(#11201),#10687,#11189);
#19=OVER_RIDING_STYLED_ITEM('',(#11202),#10688,#11189);
#20=OVER_RIDING_STYLED_ITEM('',(#11203),#10689,#11189);
#21=OVER_RIDING_STYLED_ITEM('',(#11204),#10690,#11189);
#22=OVER_RIDING_STYLED_ITEM('',(#11205),#10691,#11189);
#23=OVER_RIDING_STYLED_ITEM('',(#11206),#10692,#11189);
#24=OVER_RIDING_STYLED_ITEM('',(#11207),#10693,#11189);
#25=OVER_RIDING_STYLED_ITEM('',(#11208),#10694,#11189);
#26=OVER_RIDING_STYLED_ITEM('',(#11209),#10695,#11189);
#27=OVER_RIDING_STYLED_ITEM('',(#11210),#10696,#11189);
#28=OVER_RIDING_STYLED_ITEM('',(#11211),#10697,#11189);
#29=OVER_RIDING_STYLED_ITEM('',(#11212),#10698,#11189);
#30=OVER_RIDING_STYLED_ITEM('',(#11213),#10699,#11189);
#31=OVER_RIDING_STYLED_ITEM('',(#11214),#10700,#11189);
#32=OVER_RIDING_STYLED_ITEM('',(#11215),#10701,#11189);
#33=OVER_RIDING_STYLED_ITEM('',(#11216),#10702,#11189);
#34=OVER_RIDING_STYLED_ITEM('',(#11217),#10703,#11189);
#35=OVER_RIDING_STYLED_ITEM('',(#11218),#10704,#11189);
#36=OVER_RIDING_STYLED_ITEM('',(#11219),#10705,#11189);
#37=OVER_RIDING_STYLED_ITEM('',(#11220),#10706,#11189);
#38=OVER_RIDING_STYLED_ITEM('',(#11221),#10707,#11189);
#39=OVER_RIDING_STYLED_ITEM('',(#11222),#10708,#11189);
#40=OVER_RIDING_STYLED_ITEM('',(#11223),#10709,#11189);
#41=OVER_RIDING_STYLED_ITEM('',(#11224),#10710,#11189);
#42=OVER_RIDING_STYLED_ITEM('',(#11225),#10711,#11189);
#43=OVER_RIDING_STYLED_ITEM('',(#11226),#10712,#11189);
#44=OVER_RIDING_STYLED_ITEM('',(#11227),#10713,#11189);
#45=OVER_RIDING_STYLED_ITEM('',(#11228),#10714,#11189);
#46=OVER_RIDING_STYLED_ITEM('',(#11229),#10715,#11189);
#47=OVER_RIDING_STYLED_ITEM('',(#11230),#10716,#11189);
#48=OVER_RIDING_STYLED_ITEM('',(#11231),#10717,#11189);
#49=OVER_RIDING_STYLED_ITEM('',(#11232),#10718,#11189);
#50=OVER_RIDING_STYLED_ITEM('',(#11233),#10719,#11189);
#51=OVER_RIDING_STYLED_ITEM('',(#11234),#10720,#11189);
#52=OVER_RIDING_STYLED_ITEM('',(#11235),#10721,#11189);
#53=OVER_RIDING_STYLED_ITEM('',(#11236),#10722,#11189);
#54=OVER_RIDING_STYLED_ITEM('',(#11237),#10723,#11189);
#55=OVER_RIDING_STYLED_ITEM('',(#11238),#10724,#11189);
#56=OVER_RIDING_STYLED_ITEM('',(#11239),#10725,#11189);
#57=OVER_RIDING_STYLED_ITEM('',(#11240),#10726,#11189);
#58=OVER_RIDING_STYLED_ITEM('',(#11241),#10759,#11189);
#59=OVER_RIDING_STYLED_ITEM('',(#11242),#10760,#11189);
#60=OVER_RIDING_STYLED_ITEM('',(#11243),#10761,#11189);
#61=OVER_RIDING_STYLED_ITEM('',(#11244),#10762,#11189);
#62=OVER_RIDING_STYLED_ITEM('',(#11245),#10763,#11189);
#63=OVER_RIDING_STYLED_ITEM('',(#11246),#10764,#11189);
#64=OVER_RIDING_STYLED_ITEM('',(#11247),#10765,#11189);
#65=OVER_RIDING_STYLED_ITEM('',(#11248),#10766,#11189);
#66=OVER_RIDING_STYLED_ITEM('',(#11249),#10767,#11189);
#67=OVER_RIDING_STYLED_ITEM('',(#11250),#10768,#11189);
#68=OVER_RIDING_STYLED_ITEM('',(#11251),#10769,#11189);
#69=OVER_RIDING_STYLED_ITEM('',(#11252),#10770,#11189);
#70=OVER_RIDING_STYLED_ITEM('',(#11253),#10771,#11189);
#71=OVER_RIDING_STYLED_ITEM('',(#11254),#10772,#11189);
#72=OVER_RIDING_STYLED_ITEM('',(#11255),#10773,#11189);
#73=OVER_RIDING_STYLED_ITEM('',(#11256),#10774,#11189);
#74=OVER_RIDING_STYLED_ITEM('',(#11257),#10775,#11189);
#75=OVER_RIDING_STYLED_ITEM('',(#11258),#10776,#11189);
#76=OVER_RIDING_STYLED_ITEM('',(#11259),#10777,#11189);
#77=OVER_RIDING_STYLED_ITEM('',(#11260),#10778,#11189);
#78=OVER_RIDING_STYLED_ITEM('',(#11261),#10779,#11189);
#79=OVER_RIDING_STYLED_ITEM('',(#11262),#10780,#11189);
#80=OVER_RIDING_STYLED_ITEM('',(#11263),#10781,#11189);
#81=OVER_RIDING_STYLED_ITEM('',(#11264),#10782,#11189);
#82=OVER_RIDING_STYLED_ITEM('',(#11265),#10783,#11189);
#83=OVER_RIDING_STYLED_ITEM('',(#11266),#10784,#11189);
#84=OVER_RIDING_STYLED_ITEM('',(#11267),#10785,#11189);
#85=OVER_RIDING_STYLED_ITEM('',(#11268),#10786,#11189);
#86=OVER_RIDING_STYLED_ITEM('',(#11269),#10787,#11189);
#87=OVER_RIDING_STYLED_ITEM('',(#11270),#10788,#11189);
#88=OVER_RIDING_STYLED_ITEM('',(#11271),#10789,#11189);
#89=OVER_RIDING_STYLED_ITEM('',(#11272),#10790,#11189);
#90=OVER_RIDING_STYLED_ITEM('',(#11273),#10831,#11189);
#91=OVER_RIDING_STYLED_ITEM('',(#11274),#10832,#11189);
#92=OVER_RIDING_STYLED_ITEM('',(#11275),#10837,#11189);
#93=OVER_RIDING_STYLED_ITEM('',(#11276),#10838,#11189);
#94=OVER_RIDING_STYLED_ITEM('',(#11277),#10843,#11189);
#95=OVER_RIDING_STYLED_ITEM('',(#11278),#10844,#11189);
#96=OVER_RIDING_STYLED_ITEM('',(#11279),#10849,#11189);
#97=OVER_RIDING_STYLED_ITEM('',(#11280),#10850,#11189);
#98=OVER_RIDING_STYLED_ITEM('',(#11281),#10855,#11189);
#99=OVER_RIDING_STYLED_ITEM('',(#11282),#10856,#11189);
#100=OVER_RIDING_STYLED_ITEM('',(#11283),#10861,#11189);
#101=OVER_RIDING_STYLED_ITEM('',(#11284),#10862,#11189);
#102=OVER_RIDING_STYLED_ITEM('',(#11285),#10867,#11189);
#103=OVER_RIDING_STYLED_ITEM('',(#11286),#10868,#11189);
#104=OVER_RIDING_STYLED_ITEM('',(#11287),#10873,#11189);
#105=OVER_RIDING_STYLED_ITEM('',(#11288),#10874,#11189);
#106=OVER_RIDING_STYLED_ITEM('',(#11290),#10903,#11190);
#107=OVER_RIDING_STYLED_ITEM('',(#11291),#10904,#11190);
#108=OVER_RIDING_STYLED_ITEM('',(#11292),#10905,#11190);
#109=OVER_RIDING_STYLED_ITEM('',(#11293),#10906,#11190);
#110=OVER_RIDING_STYLED_ITEM('',(#11294),#10915,#11190);
#111=OVER_RIDING_STYLED_ITEM('',(#11295),#10916,#11190);
#112=OVER_RIDING_STYLED_ITEM('',(#11296),#10917,#11190);
#113=OVER_RIDING_STYLED_ITEM('',(#11297),#10918,#11190);
#114=OVER_RIDING_STYLED_ITEM('',(#11298),#10919,#11190);
#115=OVER_RIDING_STYLED_ITEM('',(#11299),#10920,#11190);
#116=OVER_RIDING_STYLED_ITEM('',(#11300),#10921,#11190);
#117=OVER_RIDING_STYLED_ITEM('',(#11301),#10922,#11190);
#118=OVER_RIDING_STYLED_ITEM('',(#11302),#10923,#11190);
#119=OVER_RIDING_STYLED_ITEM('',(#11303),#10924,#11190);
#120=OVER_RIDING_STYLED_ITEM('',(#11304),#10925,#11190);
#121=OVER_RIDING_STYLED_ITEM('',(#11305),#10926,#11190);
#122=OVER_RIDING_STYLED_ITEM('',(#11306),#10927,#11190);
#123=OVER_RIDING_STYLED_ITEM('',(#11307),#10928,#11190);
#124=OVER_RIDING_STYLED_ITEM('',(#11308),#10929,#11190);
#125=OVER_RIDING_STYLED_ITEM('',(#11309),#10930,#11190);
#126=OVER_RIDING_STYLED_ITEM('',(#11310),#10931,#11190);
#127=OVER_RIDING_STYLED_ITEM('',(#11311),#10932,#11190);
#128=OVER_RIDING_STYLED_ITEM('',(#11312),#10934,#11190);
#129=OVER_RIDING_STYLED_ITEM('',(#11313),#10935,#11190);
#130=OVER_RIDING_STYLED_ITEM('',(#11314),#10936,#11190);
#131=OVER_RIDING_STYLED_ITEM('',(#11315),#10937,#11190);
#132=OVER_RIDING_STYLED_ITEM('',(#11316),#10938,#11190);
#133=OVER_RIDING_STYLED_ITEM('',(#11317),#10939,#11190);
#134=OVER_RIDING_STYLED_ITEM('',(#11318),#10940,#11190);
#135=OVER_RIDING_STYLED_ITEM('',(#11319),#10941,#11190);
#136=OVER_RIDING_STYLED_ITEM('',(#11320),#10942,#11190);
#137=OVER_RIDING_STYLED_ITEM('',(#11321),#10943,#11190);
#138=OVER_RIDING_STYLED_ITEM('',(#11322),#10944,#11190);
#139=OVER_RIDING_STYLED_ITEM('',(#11323),#10945,#11190);
#140=OVER_RIDING_STYLED_ITEM('',(#11324),#10946,#11190);
#141=OVER_RIDING_STYLED_ITEM('',(#11325),#10947,#11190);
#142=OVER_RIDING_STYLED_ITEM('',(#11326),#10948,#11190);
#143=OVER_RIDING_STYLED_ITEM('',(#11327),#10949,#11190);
#144=OVER_RIDING_STYLED_ITEM('',(#11328),#10950,#11190);
#145=OVER_RIDING_STYLED_ITEM('',(#11329),#10951,#11190);
#146=OVER_RIDING_STYLED_ITEM('',(#11330),#10952,#11190);
#147=OVER_RIDING_STYLED_ITEM('',(#11331),#10953,#11190);
#148=OVER_RIDING_STYLED_ITEM('',(#11332),#10954,#11190);
#149=OVER_RIDING_STYLED_ITEM('',(#11333),#10955,#11190);
#150=OVER_RIDING_STYLED_ITEM('',(#11334),#10956,#11190);
#151=OVER_RIDING_STYLED_ITEM('',(#11335),#10957,#11190);
#152=OVER_RIDING_STYLED_ITEM('',(#11336),#10958,#11190);
#153=OVER_RIDING_STYLED_ITEM('',(#11337),#10959,#11190);
#154=OVER_RIDING_STYLED_ITEM('',(#11343),#11117,#11195);
#155=OVER_RIDING_STYLED_ITEM('',(#11344),#11118,#11195);
#156=OVER_RIDING_STYLED_ITEM('',(#11345),#11120,#11195);
#157=OVER_RIDING_STYLED_ITEM('',(#11346),#11121,#11195);
#158=OVER_RIDING_STYLED_ITEM('',(#11347),#11122,#11195);
#159=OVER_RIDING_STYLED_ITEM('',(#11348),#11123,#11195);
#160=OVER_RIDING_STYLED_ITEM('',(#11349),#11124,#11195);
#161=CONTEXT_DEPENDENT_SHAPE_REPRESENTATION(#231,#19236);
#162=CONTEXT_DEPENDENT_SHAPE_REPRESENTATION(#232,#19239);
#163=CONTEXT_DEPENDENT_SHAPE_REPRESENTATION(#233,#19240);
#164=CONTEXT_DEPENDENT_SHAPE_REPRESENTATION(#234,#19244);
#165=CONTEXT_DEPENDENT_SHAPE_REPRESENTATION(#235,#19247);
#166=CONTEXT_DEPENDENT_SHAPE_REPRESENTATION(#236,#19249);
#167=CONTEXT_DEPENDENT_SHAPE_REPRESENTATION(#237,#19250);
#168=CONTEXT_DEPENDENT_SHAPE_REPRESENTATION(#238,#19252);
#169=CONTEXT_DEPENDENT_SHAPE_REPRESENTATION(#239,#19253);
#170=CONTEXT_DEPENDENT_SHAPE_REPRESENTATION(#240,#19254);
#171=CONTEXT_DEPENDENT_SHAPE_REPRESENTATION(#241,#19258);
#172=CONTEXT_DEPENDENT_SHAPE_REPRESENTATION(#242,#19259);
#173=CONTEXT_DEPENDENT_SHAPE_REPRESENTATION(#243,#19260);
#174=CONTEXT_DEPENDENT_SHAPE_REPRESENTATION(#244,#19261);
#175=CONTEXT_DEPENDENT_SHAPE_REPRESENTATION(#245,#19262);
#176=CONTEXT_DEPENDENT_SHAPE_REPRESENTATION(#246,#19263);
#177=CONTEXT_DEPENDENT_SHAPE_REPRESENTATION(#247,#19264);
#178=CONTEXT_DEPENDENT_SHAPE_REPRESENTATION(#248,#19266);
#179=CONTEXT_DEPENDENT_SHAPE_REPRESENTATION(#249,#19269);
#180=CONTEXT_DEPENDENT_SHAPE_REPRESENTATION(#250,#19270);
#181=CONTEXT_DEPENDENT_SHAPE_REPRESENTATION(#251,#19273);
#182=CONTEXT_DEPENDENT_SHAPE_REPRESENTATION(#252,#19274);
#183=CONTEXT_DEPENDENT_SHAPE_REPRESENTATION(#253,#19276);
#184=CONTEXT_DEPENDENT_SHAPE_REPRESENTATION(#254,#19277);
#185=CONTEXT_DEPENDENT_SHAPE_REPRESENTATION(#255,#19278);
#186=CONTEXT_DEPENDENT_SHAPE_REPRESENTATION(#256,#19279);
#187=CONTEXT_DEPENDENT_SHAPE_REPRESENTATION(#257,#19280);
#188=CONTEXT_DEPENDENT_SHAPE_REPRESENTATION(#258,#19282);
#189=CONTEXT_DEPENDENT_SHAPE_REPRESENTATION(#259,#19285);
#190=CONTEXT_DEPENDENT_SHAPE_REPRESENTATION(#260,#19287);
#191=CONTEXT_DEPENDENT_SHAPE_REPRESENTATION(#261,#19288);
#192=CONTEXT_DEPENDENT_SHAPE_REPRESENTATION(#262,#19289);
#193=CONTEXT_DEPENDENT_SHAPE_REPRESENTATION(#263,#19290);
#194=CONTEXT_DEPENDENT_SHAPE_REPRESENTATION(#264,#19291);
#195=CONTEXT_DEPENDENT_SHAPE_REPRESENTATION(#265,#19292);
#196=NEXT_ASSEMBLY_USAGE_OCCURRENCE('NAUO1','Case Top','Case Top',#19293,
#19294,'');
#197=NEXT_ASSEMBLY_USAGE_OCCURRENCE('NAUO2',
'PinSocket_1x08_P2.54mm_Vertical','PinSocket_1x08_P2.54mm_Vertical',#19295,
#19296,'');
#198=NEXT_ASSEMBLY_USAGE_OCCURRENCE('NAUO3',
'PinSocket_1x08_P2.54mm_Vertical <1>',
'PinSocket_1x08_P2.54mm_Vertical <1>',#19293,#19295,'');
#199=NEXT_ASSEMBLY_USAGE_OCCURRENCE('NAUO4','Body','Body',#19298,#19299,
'');
#200=NEXT_ASSEMBLY_USAGE_OCCURRENCE('NAUO5','Pins','Pins',#19300,#19301,
'');
#201=NEXT_ASSEMBLY_USAGE_OCCURRENCE('NAUO6','Pins','Pins',#19300,#19302,
'');
#202=NEXT_ASSEMBLY_USAGE_OCCURRENCE('NAUO7','Pins <1>','Pins <1>',#19298,
#19300,'');
#203=NEXT_ASSEMBLY_USAGE_OCCURRENCE('NAUO8','Button','Button',#19298,#19303,
'');
#204=NEXT_ASSEMBLY_USAGE_OCCURRENCE('NAUO9','REDragon-MX-ZT02 <1>',
'REDragon-MX-ZT02 <1>',#19297,#19298,'');
#205=NEXT_ASSEMBLY_USAGE_OCCURRENCE('NAUO10','REDragon-MX-ZT02 (1) <3>',
'REDragon-MX-ZT02 (1) <3>',#19293,#19297,'');
#206=NEXT_ASSEMBLY_USAGE_OCCURRENCE('NAUO11','Pins','Pins',#19306,#19301,
'');
#207=NEXT_ASSEMBLY_USAGE_OCCURRENCE('NAUO12','Pins','Pins',#19306,#19302,
'');
#208=NEXT_ASSEMBLY_USAGE_OCCURRENCE('NAUO13','Pins <1>','Pins <1>',#19305,
#19306,'');
#209=NEXT_ASSEMBLY_USAGE_OCCURRENCE('NAUO14','Button','Button',#19305,#19303,
'');
#210=NEXT_ASSEMBLY_USAGE_OCCURRENCE('NAUO15','Body','Body',#19305,#19299,
'');
#211=NEXT_ASSEMBLY_USAGE_OCCURRENCE('NAUO16','REDragon-MX-ZT02 <1>',
'REDragon-MX-ZT02 <1>',#19304,#19305,'');
#212=NEXT_ASSEMBLY_USAGE_OCCURRENCE('NAUO17','REDragon-MX-ZT02 (1) <2>',
'REDragon-MX-ZT02 (1) <2>',#19293,#19304,'');
#213=NEXT_ASSEMBLY_USAGE_OCCURRENCE('NAUO18','Case Base','Case Base',#19293,
#19307,'');
#214=NEXT_ASSEMBLY_USAGE_OCCURRENCE('NAUO19','Buzzer_12x95RM76',
'Buzzer_12x95RM76',#19308,#19309,'');
#215=NEXT_ASSEMBLY_USAGE_OCCURRENCE('NAUO20','Buzzer_12x9.5RM7.6 <1>',
'Buzzer_12x9.5RM7.6 <1>',#19293,#19308,'');
#216=NEXT_ASSEMBLY_USAGE_OCCURRENCE('NAUO21','Button','Button',#19311,#19303,
'');
#217=NEXT_ASSEMBLY_USAGE_OCCURRENCE('NAUO22','Body','Body',#19311,#19299,
'');
#218=NEXT_ASSEMBLY_USAGE_OCCURRENCE('NAUO23','Pins','Pins',#19312,#19302,
'');
#219=NEXT_ASSEMBLY_USAGE_OCCURRENCE('NAUO24','Pins','Pins',#19312,#19301,
'');
#220=NEXT_ASSEMBLY_USAGE_OCCURRENCE('NAUO25','Pins <1>','Pins <1>',#19311,
#19312,'');
#221=NEXT_ASSEMBLY_USAGE_OCCURRENCE('NAUO26','REDragon-MX-ZT02 <1>',
'REDragon-MX-ZT02 <1>',#19310,#19311,'');
#222=NEXT_ASSEMBLY_USAGE_OCCURRENCE('NAUO27','REDragon-MX-ZT02 (1) <1>',
'REDragon-MX-ZT02 (1) <1>',#19293,#19310,'');
#223=NEXT_ASSEMBLY_USAGE_OCCURRENCE('NAUO28','YourClock_PCB',
'YourClock_PCB',#19293,#19313,'');
#224=NEXT_ASSEMBLY_USAGE_OCCURRENCE('NAUO29','Button','Button',#19315,#19303,
'');
#225=NEXT_ASSEMBLY_USAGE_OCCURRENCE('NAUO30','Pins','Pins',#19316,#19302,
'');
#226=NEXT_ASSEMBLY_USAGE_OCCURRENCE('NAUO31','Pins','Pins',#19316,#19301,
'');
#227=NEXT_ASSEMBLY_USAGE_OCCURRENCE('NAUO32','Pins <1>','Pins <1>',#19315,
#19316,'');
#228=NEXT_ASSEMBLY_USAGE_OCCURRENCE('NAUO33','Body','Body',#19315,#19299,
'');
#229=NEXT_ASSEMBLY_USAGE_OCCURRENCE('NAUO34','REDragon-MX-ZT02 <1>',
'REDragon-MX-ZT02 <1>',#19314,#19315,'');
#230=NEXT_ASSEMBLY_USAGE_OCCURRENCE('NAUO35','REDragon-MX-ZT02 (1) <4>',
'REDragon-MX-ZT02 (1) <4>',#19293,#19314,'');
#231=(
REPRESENTATION_RELATIONSHIP(' ',' ',#12165,#12164)
REPRESENTATION_RELATIONSHIP_WITH_TRANSFORMATION(#266)
SHAPE_REPRESENTATION_RELATIONSHIP()
);
#232=(
REPRESENTATION_RELATIONSHIP(' ',' ',#12167,#12166)
REPRESENTATION_RELATIONSHIP_WITH_TRANSFORMATION(#267)
SHAPE_REPRESENTATION_RELATIONSHIP()
);
#233=(
REPRESENTATION_RELATIONSHIP(' ',' ',#12166,#12164)
REPRESENTATION_RELATIONSHIP_WITH_TRANSFORMATION(#268)
SHAPE_REPRESENTATION_RELATIONSHIP()
);
#234=(
REPRESENTATION_RELATIONSHIP(' ',' ',#12170,#12169)
REPRESENTATION_RELATIONSHIP_WITH_TRANSFORMATION(#269)
SHAPE_REPRESENTATION_RELATIONSHIP()
);
#235=(
REPRESENTATION_RELATIONSHIP(' ',' ',#12172,#12171)
REPRESENTATION_RELATIONSHIP_WITH_TRANSFORMATION(#270)
SHAPE_REPRESENTATION_RELATIONSHIP()
);
#236=(
REPRESENTATION_RELATIONSHIP(' ',' ',#12173,#12171)
REPRESENTATION_RELATIONSHIP_WITH_TRANSFORMATION(#271)
SHAPE_REPRESENTATION_RELATIONSHIP()
);
#237=(
REPRESENTATION_RELATIONSHIP(' ',' ',#12171,#12169)
REPRESENTATION_RELATIONSHIP_WITH_TRANSFORMATION(#272)
SHAPE_REPRESENTATION_RELATIONSHIP()
);
#238=(
REPRESENTATION_RELATIONSHIP(' ',' ',#12174,#12169)
REPRESENTATION_RELATIONSHIP_WITH_TRANSFORMATION(#273)
SHAPE_REPRESENTATION_RELATIONSHIP()
);
#239=(
REPRESENTATION_RELATIONSHIP(' ',' ',#12169,#12168)
REPRESENTATION_RELATIONSHIP_WITH_TRANSFORMATION(#274)
SHAPE_REPRESENTATION_RELATIONSHIP()
);
#240=(
REPRESENTATION_RELATIONSHIP(' ',' ',#12168,#12164)
REPRESENTATION_RELATIONSHIP_WITH_TRANSFORMATION(#275)
SHAPE_REPRESENTATION_RELATIONSHIP()
);
#241=(
REPRESENTATION_RELATIONSHIP(' ',' ',#12172,#12177)
REPRESENTATION_RELATIONSHIP_WITH_TRANSFORMATION(#276)
SHAPE_REPRESENTATION_RELATIONSHIP()
);
#242=(
REPRESENTATION_RELATIONSHIP(' ',' ',#12173,#12177)
REPRESENTATION_RELATIONSHIP_WITH_TRANSFORMATION(#277)
SHAPE_REPRESENTATION_RELATIONSHIP()
);
#243=(
REPRESENTATION_RELATIONSHIP(' ',' ',#12177,#12176)
REPRESENTATION_RELATIONSHIP_WITH_TRANSFORMATION(#278)
SHAPE_REPRESENTATION_RELATIONSHIP()
);
#244=(
REPRESENTATION_RELATIONSHIP(' ',' ',#12174,#12176)
REPRESENTATION_RELATIONSHIP_WITH_TRANSFORMATION(#279)
SHAPE_REPRESENTATION_RELATIONSHIP()
);
#245=(
REPRESENTATION_RELATIONSHIP(' ',' ',#12170,#12176)
REPRESENTATION_RELATIONSHIP_WITH_TRANSFORMATION(#280)
SHAPE_REPRESENTATION_RELATIONSHIP()
);
#246=(
REPRESENTATION_RELATIONSHIP(' ',' ',#12176,#12175)
REPRESENTATION_RELATIONSHIP_WITH_TRANSFORMATION(#281)
SHAPE_REPRESENTATION_RELATIONSHIP()
);
#247=(
REPRESENTATION_RELATIONSHIP(' ',' ',#12175,#12164)
REPRESENTATION_RELATIONSHIP_WITH_TRANSFORMATION(#282)
SHAPE_REPRESENTATION_RELATIONSHIP()
);
#248=(
REPRESENTATION_RELATIONSHIP(' ',' ',#12178,#12164)
REPRESENTATION_RELATIONSHIP_WITH_TRANSFORMATION(#283)
SHAPE_REPRESENTATION_RELATIONSHIP()
);
#249=(
REPRESENTATION_RELATIONSHIP(' ',' ',#12180,#12179)
REPRESENTATION_RELATIONSHIP_WITH_TRANSFORMATION(#284)
SHAPE_REPRESENTATION_RELATIONSHIP()
);
#250=(
REPRESENTATION_RELATIONSHIP(' ',' ',#12179,#12164)
REPRESENTATION_RELATIONSHIP_WITH_TRANSFORMATION(#285)
SHAPE_REPRESENTATION_RELATIONSHIP()
);
#251=(
REPRESENTATION_RELATIONSHIP(' ',' ',#12174,#12182)
REPRESENTATION_RELATIONSHIP_WITH_TRANSFORMATION(#286)
SHAPE_REPRESENTATION_RELATIONSHIP()
);
#252=(
REPRESENTATION_RELATIONSHIP(' ',' ',#12170,#12182)
REPRESENTATION_RELATIONSHIP_WITH_TRANSFORMATION(#287)
SHAPE_REPRESENTATION_RELATIONSHIP()
);
#253=(
REPRESENTATION_RELATIONSHIP(' ',' ',#12173,#12183)
REPRESENTATION_RELATIONSHIP_WITH_TRANSFORMATION(#288)
SHAPE_REPRESENTATION_RELATIONSHIP()
);
#254=(
REPRESENTATION_RELATIONSHIP(' ',' ',#12172,#12183)
REPRESENTATION_RELATIONSHIP_WITH_TRANSFORMATION(#289)
SHAPE_REPRESENTATION_RELATIONSHIP()
);
#255=(
REPRESENTATION_RELATIONSHIP(' ',' ',#12183,#12182)
REPRESENTATION_RELATIONSHIP_WITH_TRANSFORMATION(#290)
SHAPE_REPRESENTATION_RELATIONSHIP()
);
#256=(
REPRESENTATION_RELATIONSHIP(' ',' ',#12182,#12181)
REPRESENTATION_RELATIONSHIP_WITH_TRANSFORMATION(#291)
SHAPE_REPRESENTATION_RELATIONSHIP()
);
#257=(
REPRESENTATION_RELATIONSHIP(' ',' ',#12181,#12164)
REPRESENTATION_RELATIONSHIP_WITH_TRANSFORMATION(#292)
SHAPE_REPRESENTATION_RELATIONSHIP()
);
#258=(
REPRESENTATION_RELATIONSHIP(' ',' ',#12184,#12164)
REPRESENTATION_RELATIONSHIP_WITH_TRANSFORMATION(#293)
SHAPE_REPRESENTATION_RELATIONSHIP()
);
#259=(
REPRESENTATION_RELATIONSHIP(' ',' ',#12174,#12186)
REPRESENTATION_RELATIONSHIP_WITH_TRANSFORMATION(#294)
SHAPE_REPRESENTATION_RELATIONSHIP()
);
#260=(
REPRESENTATION_RELATIONSHIP(' ',' ',#12173,#12187)
REPRESENTATION_RELATIONSHIP_WITH_TRANSFORMATION(#295)
SHAPE_REPRESENTATION_RELATIONSHIP()
);
#261=(
REPRESENTATION_RELATIONSHIP(' ',' ',#12172,#12187)
REPRESENTATION_RELATIONSHIP_WITH_TRANSFORMATION(#296)
SHAPE_REPRESENTATION_RELATIONSHIP()
);
#262=(
REPRESENTATION_RELATIONSHIP(' ',' ',#12187,#12186)
REPRESENTATION_RELATIONSHIP_WITH_TRANSFORMATION(#297)
SHAPE_REPRESENTATION_RELATIONSHIP()
);
#263=(
REPRESENTATION_RELATIONSHIP(' ',' ',#12170,#12186)
REPRESENTATION_RELATIONSHIP_WITH_TRANSFORMATION(#298)
SHAPE_REPRESENTATION_RELATIONSHIP()
);
#264=(
REPRESENTATION_RELATIONSHIP(' ',' ',#12186,#12185)
REPRESENTATION_RELATIONSHIP_WITH_TRANSFORMATION(#299)
SHAPE_REPRESENTATION_RELATIONSHIP()
);
#265=(
REPRESENTATION_RELATIONSHIP(' ',' ',#12185,#12164)
REPRESENTATION_RELATIONSHIP_WITH_TRANSFORMATION(#300)
SHAPE_REPRESENTATION_RELATIONSHIP()
);
#266=ITEM_DEFINED_TRANSFORMATION(' ',' ',#12188,#12369);
#267=ITEM_DEFINED_TRANSFORMATION(' ',' ',#12188,#12588);
#268=ITEM_DEFINED_TRANSFORMATION(' ',' ',#12188,#12589);
#269=ITEM_DEFINED_TRANSFORMATION(' ',' ',#12188,#12723);
#270=ITEM_DEFINED_TRANSFORMATION(' ',' ',#12188,#12732);
#271=ITEM_DEFINED_TRANSFORMATION(' ',' ',#12188,#12741);
#272=ITEM_DEFINED_TRANSFORMATION(' ',' ',#12188,#12742);
#273=ITEM_DEFINED_TRANSFORMATION(' ',' ',#12188,#12788);
#274=ITEM_DEFINED_TRANSFORMATION(' ',' ',#12188,#12789);
#275=ITEM_DEFINED_TRANSFORMATION(' ',' ',#12188,#12790);
#276=ITEM_DEFINED_TRANSFORMATION(' ',' ',#12188,#12791);
#277=ITEM_DEFINED_TRANSFORMATION(' ',' ',#12188,#12792);
#278=ITEM_DEFINED_TRANSFORMATION(' ',' ',#12188,#12793);
#279=ITEM_DEFINED_TRANSFORMATION(' ',' ',#12188,#12794);
#280=ITEM_DEFINED_TRANSFORMATION(' ',' ',#12188,#12795);
#281=ITEM_DEFINED_TRANSFORMATION(' ',' ',#12188,#12796);
#282=ITEM_DEFINED_TRANSFORMATION(' ',' ',#12188,#12797);
#283=ITEM_DEFINED_TRANSFORMATION(' ',' ',#12188,#12881);
#284=ITEM_DEFINED_TRANSFORMATION(' ',' ',#12188,#12911);
#285=ITEM_DEFINED_TRANSFORMATION(' ',' ',#12188,#12912);
#286=ITEM_DEFINED_TRANSFORMATION(' ',' ',#12188,#12913);
#287=ITEM_DEFINED_TRANSFORMATION(' ',' ',#12188,#12914);
#288=ITEM_DEFINED_TRANSFORMATION(' ',' ',#12188,#12915);
#289=ITEM_DEFINED_TRANSFORMATION(' ',' ',#12188,#12916);
#290=ITEM_DEFINED_TRANSFORMATION(' ',' ',#12188,#12917);
#291=ITEM_DEFINED_TRANSFORMATION(' ',' ',#12188,#12918);
#292=ITEM_DEFINED_TRANSFORMATION(' ',' ',#12188,#12919);
#293=ITEM_DEFINED_TRANSFORMATION(' ',' ',#12188,#13070);
#294=ITEM_DEFINED_TRANSFORMATION(' ',' ',#12188,#13071);
#295=ITEM_DEFINED_TRANSFORMATION(' ',' ',#12188,#13072);
#296=ITEM_DEFINED_TRANSFORMATION(' ',' ',#12188,#13073);
#297=ITEM_DEFINED_TRANSFORMATION(' ',' ',#12188,#13074);
#298=ITEM_DEFINED_TRANSFORMATION(' ',' ',#12188,#13075);
#299=ITEM_DEFINED_TRANSFORMATION(' ',' ',#12188,#13076);
#300=ITEM_DEFINED_TRANSFORMATION(' ',' ',#12188,#13077);
#301=SHAPE_REPRESENTATION_RELATIONSHIP('','',#12165,#310);
#302=SHAPE_REPRESENTATION_RELATIONSHIP('','',#12167,#311);
#303=SHAPE_REPRESENTATION_RELATIONSHIP('','',#12170,#312);
#304=SHAPE_REPRESENTATION_RELATIONSHIP('','',#12172,#313);
#305=SHAPE_REPRESENTATION_RELATIONSHIP('','',#12173,#314);
#306=SHAPE_REPRESENTATION_RELATIONSHIP('','',#12174,#315);
#307=SHAPE_REPRESENTATION_RELATIONSHIP('','',#12178,#316);
#308=SHAPE_REPRESENTATION_RELATIONSHIP('','',#12180,#317);
#309=SHAPE_REPRESENTATION_RELATIONSHIP('','',#12184,#318);
#310=ADVANCED_BREP_SHAPE_REPRESENTATION('',(#12131),#19184);
#311=ADVANCED_BREP_SHAPE_REPRESENTATION('',(#12132),#19186);
#312=ADVANCED_BREP_SHAPE_REPRESENTATION('',(#12133),#19189);
#313=ADVANCED_BREP_SHAPE_REPRESENTATION('',(#12134),#19191);
#314=ADVANCED_BREP_SHAPE_REPRESENTATION('',(#12135),#19192);
#315=ADVANCED_BREP_SHAPE_REPRESENTATION('',(#12136),#19193);
#316=ADVANCED_BREP_SHAPE_REPRESENTATION('',(#12137),#19197);
#317=ADVANCED_BREP_SHAPE_REPRESENTATION('',(#12138),#19199);
#318=ADVANCED_BREP_SHAPE_REPRESENTATION('',(#12139),#19203);
#319=TOROIDAL_SURFACE('',#12269,0.002,0.0014);
#320=TOROIDAL_SURFACE('',#12271,0.002,0.0014);
#321=TOROIDAL_SURFACE('',#12277,0.002,0.0014);
#322=TOROIDAL_SURFACE('',#12279,0.002,0.0014);
#323=TOROIDAL_SURFACE('',#12831,0.002,0.0014);
#324=TOROIDAL_SURFACE('',#12833,0.002,0.0014);
#325=TOROIDAL_SURFACE('',#12839,0.002,0.0014);
#326=TOROIDAL_SURFACE('',#12841,0.002,0.0014);
#327=TOROIDAL_SURFACE('',#12885,0.0057,0.0003);
#328=TOROIDAL_SURFACE('',#12888,0.004518518518519,0.001481481481481);
#329=TOROIDAL_SURFACE('',#12902,0.00027,0.00018);
#330=TOROIDAL_SURFACE('',#12905,0.00027,0.00018);
#331=CYLINDRICAL_SURFACE('',#12258,0.0034);
#332=CYLINDRICAL_SURFACE('',#12260,0.0034);
#333=CYLINDRICAL_SURFACE('',#12262,0.0034);
#334=CYLINDRICAL_SURFACE('',#12264,0.0034);
#335=CYLINDRICAL_SURFACE('',#12266,0.0014);
#336=CYLINDRICAL_SURFACE('',#12273,0.0014);
#337=CYLINDRICAL_SURFACE('',#12275,0.0014);
#338=CYLINDRICAL_SURFACE('',#12281,0.0014);
#339=CYLINDRICAL_SURFACE('',#12286,0.001);
#340=CYLINDRICAL_SURFACE('',#12287,0.001);
#341=CYLINDRICAL_SURFACE('',#12288,0.001);
#342=CYLINDRICAL_SURFACE('',#12289,0.001);
#343=CYLINDRICAL_SURFACE('',#12290,0.0035);
#344=CYLINDRICAL_SURFACE('',#12294,0.0035);
#345=CYLINDRICAL_SURFACE('',#12298,0.0035);
#346=CYLINDRICAL_SURFACE('',#12302,0.0035);
#347=CYLINDRICAL_SURFACE('',#12306,0.0013);
#348=CYLINDRICAL_SURFACE('',#12309,0.0013);
#349=CYLINDRICAL_SURFACE('',#12312,0.0013);
#350=CYLINDRICAL_SURFACE('',#12315,0.0013);
#351=CYLINDRICAL_SURFACE('',#12318,0.0066);
#352=CYLINDRICAL_SURFACE('',#12323,0.0004);
#353=CYLINDRICAL_SURFACE('',#12324,0.0004);
#354=CYLINDRICAL_SURFACE('',#12325,0.0004);
#355=CYLINDRICAL_SURFACE('',#12326,0.0004);
#356=CYLINDRICAL_SURFACE('',#12331,0.001);
#357=CYLINDRICAL_SURFACE('',#12332,0.001);
#358=CYLINDRICAL_SURFACE('',#12333,0.001);
#359=CYLINDRICAL_SURFACE('',#12334,0.001);
#360=CYLINDRICAL_SURFACE('',#12339,0.0004);
#361=CYLINDRICAL_SURFACE('',#12340,0.0004);
#362=CYLINDRICAL_SURFACE('',#12341,0.0004);
#363=CYLINDRICAL_SURFACE('',#12342,0.0004);
#364=CYLINDRICAL_SURFACE('',#12347,0.0004);
#365=CYLINDRICAL_SURFACE('',#12348,0.0004);
#366=CYLINDRICAL_SURFACE('',#12349,0.0004);
#367=CYLINDRICAL_SURFACE('',#12350,0.0004);
#368=CYLINDRICAL_SURFACE('',#12355,0.0004);
#369=CYLINDRICAL_SURFACE('',#12356,0.0004);
#370=CYLINDRICAL_SURFACE('',#12357,0.0004);
#371=CYLINDRICAL_SURFACE('',#12358,0.0004);
#372=CYLINDRICAL_SURFACE('',#12359,0.0008);
#373=CYLINDRICAL_SURFACE('',#12362,0.0008);
#374=CYLINDRICAL_SURFACE('',#12608,0.001);
#375=CYLINDRICAL_SURFACE('',#12635,0.00175);
#376=CYLINDRICAL_SURFACE('',#12649,0.0009);
#377=CYLINDRICAL_SURFACE('',#12652,0.0009);
#378=CYLINDRICAL_SURFACE('',#12655,0.0009);
#379=CYLINDRICAL_SURFACE('',#12658,0.0009);
#380=CYLINDRICAL_SURFACE('',#12661,0.00135);
#381=CYLINDRICAL_SURFACE('',#12667,0.00135);
#382=CYLINDRICAL_SURFACE('',#12709,0.0005);
#383=CYLINDRICAL_SURFACE('',#12711,0.0005);
#384=CYLINDRICAL_SURFACE('',#12721,0.0019);
#385=CYLINDRICAL_SURFACE('',#12820,0.0034);
#386=CYLINDRICAL_SURFACE('',#12822,0.0034);
#387=CYLINDRICAL_SURFACE('',#12824,0.0034);
#388=CYLINDRICAL_SURFACE('',#12826,0.0034);
#389=CYLINDRICAL_SURFACE('',#12828,0.0014);
#390=CYLINDRICAL_SURFACE('',#12835,0.0014);
#391=CYLINDRICAL_SURFACE('',#12837,0.0014);
#392=CYLINDRICAL_SURFACE('',#12843,0.0014);
#393=CYLINDRICAL_SURFACE('',#12857,0.001);
#394=CYLINDRICAL_SURFACE('',#12858,0.001);
#395=CYLINDRICAL_SURFACE('',#12859,0.001);
#396=CYLINDRICAL_SURFACE('',#12860,0.001);
#397=CYLINDRICAL_SURFACE('',#12861,0.0035);
#398=CYLINDRICAL_SURFACE('',#12865,0.0035);
#399=CYLINDRICAL_SURFACE('',#12869,0.0035);
#400=CYLINDRICAL_SURFACE('',#12873,0.0035);
#401=CYLINDRICAL_SURFACE('',#12877,0.0017);
#402=CYLINDRICAL_SURFACE('',#12878,0.0017);
#403=CYLINDRICAL_SURFACE('',#12879,0.0017);
#404=CYLINDRICAL_SURFACE('',#12880,0.0017);
#405=CYLINDRICAL_SURFACE('',#12882,0.006);
#406=CYLINDRICAL_SURFACE('',#12896,0.00045);
#407=CYLINDRICAL_SURFACE('',#12898,0.00045);
#408=CYLINDRICAL_SURFACE('',#12900,0.001);
#409=CYLINDRICAL_SURFACE('',#13022,0.0016);
#410=CYLINDRICAL_SURFACE('',#13023,0.00075);
#411=CYLINDRICAL_SURFACE('',#13024,0.00085);
#412=CYLINDRICAL_SURFACE('',#13025,0.002);
#413=CYLINDRICAL_SURFACE('',#13026,0.0004445);
#414=CYLINDRICAL_SURFACE('',#13027,0.0004445);
#415=CYLINDRICAL_SURFACE('',#13028,0.0004445);
#416=CYLINDRICAL_SURFACE('',#13029,0.00075);
#417=CYLINDRICAL_SURFACE('',#13030,0.00085);
#418=CYLINDRICAL_SURFACE('',#13031,0.0004445);
#419=CYLINDRICAL_SURFACE('',#13032,0.0004445);
#420=CYLINDRICAL_SURFACE('',#13033,0.0004445);
#421=CYLINDRICAL_SURFACE('',#13034,0.0004445);
#422=CYLINDRICAL_SURFACE('',#13035,0.0004445);
#423=CYLINDRICAL_SURFACE('',#13036,0.0004445);
#424=CYLINDRICAL_SURFACE('',#13037,0.0004445);
#425=CYLINDRICAL_SURFACE('',#13038,0.0016);
#426=CYLINDRICAL_SURFACE('',#13039,0.00075);
#427=CYLINDRICAL_SURFACE('',#13040,0.00085);
#428=CYLINDRICAL_SURFACE('',#13041,0.002);
#429=CYLINDRICAL_SURFACE('',#13042,0.0004445);
#430=CYLINDRICAL_SURFACE('',#13043,0.0004445);
#431=CYLINDRICAL_SURFACE('',#13044,0.0004445);
#432=CYLINDRICAL_SURFACE('',#13045,0.0004445);
#433=CYLINDRICAL_SURFACE('',#13046,0.00075);
#434=CYLINDRICAL_SURFACE('',#13047,0.00085);
#435=CYLINDRICAL_SURFACE('',#13048,0.00075);
#436=CYLINDRICAL_SURFACE('',#13049,0.00085);
#437=CYLINDRICAL_SURFACE('',#13050,0.002);
#438=CYLINDRICAL_SURFACE('',#13051,0.00075);
#439=CYLINDRICAL_SURFACE('',#13052,0.00085);
#440=CYLINDRICAL_SURFACE('',#13053,0.0005);
#441=CYLINDRICAL_SURFACE('',#13054,0.0005);
#442=CYLINDRICAL_SURFACE('',#13055,0.0005);
#443=CYLINDRICAL_SURFACE('',#13056,0.0005);
#444=CYLINDRICAL_SURFACE('',#13057,0.0016);
#445=CYLINDRICAL_SURFACE('',#13058,0.0005);
#446=CYLINDRICAL_SURFACE('',#13059,0.0005);
#447=CYLINDRICAL_SURFACE('',#13060,0.0005);
#448=CYLINDRICAL_SURFACE('',#13061,0.0005);
#449=CYLINDRICAL_SURFACE('',#13062,0.00075);
#450=CYLINDRICAL_SURFACE('',#13063,0.00085);
#451=CYLINDRICAL_SURFACE('',#13064,0.00075);
#452=CYLINDRICAL_SURFACE('',#13065,0.002);
#453=CYLINDRICAL_SURFACE('',#13066,0.00085);
#454=CYLINDRICAL_SURFACE('',#13067,0.0005);
#455=CYLINDRICAL_SURFACE('',#13068,0.0005);
#456=CYLINDRICAL_SURFACE('',#13069,0.0016);
#457=LINE('',#16082,#1676);
#458=LINE('',#16086,#1677);
#459=LINE('',#16090,#1678);
#460=LINE('',#16094,#1679);
#461=LINE('',#16098,#1680);
#462=LINE('',#16102,#1681);
#463=LINE('',#16106,#1682);
#464=LINE('',#16110,#1683);
#465=LINE('',#16111,#1684);
#466=LINE('',#16116,#1685);
#467=LINE('',#16120,#1686);
#468=LINE('',#16124,#1687);
#469=LINE('',#16132,#1688);
#470=LINE('',#16136,#1689);
#471=LINE('',#16140,#1690);
#472=LINE('',#16144,#1691);
#473=LINE('',#16148,#1692);
#474=LINE('',#16152,#1693);
#475=LINE('',#16156,#1694);
#476=LINE('',#16160,#1695);
#477=LINE('',#16164,#1696);
#478=LINE('',#16168,#1697);
#479=LINE('',#16172,#1698);
#480=LINE('',#16176,#1699);
#481=LINE('',#16188,#1700);
#482=LINE('',#16193,#1701);
#483=LINE('',#16197,#1702);
#484=LINE('',#16201,#1703);
#485=LINE('',#16204,#1704);
#486=LINE('',#16209,#1705);
#487=LINE('',#16213,#1706);
#488=LINE('',#16217,#1707);
#489=LINE('',#16220,#1708);
#490=LINE('',#16225,#1709);
#491=LINE('',#16229,#1710);
#492=LINE('',#16233,#1711);
#493=LINE('',#16236,#1712);
#494=LINE('',#16241,#1713);
#495=LINE('',#16245,#1714);
#496=LINE('',#16249,#1715);
#497=LINE('',#16252,#1716);
#498=LINE('',#16257,#1717);
#499=LINE('',#16261,#1718);
#500=LINE('',#16265,#1719);
#501=LINE('',#16268,#1720);
#502=LINE('',#16273,#1721);
#503=LINE('',#16277,#1722);
#504=LINE('',#16281,#1723);
#505=LINE('',#16285,#1724);
#506=LINE('',#16288,#1725);
#507=LINE('',#16290,#1726);
#508=LINE('',#16292,#1727);
#509=LINE('',#16294,#1728);
#510=LINE('',#16297,#1729);
#511=LINE('',#16299,#1730);
#512=LINE('',#16301,#1731);
#513=LINE('',#16302,#1732);
#514=LINE('',#16305,#1733);
#515=LINE('',#16307,#1734);
#516=LINE('',#16309,#1735);
#517=LINE('',#16311,#1736);
#518=LINE('',#16314,#1737);
#519=LINE('',#16316,#1738);
#520=LINE('',#16318,#1739);
#521=LINE('',#16320,#1740);
#522=LINE('',#16323,#1741);
#523=LINE('',#16325,#1742);
#524=LINE('',#16327,#1743);
#525=LINE('',#16329,#1744);
#526=LINE('',#16334,#1745);
#527=LINE('',#16338,#1746);
#528=LINE('',#16342,#1747);
#529=LINE('',#16374,#1748);
#530=LINE('',#16375,#1749);
#531=LINE('',#16377,#1750);
#532=LINE('',#16380,#1751);
#533=LINE('',#16382,#1752);
#534=LINE('',#16384,#1753);
#535=LINE('',#16385,#1754);
#536=LINE('',#16386,#1755);
#537=LINE('',#16388,#1756);
#538=LINE('',#16389,#1757);
#539=LINE('',#16391,#1758);
#540=LINE('',#16392,#1759);
#541=LINE('',#16439,#1760);
#542=LINE('',#16440,#1761);
#543=LINE('',#16442,#1762);
#544=LINE('',#16443,#1763);
#545=LINE('',#16445,#1764);
#546=LINE('',#16446,#1765);
#547=LINE('',#16448,#1766);
#548=LINE('',#16449,#1767);
#549=LINE('',#16455,#1768);
#550=LINE('',#16456,#1769);
#551=LINE('',#16458,#1770);
#552=LINE('',#16459,#1771);
#553=LINE('',#16461,#1772);
#554=LINE('',#16462,#1773);
#555=LINE('',#16464,#1774);
#556=LINE('',#16465,#1775);
#557=LINE('',#16471,#1776);
#558=LINE('',#16472,#1777);
#559=LINE('',#16474,#1778);
#560=LINE('',#16475,#1779);
#561=LINE('',#16477,#1780);
#562=LINE('',#16478,#1781);
#563=LINE('',#16480,#1782);
#564=LINE('',#16481,#1783);
#565=LINE('',#16487,#1784);
#566=LINE('',#16488,#1785);
#567=LINE('',#16490,#1786);
#568=LINE('',#16491,#1787);
#569=LINE('',#16493,#1788);
#570=LINE('',#16494,#1789);
#571=LINE('',#16496,#1790);
#572=LINE('',#16497,#1791);
#573=LINE('',#16503,#1792);
#574=LINE('',#16504,#1793);
#575=LINE('',#16506,#1794);
#576=LINE('',#16507,#1795);
#577=LINE('',#16509,#1796);
#578=LINE('',#16510,#1797);
#579=LINE('',#16512,#1798);
#580=LINE('',#16513,#1799);
#581=LINE('',#16521,#1800);
#582=LINE('',#16527,#1801);
#583=LINE('',#16531,#1802);
#584=LINE('',#16532,#1803);
#585=LINE('',#16534,#1804);
#586=LINE('',#16535,#1805);
#587=LINE('',#16540,#1806);
#588=LINE('',#16543,#1807);
#589=LINE('',#16545,#1808);
#590=LINE('',#16547,#1809);
#591=LINE('',#16549,#1810);
#592=LINE('',#16552,#1811);
#593=LINE('',#16554,#1812);
#594=LINE('',#16556,#1813);
#595=LINE('',#16557,#1814);
#596=LINE('',#16559,#1815);
#597=LINE('',#16561,#1816);
#598=LINE('',#16563,#1817);
#599=LINE('',#16566,#1818);
#600=LINE('',#16568,#1819);
#601=LINE('',#16570,#1820);
#602=LINE('',#16572,#1821);
#603=LINE('',#16574,#1822);
#604=LINE('',#16575,#1823);
#605=LINE('',#16577,#1824);
#606=LINE('',#16579,#1825);
#607=LINE('',#16580,#1826);
#608=LINE('',#16583,#1827);
#609=LINE('',#16585,#1828);
#610=LINE('',#16587,#1829);
#611=LINE('',#16588,#1830);
#612=LINE('',#16591,#1831);
#613=LINE('',#16593,#1832);
#614=LINE('',#16595,#1833);
#615=LINE('',#16596,#1834);
#616=LINE('',#16599,#1835);
#617=LINE('',#16601,#1836);
#618=LINE('',#16603,#1837);
#619=LINE('',#16604,#1838);
#620=LINE('',#16607,#1839);
#621=LINE('',#16609,#1840);
#622=LINE('',#16611,#1841);
#623=LINE('',#16612,#1842);
#624=LINE('',#16615,#1843);
#625=LINE('',#16617,#1844);
#626=LINE('',#16619,#1845);
#627=LINE('',#16620,#1846);
#628=LINE('',#16623,#1847);
#629=LINE('',#16625,#1848);
#630=LINE('',#16627,#1849);
#631=LINE('',#16628,#1850);
#632=LINE('',#16631,#1851);
#633=LINE('',#16633,#1852);
#634=LINE('',#16635,#1853);
#635=LINE('',#16636,#1854);
#636=LINE('',#16639,#1855);
#637=LINE('',#16641,#1856);
#638=LINE('',#16643,#1857);
#639=LINE('',#16645,#1858);
#640=LINE('',#16646,#1859);
#641=LINE('',#16648,#1860);
#642=LINE('',#16650,#1861);
#643=LINE('',#16651,#1862);
#644=LINE('',#16654,#1863);
#645=LINE('',#16656,#1864);
#646=LINE('',#16658,#1865);
#647=LINE('',#16660,#1866);
#648=LINE('',#16662,#1867);
#649=LINE('',#16664,#1868);
#650=LINE('',#16666,#1869);
#651=LINE('',#16667,#1870);
#652=LINE('',#16670,#1871);
#653=LINE('',#16672,#1872);
#654=LINE('',#16674,#1873);
#655=LINE('',#16676,#1874);
#656=LINE('',#16678,#1875);
#657=LINE('',#16680,#1876);
#658=LINE('',#16682,#1877);
#659=LINE('',#16683,#1878);
#660=LINE('',#16686,#1879);
#661=LINE('',#16688,#1880);
#662=LINE('',#16690,#1881);
#663=LINE('',#16692,#1882);
#664=LINE('',#16694,#1883);
#665=LINE('',#16696,#1884);
#666=LINE('',#16698,#1885);
#667=LINE('',#16699,#1886);
#668=LINE('',#16702,#1887);
#669=LINE('',#16704,#1888);
#670=LINE('',#16706,#1889);
#671=LINE('',#16708,#1890);
#672=LINE('',#16710,#1891);
#673=LINE('',#16712,#1892);
#674=LINE('',#16714,#1893);
#675=LINE('',#16715,#1894);
#676=LINE('',#16718,#1895);
#677=LINE('',#16720,#1896);
#678=LINE('',#16722,#1897);
#679=LINE('',#16724,#1898);
#680=LINE('',#16726,#1899);
#681=LINE('',#16728,#1900);
#682=LINE('',#16730,#1901);
#683=LINE('',#16731,#1902);
#684=LINE('',#16734,#1903);
#685=LINE('',#16736,#1904);
#686=LINE('',#16738,#1905);
#687=LINE('',#16740,#1906);
#688=LINE('',#16742,#1907);
#689=LINE('',#16744,#1908);
#690=LINE('',#16746,#1909);
#691=LINE('',#16747,#1910);
#692=LINE('',#16750,#1911);
#693=LINE('',#16752,#1912);
#694=LINE('',#16754,#1913);
#695=LINE('',#16756,#1914);
#696=LINE('',#16758,#1915);
#697=LINE('',#16760,#1916);
#698=LINE('',#16762,#1917);
#699=LINE('',#16763,#1918);
#700=LINE('',#16766,#1919);
#701=LINE('',#16768,#1920);
#702=LINE('',#16770,#1921);
#703=LINE('',#16772,#1922);
#704=LINE('',#16774,#1923);
#705=LINE('',#16776,#1924);
#706=LINE('',#16778,#1925);
#707=LINE('',#16782,#1926);
#708=LINE('',#16784,#1927);
#709=LINE('',#16786,#1928);
#710=LINE('',#16788,#1929);
#711=LINE('',#16790,#1930);
#712=LINE('',#16792,#1931);
#713=LINE('',#16794,#1932);
#714=LINE('',#16796,#1933);
#715=LINE('',#16798,#1934);
#716=LINE('',#16800,#1935);
#717=LINE('',#16802,#1936);
#718=LINE('',#16804,#1937);
#719=LINE('',#16806,#1938);
#720=LINE('',#16808,#1939);
#721=LINE('',#16810,#1940);
#722=LINE('',#16812,#1941);
#723=LINE('',#16814,#1942);
#724=LINE('',#16816,#1943);
#725=LINE('',#16818,#1944);
#726=LINE('',#16820,#1945);
#727=LINE('',#16822,#1946);
#728=LINE('',#16824,#1947);
#729=LINE('',#16826,#1948);
#730=LINE('',#16828,#1949);
#731=LINE('',#16830,#1950);
#732=LINE('',#16832,#1951);
#733=LINE('',#16834,#1952);
#734=LINE('',#16836,#1953);
#735=LINE('',#16838,#1954);
#736=LINE('',#16840,#1955);
#737=LINE('',#16842,#1956);
#738=LINE('',#16844,#1957);
#739=LINE('',#16846,#1958);
#740=LINE('',#16848,#1959);
#741=LINE('',#16850,#1960);
#742=LINE('',#16852,#1961);
#743=LINE('',#16854,#1962);
#744=LINE('',#16856,#1963);
#745=LINE('',#16858,#1964);
#746=LINE('',#16860,#1965);
#747=LINE('',#16862,#1966);
#748=LINE('',#16864,#1967);
#749=LINE('',#16866,#1968);
#750=LINE('',#16868,#1969);
#751=LINE('',#16870,#1970);
#752=LINE('',#16872,#1971);
#753=LINE('',#16874,#1972);
#754=LINE('',#16876,#1973);
#755=LINE('',#16878,#1974);
#756=LINE('',#16880,#1975);
#757=LINE('',#16882,#1976);
#758=LINE('',#16884,#1977);
#759=LINE('',#16886,#1978);
#760=LINE('',#16888,#1979);
#761=LINE('',#16890,#1980);
#762=LINE('',#16892,#1981);
#763=LINE('',#16894,#1982);
#764=LINE('',#16896,#1983);
#765=LINE('',#16898,#1984);
#766=LINE('',#16900,#1985);
#767=LINE('',#16902,#1986);
#768=LINE('',#16904,#1987);
#769=LINE('',#16906,#1988);
#770=LINE('',#16908,#1989);
#771=LINE('',#16910,#1990);
#772=LINE('',#16912,#1991);
#773=LINE('',#16915,#1992);
#774=LINE('',#16917,#1993);
#775=LINE('',#16919,#1994);
#776=LINE('',#16920,#1995);
#777=LINE('',#16922,#1996);
#778=LINE('',#16924,#1997);
#779=LINE('',#16926,#1998);
#780=LINE('',#16928,#1999);
#781=LINE('',#16930,#2000);
#782=LINE('',#16932,#2001);
#783=LINE('',#16934,#2002);
#784=LINE('',#16936,#2003);
#785=LINE('',#16939,#2004);
#786=LINE('',#16941,#2005);
#787=LINE('',#16943,#2006);
#788=LINE('',#16944,#2007);
#789=LINE('',#16946,#2008);
#790=LINE('',#16948,#2009);
#791=LINE('',#16950,#2010);
#792=LINE('',#16952,#2011);
#793=LINE('',#16954,#2012);
#794=LINE('',#16956,#2013);
#795=LINE('',#16958,#2014);
#796=LINE('',#16960,#2015);
#797=LINE('',#16963,#2016);
#798=LINE('',#16965,#2017);
#799=LINE('',#16967,#2018);
#800=LINE('',#16968,#2019);
#801=LINE('',#16970,#2020);
#802=LINE('',#16972,#2021);
#803=LINE('',#16974,#2022);
#804=LINE('',#16976,#2023);
#805=LINE('',#16978,#2024);
#806=LINE('',#16980,#2025);
#807=LINE('',#16982,#2026);
#808=LINE('',#16984,#2027);
#809=LINE('',#16987,#2028);
#810=LINE('',#16989,#2029);
#811=LINE('',#16991,#2030);
#812=LINE('',#16992,#2031);
#813=LINE('',#16994,#2032);
#814=LINE('',#16996,#2033);
#815=LINE('',#16998,#2034);
#816=LINE('',#17000,#2035);
#817=LINE('',#17002,#2036);
#818=LINE('',#17004,#2037);
#819=LINE('',#17006,#2038);
#820=LINE('',#17008,#2039);
#821=LINE('',#17011,#2040);
#822=LINE('',#17013,#2041);
#823=LINE('',#17015,#2042);
#824=LINE('',#17016,#2043);
#825=LINE('',#17018,#2044);
#826=LINE('',#17020,#2045);
#827=LINE('',#17022,#2046);
#828=LINE('',#17024,#2047);
#829=LINE('',#17026,#2048);
#830=LINE('',#17028,#2049);
#831=LINE('',#17030,#2050);
#832=LINE('',#17032,#2051);
#833=LINE('',#17035,#2052);
#834=LINE('',#17037,#2053);
#835=LINE('',#17039,#2054);
#836=LINE('',#17040,#2055);
#837=LINE('',#17042,#2056);
#838=LINE('',#17044,#2057);
#839=LINE('',#17046,#2058);
#840=LINE('',#17048,#2059);
#841=LINE('',#17050,#2060);
#842=LINE('',#17052,#2061);
#843=LINE('',#17054,#2062);
#844=LINE('',#17056,#2063);
#845=LINE('',#17059,#2064);
#846=LINE('',#17061,#2065);
#847=LINE('',#17063,#2066);
#848=LINE('',#17064,#2067);
#849=LINE('',#17066,#2068);
#850=LINE('',#17068,#2069);
#851=LINE('',#17070,#2070);
#852=LINE('',#17072,#2071);
#853=LINE('',#17074,#2072);
#854=LINE('',#17076,#2073);
#855=LINE('',#17078,#2074);
#856=LINE('',#17080,#2075);
#857=LINE('',#17083,#2076);
#858=LINE('',#17085,#2077);
#859=LINE('',#17087,#2078);
#860=LINE('',#17088,#2079);
#861=LINE('',#17090,#2080);
#862=LINE('',#17092,#2081);
#863=LINE('',#17094,#2082);
#864=LINE('',#17096,#2083);
#865=LINE('',#17098,#2084);
#866=LINE('',#17100,#2085);
#867=LINE('',#17102,#2086);
#868=LINE('',#17104,#2087);
#869=LINE('',#17106,#2088);
#870=LINE('',#17108,#2089);
#871=LINE('',#17110,#2090);
#872=LINE('',#17112,#2091);
#873=LINE('',#17114,#2092);
#874=LINE('',#17116,#2093);
#875=LINE('',#17118,#2094);
#876=LINE('',#17120,#2095);
#877=LINE('',#17122,#2096);
#878=LINE('',#17124,#2097);
#879=LINE('',#17126,#2098);
#880=LINE('',#17128,#2099);
#881=LINE('',#17130,#2100);
#882=LINE('',#17132,#2101);
#883=LINE('',#17134,#2102);
#884=LINE('',#17136,#2103);
#885=LINE('',#17138,#2104);
#886=LINE('',#17140,#2105);
#887=LINE('',#17142,#2106);
#888=LINE('',#17144,#2107);
#889=LINE('',#17146,#2108);
#890=LINE('',#17148,#2109);
#891=LINE('',#17150,#2110);
#892=LINE('',#17152,#2111);
#893=LINE('',#17154,#2112);
#894=LINE('',#17156,#2113);
#895=LINE('',#17158,#2114);
#896=LINE('',#17160,#2115);
#897=LINE('',#17162,#2116);
#898=LINE('',#17164,#2117);
#899=LINE('',#17166,#2118);
#900=LINE('',#17168,#2119);
#901=LINE('',#17170,#2120);
#902=LINE('',#17172,#2121);
#903=LINE('',#17174,#2122);
#904=LINE('',#17176,#2123);
#905=LINE('',#17178,#2124);
#906=LINE('',#17180,#2125);
#907=LINE('',#17182,#2126);
#908=LINE('',#17184,#2127);
#909=LINE('',#17186,#2128);
#910=LINE('',#17188,#2129);
#911=LINE('',#17190,#2130);
#912=LINE('',#17192,#2131);
#913=LINE('',#17194,#2132);
#914=LINE('',#17196,#2133);
#915=LINE('',#17198,#2134);
#916=LINE('',#17200,#2135);
#917=LINE('',#17202,#2136);
#918=LINE('',#17204,#2137);
#919=LINE('',#17206,#2138);
#920=LINE('',#17208,#2139);
#921=LINE('',#17210,#2140);
#922=LINE('',#17212,#2141);
#923=LINE('',#17214,#2142);
#924=LINE('',#17216,#2143);
#925=LINE('',#17218,#2144);
#926=LINE('',#17220,#2145);
#927=LINE('',#17222,#2146);
#928=LINE('',#17224,#2147);
#929=LINE('',#17226,#2148);
#930=LINE('',#17228,#2149);
#931=LINE('',#17230,#2150);
#932=LINE('',#17232,#2151);
#933=LINE('',#17234,#2152);
#934=LINE('',#17236,#2153);
#935=LINE('',#17238,#2154);
#936=LINE('',#17240,#2155);
#937=LINE('',#17242,#2156);
#938=LINE('',#17244,#2157);
#939=LINE('',#17246,#2158);
#940=LINE('',#17248,#2159);
#941=LINE('',#17250,#2160);
#942=LINE('',#17252,#2161);
#943=LINE('',#17254,#2162);
#944=LINE('',#17256,#2163);
#945=LINE('',#17258,#2164);
#946=LINE('',#17260,#2165);
#947=LINE('',#17262,#2166);
#948=LINE('',#17264,#2167);
#949=LINE('',#17266,#2168);
#950=LINE('',#17268,#2169);
#951=LINE('',#17270,#2170);
#952=LINE('',#17272,#2171);
#953=LINE('',#17274,#2172);
#954=LINE('',#17276,#2173);
#955=LINE('',#17278,#2174);
#956=LINE('',#17280,#2175);
#957=LINE('',#17282,#2176);
#958=LINE('',#17284,#2177);
#959=LINE('',#17286,#2178);
#960=LINE('',#17288,#2179);
#961=LINE('',#17290,#2180);
#962=LINE('',#17292,#2181);
#963=LINE('',#17294,#2182);
#964=LINE('',#17296,#2183);
#965=LINE('',#17298,#2184);
#966=LINE('',#17300,#2185);
#967=LINE('',#17302,#2186);
#968=LINE('',#17304,#2187);
#969=LINE('',#17306,#2188);
#970=LINE('',#17308,#2189);
#971=LINE('',#17310,#2190);
#972=LINE('',#17312,#2191);
#973=LINE('',#17314,#2192);
#974=LINE('',#17316,#2193);
#975=LINE('',#17318,#2194);
#976=LINE('',#17320,#2195);
#977=LINE('',#17322,#2196);
#978=LINE('',#17324,#2197);
#979=LINE('',#17326,#2198);
#980=LINE('',#17328,#2199);
#981=LINE('',#17330,#2200);
#982=LINE('',#17332,#2201);
#983=LINE('',#17334,#2202);
#984=LINE('',#17336,#2203);
#985=LINE('',#17338,#2204);
#986=LINE('',#17340,#2205);
#987=LINE('',#17342,#2206);
#988=LINE('',#17344,#2207);
#989=LINE('',#17346,#2208);
#990=LINE('',#17348,#2209);
#991=LINE('',#17350,#2210);
#992=LINE('',#17352,#2211);
#993=LINE('',#17354,#2212);
#994=LINE('',#17356,#2213);
#995=LINE('',#17358,#2214);
#996=LINE('',#17360,#2215);
#997=LINE('',#17362,#2216);
#998=LINE('',#17364,#2217);
#999=LINE('',#17367,#2218);
#1000=LINE('',#17369,#2219);
#1001=LINE('',#17371,#2220);
#1002=LINE('',#17373,#2221);
#1003=LINE('',#17376,#2222);
#1004=LINE('',#17378,#2223);
#1005=LINE('',#17380,#2224);
#1006=LINE('',#17382,#2225);
#1007=LINE('',#17385,#2226);
#1008=LINE('',#17387,#2227);
#1009=LINE('',#17389,#2228);
#1010=LINE('',#17391,#2229);
#1011=LINE('',#17394,#2230);
#1012=LINE('',#17396,#2231);
#1013=LINE('',#17398,#2232);
#1014=LINE('',#17400,#2233);
#1015=LINE('',#17403,#2234);
#1016=LINE('',#17405,#2235);
#1017=LINE('',#17407,#2236);
#1018=LINE('',#17409,#2237);
#1019=LINE('',#17412,#2238);
#1020=LINE('',#17414,#2239);
#1021=LINE('',#17416,#2240);
#1022=LINE('',#17418,#2241);
#1023=LINE('',#17421,#2242);
#1024=LINE('',#17423,#2243);
#1025=LINE('',#17425,#2244);
#1026=LINE('',#17427,#2245);
#1027=LINE('',#17430,#2246);
#1028=LINE('',#17432,#2247);
#1029=LINE('',#17434,#2248);
#1030=LINE('',#17436,#2249);
#1031=LINE('',#17438,#2250);
#1032=LINE('',#17440,#2251);
#1033=LINE('',#17442,#2252);
#1034=LINE('',#17444,#2253);
#1035=LINE('',#17446,#2254);
#1036=LINE('',#17448,#2255);
#1037=LINE('',#17450,#2256);
#1038=LINE('',#17452,#2257);
#1039=LINE('',#17454,#2258);
#1040=LINE('',#17456,#2259);
#1041=LINE('',#17458,#2260);
#1042=LINE('',#17460,#2261);
#1043=LINE('',#17462,#2262);
#1044=LINE('',#17464,#2263);
#1045=LINE('',#17466,#2264);
#1046=LINE('',#17468,#2265);
#1047=LINE('',#17470,#2266);
#1048=LINE('',#17472,#2267);
#1049=LINE('',#17474,#2268);
#1050=LINE('',#17476,#2269);
#1051=LINE('',#17478,#2270);
#1052=LINE('',#17480,#2271);
#1053=LINE('',#17482,#2272);
#1054=LINE('',#17484,#2273);
#1055=LINE('',#17486,#2274);
#1056=LINE('',#17488,#2275);
#1057=LINE('',#17490,#2276);
#1058=LINE('',#17492,#2277);
#1059=LINE('',#17494,#2278);
#1060=LINE('',#17496,#2279);
#1061=LINE('',#17498,#2280);
#1062=LINE('',#17500,#2281);
#1063=LINE('',#17502,#2282);
#1064=LINE('',#17504,#2283);
#1065=LINE('',#17506,#2284);
#1066=LINE('',#17508,#2285);
#1067=LINE('',#17510,#2286);
#1068=LINE('',#17512,#2287);
#1069=LINE('',#17514,#2288);
#1070=LINE('',#17516,#2289);
#1071=LINE('',#17518,#2290);
#1072=LINE('',#17520,#2291);
#1073=LINE('',#17522,#2292);
#1074=LINE('',#17524,#2293);
#1075=LINE('',#17526,#2294);
#1076=LINE('',#17528,#2295);
#1077=LINE('',#17530,#2296);
#1078=LINE('',#17532,#2297);
#1079=LINE('',#17534,#2298);
#1080=LINE('',#17536,#2299);
#1081=LINE('',#17538,#2300);
#1082=LINE('',#17540,#2301);
#1083=LINE('',#17542,#2302);
#1084=LINE('',#17544,#2303);
#1085=LINE('',#17546,#2304);
#1086=LINE('',#17548,#2305);
#1087=LINE('',#17550,#2306);
#1088=LINE('',#17552,#2307);
#1089=LINE('',#17554,#2308);
#1090=LINE('',#17556,#2309);
#1091=LINE('',#17558,#2310);
#1092=LINE('',#17560,#2311);
#1093=LINE('',#17562,#2312);
#1094=LINE('',#17564,#2313);
#1095=LINE('',#17566,#2314);
#1096=LINE('',#17568,#2315);
#1097=LINE('',#17570,#2316);
#1098=LINE('',#17572,#2317);
#1099=LINE('',#17574,#2318);
#1100=LINE('',#17576,#2319);
#1101=LINE('',#17578,#2320);
#1102=LINE('',#17580,#2321);
#1103=LINE('',#17582,#2322);
#1104=LINE('',#17584,#2323);
#1105=LINE('',#17586,#2324);
#1106=LINE('',#17588,#2325);
#1107=LINE('',#17590,#2326);
#1108=LINE('',#17592,#2327);
#1109=LINE('',#17594,#2328);
#1110=LINE('',#17596,#2329);
#1111=LINE('',#17598,#2330);
#1112=LINE('',#17600,#2331);
#1113=LINE('',#17602,#2332);
#1114=LINE('',#17604,#2333);
#1115=LINE('',#17606,#2334);
#1116=LINE('',#17608,#2335);
#1117=LINE('',#17610,#2336);
#1118=LINE('',#17612,#2337);
#1119=LINE('',#17614,#2338);
#1120=LINE('',#17616,#2339);
#1121=LINE('',#17618,#2340);
#1122=LINE('',#17620,#2341);
#1123=LINE('',#17622,#2342);
#1124=LINE('',#17624,#2343);
#1125=LINE('',#17626,#2344);
#1126=LINE('',#17628,#2345);
#1127=LINE('',#17630,#2346);
#1128=LINE('',#17632,#2347);
#1129=LINE('',#17634,#2348);
#1130=LINE('',#17636,#2349);
#1131=LINE('',#17638,#2350);
#1132=LINE('',#17640,#2351);
#1133=LINE('',#17642,#2352);
#1134=LINE('',#17644,#2353);
#1135=LINE('',#17646,#2354);
#1136=LINE('',#17648,#2355);
#1137=LINE('',#17650,#2356);
#1138=LINE('',#17652,#2357);
#1139=LINE('',#17654,#2358);
#1140=LINE('',#17656,#2359);
#1141=LINE('',#17659,#2360);
#1142=LINE('',#17661,#2361);
#1143=LINE('',#17664,#2362);
#1144=LINE('',#17666,#2363);
#1145=LINE('',#17669,#2364);
#1146=LINE('',#17671,#2365);
#1147=LINE('',#17674,#2366);
#1148=LINE('',#17676,#2367);
#1149=LINE('',#17679,#2368);
#1150=LINE('',#17681,#2369);
#1151=LINE('',#17684,#2370);
#1152=LINE('',#17686,#2371);
#1153=LINE('',#17689,#2372);
#1154=LINE('',#17691,#2373);
#1155=LINE('',#17696,#2374);
#1156=LINE('',#17699,#2375);
#1157=LINE('',#17701,#2376);
#1158=LINE('',#17703,#2377);
#1159=LINE('',#17705,#2378);
#1160=LINE('',#17708,#2379);
#1161=LINE('',#17710,#2380);
#1162=LINE('',#17712,#2381);
#1163=LINE('',#17714,#2382);
#1164=LINE('',#17717,#2383);
#1165=LINE('',#17719,#2384);
#1166=LINE('',#17721,#2385);
#1167=LINE('',#17723,#2386);
#1168=LINE('',#17726,#2387);
#1169=LINE('',#17728,#2388);
#1170=LINE('',#17730,#2389);
#1171=LINE('',#17732,#2390);
#1172=LINE('',#17734,#2391);
#1173=LINE('',#17736,#2392);
#1174=LINE('',#17738,#2393);
#1175=LINE('',#17740,#2394);
#1176=LINE('',#17741,#2395);
#1177=LINE('',#17743,#2396);
#1178=LINE('',#17745,#2397);
#1179=LINE('',#17747,#2398);
#1180=LINE('',#17749,#2399);
#1181=LINE('',#17751,#2400);
#1182=LINE('',#17753,#2401);
#1183=LINE('',#17755,#2402);
#1184=LINE('',#17757,#2403);
#1185=LINE('',#17759,#2404);
#1186=LINE('',#17761,#2405);
#1187=LINE('',#17763,#2406);
#1188=LINE('',#17765,#2407);
#1189=LINE('',#17767,#2408);
#1190=LINE('',#17769,#2409);
#1191=LINE('',#17770,#2410);
#1192=LINE('',#17772,#2411);
#1193=LINE('',#17773,#2412);
#1194=LINE('',#17775,#2413);
#1195=LINE('',#17777,#2414);
#1196=LINE('',#17779,#2415);
#1197=LINE('',#17781,#2416);
#1198=LINE('',#17782,#2417);
#1199=LINE('',#17784,#2418);
#1200=LINE('',#17787,#2419);
#1201=LINE('',#17789,#2420);
#1202=LINE('',#17791,#2421);
#1203=LINE('',#17793,#2422);
#1204=LINE('',#17795,#2423);
#1205=LINE('',#17797,#2424);
#1206=LINE('',#17799,#2425);
#1207=LINE('',#17801,#2426);
#1208=LINE('',#17803,#2427);
#1209=LINE('',#17805,#2428);
#1210=LINE('',#17809,#2429);
#1211=LINE('',#17811,#2430);
#1212=LINE('',#17813,#2431);
#1213=LINE('',#17815,#2432);
#1214=LINE('',#17817,#2433);
#1215=LINE('',#17819,#2434);
#1216=LINE('',#17821,#2435);
#1217=LINE('',#17823,#2436);
#1218=LINE('',#17824,#2437);
#1219=LINE('',#17827,#2438);
#1220=LINE('',#17829,#2439);
#1221=LINE('',#17831,#2440);
#1222=LINE('',#17833,#2441);
#1223=LINE('',#17835,#2442);
#1224=LINE('',#17837,#2443);
#1225=LINE('',#17839,#2444);
#1226=LINE('',#17841,#2445);
#1227=LINE('',#17843,#2446);
#1228=LINE('',#17849,#2447);
#1229=LINE('',#17851,#2448);
#1230=LINE('',#17853,#2449);
#1231=LINE('',#17855,#2450);
#1232=LINE('',#17857,#2451);
#1233=LINE('',#17859,#2452);
#1234=LINE('',#17861,#2453);
#1235=LINE('',#17863,#2454);
#1236=LINE('',#17865,#2455);
#1237=LINE('',#17867,#2456);
#1238=LINE('',#17869,#2457);
#1239=LINE('',#17871,#2458);
#1240=LINE('',#17873,#2459);
#1241=LINE('',#17875,#2460);
#1242=LINE('',#17877,#2461);
#1243=LINE('',#17880,#2462);
#1244=LINE('',#17882,#2463);
#1245=LINE('',#17888,#2464);
#1246=LINE('',#17890,#2465);
#1247=LINE('',#17892,#2466);
#1248=LINE('',#17894,#2467);
#1249=LINE('',#17896,#2468);
#1250=LINE('',#17902,#2469);
#1251=LINE('',#17904,#2470);
#1252=LINE('',#17909,#2471);
#1253=LINE('',#17911,#2472);
#1254=LINE('',#17913,#2473);
#1255=LINE('',#17915,#2474);
#1256=LINE('',#17917,#2475);
#1257=LINE('',#17923,#2476);
#1258=LINE('',#17925,#2477);
#1259=LINE('',#17927,#2478);
#1260=LINE('',#17929,#2479);
#1261=LINE('',#17931,#2480);
#1262=LINE('',#17933,#2481);
#1263=LINE('',#17935,#2482);
#1264=LINE('',#17939,#2483);
#1265=LINE('',#17941,#2484);
#1266=LINE('',#17943,#2485);
#1267=LINE('',#17945,#2486);
#1268=LINE('',#17946,#2487);
#1269=LINE('',#17947,#2488);
#1270=LINE('',#17951,#2489);
#1271=LINE('',#17955,#2490);
#1272=LINE('',#17957,#2491);
#1273=LINE('',#17958,#2492);
#1274=LINE('',#17962,#2493);
#1275=LINE('',#17966,#2494);
#1276=LINE('',#17968,#2495);
#1277=LINE('',#17970,#2496);
#1278=LINE('',#17972,#2497);
#1279=LINE('',#17974,#2498);
#1280=LINE('',#17976,#2499);
#1281=LINE('',#17978,#2500);
#1282=LINE('',#17980,#2501);
#1283=LINE('',#17982,#2502);
#1284=LINE('',#17984,#2503);
#1285=LINE('',#17986,#2504);
#1286=LINE('',#17988,#2505);
#1287=LINE('',#17990,#2506);
#1288=LINE('',#17992,#2507);
#1289=LINE('',#17994,#2508);
#1290=LINE('',#17996,#2509);
#1291=LINE('',#17998,#2510);
#1292=LINE('',#18000,#2511);
#1293=LINE('',#18002,#2512);
#1294=LINE('',#18006,#2513);
#1295=LINE('',#18008,#2514);
#1296=LINE('',#18009,#2515);
#1297=LINE('',#18012,#2516);
#1298=LINE('',#18014,#2517);
#1299=LINE('',#18016,#2518);
#1300=LINE('',#18021,#2519);
#1301=LINE('',#18022,#2520);
#1302=LINE('',#18027,#2521);
#1303=LINE('',#18028,#2522);
#1304=LINE('',#18032,#2523);
#1305=LINE('',#18034,#2524);
#1306=LINE('',#18035,#2525);
#1307=LINE('',#18037,#2526);
#1308=LINE('',#18040,#2527);
#1309=LINE('',#18041,#2528);
#1310=LINE('',#18043,#2529);
#1311=LINE('',#18045,#2530);
#1312=LINE('',#18047,#2531);
#1313=LINE('',#18051,#2532);
#1314=LINE('',#18054,#2533);
#1315=LINE('',#18057,#2534);
#1316=LINE('',#18059,#2535);
#1317=LINE('',#18061,#2536);
#1318=LINE('',#18063,#2537);
#1319=LINE('',#18066,#2538);
#1320=LINE('',#18068,#2539);
#1321=LINE('',#18070,#2540);
#1322=LINE('',#18075,#2541);
#1323=LINE('',#18077,#2542);
#1324=LINE('',#18078,#2543);
#1325=LINE('',#18081,#2544);
#1326=LINE('',#18083,#2545);
#1327=LINE('',#18085,#2546);
#1328=LINE('',#18087,#2547);
#1329=LINE('',#18090,#2548);
#1330=LINE('',#18092,#2549);
#1331=LINE('',#18094,#2550);
#1332=LINE('',#18096,#2551);
#1333=LINE('',#18099,#2552);
#1334=LINE('',#18101,#2553);
#1335=LINE('',#18103,#2554);
#1336=LINE('',#18108,#2555);
#1337=LINE('',#18109,#2556);
#1338=LINE('',#18112,#2557);
#1339=LINE('',#18114,#2558);
#1340=LINE('',#18116,#2559);
#1341=LINE('',#18118,#2560);
#1342=LINE('',#18120,#2561);
#1343=LINE('',#18122,#2562);
#1344=LINE('',#18124,#2563);
#1345=LINE('',#18126,#2564);
#1346=LINE('',#18128,#2565);
#1347=LINE('',#18130,#2566);
#1348=LINE('',#18132,#2567);
#1349=LINE('',#18134,#2568);
#1350=LINE('',#18136,#2569);
#1351=LINE('',#18138,#2570);
#1352=LINE('',#18140,#2571);
#1353=LINE('',#18142,#2572);
#1354=LINE('',#18144,#2573);
#1355=LINE('',#18146,#2574);
#1356=LINE('',#18148,#2575);
#1357=LINE('',#18150,#2576);
#1358=LINE('',#18152,#2577);
#1359=LINE('',#18154,#2578);
#1360=LINE('',#18156,#2579);
#1361=LINE('',#18158,#2580);
#1362=LINE('',#18160,#2581);
#1363=LINE('',#18162,#2582);
#1364=LINE('',#18165,#2583);
#1365=LINE('',#18167,#2584);
#1366=LINE('',#18169,#2585);
#1367=LINE('',#18172,#2586);
#1368=LINE('',#18175,#2587);
#1369=LINE('',#18177,#2588);
#1370=LINE('',#18179,#2589);
#1371=LINE('',#18181,#2590);
#1372=LINE('',#18183,#2591);
#1373=LINE('',#18185,#2592);
#1374=LINE('',#18187,#2593);
#1375=LINE('',#18190,#2594);
#1376=LINE('',#18191,#2595);
#1377=LINE('',#18193,#2596);
#1378=LINE('',#18196,#2597);
#1379=LINE('',#18197,#2598);
#1380=LINE('',#18199,#2599);
#1381=LINE('',#18202,#2600);
#1382=LINE('',#18203,#2601);
#1383=LINE('',#18205,#2602);
#1384=LINE('',#18207,#2603);
#1385=LINE('',#18209,#2604);
#1386=LINE('',#18211,#2605);
#1387=LINE('',#18213,#2606);
#1388=LINE('',#18215,#2607);
#1389=LINE('',#18217,#2608);
#1390=LINE('',#18219,#2609);
#1391=LINE('',#18221,#2610);
#1392=LINE('',#18223,#2611);
#1393=LINE('',#18225,#2612);
#1394=LINE('',#18227,#2613);
#1395=LINE('',#18228,#2614);
#1396=LINE('',#18231,#2615);
#1397=LINE('',#18232,#2616);
#1398=LINE('',#18233,#2617);
#1399=LINE('',#18235,#2618);
#1400=LINE('',#18236,#2619);
#1401=LINE('',#18238,#2620);
#1402=LINE('',#18240,#2621);
#1403=LINE('',#18242,#2622);
#1404=LINE('',#18243,#2623);
#1405=LINE('',#18244,#2624);
#1406=LINE('',#18246,#2625);
#1407=LINE('',#18248,#2626);
#1408=LINE('',#18250,#2627);
#1409=LINE('',#18252,#2628);
#1410=LINE('',#18254,#2629);
#1411=LINE('',#18256,#2630);
#1412=LINE('',#18258,#2631);
#1413=LINE('',#18260,#2632);
#1414=LINE('',#18261,#2633);
#1415=LINE('',#18263,#2634);
#1416=LINE('',#18265,#2635);
#1417=LINE('',#18273,#2636);
#1418=LINE('',#18276,#2637);
#1419=LINE('',#18279,#2638);
#1420=LINE('',#18282,#2639);
#1421=LINE('',#18284,#2640);
#1422=LINE('',#18287,#2641);
#1423=LINE('',#18291,#2642);
#1424=LINE('',#18303,#2643);
#1425=LINE('',#18307,#2644);
#1426=LINE('',#18311,#2645);
#1427=LINE('',#18314,#2646);
#1428=LINE('',#18316,#2647);
#1429=LINE('',#18318,#2648);
#1430=LINE('',#18320,#2649);
#1431=LINE('',#18322,#2650);
#1432=LINE('',#18324,#2651);
#1433=LINE('',#18326,#2652);
#1434=LINE('',#18328,#2653);
#1435=LINE('',#18330,#2654);
#1436=LINE('',#18332,#2655);
#1437=LINE('',#18334,#2656);
#1438=LINE('',#18336,#2657);
#1439=LINE('',#18338,#2658);
#1440=LINE('',#18340,#2659);
#1441=LINE('',#18342,#2660);
#1442=LINE('',#18344,#2661);
#1443=LINE('',#18346,#2662);
#1444=LINE('',#18350,#2663);
#1445=LINE('',#18353,#2664);
#1446=LINE('',#18355,#2665);
#1447=LINE('',#18357,#2666);
#1448=LINE('',#18359,#2667);
#1449=LINE('',#18361,#2668);
#1450=LINE('',#18363,#2669);
#1451=LINE('',#18365,#2670);
#1452=LINE('',#18367,#2671);
#1453=LINE('',#18369,#2672);
#1454=LINE('',#18371,#2673);
#1455=LINE('',#18373,#2674);
#1456=LINE('',#18375,#2675);
#1457=LINE('',#18377,#2676);
#1458=LINE('',#18379,#2677);
#1459=LINE('',#18381,#2678);
#1460=LINE('',#18383,#2679);
#1461=LINE('',#18385,#2680);
#1462=LINE('',#18390,#2681);
#1463=LINE('',#18393,#2682);
#1464=LINE('',#18395,#2683);
#1465=LINE('',#18397,#2684);
#1466=LINE('',#18399,#2685);
#1467=LINE('',#18401,#2686);
#1468=LINE('',#18403,#2687);
#1469=LINE('',#18405,#2688);
#1470=LINE('',#18407,#2689);
#1471=LINE('',#18409,#2690);
#1472=LINE('',#18411,#2691);
#1473=LINE('',#18413,#2692);
#1474=LINE('',#18415,#2693);
#1475=LINE('',#18417,#2694);
#1476=LINE('',#18419,#2695);
#1477=LINE('',#18421,#2696);
#1478=LINE('',#18423,#2697);
#1479=LINE('',#18425,#2698);
#1480=LINE('',#18427,#2699);
#1481=LINE('',#18429,#2700);
#1482=LINE('',#18431,#2701);
#1483=LINE('',#18433,#2702);
#1484=LINE('',#18435,#2703);
#1485=LINE('',#18437,#2704);
#1486=LINE('',#18439,#2705);
#1487=LINE('',#18441,#2706);
#1488=LINE('',#18443,#2707);
#1489=LINE('',#18445,#2708);
#1490=LINE('',#18447,#2709);
#1491=LINE('',#18449,#2710);
#1492=LINE('',#18451,#2711);
#1493=LINE('',#18453,#2712);
#1494=LINE('',#18455,#2713);
#1495=LINE('',#18457,#2714);
#1496=LINE('',#18459,#2715);
#1497=LINE('',#18461,#2716);
#1498=LINE('',#18463,#2717);
#1499=LINE('',#18465,#2718);
#1500=LINE('',#18467,#2719);
#1501=LINE('',#18469,#2720);
#1502=LINE('',#18471,#2721);
#1503=LINE('',#18473,#2722);
#1504=LINE('',#18475,#2723);
#1505=LINE('',#18477,#2724);
#1506=LINE('',#18479,#2725);
#1507=LINE('',#18481,#2726);
#1508=LINE('',#18483,#2727);
#1509=LINE('',#18485,#2728);
#1510=LINE('',#18487,#2729);
#1511=LINE('',#18489,#2730);
#1512=LINE('',#18491,#2731);
#1513=LINE('',#18493,#2732);
#1514=LINE('',#18495,#2733);
#1515=LINE('',#18497,#2734);
#1516=LINE('',#18499,#2735);
#1517=LINE('',#18501,#2736);
#1518=LINE('',#18503,#2737);
#1519=LINE('',#18505,#2738);
#1520=LINE('',#18507,#2739);
#1521=LINE('',#18509,#2740);
#1522=LINE('',#18511,#2741);
#1523=LINE('',#18513,#2742);
#1524=LINE('',#18515,#2743);
#1525=LINE('',#18518,#2744);
#1526=LINE('',#18520,#2745);
#1527=LINE('',#18522,#2746);
#1528=LINE('',#18524,#2747);
#1529=LINE('',#18526,#2748);
#1530=LINE('',#18528,#2749);
#1531=LINE('',#18530,#2750);
#1532=LINE('',#18532,#2751);
#1533=LINE('',#18534,#2752);
#1534=LINE('',#18536,#2753);
#1535=LINE('',#18538,#2754);
#1536=LINE('',#18540,#2755);
#1537=LINE('',#18542,#2756);
#1538=LINE('',#18544,#2757);
#1539=LINE('',#18546,#2758);
#1540=LINE('',#18548,#2759);
#1541=LINE('',#18551,#2760);
#1542=LINE('',#18552,#2761);
#1543=LINE('',#18554,#2762);
#1544=LINE('',#18557,#2763);
#1545=LINE('',#18559,#2764);
#1546=LINE('',#18561,#2765);
#1547=LINE('',#18563,#2766);
#1548=LINE('',#18565,#2767);
#1549=LINE('',#18567,#2768);
#1550=LINE('',#18569,#2769);
#1551=LINE('',#18571,#2770);
#1552=LINE('',#18573,#2771);
#1553=LINE('',#18575,#2772);
#1554=LINE('',#18577,#2773);
#1555=LINE('',#18579,#2774);
#1556=LINE('',#18581,#2775);
#1557=LINE('',#18583,#2776);
#1558=LINE('',#18585,#2777);
#1559=LINE('',#18587,#2778);
#1560=LINE('',#18590,#2779);
#1561=LINE('',#18591,#2780);
#1562=LINE('',#18593,#2781);
#1563=LINE('',#18595,#2782);
#1564=LINE('',#18597,#2783);
#1565=LINE('',#18599,#2784);
#1566=LINE('',#18601,#2785);
#1567=LINE('',#18603,#2786);
#1568=LINE('',#18605,#2787);
#1569=LINE('',#18606,#2788);
#1570=LINE('',#18608,#2789);
#1571=LINE('',#18610,#2790);
#1572=LINE('',#18612,#2791);
#1573=LINE('',#18614,#2792);
#1574=LINE('',#18615,#2793);
#1575=LINE('',#18617,#2794);
#1576=LINE('',#18631,#2795);
#1577=LINE('',#18634,#2796);
#1578=LINE('',#18636,#2797);
#1579=LINE('',#18638,#2798);
#1580=LINE('',#18640,#2799);
#1581=LINE('',#18643,#2800);
#1582=LINE('',#18645,#2801);
#1583=LINE('',#18647,#2802);
#1584=LINE('',#18649,#2803);
#1585=LINE('',#18652,#2804);
#1586=LINE('',#18654,#2805);
#1587=LINE('',#18656,#2806);
#1588=LINE('',#18658,#2807);
#1589=LINE('',#18661,#2808);
#1590=LINE('',#18663,#2809);
#1591=LINE('',#18665,#2810);
#1592=LINE('',#18670,#2811);
#1593=LINE('',#18674,#2812);
#1594=LINE('',#18678,#2813);
#1595=LINE('',#18682,#2814);
#1596=LINE('',#18696,#2815);
#1597=LINE('',#18701,#2816);
#1598=LINE('',#18705,#2817);
#1599=LINE('',#18709,#2818);
#1600=LINE('',#18737,#2819);
#1601=LINE('',#18739,#2820);
#1602=LINE('',#18741,#2821);
#1603=LINE('',#18743,#2822);
#1604=LINE('',#18745,#2823);
#1605=LINE('',#18747,#2824);
#1606=LINE('',#18749,#2825);
#1607=LINE('',#18751,#2826);
#1608=LINE('',#18753,#2827);
#1609=LINE('',#18755,#2828);
#1610=LINE('',#18757,#2829);
#1611=LINE('',#18759,#2830);
#1612=LINE('',#18809,#2831);
#1613=LINE('',#18829,#2832);
#1614=LINE('',#18833,#2833);
#1615=LINE('',#18839,#2834);
#1616=LINE('',#18861,#2835);
#1617=LINE('',#18864,#2836);
#1618=LINE('',#18866,#2837);
#1619=LINE('',#18868,#2838);
#1620=LINE('',#18870,#2839);
#1621=LINE('',#18873,#2840);
#1622=LINE('',#18874,#2841);
#1623=LINE('',#18876,#2842);
#1624=LINE('',#18878,#2843);
#1625=LINE('',#18880,#2844);
#1626=LINE('',#18882,#2845);
#1627=LINE('',#18980,#2846);
#1628=LINE('',#19079,#2847);
#1629=LINE('',#19081,#2848);
#1630=LINE('',#19083,#2849);
#1631=LINE('',#19085,#2850);
#1632=LINE('',#19087,#2851);
#1633=LINE('',#19089,#2852);
#1634=LINE('',#19091,#2853);
#1635=LINE('',#19093,#2854);
#1636=LINE('',#19095,#2855);
#1637=LINE('',#19097,#2856);
#1638=LINE('',#19099,#2857);
#1639=LINE('',#19101,#2858);
#1640=LINE('',#19103,#2859);
#1641=LINE('',#19105,#2860);
#1642=LINE('',#19107,#2861);
#1643=LINE('',#19109,#2862);
#1644=LINE('',#19111,#2863);
#1645=LINE('',#19113,#2864);
#1646=LINE('',#19115,#2865);
#1647=LINE('',#19117,#2866);
#1648=LINE('',#19119,#2867);
#1649=LINE('',#19121,#2868);
#1650=LINE('',#19123,#2869);
#1651=LINE('',#19125,#2870);
#1652=LINE('',#19127,#2871);
#1653=LINE('',#19129,#2872);
#1654=LINE('',#19131,#2873);
#1655=LINE('',#19133,#2874);
#1656=LINE('',#19135,#2875);
#1657=LINE('',#19137,#2876);
#1658=LINE('',#19139,#2877);
#1659=LINE('',#19141,#2878);
#1660=LINE('',#19143,#2879);
#1661=LINE('',#19145,#2880);
#1662=LINE('',#19147,#2881);
#1663=LINE('',#19149,#2882);
#1664=LINE('',#19151,#2883);
#1665=LINE('',#19153,#2884);
#1666=LINE('',#19155,#2885);
#1667=LINE('',#19157,#2886);
#1668=LINE('',#19159,#2887);
#1669=LINE('',#19161,#2888);
#1670=LINE('',#19163,#2889);
#1671=LINE('',#19165,#2890);
#1672=LINE('',#19167,#2891);
#1673=LINE('',#19169,#2892);
#1674=LINE('',#19171,#2893);
#1675=LINE('',#19173,#2894);
#1676=VECTOR('',#13084,1.);
#1677=VECTOR('',#13087,1.);
#1678=VECTOR('',#13090,1.);
#1679=VECTOR('',#13093,1.);
#1680=VECTOR('',#13096,1.);
#1681=VECTOR('',#13099,1.);
#1682=VECTOR('',#13102,1.);
#1683=VECTOR('',#13105,1.);
#1684=VECTOR('',#13106,1.);
#1685=VECTOR('',#13109,1.);
#1686=VECTOR('',#13112,1.);
#1687=VECTOR('',#13115,1.);
#1688=VECTOR('',#13122,1.);
#1689=VECTOR('',#13125,1.);
#1690=VECTOR('',#13128,1.);
#1691=VECTOR('',#13131,1.);
#1692=VECTOR('',#13134,1.);
#1693=VECTOR('',#13137,1.);
#1694=VECTOR('',#13140,1.);
#1695=VECTOR('',#13143,1.);
#1696=VECTOR('',#13146,1.);
#1697=VECTOR('',#13149,1.);
#1698=VECTOR('',#13152,1.);
#1699=VECTOR('',#13155,1.);
#1700=VECTOR('',#13168,1.);
#1701=VECTOR('',#13171,1.);
#1702=VECTOR('',#13174,1.);
#1703=VECTOR('',#13177,1.);
#1704=VECTOR('',#13180,1.);
#1705=VECTOR('',#13183,1.);
#1706=VECTOR('',#13186,1.);
#1707=VECTOR('',#13189,1.);
#1708=VECTOR('',#13192,1.);
#1709=VECTOR('',#13195,1.);
#1710=VECTOR('',#13198,1.);
#1711=VECTOR('',#13201,1.);
#1712=VECTOR('',#13204,1.);
#1713=VECTOR('',#13207,1.);
#1714=VECTOR('',#13210,1.);
#1715=VECTOR('',#13213,1.);
#1716=VECTOR('',#13216,1.);
#1717=VECTOR('',#13219,1.);
#1718=VECTOR('',#13222,1.);
#1719=VECTOR('',#13225,1.);
#1720=VECTOR('',#13228,1.);
#1721=VECTOR('',#13231,1.);
#1722=VECTOR('',#13234,1.);
#1723=VECTOR('',#13237,1.);
#1724=VECTOR('',#13242,1.);
#1725=VECTOR('',#13243,1.);
#1726=VECTOR('',#13244,1.);
#1727=VECTOR('',#13245,1.);
#1728=VECTOR('',#13248,1.);
#1729=VECTOR('',#13249,1.);
#1730=VECTOR('',#13250,1.);
#1731=VECTOR('',#13251,1.);
#1732=VECTOR('',#13252,1.);
#1733=VECTOR('',#13253,1.);
#1734=VECTOR('',#13254,1.);
#1735=VECTOR('',#13255,1.);
#1736=VECTOR('',#13258,1.);
#1737=VECTOR('',#13259,1.);
#1738=VECTOR('',#13260,1.);
#1739=VECTOR('',#13261,1.);
#1740=VECTOR('',#13264,1.);
#1741=VECTOR('',#13265,1.);
#1742=VECTOR('',#13266,1.);
#1743=VECTOR('',#13267,1.);
#1744=VECTOR('',#13270,1.);
#1745=VECTOR('',#13273,1.);
#1746=VECTOR('',#13276,1.);
#1747=VECTOR('',#13279,1.);
#1748=VECTOR('',#13340,1.);
#1749=VECTOR('',#13341,1.);
#1750=VECTOR('',#13344,1.);
#1751=VECTOR('',#13345,1.);
#1752=VECTOR('',#13346,1.);
#1753=VECTOR('',#13347,1.);
#1754=VECTOR('',#13348,1.);
#1755=VECTOR('',#13349,1.);
#1756=VECTOR('',#13352,1.);
#1757=VECTOR('',#13353,1.);
#1758=VECTOR('',#13356,1.);
#1759=VECTOR('',#13357,1.);
#1760=VECTOR('',#13426,1.);
#1761=VECTOR('',#13427,1.);
#1762=VECTOR('',#13430,1.);
#1763=VECTOR('',#13431,1.);
#1764=VECTOR('',#13434,1.);
#1765=VECTOR('',#13435,1.);
#1766=VECTOR('',#13438,1.);
#1767=VECTOR('',#13439,1.);
#1768=VECTOR('',#13450,1.);
#1769=VECTOR('',#13451,1.);
#1770=VECTOR('',#13454,1.);
#1771=VECTOR('',#13455,1.);
#1772=VECTOR('',#13458,1.);
#1773=VECTOR('',#13459,1.);
#1774=VECTOR('',#13462,1.);
#1775=VECTOR('',#13463,1.);
#1776=VECTOR('',#13474,1.);
#1777=VECTOR('',#13475,1.);
#1778=VECTOR('',#13478,1.);
#1779=VECTOR('',#13479,1.);
#1780=VECTOR('',#13482,1.);
#1781=VECTOR('',#13483,1.);
#1782=VECTOR('',#13486,1.);
#1783=VECTOR('',#13487,1.);
#1784=VECTOR('',#13498,1.);
#1785=VECTOR('',#13499,1.);
#1786=VECTOR('',#13502,1.);
#1787=VECTOR('',#13503,1.);
#1788=VECTOR('',#13506,1.);
#1789=VECTOR('',#13507,1.);
#1790=VECTOR('',#13510,1.);
#1791=VECTOR('',#13511,1.);
#1792=VECTOR('',#13522,1.);
#1793=VECTOR('',#13523,1.);
#1794=VECTOR('',#13526,1.);
#1795=VECTOR('',#13527,1.);
#1796=VECTOR('',#13530,1.);
#1797=VECTOR('',#13531,1.);
#1798=VECTOR('',#13534,1.);
#1799=VECTOR('',#13535,1.);
#1800=VECTOR('',#13548,1.);
#1801=VECTOR('',#13555,1.);
#1802=VECTOR('',#13560,1.);
#1803=VECTOR('',#13561,1.);
#1804=VECTOR('',#13564,1.);
#1805=VECTOR('',#13565,1.);
#1806=VECTOR('',#13574,1.);
#1807=VECTOR('',#13575,1.);
#1808=VECTOR('',#13576,1.);
#1809=VECTOR('',#13577,1.);
#1810=VECTOR('',#13580,1.);
#1811=VECTOR('',#13581,1.);
#1812=VECTOR('',#13582,1.);
#1813=VECTOR('',#13583,1.);
#1814=VECTOR('',#13584,1.);
#1815=VECTOR('',#13585,1.);
#1816=VECTOR('',#13586,1.);
#1817=VECTOR('',#13589,1.);
#1818=VECTOR('',#13590,1.);
#1819=VECTOR('',#13591,1.);
#1820=VECTOR('',#13592,1.);
#1821=VECTOR('',#13593,1.);
#1822=VECTOR('',#13594,1.);
#1823=VECTOR('',#13595,1.);
#1824=VECTOR('',#13598,1.);
#1825=VECTOR('',#13601,1.);
#1826=VECTOR('',#13602,1.);
#1827=VECTOR('',#13603,1.);
#1828=VECTOR('',#13604,1.);
#1829=VECTOR('',#13605,1.);
#1830=VECTOR('',#13606,1.);
#1831=VECTOR('',#13607,1.);
#1832=VECTOR('',#13608,1.);
#1833=VECTOR('',#13609,1.);
#1834=VECTOR('',#13610,1.);
#1835=VECTOR('',#13611,1.);
#1836=VECTOR('',#13612,1.);
#1837=VECTOR('',#13613,1.);
#1838=VECTOR('',#13614,1.);
#1839=VECTOR('',#13615,1.);
#1840=VECTOR('',#13616,1.);
#1841=VECTOR('',#13617,1.);
#1842=VECTOR('',#13618,1.);
#1843=VECTOR('',#13619,1.);
#1844=VECTOR('',#13620,1.);
#1845=VECTOR('',#13621,1.);
#1846=VECTOR('',#13622,1.);
#1847=VECTOR('',#13623,1.);
#1848=VECTOR('',#13624,1.);
#1849=VECTOR('',#13625,1.);
#1850=VECTOR('',#13626,1.);
#1851=VECTOR('',#13627,1.);
#1852=VECTOR('',#13628,1.);
#1853=VECTOR('',#13629,1.);
#1854=VECTOR('',#13630,1.);
#1855=VECTOR('',#13631,1.);
#1856=VECTOR('',#13632,1.);
#1857=VECTOR('',#13633,1.);
#1858=VECTOR('',#13636,1.);
#1859=VECTOR('',#13637,1.);
#1860=VECTOR('',#13640,1.);
#1861=VECTOR('',#13643,1.);
#1862=VECTOR('',#13644,1.);
#1863=VECTOR('',#13645,1.);
#1864=VECTOR('',#13646,1.);
#1865=VECTOR('',#13647,1.);
#1866=VECTOR('',#13648,1.);
#1867=VECTOR('',#13649,1.);
#1868=VECTOR('',#13650,1.);
#1869=VECTOR('',#13651,1.);
#1870=VECTOR('',#13652,1.);
#1871=VECTOR('',#13653,1.);
#1872=VECTOR('',#13654,1.);
#1873=VECTOR('',#13655,1.);
#1874=VECTOR('',#13656,1.);
#1875=VECTOR('',#13657,1.);
#1876=VECTOR('',#13658,1.);
#1877=VECTOR('',#13659,1.);
#1878=VECTOR('',#13660,1.);
#1879=VECTOR('',#13661,1.);
#1880=VECTOR('',#13662,1.);
#1881=VECTOR('',#13663,1.);
#1882=VECTOR('',#13664,1.);
#1883=VECTOR('',#13665,1.);
#1884=VECTOR('',#13666,1.);
#1885=VECTOR('',#13667,1.);
#1886=VECTOR('',#13668,1.);
#1887=VECTOR('',#13669,1.);
#1888=VECTOR('',#13670,1.);
#1889=VECTOR('',#13671,1.);
#1890=VECTOR('',#13672,1.);
#1891=VECTOR('',#13673,1.);
#1892=VECTOR('',#13674,1.);
#1893=VECTOR('',#13675,1.);
#1894=VECTOR('',#13676,1.);
#1895=VECTOR('',#13677,1.);
#1896=VECTOR('',#13678,1.);
#1897=VECTOR('',#13679,1.);
#1898=VECTOR('',#13680,1.);
#1899=VECTOR('',#13681,1.);
#1900=VECTOR('',#13682,1.);
#1901=VECTOR('',#13683,1.);
#1902=VECTOR('',#13684,1.);
#1903=VECTOR('',#13685,1.);
#1904=VECTOR('',#13686,1.);
#1905=VECTOR('',#13687,1.);
#1906=VECTOR('',#13688,1.);
#1907=VECTOR('',#13689,1.);
#1908=VECTOR('',#13690,1.);
#1909=VECTOR('',#13691,1.);
#1910=VECTOR('',#13692,1.);
#1911=VECTOR('',#13693,1.);
#1912=VECTOR('',#13694,1.);
#1913=VECTOR('',#13695,1.);
#1914=VECTOR('',#13696,1.);
#1915=VECTOR('',#13697,1.);
#1916=VECTOR('',#13698,1.);
#1917=VECTOR('',#13699,1.);
#1918=VECTOR('',#13700,1.);
#1919=VECTOR('',#13701,1.);
#1920=VECTOR('',#13702,1.);
#1921=VECTOR('',#13703,1.);
#1922=VECTOR('',#13704,1.);
#1923=VECTOR('',#13705,1.);
#1924=VECTOR('',#13706,1.);
#1925=VECTOR('',#13707,1.);
#1926=VECTOR('',#13714,1.);
#1927=VECTOR('',#13715,1.);
#1928=VECTOR('',#13716,1.);
#1929=VECTOR('',#13719,1.);
#1930=VECTOR('',#13720,1.);
#1931=VECTOR('',#13723,1.);
#1932=VECTOR('',#13724,1.);
#1933=VECTOR('',#13727,1.);
#1934=VECTOR('',#13730,1.);
#1935=VECTOR('',#13731,1.);
#1936=VECTOR('',#13732,1.);
#1937=VECTOR('',#13735,1.);
#1938=VECTOR('',#13736,1.);
#1939=VECTOR('',#13739,1.);
#1940=VECTOR('',#13740,1.);
#1941=VECTOR('',#13743,1.);
#1942=VECTOR('',#13746,1.);
#1943=VECTOR('',#13747,1.);
#1944=VECTOR('',#13748,1.);
#1945=VECTOR('',#13751,1.);
#1946=VECTOR('',#13752,1.);
#1947=VECTOR('',#13755,1.);
#1948=VECTOR('',#13756,1.);
#1949=VECTOR('',#13759,1.);
#1950=VECTOR('',#13762,1.);
#1951=VECTOR('',#13763,1.);
#1952=VECTOR('',#13764,1.);
#1953=VECTOR('',#13767,1.);
#1954=VECTOR('',#13768,1.);
#1955=VECTOR('',#13771,1.);
#1956=VECTOR('',#13772,1.);
#1957=VECTOR('',#13775,1.);
#1958=VECTOR('',#13778,1.);
#1959=VECTOR('',#13779,1.);
#1960=VECTOR('',#13780,1.);
#1961=VECTOR('',#13783,1.);
#1962=VECTOR('',#13784,1.);
#1963=VECTOR('',#13787,1.);
#1964=VECTOR('',#13788,1.);
#1965=VECTOR('',#13791,1.);
#1966=VECTOR('',#13794,1.);
#1967=VECTOR('',#13795,1.);
#1968=VECTOR('',#13796,1.);
#1969=VECTOR('',#13799,1.);
#1970=VECTOR('',#13800,1.);
#1971=VECTOR('',#13803,1.);
#1972=VECTOR('',#13804,1.);
#1973=VECTOR('',#13807,1.);
#1974=VECTOR('',#13810,1.);
#1975=VECTOR('',#13811,1.);
#1976=VECTOR('',#13812,1.);
#1977=VECTOR('',#13815,1.);
#1978=VECTOR('',#13816,1.);
#1979=VECTOR('',#13819,1.);
#1980=VECTOR('',#13820,1.);
#1981=VECTOR('',#13823,1.);
#1982=VECTOR('',#13826,1.);
#1983=VECTOR('',#13827,1.);
#1984=VECTOR('',#13828,1.);
#1985=VECTOR('',#13831,1.);
#1986=VECTOR('',#13832,1.);
#1987=VECTOR('',#13835,1.);
#1988=VECTOR('',#13836,1.);
#1989=VECTOR('',#13839,1.);
#1990=VECTOR('',#13842,1.);
#1991=VECTOR('',#13845,1.);
#1992=VECTOR('',#13846,1.);
#1993=VECTOR('',#13847,1.);
#1994=VECTOR('',#13848,1.);
#1995=VECTOR('',#13849,1.);
#1996=VECTOR('',#13852,1.);
#1997=VECTOR('',#13855,1.);
#1998=VECTOR('',#13856,1.);
#1999=VECTOR('',#13857,1.);
#2000=VECTOR('',#13858,1.);
#2001=VECTOR('',#13859,1.);
#2002=VECTOR('',#13862,1.);
#2003=VECTOR('',#13865,1.);
#2004=VECTOR('',#13866,1.);
#2005=VECTOR('',#13867,1.);
#2006=VECTOR('',#13868,1.);
#2007=VECTOR('',#13869,1.);
#2008=VECTOR('',#13872,1.);
#2009=VECTOR('',#13875,1.);
#2010=VECTOR('',#13876,1.);
#2011=VECTOR('',#13877,1.);
#2012=VECTOR('',#13878,1.);
#2013=VECTOR('',#13879,1.);
#2014=VECTOR('',#13882,1.);
#2015=VECTOR('',#13885,1.);
#2016=VECTOR('',#13886,1.);
#2017=VECTOR('',#13887,1.);
#2018=VECTOR('',#13888,1.);
#2019=VECTOR('',#13889,1.);
#2020=VECTOR('',#13892,1.);
#2021=VECTOR('',#13895,1.);
#2022=VECTOR('',#13896,1.);
#2023=VECTOR('',#13897,1.);
#2024=VECTOR('',#13898,1.);
#2025=VECTOR('',#13899,1.);
#2026=VECTOR('',#13902,1.);
#2027=VECTOR('',#13905,1.);
#2028=VECTOR('',#13906,1.);
#2029=VECTOR('',#13907,1.);
#2030=VECTOR('',#13908,1.);
#2031=VECTOR('',#13909,1.);
#2032=VECTOR('',#13912,1.);
#2033=VECTOR('',#13915,1.);
#2034=VECTOR('',#13916,1.);
#2035=VECTOR('',#13917,1.);
#2036=VECTOR('',#13918,1.);
#2037=VECTOR('',#13919,1.);
#2038=VECTOR('',#13922,1.);
#2039=VECTOR('',#13925,1.);
#2040=VECTOR('',#13926,1.);
#2041=VECTOR('',#13927,1.);
#2042=VECTOR('',#13928,1.);
#2043=VECTOR('',#13929,1.);
#2044=VECTOR('',#13932,1.);
#2045=VECTOR('',#13935,1.);
#2046=VECTOR('',#13936,1.);
#2047=VECTOR('',#13937,1.);
#2048=VECTOR('',#13938,1.);
#2049=VECTOR('',#13939,1.);
#2050=VECTOR('',#13942,1.);
#2051=VECTOR('',#13945,1.);
#2052=VECTOR('',#13946,1.);
#2053=VECTOR('',#13947,1.);
#2054=VECTOR('',#13948,1.);
#2055=VECTOR('',#13949,1.);
#2056=VECTOR('',#13952,1.);
#2057=VECTOR('',#13955,1.);
#2058=VECTOR('',#13956,1.);
#2059=VECTOR('',#13957,1.);
#2060=VECTOR('',#13958,1.);
#2061=VECTOR('',#13959,1.);
#2062=VECTOR('',#13962,1.);
#2063=VECTOR('',#13965,1.);
#2064=VECTOR('',#13966,1.);
#2065=VECTOR('',#13967,1.);
#2066=VECTOR('',#13968,1.);
#2067=VECTOR('',#13969,1.);
#2068=VECTOR('',#13972,1.);
#2069=VECTOR('',#13975,1.);
#2070=VECTOR('',#13976,1.);
#2071=VECTOR('',#13977,1.);
#2072=VECTOR('',#13978,1.);
#2073=VECTOR('',#13979,1.);
#2074=VECTOR('',#13982,1.);
#2075=VECTOR('',#13985,1.);
#2076=VECTOR('',#13986,1.);
#2077=VECTOR('',#13987,1.);
#2078=VECTOR('',#13988,1.);
#2079=VECTOR('',#13989,1.);
#2080=VECTOR('',#13992,1.);
#2081=VECTOR('',#13995,1.);
#2082=VECTOR('',#13996,1.);
#2083=VECTOR('',#13997,1.);
#2084=VECTOR('',#13998,1.);
#2085=VECTOR('',#13999,1.);
#2086=VECTOR('',#14002,1.);
#2087=VECTOR('',#14003,1.);
#2088=VECTOR('',#14004,1.);
#2089=VECTOR('',#14007,1.);
#2090=VECTOR('',#14008,1.);
#2091=VECTOR('',#14009,1.);
#2092=VECTOR('',#14010,1.);
#2093=VECTOR('',#14011,1.);
#2094=VECTOR('',#14012,1.);
#2095=VECTOR('',#14015,1.);
#2096=VECTOR('',#14016,1.);
#2097=VECTOR('',#14019,1.);
#2098=VECTOR('',#14020,1.);
#2099=VECTOR('',#14021,1.);
#2100=VECTOR('',#14022,1.);
#2101=VECTOR('',#14023,1.);
#2102=VECTOR('',#14026,1.);
#2103=VECTOR('',#14027,1.);
#2104=VECTOR('',#14028,1.);
#2105=VECTOR('',#14031,1.);
#2106=VECTOR('',#14032,1.);
#2107=VECTOR('',#14033,1.);
#2108=VECTOR('',#14034,1.);
#2109=VECTOR('',#14035,1.);
#2110=VECTOR('',#14036,1.);
#2111=VECTOR('',#14039,1.);
#2112=VECTOR('',#14040,1.);
#2113=VECTOR('',#14043,1.);
#2114=VECTOR('',#14044,1.);
#2115=VECTOR('',#14045,1.);
#2116=VECTOR('',#14046,1.);
#2117=VECTOR('',#14047,1.);
#2118=VECTOR('',#14050,1.);
#2119=VECTOR('',#14051,1.);
#2120=VECTOR('',#14052,1.);
#2121=VECTOR('',#14055,1.);
#2122=VECTOR('',#14056,1.);
#2123=VECTOR('',#14057,1.);
#2124=VECTOR('',#14058,1.);
#2125=VECTOR('',#14059,1.);
#2126=VECTOR('',#14060,1.);
#2127=VECTOR('',#14063,1.);
#2128=VECTOR('',#14064,1.);
#2129=VECTOR('',#14067,1.);
#2130=VECTOR('',#14068,1.);
#2131=VECTOR('',#14069,1.);
#2132=VECTOR('',#14070,1.);
#2133=VECTOR('',#14071,1.);
#2134=VECTOR('',#14074,1.);
#2135=VECTOR('',#14075,1.);
#2136=VECTOR('',#14076,1.);
#2137=VECTOR('',#14079,1.);
#2138=VECTOR('',#14080,1.);
#2139=VECTOR('',#14081,1.);
#2140=VECTOR('',#14082,1.);
#2141=VECTOR('',#14083,1.);
#2142=VECTOR('',#14084,1.);
#2143=VECTOR('',#14087,1.);
#2144=VECTOR('',#14088,1.);
#2145=VECTOR('',#14091,1.);
#2146=VECTOR('',#14092,1.);
#2147=VECTOR('',#14093,1.);
#2148=VECTOR('',#14094,1.);
#2149=VECTOR('',#14095,1.);
#2150=VECTOR('',#14098,1.);
#2151=VECTOR('',#14099,1.);
#2152=VECTOR('',#14100,1.);
#2153=VECTOR('',#14103,1.);
#2154=VECTOR('',#14104,1.);
#2155=VECTOR('',#14105,1.);
#2156=VECTOR('',#14106,1.);
#2157=VECTOR('',#14107,1.);
#2158=VECTOR('',#14108,1.);
#2159=VECTOR('',#14111,1.);
#2160=VECTOR('',#14112,1.);
#2161=VECTOR('',#14115,1.);
#2162=VECTOR('',#14116,1.);
#2163=VECTOR('',#14117,1.);
#2164=VECTOR('',#14118,1.);
#2165=VECTOR('',#14119,1.);
#2166=VECTOR('',#14122,1.);
#2167=VECTOR('',#14123,1.);
#2168=VECTOR('',#14124,1.);
#2169=VECTOR('',#14127,1.);
#2170=VECTOR('',#14128,1.);
#2171=VECTOR('',#14129,1.);
#2172=VECTOR('',#14130,1.);
#2173=VECTOR('',#14131,1.);
#2174=VECTOR('',#14132,1.);
#2175=VECTOR('',#14135,1.);
#2176=VECTOR('',#14136,1.);
#2177=VECTOR('',#14139,1.);
#2178=VECTOR('',#14140,1.);
#2179=VECTOR('',#14141,1.);
#2180=VECTOR('',#14142,1.);
#2181=VECTOR('',#14143,1.);
#2182=VECTOR('',#14146,1.);
#2183=VECTOR('',#14147,1.);
#2184=VECTOR('',#14148,1.);
#2185=VECTOR('',#14151,1.);
#2186=VECTOR('',#14152,1.);
#2187=VECTOR('',#14153,1.);
#2188=VECTOR('',#14154,1.);
#2189=VECTOR('',#14155,1.);
#2190=VECTOR('',#14156,1.);
#2191=VECTOR('',#14159,1.);
#2192=VECTOR('',#14160,1.);
#2193=VECTOR('',#14163,1.);
#2194=VECTOR('',#14164,1.);
#2195=VECTOR('',#14165,1.);
#2196=VECTOR('',#14166,1.);
#2197=VECTOR('',#14167,1.);
#2198=VECTOR('',#14170,1.);
#2199=VECTOR('',#14171,1.);
#2200=VECTOR('',#14172,1.);
#2201=VECTOR('',#14175,1.);
#2202=VECTOR('',#14176,1.);
#2203=VECTOR('',#14177,1.);
#2204=VECTOR('',#14178,1.);
#2205=VECTOR('',#14179,1.);
#2206=VECTOR('',#14180,1.);
#2207=VECTOR('',#14183,1.);
#2208=VECTOR('',#14184,1.);
#2209=VECTOR('',#14187,1.);
#2210=VECTOR('',#14188,1.);
#2211=VECTOR('',#14189,1.);
#2212=VECTOR('',#14190,1.);
#2213=VECTOR('',#14191,1.);
#2214=VECTOR('',#14194,1.);
#2215=VECTOR('',#14197,1.);
#2216=VECTOR('',#14200,1.);
#2217=VECTOR('',#14203,1.);
#2218=VECTOR('',#14208,1.);
#2219=VECTOR('',#14211,1.);
#2220=VECTOR('',#14214,1.);
#2221=VECTOR('',#14217,1.);
#2222=VECTOR('',#14222,1.);
#2223=VECTOR('',#14225,1.);
#2224=VECTOR('',#14228,1.);
#2225=VECTOR('',#14231,1.);
#2226=VECTOR('',#14236,1.);
#2227=VECTOR('',#14239,1.);
#2228=VECTOR('',#14242,1.);
#2229=VECTOR('',#14245,1.);
#2230=VECTOR('',#14250,1.);
#2231=VECTOR('',#14253,1.);
#2232=VECTOR('',#14256,1.);
#2233=VECTOR('',#14259,1.);
#2234=VECTOR('',#14264,1.);
#2235=VECTOR('',#14267,1.);
#2236=VECTOR('',#14270,1.);
#2237=VECTOR('',#14273,1.);
#2238=VECTOR('',#14278,1.);
#2239=VECTOR('',#14281,1.);
#2240=VECTOR('',#14284,1.);
#2241=VECTOR('',#14287,1.);
#2242=VECTOR('',#14292,1.);
#2243=VECTOR('',#14295,1.);
#2244=VECTOR('',#14298,1.);
#2245=VECTOR('',#14301,1.);
#2246=VECTOR('',#14306,1.);
#2247=VECTOR('',#14309,1.);
#2248=VECTOR('',#14312,1.);
#2249=VECTOR('',#14313,1.);
#2250=VECTOR('',#14314,1.);
#2251=VECTOR('',#14315,1.);
#2252=VECTOR('',#14316,1.);
#2253=VECTOR('',#14319,1.);
#2254=VECTOR('',#14320,1.);
#2255=VECTOR('',#14323,1.);
#2256=VECTOR('',#14324,1.);
#2257=VECTOR('',#14325,1.);
#2258=VECTOR('',#14326,1.);
#2259=VECTOR('',#14329,1.);
#2260=VECTOR('',#14332,1.);
#2261=VECTOR('',#14335,1.);
#2262=VECTOR('',#14338,1.);
#2263=VECTOR('',#14339,1.);
#2264=VECTOR('',#14340,1.);
#2265=VECTOR('',#14341,1.);
#2266=VECTOR('',#14342,1.);
#2267=VECTOR('',#14345,1.);
#2268=VECTOR('',#14346,1.);
#2269=VECTOR('',#14349,1.);
#2270=VECTOR('',#14350,1.);
#2271=VECTOR('',#14351,1.);
#2272=VECTOR('',#14352,1.);
#2273=VECTOR('',#14355,1.);
#2274=VECTOR('',#14358,1.);
#2275=VECTOR('',#14361,1.);
#2276=VECTOR('',#14364,1.);
#2277=VECTOR('',#14365,1.);
#2278=VECTOR('',#14366,1.);
#2279=VECTOR('',#14367,1.);
#2280=VECTOR('',#14368,1.);
#2281=VECTOR('',#14371,1.);
#2282=VECTOR('',#14372,1.);
#2283=VECTOR('',#14375,1.);
#2284=VECTOR('',#14376,1.);
#2285=VECTOR('',#14377,1.);
#2286=VECTOR('',#14378,1.);
#2287=VECTOR('',#14381,1.);
#2288=VECTOR('',#14384,1.);
#2289=VECTOR('',#14387,1.);
#2290=VECTOR('',#14390,1.);
#2291=VECTOR('',#14391,1.);
#2292=VECTOR('',#14392,1.);
#2293=VECTOR('',#14393,1.);
#2294=VECTOR('',#14394,1.);
#2295=VECTOR('',#14397,1.);
#2296=VECTOR('',#14398,1.);
#2297=VECTOR('',#14401,1.);
#2298=VECTOR('',#14402,1.);
#2299=VECTOR('',#14403,1.);
#2300=VECTOR('',#14404,1.);
#2301=VECTOR('',#14407,1.);
#2302=VECTOR('',#14410,1.);
#2303=VECTOR('',#14413,1.);
#2304=VECTOR('',#14416,1.);
#2305=VECTOR('',#14417,1.);
#2306=VECTOR('',#14418,1.);
#2307=VECTOR('',#14419,1.);
#2308=VECTOR('',#14420,1.);
#2309=VECTOR('',#14423,1.);
#2310=VECTOR('',#14424,1.);
#2311=VECTOR('',#14427,1.);
#2312=VECTOR('',#14428,1.);
#2313=VECTOR('',#14429,1.);
#2314=VECTOR('',#14430,1.);
#2315=VECTOR('',#14433,1.);
#2316=VECTOR('',#14436,1.);
#2317=VECTOR('',#14439,1.);
#2318=VECTOR('',#14442,1.);
#2319=VECTOR('',#14443,1.);
#2320=VECTOR('',#14444,1.);
#2321=VECTOR('',#14445,1.);
#2322=VECTOR('',#14446,1.);
#2323=VECTOR('',#14449,1.);
#2324=VECTOR('',#14450,1.);
#2325=VECTOR('',#14453,1.);
#2326=VECTOR('',#14454,1.);
#2327=VECTOR('',#14455,1.);
#2328=VECTOR('',#14456,1.);
#2329=VECTOR('',#14459,1.);
#2330=VECTOR('',#14462,1.);
#2331=VECTOR('',#14465,1.);
#2332=VECTOR('',#14468,1.);
#2333=VECTOR('',#14469,1.);
#2334=VECTOR('',#14470,1.);
#2335=VECTOR('',#14471,1.);
#2336=VECTOR('',#14472,1.);
#2337=VECTOR('',#14475,1.);
#2338=VECTOR('',#14476,1.);
#2339=VECTOR('',#14479,1.);
#2340=VECTOR('',#14480,1.);
#2341=VECTOR('',#14481,1.);
#2342=VECTOR('',#14482,1.);
#2343=VECTOR('',#14485,1.);
#2344=VECTOR('',#14488,1.);
#2345=VECTOR('',#14491,1.);
#2346=VECTOR('',#14494,1.);
#2347=VECTOR('',#14495,1.);
#2348=VECTOR('',#14496,1.);
#2349=VECTOR('',#14497,1.);
#2350=VECTOR('',#14498,1.);
#2351=VECTOR('',#14501,1.);
#2352=VECTOR('',#14502,1.);
#2353=VECTOR('',#14505,1.);
#2354=VECTOR('',#14506,1.);
#2355=VECTOR('',#14507,1.);
#2356=VECTOR('',#14508,1.);
#2357=VECTOR('',#14511,1.);
#2358=VECTOR('',#14514,1.);
#2359=VECTOR('',#14517,1.);
#2360=VECTOR('',#14522,1.);
#2361=VECTOR('',#14525,1.);
#2362=VECTOR('',#14530,1.);
#2363=VECTOR('',#14533,1.);
#2364=VECTOR('',#14538,1.);
#2365=VECTOR('',#14541,1.);
#2366=VECTOR('',#14546,1.);
#2367=VECTOR('',#14549,1.);
#2368=VECTOR('',#14554,1.);
#2369=VECTOR('',#14557,1.);
#2370=VECTOR('',#14562,1.);
#2371=VECTOR('',#14565,1.);
#2372=VECTOR('',#14570,1.);
#2373=VECTOR('',#14573,1.);
#2374=VECTOR('',#14582,1.);
#2375=VECTOR('',#14583,1.);
#2376=VECTOR('',#14584,1.);
#2377=VECTOR('',#14585,1.);
#2378=VECTOR('',#14588,1.);
#2379=VECTOR('',#14589,1.);
#2380=VECTOR('',#14590,1.);
#2381=VECTOR('',#14591,1.);
#2382=VECTOR('',#14594,1.);
#2383=VECTOR('',#14595,1.);
#2384=VECTOR('',#14596,1.);
#2385=VECTOR('',#14597,1.);
#2386=VECTOR('',#14600,1.);
#2387=VECTOR('',#14601,1.);
#2388=VECTOR('',#14602,1.);
#2389=VECTOR('',#14603,1.);
#2390=VECTOR('',#14606,1.);
#2391=VECTOR('',#14607,1.);
#2392=VECTOR('',#14608,1.);
#2393=VECTOR('',#14609,1.);
#2394=VECTOR('',#14610,1.);
#2395=VECTOR('',#14611,1.);
#2396=VECTOR('',#14614,1.);
#2397=VECTOR('',#14615,1.);
#2398=VECTOR('',#14616,1.);
#2399=VECTOR('',#14619,1.);
#2400=VECTOR('',#14620,1.);
#2401=VECTOR('',#14621,1.);
#2402=VECTOR('',#14624,1.);
#2403=VECTOR('',#14625,1.);
#2404=VECTOR('',#14626,1.);
#2405=VECTOR('',#14629,1.);
#2406=VECTOR('',#14630,1.);
#2407=VECTOR('',#14631,1.);
#2408=VECTOR('',#14634,1.);
#2409=VECTOR('',#14635,1.);
#2410=VECTOR('',#14636,1.);
#2411=VECTOR('',#14639,1.);
#2412=VECTOR('',#14640,1.);
#2413=VECTOR('',#14641,1.);
#2414=VECTOR('',#14644,1.);
#2415=VECTOR('',#14645,1.);
#2416=VECTOR('',#14646,1.);
#2417=VECTOR('',#14647,1.);
#2418=VECTOR('',#14650,1.);
#2419=VECTOR('',#14651,1.);
#2420=VECTOR('',#14652,1.);
#2421=VECTOR('',#14653,1.);
#2422=VECTOR('',#14656,1.);
#2423=VECTOR('',#14657,1.);
#2424=VECTOR('',#14658,1.);
#2425=VECTOR('',#14659,1.);
#2426=VECTOR('',#14662,1.);
#2427=VECTOR('',#14663,1.);
#2428=VECTOR('',#14664,1.);
#2429=VECTOR('',#14667,1.);
#2430=VECTOR('',#14668,1.);
#2431=VECTOR('',#14669,1.);
#2432=VECTOR('',#14670,1.);
#2433=VECTOR('',#14671,1.);
#2434=VECTOR('',#14672,1.);
#2435=VECTOR('',#14673,1.);
#2436=VECTOR('',#14674,1.);
#2437=VECTOR('',#14675,1.);
#2438=VECTOR('',#14676,1.);
#2439=VECTOR('',#14677,1.);
#2440=VECTOR('',#14678,1.);
#2441=VECTOR('',#14681,1.);
#2442=VECTOR('',#14682,1.);
#2443=VECTOR('',#14683,1.);
#2444=VECTOR('',#14686,1.);
#2445=VECTOR('',#14687,1.);
#2446=VECTOR('',#14688,1.);
#2447=VECTOR('',#14695,1.);
#2448=VECTOR('',#14698,1.);
#2449=VECTOR('',#14699,1.);
#2450=VECTOR('',#14700,1.);
#2451=VECTOR('',#14701,1.);
#2452=VECTOR('',#14704,1.);
#2453=VECTOR('',#14705,1.);
#2454=VECTOR('',#14708,1.);
#2455=VECTOR('',#14709,1.);
#2456=VECTOR('',#14710,1.);
#2457=VECTOR('',#14713,1.);
#2458=VECTOR('',#14714,1.);
#2459=VECTOR('',#14717,1.);
#2460=VECTOR('',#14718,1.);
#2461=VECTOR('',#14721,1.);
#2462=VECTOR('',#14726,1.);
#2463=VECTOR('',#14727,1.);
#2464=VECTOR('',#14728,1.);
#2465=VECTOR('',#14729,1.);
#2466=VECTOR('',#14730,1.);
#2467=VECTOR('',#14731,1.);
#2468=VECTOR('',#14732,1.);
#2469=VECTOR('',#14733,1.);
#2470=VECTOR('',#14734,1.);
#2471=VECTOR('',#14735,1.);
#2472=VECTOR('',#14736,1.);
#2473=VECTOR('',#14737,1.);
#2474=VECTOR('',#14738,1.);
#2475=VECTOR('',#14739,1.);
#2476=VECTOR('',#14742,1.);
#2477=VECTOR('',#14743,1.);
#2478=VECTOR('',#14744,1.);
#2479=VECTOR('',#14745,1.);
#2480=VECTOR('',#14748,1.);
#2481=VECTOR('',#14749,1.);
#2482=VECTOR('',#14750,1.);
#2483=VECTOR('',#14755,1.);
#2484=VECTOR('',#14756,1.);
#2485=VECTOR('',#14759,1.);
#2486=VECTOR('',#14762,1.);
#2487=VECTOR('',#14763,1.);
#2488=VECTOR('',#14764,1.);
#2489=VECTOR('',#14767,1.);
#2490=VECTOR('',#14770,1.);
#2491=VECTOR('',#14771,1.);
#2492=VECTOR('',#14772,1.);
#2493=VECTOR('',#14775,1.);
#2494=VECTOR('',#14778,1.);
#2495=VECTOR('',#14781,1.);
#2496=VECTOR('',#14782,1.);
#2497=VECTOR('',#14783,1.);
#2498=VECTOR('',#14786,1.);
#2499=VECTOR('',#14787,1.);
#2500=VECTOR('',#14788,1.);
#2501=VECTOR('',#14789,1.);
#2502=VECTOR('',#14790,1.);
#2503=VECTOR('',#14793,1.);
#2504=VECTOR('',#14794,1.);
#2505=VECTOR('',#14797,1.);
#2506=VECTOR('',#14798,1.);
#2507=VECTOR('',#14799,1.);
#2508=VECTOR('',#14800,1.);
#2509=VECTOR('',#14801,1.);
#2510=VECTOR('',#14804,1.);
#2511=VECTOR('',#14805,1.);
#2512=VECTOR('',#14808,1.);
#2513=VECTOR('',#14815,1.);
#2514=VECTOR('',#14818,1.);
#2515=VECTOR('',#14819,1.);
#2516=VECTOR('',#14824,1.);
#2517=VECTOR('',#14827,1.);
#2518=VECTOR('',#14828,1.);
#2519=VECTOR('',#14833,1.);
#2520=VECTOR('',#14834,1.);
#2521=VECTOR('',#14839,1.);
#2522=VECTOR('',#14840,1.);
#2523=VECTOR('',#14845,1.);
#2524=VECTOR('',#14848,1.);
#2525=VECTOR('',#14849,1.);
#2526=VECTOR('',#14852,1.);
#2527=VECTOR('',#14857,1.);
#2528=VECTOR('',#14858,1.);
#2529=VECTOR('',#14861,1.);
#2530=VECTOR('',#14864,1.);
#2531=VECTOR('',#14867,1.);
#2532=VECTOR('',#14874,1.);
#2533=VECTOR('',#14879,1.);
#2534=VECTOR('',#14880,1.);
#2535=VECTOR('',#14881,1.);
#2536=VECTOR('',#14882,1.);
#2537=VECTOR('',#14885,1.);
#2538=VECTOR('',#14886,1.);
#2539=VECTOR('',#14887,1.);
#2540=VECTOR('',#14888,1.);
#2541=VECTOR('',#14897,1.);
#2542=VECTOR('',#14898,1.);
#2543=VECTOR('',#14899,1.);
#2544=VECTOR('',#14900,1.);
#2545=VECTOR('',#14901,1.);
#2546=VECTOR('',#14902,1.);
#2547=VECTOR('',#14905,1.);
#2548=VECTOR('',#14906,1.);
#2549=VECTOR('',#14907,1.);
#2550=VECTOR('',#14908,1.);
#2551=VECTOR('',#14911,1.);
#2552=VECTOR('',#14912,1.);
#2553=VECTOR('',#14913,1.);
#2554=VECTOR('',#14914,1.);
#2555=VECTOR('',#14923,1.);
#2556=VECTOR('',#14924,1.);
#2557=VECTOR('',#14925,1.);
#2558=VECTOR('',#14926,1.);
#2559=VECTOR('',#14927,1.);
#2560=VECTOR('',#14930,1.);
#2561=VECTOR('',#14931,1.);
#2562=VECTOR('',#14932,1.);
#2563=VECTOR('',#14933,1.);
#2564=VECTOR('',#14934,1.);
#2565=VECTOR('',#14937,1.);
#2566=VECTOR('',#14938,1.);
#2567=VECTOR('',#14939,1.);
#2568=VECTOR('',#14942,1.);
#2569=VECTOR('',#14943,1.);
#2570=VECTOR('',#14946,1.);
#2571=VECTOR('',#14947,1.);
#2572=VECTOR('',#14948,1.);
#2573=VECTOR('',#14949,1.);
#2574=VECTOR('',#14950,1.);
#2575=VECTOR('',#14953,1.);
#2576=VECTOR('',#14954,1.);
#2577=VECTOR('',#14955,1.);
#2578=VECTOR('',#14958,1.);
#2579=VECTOR('',#14959,1.);
#2580=VECTOR('',#14962,1.);
#2581=VECTOR('',#14963,1.);
#2582=VECTOR('',#14966,1.);
#2583=VECTOR('',#14971,1.);
#2584=VECTOR('',#14972,1.);
#2585=VECTOR('',#14975,1.);
#2586=VECTOR('',#14980,1.);
#2587=VECTOR('',#14981,1.);
#2588=VECTOR('',#14982,1.);
#2589=VECTOR('',#14983,1.);
#2590=VECTOR('',#14986,1.);
#2591=VECTOR('',#14987,1.);
#2592=VECTOR('',#14988,1.);
#2593=VECTOR('',#14991,1.);
#2594=VECTOR('',#14992,1.);
#2595=VECTOR('',#14993,1.);
#2596=VECTOR('',#14996,1.);
#2597=VECTOR('',#14997,1.);
#2598=VECTOR('',#14998,1.);
#2599=VECTOR('',#15001,1.);
#2600=VECTOR('',#15002,1.);
#2601=VECTOR('',#15003,1.);
#2602=VECTOR('',#15006,1.);
#2603=VECTOR('',#15007,1.);
#2604=VECTOR('',#15008,1.);
#2605=VECTOR('',#15009,1.);
#2606=VECTOR('',#15010,1.);
#2607=VECTOR('',#15013,1.);
#2608=VECTOR('',#15014,1.);
#2609=VECTOR('',#15015,1.);
#2610=VECTOR('',#15018,1.);
#2611=VECTOR('',#15019,1.);
#2612=VECTOR('',#15020,1.);
#2613=VECTOR('',#15023,1.);
#2614=VECTOR('',#15024,1.);
#2615=VECTOR('',#15029,1.);
#2616=VECTOR('',#15030,1.);
#2617=VECTOR('',#15031,1.);
#2618=VECTOR('',#15032,1.);
#2619=VECTOR('',#15033,1.);
#2620=VECTOR('',#15034,1.);
#2621=VECTOR('',#15037,1.);
#2622=VECTOR('',#15038,1.);
#2623=VECTOR('',#15039,1.);
#2624=VECTOR('',#15040,1.);
#2625=VECTOR('',#15041,1.);
#2626=VECTOR('',#15044,1.);
#2627=VECTOR('',#15045,1.);
#2628=VECTOR('',#15046,1.);
#2629=VECTOR('',#15049,1.);
#2630=VECTOR('',#15050,1.);
#2631=VECTOR('',#15051,1.);
#2632=VECTOR('',#15052,1.);
#2633=VECTOR('',#15053,1.);
#2634=VECTOR('',#15054,1.);
#2635=VECTOR('',#15055,1.);
#2636=VECTOR('',#15064,1.);
#2637=VECTOR('',#15069,1.);
#2638=VECTOR('',#15074,1.);
#2639=VECTOR('',#15079,1.);
#2640=VECTOR('',#15082,1.);
#2641=VECTOR('',#15087,1.);
#2642=VECTOR('',#15092,1.);
#2643=VECTOR('',#15109,1.);
#2644=VECTOR('',#15114,1.);
#2645=VECTOR('',#15121,1.);
#2646=VECTOR('',#15122,1.);
#2647=VECTOR('',#15123,1.);
#2648=VECTOR('',#15124,1.);
#2649=VECTOR('',#15127,1.);
#2650=VECTOR('',#15128,1.);
#2651=VECTOR('',#15129,1.);
#2652=VECTOR('',#15132,1.);
#2653=VECTOR('',#15133,1.);
#2654=VECTOR('',#15134,1.);
#2655=VECTOR('',#15135,1.);
#2656=VECTOR('',#15138,1.);
#2657=VECTOR('',#15139,1.);
#2658=VECTOR('',#15142,1.);
#2659=VECTOR('',#15143,1.);
#2660=VECTOR('',#15144,1.);
#2661=VECTOR('',#15147,1.);
#2662=VECTOR('',#15150,1.);
#2663=VECTOR('',#15157,1.);
#2664=VECTOR('',#15158,1.);
#2665=VECTOR('',#15159,1.);
#2666=VECTOR('',#15160,1.);
#2667=VECTOR('',#15163,1.);
#2668=VECTOR('',#15164,1.);
#2669=VECTOR('',#15165,1.);
#2670=VECTOR('',#15166,1.);
#2671=VECTOR('',#15167,1.);
#2672=VECTOR('',#15170,1.);
#2673=VECTOR('',#15171,1.);
#2674=VECTOR('',#15174,1.);
#2675=VECTOR('',#15175,1.);
#2676=VECTOR('',#15178,1.);
#2677=VECTOR('',#15179,1.);
#2678=VECTOR('',#15182,1.);
#2679=VECTOR('',#15183,1.);
#2680=VECTOR('',#15186,1.);
#2681=VECTOR('',#15195,1.);
#2682=VECTOR('',#15196,1.);
#2683=VECTOR('',#15197,1.);
#2684=VECTOR('',#15198,1.);
#2685=VECTOR('',#15199,1.);
#2686=VECTOR('',#15202,1.);
#2687=VECTOR('',#15203,1.);
#2688=VECTOR('',#15204,1.);
#2689=VECTOR('',#15207,1.);
#2690=VECTOR('',#15208,1.);
#2691=VECTOR('',#15209,1.);
#2692=VECTOR('',#15210,1.);
#2693=VECTOR('',#15213,1.);
#2694=VECTOR('',#15214,1.);
#2695=VECTOR('',#15215,1.);
#2696=VECTOR('',#15218,1.);
#2697=VECTOR('',#15219,1.);
#2698=VECTOR('',#15220,1.);
#2699=VECTOR('',#15221,1.);
#2700=VECTOR('',#15224,1.);
#2701=VECTOR('',#15225,1.);
#2702=VECTOR('',#15226,1.);
#2703=VECTOR('',#15229,1.);
#2704=VECTOR('',#15230,1.);
#2705=VECTOR('',#15231,1.);
#2706=VECTOR('',#15234,1.);
#2707=VECTOR('',#15235,1.);
#2708=VECTOR('',#15236,1.);
#2709=VECTOR('',#15239,1.);
#2710=VECTOR('',#15240,1.);
#2711=VECTOR('',#15241,1.);
#2712=VECTOR('',#15242,1.);
#2713=VECTOR('',#15245,1.);
#2714=VECTOR('',#15246,1.);
#2715=VECTOR('',#15247,1.);
#2716=VECTOR('',#15250,1.);
#2717=VECTOR('',#15253,1.);
#2718=VECTOR('',#15254,1.);
#2719=VECTOR('',#15255,1.);
#2720=VECTOR('',#15258,1.);
#2721=VECTOR('',#15259,1.);
#2722=VECTOR('',#15262,1.);
#2723=VECTOR('',#15263,1.);
#2724=VECTOR('',#15266,1.);
#2725=VECTOR('',#15269,1.);
#2726=VECTOR('',#15270,1.);
#2727=VECTOR('',#15271,1.);
#2728=VECTOR('',#15274,1.);
#2729=VECTOR('',#15275,1.);
#2730=VECTOR('',#15278,1.);
#2731=VECTOR('',#15279,1.);
#2732=VECTOR('',#15282,1.);
#2733=VECTOR('',#15283,1.);
#2734=VECTOR('',#15284,1.);
#2735=VECTOR('',#15287,1.);
#2736=VECTOR('',#15288,1.);
#2737=VECTOR('',#15291,1.);
#2738=VECTOR('',#15294,1.);
#2739=VECTOR('',#15295,1.);
#2740=VECTOR('',#15298,1.);
#2741=VECTOR('',#15299,1.);
#2742=VECTOR('',#15302,1.);
#2743=VECTOR('',#15305,1.);
#2744=VECTOR('',#15306,1.);
#2745=VECTOR('',#15307,1.);
#2746=VECTOR('',#15308,1.);
#2747=VECTOR('',#15311,1.);
#2748=VECTOR('',#15312,1.);
#2749=VECTOR('',#15313,1.);
#2750=VECTOR('',#15316,1.);
#2751=VECTOR('',#15317,1.);
#2752=VECTOR('',#15318,1.);
#2753=VECTOR('',#15321,1.);
#2754=VECTOR('',#15322,1.);
#2755=VECTOR('',#15323,1.);
#2756=VECTOR('',#15326,1.);
#2757=VECTOR('',#15327,1.);
#2758=VECTOR('',#15328,1.);
#2759=VECTOR('',#15331,1.);
#2760=VECTOR('',#15332,1.);
#2761=VECTOR('',#15333,1.);
#2762=VECTOR('',#15336,1.);
#2763=VECTOR('',#15337,1.);
#2764=VECTOR('',#15338,1.);
#2765=VECTOR('',#15339,1.);
#2766=VECTOR('',#15342,1.);
#2767=VECTOR('',#15343,1.);
#2768=VECTOR('',#15344,1.);
#2769=VECTOR('',#15347,1.);
#2770=VECTOR('',#15348,1.);
#2771=VECTOR('',#15349,1.);
#2772=VECTOR('',#15352,1.);
#2773=VECTOR('',#15353,1.);
#2774=VECTOR('',#15354,1.);
#2775=VECTOR('',#15357,1.);
#2776=VECTOR('',#15358,1.);
#2777=VECTOR('',#15359,1.);
#2778=VECTOR('',#15362,1.);
#2779=VECTOR('',#15363,1.);
#2780=VECTOR('',#15364,1.);
#2781=VECTOR('',#15367,1.);
#2782=VECTOR('',#15370,1.);
#2783=VECTOR('',#15371,1.);
#2784=VECTOR('',#15374,1.);
#2785=VECTOR('',#15377,1.);
#2786=VECTOR('',#15378,1.);
#2787=VECTOR('',#15379,1.);
#2788=VECTOR('',#15380,1.);
#2789=VECTOR('',#15383,1.);
#2790=VECTOR('',#15384,1.);
#2791=VECTOR('',#15387,1.);
#2792=VECTOR('',#15388,1.);
#2793=VECTOR('',#15389,1.);
#2794=VECTOR('',#15392,1.);
#2795=VECTOR('',#15419,1.);
#2796=VECTOR('',#15420,1.);
#2797=VECTOR('',#15421,1.);
#2798=VECTOR('',#15422,1.);
#2799=VECTOR('',#15425,1.);
#2800=VECTOR('',#15426,1.);
#2801=VECTOR('',#15427,1.);
#2802=VECTOR('',#15428,1.);
#2803=VECTOR('',#15431,1.);
#2804=VECTOR('',#15432,1.);
#2805=VECTOR('',#15433,1.);
#2806=VECTOR('',#15434,1.);
#2807=VECTOR('',#15437,1.);
#2808=VECTOR('',#15438,1.);
#2809=VECTOR('',#15439,1.);
#2810=VECTOR('',#15440,1.);
#2811=VECTOR('',#15445,1.);
#2812=VECTOR('',#15448,1.);
#2813=VECTOR('',#15451,1.);
#2814=VECTOR('',#15454,1.);
#2815=VECTOR('',#15473,1.);
#2816=VECTOR('',#15476,1.);
#2817=VECTOR('',#15479,1.);
#2818=VECTOR('',#15482,1.);
#2819=VECTOR('',#15535,1.);
#2820=VECTOR('',#15536,1.);
#2821=VECTOR('',#15537,1.);
#2822=VECTOR('',#15540,1.);
#2823=VECTOR('',#15541,1.);
#2824=VECTOR('',#15542,1.);
#2825=VECTOR('',#15545,1.);
#2826=VECTOR('',#15546,1.);
#2827=VECTOR('',#15547,1.);
#2828=VECTOR('',#15550,1.);
#2829=VECTOR('',#15551,1.);
#2830=VECTOR('',#15552,1.);
#2831=VECTOR('',#15625,1.);
#2832=VECTOR('',#15652,1.);
#2833=VECTOR('',#15657,1.);
#2834=VECTOR('',#15664,1.);
#2835=VECTOR('',#15703,1.);
#2836=VECTOR('',#15704,1.);
#2837=VECTOR('',#15705,1.);
#2838=VECTOR('',#15706,1.);
#2839=VECTOR('',#15709,1.);
#2840=VECTOR('',#15710,1.);
#2841=VECTOR('',#15711,1.);
#2842=VECTOR('',#15714,1.);
#2843=VECTOR('',#15715,1.);
#2844=VECTOR('',#15716,1.);
#2845=VECTOR('',#15719,1.);
#2846=VECTOR('',#15818,1.);
#2847=VECTOR('',#15919,1.);
#2848=VECTOR('',#15922,1.);
#2849=VECTOR('',#15925,1.);
#2850=VECTOR('',#15928,1.);
#2851=VECTOR('',#15931,1.);
#2852=VECTOR('',#15934,1.);
#2853=VECTOR('',#15937,1.);
#2854=VECTOR('',#15940,1.);
#2855=VECTOR('',#15943,1.);
#2856=VECTOR('',#15946,1.);
#2857=VECTOR('',#15949,1.);
#2858=VECTOR('',#15952,1.);
#2859=VECTOR('',#15955,1.);
#2860=VECTOR('',#15958,1.);
#2861=VECTOR('',#15961,1.);
#2862=VECTOR('',#15964,1.);
#2863=VECTOR('',#15967,1.);
#2864=VECTOR('',#15970,1.);
#2865=VECTOR('',#15973,1.);
#2866=VECTOR('',#15976,1.);
#2867=VECTOR('',#15979,1.);
#2868=VECTOR('',#15982,1.);
#2869=VECTOR('',#15985,1.);
#2870=VECTOR('',#15988,1.);
#2871=VECTOR('',#15991,1.);
#2872=VECTOR('',#15994,1.);
#2873=VECTOR('',#15997,1.);
#2874=VECTOR('',#16000,1.);
#2875=VECTOR('',#16003,1.);
#2876=VECTOR('',#16006,1.);
#2877=VECTOR('',#16009,1.);
#2878=VECTOR('',#16012,1.);
#2879=VECTOR('',#16015,1.);
#2880=VECTOR('',#16018,1.);
#2881=VECTOR('',#16021,1.);
#2882=VECTOR('',#16024,1.);
#2883=VECTOR('',#16027,1.);
#2884=VECTOR('',#16030,1.);
#2885=VECTOR('',#16033,1.);
#2886=VECTOR('',#16036,1.);
#2887=VECTOR('',#16039,1.);
#2888=VECTOR('',#16042,1.);
#2889=VECTOR('',#16045,1.);
#2890=VECTOR('',#16048,1.);
#2891=VECTOR('',#16051,1.);
#2892=VECTOR('',#16054,1.);
#2893=VECTOR('',#16057,1.);
#2894=VECTOR('',#16060,1.);
#2895=ORIENTED_EDGE('',*,*,#5881,.F.);
#2896=ORIENTED_EDGE('',*,*,#5882,.T.);
#2897=ORIENTED_EDGE('',*,*,#5883,.F.);
#2898=ORIENTED_EDGE('',*,*,#5884,.T.);
#2899=ORIENTED_EDGE('',*,*,#5885,.F.);
#2900=ORIENTED_EDGE('',*,*,#5886,.F.);
#2901=ORIENTED_EDGE('',*,*,#5887,.F.);
#2902=ORIENTED_EDGE('',*,*,#5888,.F.);
#2903=ORIENTED_EDGE('',*,*,#5889,.F.);
#2904=ORIENTED_EDGE('',*,*,#5890,.T.);
#2905=ORIENTED_EDGE('',*,*,#5891,.F.);
#2906=ORIENTED_EDGE('',*,*,#5892,.T.);
#2907=ORIENTED_EDGE('',*,*,#5893,.F.);
#2908=ORIENTED_EDGE('',*,*,#5894,.F.);
#2909=ORIENTED_EDGE('',*,*,#5895,.F.);
#2910=ORIENTED_EDGE('',*,*,#5896,.F.);
#2911=ORIENTED_EDGE('',*,*,#5897,.T.);
#2912=ORIENTED_EDGE('',*,*,#5898,.T.);
#2913=ORIENTED_EDGE('',*,*,#5899,.T.);
#2914=ORIENTED_EDGE('',*,*,#5900,.T.);
#2915=ORIENTED_EDGE('',*,*,#5901,.T.);
#2916=ORIENTED_EDGE('',*,*,#5902,.T.);
#2917=ORIENTED_EDGE('',*,*,#5903,.T.);
#2918=ORIENTED_EDGE('',*,*,#5904,.T.);
#2919=ORIENTED_EDGE('',*,*,#5905,.T.);
#2920=ORIENTED_EDGE('',*,*,#5906,.F.);
#2921=ORIENTED_EDGE('',*,*,#5907,.T.);
#2922=ORIENTED_EDGE('',*,*,#5908,.F.);
#2923=ORIENTED_EDGE('',*,*,#5909,.T.);
#2924=ORIENTED_EDGE('',*,*,#5910,.F.);
#2925=ORIENTED_EDGE('',*,*,#5911,.F.);
#2926=ORIENTED_EDGE('',*,*,#5912,.F.);
#2927=ORIENTED_EDGE('',*,*,#5913,.F.);
#2928=ORIENTED_EDGE('',*,*,#5914,.F.);
#2929=ORIENTED_EDGE('',*,*,#5915,.T.);
#2930=ORIENTED_EDGE('',*,*,#5916,.F.);
#2931=ORIENTED_EDGE('',*,*,#5917,.T.);
#2932=ORIENTED_EDGE('',*,*,#5918,.F.);
#2933=ORIENTED_EDGE('',*,*,#5919,.F.);
#2934=ORIENTED_EDGE('',*,*,#5920,.F.);
#2935=ORIENTED_EDGE('',*,*,#5921,.F.);
#2936=ORIENTED_EDGE('',*,*,#5922,.F.);
#2937=ORIENTED_EDGE('',*,*,#5923,.T.);
#2938=ORIENTED_EDGE('',*,*,#5924,.F.);
#2939=ORIENTED_EDGE('',*,*,#5925,.T.);
#2940=ORIENTED_EDGE('',*,*,#5926,.F.);
#2941=ORIENTED_EDGE('',*,*,#5927,.F.);
#2942=ORIENTED_EDGE('',*,*,#5928,.F.);
#2943=ORIENTED_EDGE('',*,*,#5929,.F.);
#2944=ORIENTED_EDGE('',*,*,#5930,.F.);
#2945=ORIENTED_EDGE('',*,*,#5931,.F.);
#2946=ORIENTED_EDGE('',*,*,#5932,.F.);
#2947=ORIENTED_EDGE('',*,*,#5933,.F.);
#2948=ORIENTED_EDGE('',*,*,#5934,.F.);
#2949=ORIENTED_EDGE('',*,*,#5935,.F.);
#2950=ORIENTED_EDGE('',*,*,#5936,.F.);
#2951=ORIENTED_EDGE('',*,*,#5937,.F.);
#2952=ORIENTED_EDGE('',*,*,#5938,.F.);
#2953=ORIENTED_EDGE('',*,*,#5939,.T.);
#2954=ORIENTED_EDGE('',*,*,#5940,.F.);
#2955=ORIENTED_EDGE('',*,*,#5941,.T.);
#2956=ORIENTED_EDGE('',*,*,#5942,.F.);
#2957=ORIENTED_EDGE('',*,*,#5943,.F.);
#2958=ORIENTED_EDGE('',*,*,#5944,.T.);
#2959=ORIENTED_EDGE('',*,*,#5945,.T.);
#2960=ORIENTED_EDGE('',*,*,#5946,.T.);
#2961=ORIENTED_EDGE('',*,*,#5947,.T.);
#2962=ORIENTED_EDGE('',*,*,#5948,.T.);
#2963=ORIENTED_EDGE('',*,*,#5949,.F.);
#2964=ORIENTED_EDGE('',*,*,#5950,.T.);
#2965=ORIENTED_EDGE('',*,*,#5951,.F.);
#2966=ORIENTED_EDGE('',*,*,#5952,.T.);
#2967=ORIENTED_EDGE('',*,*,#5953,.T.);
#2968=ORIENTED_EDGE('',*,*,#5954,.T.);
#2969=ORIENTED_EDGE('',*,*,#5955,.T.);
#2970=ORIENTED_EDGE('',*,*,#5956,.T.);
#2971=ORIENTED_EDGE('',*,*,#5957,.F.);
#2972=ORIENTED_EDGE('',*,*,#5958,.T.);
#2973=ORIENTED_EDGE('',*,*,#5959,.F.);
#2974=ORIENTED_EDGE('',*,*,#5960,.T.);
#2975=ORIENTED_EDGE('',*,*,#5961,.T.);
#2976=ORIENTED_EDGE('',*,*,#5962,.T.);
#2977=ORIENTED_EDGE('',*,*,#5963,.T.);
#2978=ORIENTED_EDGE('',*,*,#5964,.T.);
#2979=ORIENTED_EDGE('',*,*,#5965,.F.);
#2980=ORIENTED_EDGE('',*,*,#5966,.T.);
#2981=ORIENTED_EDGE('',*,*,#5967,.F.);
#2982=ORIENTED_EDGE('',*,*,#5968,.T.);
#2983=ORIENTED_EDGE('',*,*,#5969,.T.);
#2984=ORIENTED_EDGE('',*,*,#5970,.T.);
#2985=ORIENTED_EDGE('',*,*,#5971,.T.);
#2986=ORIENTED_EDGE('',*,*,#5972,.T.);
#2987=ORIENTED_EDGE('',*,*,#5973,.F.);
#2988=ORIENTED_EDGE('',*,*,#5974,.T.);
#2989=ORIENTED_EDGE('',*,*,#5975,.F.);
#2990=ORIENTED_EDGE('',*,*,#5976,.T.);
#2991=ORIENTED_EDGE('',*,*,#5977,.T.);
#2992=ORIENTED_EDGE('',*,*,#5978,.T.);
#2993=ORIENTED_EDGE('',*,*,#5979,.T.);
#2994=ORIENTED_EDGE('',*,*,#5980,.T.);
#2995=ORIENTED_EDGE('',*,*,#5981,.F.);
#2996=ORIENTED_EDGE('',*,*,#5982,.T.);
#2997=ORIENTED_EDGE('',*,*,#5983,.T.);
#2998=ORIENTED_EDGE('',*,*,#5984,.T.);
#2999=ORIENTED_EDGE('',*,*,#5985,.T.);
#3000=ORIENTED_EDGE('',*,*,#5986,.F.);
#3001=ORIENTED_EDGE('',*,*,#5987,.T.);
#3002=ORIENTED_EDGE('',*,*,#5988,.T.);
#3003=ORIENTED_EDGE('',*,*,#5989,.F.);
#3004=ORIENTED_EDGE('',*,*,#5990,.T.);
#3005=ORIENTED_EDGE('',*,*,#5991,.T.);
#3006=ORIENTED_EDGE('',*,*,#5992,.T.);
#3007=ORIENTED_EDGE('',*,*,#5993,.T.);
#3008=ORIENTED_EDGE('',*,*,#5994,.T.);
#3009=ORIENTED_EDGE('',*,*,#5995,.T.);
#3010=ORIENTED_EDGE('',*,*,#5996,.T.);
#3011=ORIENTED_EDGE('',*,*,#5997,.T.);
#3012=ORIENTED_EDGE('',*,*,#5998,.T.);
#3013=ORIENTED_EDGE('',*,*,#5999,.T.);
#3014=ORIENTED_EDGE('',*,*,#6000,.T.);
#3015=ORIENTED_EDGE('',*,*,#6001,.T.);
#3016=ORIENTED_EDGE('',*,*,#6002,.F.);
#3017=ORIENTED_EDGE('',*,*,#6003,.F.);
#3018=ORIENTED_EDGE('',*,*,#6004,.T.);
#3019=ORIENTED_EDGE('',*,*,#6005,.T.);
#3020=ORIENTED_EDGE('',*,*,#6006,.T.);
#3021=ORIENTED_EDGE('',*,*,#6007,.T.);
#3022=ORIENTED_EDGE('',*,*,#6008,.T.);
#3023=ORIENTED_EDGE('',*,*,#6009,.F.);
#3024=ORIENTED_EDGE('',*,*,#6010,.T.);
#3025=ORIENTED_EDGE('',*,*,#6002,.T.);
#3026=ORIENTED_EDGE('',*,*,#6011,.T.);
#3027=ORIENTED_EDGE('',*,*,#5998,.F.);
#3028=ORIENTED_EDGE('',*,*,#6012,.T.);
#3029=ORIENTED_EDGE('',*,*,#5994,.F.);
#3030=ORIENTED_EDGE('',*,*,#6013,.T.);
#3031=ORIENTED_EDGE('',*,*,#5986,.T.);
#3032=ORIENTED_EDGE('',*,*,#6014,.T.);
#3033=ORIENTED_EDGE('',*,*,#6001,.F.);
#3034=ORIENTED_EDGE('',*,*,#6015,.T.);
#3035=ORIENTED_EDGE('',*,*,#5995,.F.);
#3036=ORIENTED_EDGE('',*,*,#6011,.F.);
#3037=ORIENTED_EDGE('',*,*,#5997,.F.);
#3038=ORIENTED_EDGE('',*,*,#6016,.T.);
#3039=ORIENTED_EDGE('',*,*,#5991,.F.);
#3040=ORIENTED_EDGE('',*,*,#6012,.F.);
#3041=ORIENTED_EDGE('',*,*,#5985,.F.);
#3042=ORIENTED_EDGE('',*,*,#6017,.T.);
#3043=ORIENTED_EDGE('',*,*,#5999,.F.);
#3044=ORIENTED_EDGE('',*,*,#6014,.F.);
#3045=ORIENTED_EDGE('',*,*,#5993,.F.);
#3046=ORIENTED_EDGE('',*,*,#6018,.T.);
#3047=ORIENTED_EDGE('',*,*,#5983,.F.);
#3048=ORIENTED_EDGE('',*,*,#6013,.F.);
#3049=ORIENTED_EDGE('',*,*,#6019,.F.);
#3050=ORIENTED_EDGE('',*,*,#5903,.F.);
#3051=ORIENTED_EDGE('',*,*,#6020,.F.);
#3052=ORIENTED_EDGE('',*,*,#5992,.F.);
#3053=ORIENTED_EDGE('',*,*,#6020,.T.);
#3054=ORIENTED_EDGE('',*,*,#5902,.F.);
#3055=ORIENTED_EDGE('',*,*,#6021,.F.);
#3056=ORIENTED_EDGE('',*,*,#6018,.F.);
#3057=ORIENTED_EDGE('',*,*,#6019,.T.);
#3058=ORIENTED_EDGE('',*,*,#6016,.F.);
#3059=ORIENTED_EDGE('',*,*,#6022,.F.);
#3060=ORIENTED_EDGE('',*,*,#5904,.F.);
#3061=ORIENTED_EDGE('',*,*,#6021,.T.);
#3062=ORIENTED_EDGE('',*,*,#5901,.F.);
#3063=ORIENTED_EDGE('',*,*,#6023,.F.);
#3064=ORIENTED_EDGE('',*,*,#5984,.F.);
#3065=ORIENTED_EDGE('',*,*,#6022,.T.);
#3066=ORIENTED_EDGE('',*,*,#5996,.F.);
#3067=ORIENTED_EDGE('',*,*,#6024,.F.);
#3068=ORIENTED_EDGE('',*,*,#5897,.F.);
#3069=ORIENTED_EDGE('',*,*,#6023,.T.);
#3070=ORIENTED_EDGE('',*,*,#5900,.F.);
#3071=ORIENTED_EDGE('',*,*,#6025,.F.);
#3072=ORIENTED_EDGE('',*,*,#6017,.F.);
#3073=ORIENTED_EDGE('',*,*,#6024,.T.);
#3074=ORIENTED_EDGE('',*,*,#6015,.F.);
#3075=ORIENTED_EDGE('',*,*,#6026,.F.);
#3076=ORIENTED_EDGE('',*,*,#5898,.F.);
#3077=ORIENTED_EDGE('',*,*,#6025,.T.);
#3078=ORIENTED_EDGE('',*,*,#5899,.F.);
#3079=ORIENTED_EDGE('',*,*,#6026,.T.);
#3080=ORIENTED_EDGE('',*,*,#6000,.F.);
#3081=ORIENTED_EDGE('',*,*,#6027,.F.);
#3082=ORIENTED_EDGE('',*,*,#5939,.F.);
#3083=ORIENTED_EDGE('',*,*,#6028,.F.);
#3084=ORIENTED_EDGE('',*,*,#6007,.F.);
#3085=ORIENTED_EDGE('',*,*,#6029,.F.);
#3086=ORIENTED_EDGE('',*,*,#6030,.F.);
#3087=ORIENTED_EDGE('',*,*,#6031,.T.);
#3088=ORIENTED_EDGE('',*,*,#6032,.T.);
#3089=ORIENTED_EDGE('',*,*,#6009,.T.);
#3090=ORIENTED_EDGE('',*,*,#6033,.F.);
#3091=ORIENTED_EDGE('',*,*,#5937,.T.);
#3092=ORIENTED_EDGE('',*,*,#6034,.F.);
#3093=ORIENTED_EDGE('',*,*,#6003,.T.);
#3094=ORIENTED_EDGE('',*,*,#6035,.F.);
#3095=ORIENTED_EDGE('',*,*,#5935,.T.);
#3096=ORIENTED_EDGE('',*,*,#6036,.F.);
#3097=ORIENTED_EDGE('',*,*,#6037,.F.);
#3098=ORIENTED_EDGE('',*,*,#5941,.F.);
#3099=ORIENTED_EDGE('',*,*,#6038,.F.);
#3100=ORIENTED_EDGE('',*,*,#6005,.F.);
#3101=ORIENTED_EDGE('',*,*,#6036,.T.);
#3102=ORIENTED_EDGE('',*,*,#5942,.T.);
#3103=ORIENTED_EDGE('',*,*,#6037,.T.);
#3104=ORIENTED_EDGE('',*,*,#6004,.F.);
#3105=ORIENTED_EDGE('',*,*,#6034,.T.);
#3106=ORIENTED_EDGE('',*,*,#5936,.T.);
#3107=ORIENTED_EDGE('',*,*,#6035,.T.);
#3108=ORIENTED_EDGE('',*,*,#6010,.F.);
#3109=ORIENTED_EDGE('',*,*,#6038,.T.);
#3110=ORIENTED_EDGE('',*,*,#5940,.T.);
#3111=ORIENTED_EDGE('',*,*,#6027,.T.);
#3112=ORIENTED_EDGE('',*,*,#6006,.F.);
#3113=ORIENTED_EDGE('',*,*,#6028,.T.);
#3114=ORIENTED_EDGE('',*,*,#5938,.T.);
#3115=ORIENTED_EDGE('',*,*,#6033,.T.);
#3116=ORIENTED_EDGE('',*,*,#6008,.F.);
#3117=ORIENTED_EDGE('',*,*,#6039,.T.);
#3118=ORIENTED_EDGE('',*,*,#5934,.T.);
#3119=ORIENTED_EDGE('',*,*,#6040,.F.);
#3120=ORIENTED_EDGE('',*,*,#6039,.F.);
#3121=ORIENTED_EDGE('',*,*,#6041,.T.);
#3122=ORIENTED_EDGE('',*,*,#5933,.T.);
#3123=ORIENTED_EDGE('',*,*,#6042,.F.);
#3124=ORIENTED_EDGE('',*,*,#6041,.F.);
#3125=ORIENTED_EDGE('',*,*,#6043,.T.);
#3126=ORIENTED_EDGE('',*,*,#5932,.T.);
#3127=ORIENTED_EDGE('',*,*,#6044,.F.);
#3128=ORIENTED_EDGE('',*,*,#6043,.F.);
#3129=ORIENTED_EDGE('',*,*,#6045,.T.);
#3130=ORIENTED_EDGE('',*,*,#5931,.T.);
#3131=ORIENTED_EDGE('',*,*,#6046,.F.);
#3132=ORIENTED_EDGE('',*,*,#6045,.F.);
#3133=ORIENTED_EDGE('',*,*,#6047,.T.);
#3134=ORIENTED_EDGE('',*,*,#6046,.T.);
#3135=ORIENTED_EDGE('',*,*,#6047,.F.);
#3136=ORIENTED_EDGE('',*,*,#6048,.T.);
#3137=ORIENTED_EDGE('',*,*,#6044,.T.);
#3138=ORIENTED_EDGE('',*,*,#6048,.F.);
#3139=ORIENTED_EDGE('',*,*,#6049,.T.);
#3140=ORIENTED_EDGE('',*,*,#6042,.T.);
#3141=ORIENTED_EDGE('',*,*,#6049,.F.);
#3142=ORIENTED_EDGE('',*,*,#6050,.T.);
#3143=ORIENTED_EDGE('',*,*,#6040,.T.);
#3144=ORIENTED_EDGE('',*,*,#6050,.F.);
#3145=ORIENTED_EDGE('',*,*,#5905,.F.);
#3146=ORIENTED_EDGE('',*,*,#5930,.T.);
#3147=ORIENTED_EDGE('',*,*,#5911,.T.);
#3148=ORIENTED_EDGE('',*,*,#6051,.F.);
#3149=ORIENTED_EDGE('',*,*,#5947,.F.);
#3150=ORIENTED_EDGE('',*,*,#6052,.F.);
#3151=ORIENTED_EDGE('',*,*,#6053,.F.);
#3152=ORIENTED_EDGE('',*,*,#5949,.T.);
#3153=ORIENTED_EDGE('',*,*,#6054,.F.);
#3154=ORIENTED_EDGE('',*,*,#5909,.F.);
#3155=ORIENTED_EDGE('',*,*,#6055,.F.);
#3156=ORIENTED_EDGE('',*,*,#5943,.T.);
#3157=ORIENTED_EDGE('',*,*,#6056,.F.);
#3158=ORIENTED_EDGE('',*,*,#5907,.F.);
#3159=ORIENTED_EDGE('',*,*,#5913,.T.);
#3160=ORIENTED_EDGE('',*,*,#6057,.F.);
#3161=ORIENTED_EDGE('',*,*,#5945,.F.);
#3162=ORIENTED_EDGE('',*,*,#6058,.F.);
#3163=ORIENTED_EDGE('',*,*,#5906,.T.);
#3164=ORIENTED_EDGE('',*,*,#6058,.T.);
#3165=ORIENTED_EDGE('',*,*,#5944,.F.);
#3166=ORIENTED_EDGE('',*,*,#6055,.T.);
#3167=ORIENTED_EDGE('',*,*,#5908,.T.);
#3168=ORIENTED_EDGE('',*,*,#6056,.T.);
#3169=ORIENTED_EDGE('',*,*,#5950,.F.);
#3170=ORIENTED_EDGE('',*,*,#6053,.T.);
#3171=ORIENTED_EDGE('',*,*,#5912,.T.);
#3172=ORIENTED_EDGE('',*,*,#6052,.T.);
#3173=ORIENTED_EDGE('',*,*,#5946,.F.);
#3174=ORIENTED_EDGE('',*,*,#6057,.T.);
#3175=ORIENTED_EDGE('',*,*,#5910,.T.);
#3176=ORIENTED_EDGE('',*,*,#6054,.T.);
#3177=ORIENTED_EDGE('',*,*,#5948,.F.);
#3178=ORIENTED_EDGE('',*,*,#6051,.T.);
#3179=ORIENTED_EDGE('',*,*,#5894,.T.);
#3180=ORIENTED_EDGE('',*,*,#6059,.F.);
#3181=ORIENTED_EDGE('',*,*,#5955,.F.);
#3182=ORIENTED_EDGE('',*,*,#6060,.F.);
#3183=ORIENTED_EDGE('',*,*,#6061,.F.);
#3184=ORIENTED_EDGE('',*,*,#5957,.T.);
#3185=ORIENTED_EDGE('',*,*,#6062,.F.);
#3186=ORIENTED_EDGE('',*,*,#5892,.F.);
#3187=ORIENTED_EDGE('',*,*,#6063,.F.);
#3188=ORIENTED_EDGE('',*,*,#5951,.T.);
#3189=ORIENTED_EDGE('',*,*,#6064,.F.);
#3190=ORIENTED_EDGE('',*,*,#5890,.F.);
#3191=ORIENTED_EDGE('',*,*,#5896,.T.);
#3192=ORIENTED_EDGE('',*,*,#6065,.F.);
#3193=ORIENTED_EDGE('',*,*,#5953,.F.);
#3194=ORIENTED_EDGE('',*,*,#6066,.F.);
#3195=ORIENTED_EDGE('',*,*,#5889,.T.);
#3196=ORIENTED_EDGE('',*,*,#6066,.T.);
#3197=ORIENTED_EDGE('',*,*,#5952,.F.);
#3198=ORIENTED_EDGE('',*,*,#6063,.T.);
#3199=ORIENTED_EDGE('',*,*,#5891,.T.);
#3200=ORIENTED_EDGE('',*,*,#6064,.T.);
#3201=ORIENTED_EDGE('',*,*,#5958,.F.);
#3202=ORIENTED_EDGE('',*,*,#6061,.T.);
#3203=ORIENTED_EDGE('',*,*,#5895,.T.);
#3204=ORIENTED_EDGE('',*,*,#6060,.T.);
#3205=ORIENTED_EDGE('',*,*,#5954,.F.);
#3206=ORIENTED_EDGE('',*,*,#6065,.T.);
#3207=ORIENTED_EDGE('',*,*,#5893,.T.);
#3208=ORIENTED_EDGE('',*,*,#6062,.T.);
#3209=ORIENTED_EDGE('',*,*,#5956,.F.);
#3210=ORIENTED_EDGE('',*,*,#6059,.T.);
#3211=ORIENTED_EDGE('',*,*,#5919,.T.);
#3212=ORIENTED_EDGE('',*,*,#6067,.F.);
#3213=ORIENTED_EDGE('',*,*,#5963,.F.);
#3214=ORIENTED_EDGE('',*,*,#6068,.F.);
#3215=ORIENTED_EDGE('',*,*,#6069,.F.);
#3216=ORIENTED_EDGE('',*,*,#5965,.T.);
#3217=ORIENTED_EDGE('',*,*,#6070,.F.);
#3218=ORIENTED_EDGE('',*,*,#5917,.F.);
#3219=ORIENTED_EDGE('',*,*,#6071,.F.);
#3220=ORIENTED_EDGE('',*,*,#5959,.T.);
#3221=ORIENTED_EDGE('',*,*,#6072,.F.);
#3222=ORIENTED_EDGE('',*,*,#5915,.F.);
#3223=ORIENTED_EDGE('',*,*,#5921,.T.);
#3224=ORIENTED_EDGE('',*,*,#6073,.F.);
#3225=ORIENTED_EDGE('',*,*,#5961,.F.);
#3226=ORIENTED_EDGE('',*,*,#6074,.F.);
#3227=ORIENTED_EDGE('',*,*,#5914,.T.);
#3228=ORIENTED_EDGE('',*,*,#6074,.T.);
#3229=ORIENTED_EDGE('',*,*,#5960,.F.);
#3230=ORIENTED_EDGE('',*,*,#6071,.T.);
#3231=ORIENTED_EDGE('',*,*,#5916,.T.);
#3232=ORIENTED_EDGE('',*,*,#6072,.T.);
#3233=ORIENTED_EDGE('',*,*,#5966,.F.);
#3234=ORIENTED_EDGE('',*,*,#6069,.T.);
#3235=ORIENTED_EDGE('',*,*,#5920,.T.);
#3236=ORIENTED_EDGE('',*,*,#6068,.T.);
#3237=ORIENTED_EDGE('',*,*,#5962,.F.);
#3238=ORIENTED_EDGE('',*,*,#6073,.T.);
#3239=ORIENTED_EDGE('',*,*,#5918,.T.);
#3240=ORIENTED_EDGE('',*,*,#6070,.T.);
#3241=ORIENTED_EDGE('',*,*,#5964,.F.);
#3242=ORIENTED_EDGE('',*,*,#6067,.T.);
#3243=ORIENTED_EDGE('',*,*,#5886,.T.);
#3244=ORIENTED_EDGE('',*,*,#6075,.F.);
#3245=ORIENTED_EDGE('',*,*,#5971,.F.);
#3246=ORIENTED_EDGE('',*,*,#6076,.F.);
#3247=ORIENTED_EDGE('',*,*,#6077,.F.);
#3248=ORIENTED_EDGE('',*,*,#5973,.T.);
#3249=ORIENTED_EDGE('',*,*,#6078,.F.);
#3250=ORIENTED_EDGE('',*,*,#5884,.F.);
#3251=ORIENTED_EDGE('',*,*,#6079,.F.);
#3252=ORIENTED_EDGE('',*,*,#5967,.T.);
#3253=ORIENTED_EDGE('',*,*,#6080,.F.);
#3254=ORIENTED_EDGE('',*,*,#5882,.F.);
#3255=ORIENTED_EDGE('',*,*,#5888,.T.);
#3256=ORIENTED_EDGE('',*,*,#6081,.F.);
#3257=ORIENTED_EDGE('',*,*,#5969,.F.);
#3258=ORIENTED_EDGE('',*,*,#6082,.F.);
#3259=ORIENTED_EDGE('',*,*,#5881,.T.);
#3260=ORIENTED_EDGE('',*,*,#6082,.T.);
#3261=ORIENTED_EDGE('',*,*,#5968,.F.);
#3262=ORIENTED_EDGE('',*,*,#6079,.T.);
#3263=ORIENTED_EDGE('',*,*,#5883,.T.);
#3264=ORIENTED_EDGE('',*,*,#6080,.T.);
#3265=ORIENTED_EDGE('',*,*,#5974,.F.);
#3266=ORIENTED_EDGE('',*,*,#6077,.T.);
#3267=ORIENTED_EDGE('',*,*,#5887,.T.);
#3268=ORIENTED_EDGE('',*,*,#6076,.T.);
#3269=ORIENTED_EDGE('',*,*,#5970,.F.);
#3270=ORIENTED_EDGE('',*,*,#6081,.T.);
#3271=ORIENTED_EDGE('',*,*,#5885,.T.);
#3272=ORIENTED_EDGE('',*,*,#6078,.T.);
#3273=ORIENTED_EDGE('',*,*,#5972,.F.);
#3274=ORIENTED_EDGE('',*,*,#6075,.T.);
#3275=ORIENTED_EDGE('',*,*,#5927,.T.);
#3276=ORIENTED_EDGE('',*,*,#6083,.F.);
#3277=ORIENTED_EDGE('',*,*,#5979,.F.);
#3278=ORIENTED_EDGE('',*,*,#6084,.F.);
#3279=ORIENTED_EDGE('',*,*,#6085,.F.);
#3280=ORIENTED_EDGE('',*,*,#5981,.T.);
#3281=ORIENTED_EDGE('',*,*,#6086,.F.);
#3282=ORIENTED_EDGE('',*,*,#5925,.F.);
#3283=ORIENTED_EDGE('',*,*,#6087,.F.);
#3284=ORIENTED_EDGE('',*,*,#5975,.T.);
#3285=ORIENTED_EDGE('',*,*,#6088,.F.);
#3286=ORIENTED_EDGE('',*,*,#5923,.F.);
#3287=ORIENTED_EDGE('',*,*,#5929,.T.);
#3288=ORIENTED_EDGE('',*,*,#6089,.F.);
#3289=ORIENTED_EDGE('',*,*,#5977,.F.);
#3290=ORIENTED_EDGE('',*,*,#6090,.F.);
#3291=ORIENTED_EDGE('',*,*,#5922,.T.);
#3292=ORIENTED_EDGE('',*,*,#6090,.T.);
#3293=ORIENTED_EDGE('',*,*,#5976,.F.);
#3294=ORIENTED_EDGE('',*,*,#6087,.T.);
#3295=ORIENTED_EDGE('',*,*,#5924,.T.);
#3296=ORIENTED_EDGE('',*,*,#6088,.T.);
#3297=ORIENTED_EDGE('',*,*,#5982,.F.);
#3298=ORIENTED_EDGE('',*,*,#6085,.T.);
#3299=ORIENTED_EDGE('',*,*,#5928,.T.);
#3300=ORIENTED_EDGE('',*,*,#6084,.T.);
#3301=ORIENTED_EDGE('',*,*,#5978,.F.);
#3302=ORIENTED_EDGE('',*,*,#6089,.T.);
#3303=ORIENTED_EDGE('',*,*,#5926,.T.);
#3304=ORIENTED_EDGE('',*,*,#6086,.T.);
#3305=ORIENTED_EDGE('',*,*,#5980,.F.);
#3306=ORIENTED_EDGE('',*,*,#6083,.T.);
#3307=ORIENTED_EDGE('',*,*,#6091,.T.);
#3308=ORIENTED_EDGE('',*,*,#6092,.T.);
#3309=ORIENTED_EDGE('',*,*,#6093,.T.);
#3310=ORIENTED_EDGE('',*,*,#5988,.F.);
#3311=ORIENTED_EDGE('',*,*,#6094,.T.);
#3312=ORIENTED_EDGE('',*,*,#6095,.T.);
#3313=ORIENTED_EDGE('',*,*,#6096,.T.);
#3314=ORIENTED_EDGE('',*,*,#5990,.F.);
#3315=ORIENTED_EDGE('',*,*,#6096,.F.);
#3316=ORIENTED_EDGE('',*,*,#6097,.T.);
#3317=ORIENTED_EDGE('',*,*,#6029,.T.);
#3318=ORIENTED_EDGE('',*,*,#6098,.F.);
#3319=ORIENTED_EDGE('',*,*,#6091,.F.);
#3320=ORIENTED_EDGE('',*,*,#5987,.F.);
#3321=ORIENTED_EDGE('',*,*,#5989,.T.);
#3322=ORIENTED_EDGE('',*,*,#6093,.F.);
#3323=ORIENTED_EDGE('',*,*,#6099,.T.);
#3324=ORIENTED_EDGE('',*,*,#6031,.F.);
#3325=ORIENTED_EDGE('',*,*,#6100,.F.);
#3326=ORIENTED_EDGE('',*,*,#6094,.F.);
#3327=ORIENTED_EDGE('',*,*,#6030,.T.);
#3328=ORIENTED_EDGE('',*,*,#6097,.F.);
#3329=ORIENTED_EDGE('',*,*,#6095,.F.);
#3330=ORIENTED_EDGE('',*,*,#6100,.T.);
#3331=ORIENTED_EDGE('',*,*,#6099,.F.);
#3332=ORIENTED_EDGE('',*,*,#6092,.F.);
#3333=ORIENTED_EDGE('',*,*,#6098,.T.);
#3334=ORIENTED_EDGE('',*,*,#6032,.F.);
#3335=ORIENTED_EDGE('',*,*,#6101,.T.);
#3336=ORIENTED_EDGE('',*,*,#6102,.T.);
#3337=ORIENTED_EDGE('',*,*,#6103,.F.);
#3338=ORIENTED_EDGE('',*,*,#6104,.F.);
#3339=ORIENTED_EDGE('',*,*,#6105,.T.);
#3340=ORIENTED_EDGE('',*,*,#6106,.T.);
#3341=ORIENTED_EDGE('',*,*,#6107,.F.);
#3342=ORIENTED_EDGE('',*,*,#6108,.T.);
#3343=ORIENTED_EDGE('',*,*,#6104,.T.);
#3344=ORIENTED_EDGE('',*,*,#6109,.F.);
#3345=ORIENTED_EDGE('',*,*,#6110,.F.);
#3346=ORIENTED_EDGE('',*,*,#6111,.T.);
#3347=ORIENTED_EDGE('',*,*,#6112,.T.);
#3348=ORIENTED_EDGE('',*,*,#6113,.T.);
#3349=ORIENTED_EDGE('',*,*,#6114,.F.);
#3350=ORIENTED_EDGE('',*,*,#6115,.T.);
#3351=ORIENTED_EDGE('',*,*,#6116,.T.);
#3352=ORIENTED_EDGE('',*,*,#6117,.F.);
#3353=ORIENTED_EDGE('',*,*,#6102,.F.);
#3354=ORIENTED_EDGE('',*,*,#6118,.T.);
#3355=ORIENTED_EDGE('',*,*,#6119,.T.);
#3356=ORIENTED_EDGE('',*,*,#6118,.F.);
#3357=ORIENTED_EDGE('',*,*,#6101,.F.);
#3358=ORIENTED_EDGE('',*,*,#6108,.F.);
#3359=ORIENTED_EDGE('',*,*,#6103,.T.);
#3360=ORIENTED_EDGE('',*,*,#6117,.T.);
#3361=ORIENTED_EDGE('',*,*,#6120,.T.);
#3362=ORIENTED_EDGE('',*,*,#6109,.T.);
#3363=ORIENTED_EDGE('',*,*,#6121,.F.);
#3364=ORIENTED_EDGE('',*,*,#6122,.F.);
#3365=ORIENTED_EDGE('',*,*,#6123,.F.);
#3366=ORIENTED_EDGE('',*,*,#6124,.F.);
#3367=ORIENTED_EDGE('',*,*,#6125,.F.);
#3368=ORIENTED_EDGE('',*,*,#6126,.F.);
#3369=ORIENTED_EDGE('',*,*,#6127,.F.);
#3370=ORIENTED_EDGE('',*,*,#6128,.F.);
#3371=ORIENTED_EDGE('',*,*,#6129,.F.);
#3372=ORIENTED_EDGE('',*,*,#6130,.F.);
#3373=ORIENTED_EDGE('',*,*,#6131,.F.);
#3374=ORIENTED_EDGE('',*,*,#6132,.F.);
#3375=ORIENTED_EDGE('',*,*,#6133,.F.);
#3376=ORIENTED_EDGE('',*,*,#6134,.F.);
#3377=ORIENTED_EDGE('',*,*,#6135,.F.);
#3378=ORIENTED_EDGE('',*,*,#6136,.F.);
#3379=ORIENTED_EDGE('',*,*,#6137,.F.);
#3380=ORIENTED_EDGE('',*,*,#6138,.F.);
#3381=ORIENTED_EDGE('',*,*,#6139,.F.);
#3382=ORIENTED_EDGE('',*,*,#6140,.F.);
#3383=ORIENTED_EDGE('',*,*,#6141,.F.);
#3384=ORIENTED_EDGE('',*,*,#6142,.F.);
#3385=ORIENTED_EDGE('',*,*,#6143,.F.);
#3386=ORIENTED_EDGE('',*,*,#6144,.F.);
#3387=ORIENTED_EDGE('',*,*,#6145,.F.);
#3388=ORIENTED_EDGE('',*,*,#6146,.F.);
#3389=ORIENTED_EDGE('',*,*,#6147,.F.);
#3390=ORIENTED_EDGE('',*,*,#6148,.F.);
#3391=ORIENTED_EDGE('',*,*,#6149,.F.);
#3392=ORIENTED_EDGE('',*,*,#6150,.F.);
#3393=ORIENTED_EDGE('',*,*,#6151,.F.);
#3394=ORIENTED_EDGE('',*,*,#6152,.F.);
#3395=ORIENTED_EDGE('',*,*,#6153,.F.);
#3396=ORIENTED_EDGE('',*,*,#6115,.F.);
#3397=ORIENTED_EDGE('',*,*,#6154,.T.);
#3398=ORIENTED_EDGE('',*,*,#6111,.F.);
#3399=ORIENTED_EDGE('',*,*,#6114,.T.);
#3400=ORIENTED_EDGE('',*,*,#6155,.T.);
#3401=ORIENTED_EDGE('',*,*,#6105,.F.);
#3402=ORIENTED_EDGE('',*,*,#6154,.F.);
#3403=ORIENTED_EDGE('',*,*,#6106,.F.);
#3404=ORIENTED_EDGE('',*,*,#6155,.F.);
#3405=ORIENTED_EDGE('',*,*,#6113,.F.);
#3406=ORIENTED_EDGE('',*,*,#6156,.F.);
#3407=ORIENTED_EDGE('',*,*,#6157,.F.);
#3408=ORIENTED_EDGE('',*,*,#6158,.F.);
#3409=ORIENTED_EDGE('',*,*,#6159,.F.);
#3410=ORIENTED_EDGE('',*,*,#6160,.F.);
#3411=ORIENTED_EDGE('',*,*,#6161,.F.);
#3412=ORIENTED_EDGE('',*,*,#6162,.T.);
#3413=ORIENTED_EDGE('',*,*,#6163,.F.);
#3414=ORIENTED_EDGE('',*,*,#6164,.T.);
#3415=ORIENTED_EDGE('',*,*,#6165,.F.);
#3416=ORIENTED_EDGE('',*,*,#6166,.F.);
#3417=ORIENTED_EDGE('',*,*,#6167,.F.);
#3418=ORIENTED_EDGE('',*,*,#6168,.F.);
#3419=ORIENTED_EDGE('',*,*,#6169,.F.);
#3420=ORIENTED_EDGE('',*,*,#6170,.T.);
#3421=ORIENTED_EDGE('',*,*,#6171,.F.);
#3422=ORIENTED_EDGE('',*,*,#6172,.T.);
#3423=ORIENTED_EDGE('',*,*,#6173,.F.);
#3424=ORIENTED_EDGE('',*,*,#6174,.F.);
#3425=ORIENTED_EDGE('',*,*,#6175,.F.);
#3426=ORIENTED_EDGE('',*,*,#6176,.F.);
#3427=ORIENTED_EDGE('',*,*,#6177,.F.);
#3428=ORIENTED_EDGE('',*,*,#6178,.T.);
#3429=ORIENTED_EDGE('',*,*,#6179,.F.);
#3430=ORIENTED_EDGE('',*,*,#6180,.T.);
#3431=ORIENTED_EDGE('',*,*,#6181,.F.);
#3432=ORIENTED_EDGE('',*,*,#6182,.F.);
#3433=ORIENTED_EDGE('',*,*,#6183,.F.);
#3434=ORIENTED_EDGE('',*,*,#6184,.F.);
#3435=ORIENTED_EDGE('',*,*,#6185,.F.);
#3436=ORIENTED_EDGE('',*,*,#6186,.T.);
#3437=ORIENTED_EDGE('',*,*,#6187,.F.);
#3438=ORIENTED_EDGE('',*,*,#6188,.T.);
#3439=ORIENTED_EDGE('',*,*,#6189,.F.);
#3440=ORIENTED_EDGE('',*,*,#6190,.F.);
#3441=ORIENTED_EDGE('',*,*,#6191,.F.);
#3442=ORIENTED_EDGE('',*,*,#6192,.F.);
#3443=ORIENTED_EDGE('',*,*,#6193,.F.);
#3444=ORIENTED_EDGE('',*,*,#6194,.T.);
#3445=ORIENTED_EDGE('',*,*,#6195,.F.);
#3446=ORIENTED_EDGE('',*,*,#6196,.T.);
#3447=ORIENTED_EDGE('',*,*,#6197,.F.);
#3448=ORIENTED_EDGE('',*,*,#6198,.F.);
#3449=ORIENTED_EDGE('',*,*,#6199,.F.);
#3450=ORIENTED_EDGE('',*,*,#6200,.F.);
#3451=ORIENTED_EDGE('',*,*,#6201,.F.);
#3452=ORIENTED_EDGE('',*,*,#6202,.T.);
#3453=ORIENTED_EDGE('',*,*,#6203,.F.);
#3454=ORIENTED_EDGE('',*,*,#6204,.T.);
#3455=ORIENTED_EDGE('',*,*,#6205,.F.);
#3456=ORIENTED_EDGE('',*,*,#6206,.F.);
#3457=ORIENTED_EDGE('',*,*,#6207,.F.);
#3458=ORIENTED_EDGE('',*,*,#6208,.F.);
#3459=ORIENTED_EDGE('',*,*,#6209,.F.);
#3460=ORIENTED_EDGE('',*,*,#6210,.T.);
#3461=ORIENTED_EDGE('',*,*,#6211,.F.);
#3462=ORIENTED_EDGE('',*,*,#6212,.T.);
#3463=ORIENTED_EDGE('',*,*,#6213,.F.);
#3464=ORIENTED_EDGE('',*,*,#6214,.F.);
#3465=ORIENTED_EDGE('',*,*,#6215,.F.);
#3466=ORIENTED_EDGE('',*,*,#6216,.F.);
#3467=ORIENTED_EDGE('',*,*,#6217,.F.);
#3468=ORIENTED_EDGE('',*,*,#6218,.T.);
#3469=ORIENTED_EDGE('',*,*,#6219,.F.);
#3470=ORIENTED_EDGE('',*,*,#6220,.T.);
#3471=ORIENTED_EDGE('',*,*,#6107,.T.);
#3472=ORIENTED_EDGE('',*,*,#6156,.T.);
#3473=ORIENTED_EDGE('',*,*,#6112,.F.);
#3474=ORIENTED_EDGE('',*,*,#6119,.F.);
#3475=ORIENTED_EDGE('',*,*,#6153,.T.);
#3476=ORIENTED_EDGE('',*,*,#6110,.T.);
#3477=ORIENTED_EDGE('',*,*,#6120,.F.);
#3478=ORIENTED_EDGE('',*,*,#6116,.F.);
#3479=ORIENTED_EDGE('',*,*,#6221,.F.);
#3480=ORIENTED_EDGE('',*,*,#6121,.T.);
#3481=ORIENTED_EDGE('',*,*,#6222,.T.);
#3482=ORIENTED_EDGE('',*,*,#6223,.F.);
#3483=ORIENTED_EDGE('',*,*,#6222,.F.);
#3484=ORIENTED_EDGE('',*,*,#6124,.T.);
#3485=ORIENTED_EDGE('',*,*,#6224,.T.);
#3486=ORIENTED_EDGE('',*,*,#6225,.F.);
#3487=ORIENTED_EDGE('',*,*,#6224,.F.);
#3488=ORIENTED_EDGE('',*,*,#6123,.T.);
#3489=ORIENTED_EDGE('',*,*,#6226,.T.);
#3490=ORIENTED_EDGE('',*,*,#6227,.F.);
#3491=ORIENTED_EDGE('',*,*,#6226,.F.);
#3492=ORIENTED_EDGE('',*,*,#6122,.T.);
#3493=ORIENTED_EDGE('',*,*,#6221,.T.);
#3494=ORIENTED_EDGE('',*,*,#6228,.F.);
#3495=ORIENTED_EDGE('',*,*,#6229,.F.);
#3496=ORIENTED_EDGE('',*,*,#6125,.T.);
#3497=ORIENTED_EDGE('',*,*,#6230,.T.);
#3498=ORIENTED_EDGE('',*,*,#6231,.F.);
#3499=ORIENTED_EDGE('',*,*,#6230,.F.);
#3500=ORIENTED_EDGE('',*,*,#6128,.T.);
#3501=ORIENTED_EDGE('',*,*,#6232,.T.);
#3502=ORIENTED_EDGE('',*,*,#6233,.F.);
#3503=ORIENTED_EDGE('',*,*,#6232,.F.);
#3504=ORIENTED_EDGE('',*,*,#6127,.T.);
#3505=ORIENTED_EDGE('',*,*,#6234,.T.);
#3506=ORIENTED_EDGE('',*,*,#6235,.F.);
#3507=ORIENTED_EDGE('',*,*,#6234,.F.);
#3508=ORIENTED_EDGE('',*,*,#6126,.T.);
#3509=ORIENTED_EDGE('',*,*,#6229,.T.);
#3510=ORIENTED_EDGE('',*,*,#6236,.F.);
#3511=ORIENTED_EDGE('',*,*,#6237,.F.);
#3512=ORIENTED_EDGE('',*,*,#6129,.T.);
#3513=ORIENTED_EDGE('',*,*,#6238,.T.);
#3514=ORIENTED_EDGE('',*,*,#6239,.F.);
#3515=ORIENTED_EDGE('',*,*,#6238,.F.);
#3516=ORIENTED_EDGE('',*,*,#6132,.T.);
#3517=ORIENTED_EDGE('',*,*,#6240,.T.);
#3518=ORIENTED_EDGE('',*,*,#6241,.F.);
#3519=ORIENTED_EDGE('',*,*,#6240,.F.);
#3520=ORIENTED_EDGE('',*,*,#6131,.T.);
#3521=ORIENTED_EDGE('',*,*,#6242,.T.);
#3522=ORIENTED_EDGE('',*,*,#6243,.F.);
#3523=ORIENTED_EDGE('',*,*,#6242,.F.);
#3524=ORIENTED_EDGE('',*,*,#6130,.T.);
#3525=ORIENTED_EDGE('',*,*,#6237,.T.);
#3526=ORIENTED_EDGE('',*,*,#6244,.F.);
#3527=ORIENTED_EDGE('',*,*,#6245,.F.);
#3528=ORIENTED_EDGE('',*,*,#6133,.T.);
#3529=ORIENTED_EDGE('',*,*,#6246,.T.);
#3530=ORIENTED_EDGE('',*,*,#6247,.F.);
#3531=ORIENTED_EDGE('',*,*,#6246,.F.);
#3532=ORIENTED_EDGE('',*,*,#6136,.T.);
#3533=ORIENTED_EDGE('',*,*,#6248,.T.);
#3534=ORIENTED_EDGE('',*,*,#6249,.F.);
#3535=ORIENTED_EDGE('',*,*,#6248,.F.);
#3536=ORIENTED_EDGE('',*,*,#6135,.T.);
#3537=ORIENTED_EDGE('',*,*,#6250,.T.);
#3538=ORIENTED_EDGE('',*,*,#6251,.F.);
#3539=ORIENTED_EDGE('',*,*,#6250,.F.);
#3540=ORIENTED_EDGE('',*,*,#6134,.T.);
#3541=ORIENTED_EDGE('',*,*,#6245,.T.);
#3542=ORIENTED_EDGE('',*,*,#6252,.F.);
#3543=ORIENTED_EDGE('',*,*,#6253,.F.);
#3544=ORIENTED_EDGE('',*,*,#6137,.T.);
#3545=ORIENTED_EDGE('',*,*,#6254,.T.);
#3546=ORIENTED_EDGE('',*,*,#6255,.F.);
#3547=ORIENTED_EDGE('',*,*,#6254,.F.);
#3548=ORIENTED_EDGE('',*,*,#6140,.T.);
#3549=ORIENTED_EDGE('',*,*,#6256,.T.);
#3550=ORIENTED_EDGE('',*,*,#6257,.F.);
#3551=ORIENTED_EDGE('',*,*,#6256,.F.);
#3552=ORIENTED_EDGE('',*,*,#6139,.T.);
#3553=ORIENTED_EDGE('',*,*,#6258,.T.);
#3554=ORIENTED_EDGE('',*,*,#6259,.F.);
#3555=ORIENTED_EDGE('',*,*,#6258,.F.);
#3556=ORIENTED_EDGE('',*,*,#6138,.T.);
#3557=ORIENTED_EDGE('',*,*,#6253,.T.);
#3558=ORIENTED_EDGE('',*,*,#6260,.F.);
#3559=ORIENTED_EDGE('',*,*,#6261,.F.);
#3560=ORIENTED_EDGE('',*,*,#6141,.T.);
#3561=ORIENTED_EDGE('',*,*,#6262,.T.);
#3562=ORIENTED_EDGE('',*,*,#6263,.F.);
#3563=ORIENTED_EDGE('',*,*,#6262,.F.);
#3564=ORIENTED_EDGE('',*,*,#6144,.T.);
#3565=ORIENTED_EDGE('',*,*,#6264,.T.);
#3566=ORIENTED_EDGE('',*,*,#6265,.F.);
#3567=ORIENTED_EDGE('',*,*,#6264,.F.);
#3568=ORIENTED_EDGE('',*,*,#6143,.T.);
#3569=ORIENTED_EDGE('',*,*,#6266,.T.);
#3570=ORIENTED_EDGE('',*,*,#6267,.F.);
#3571=ORIENTED_EDGE('',*,*,#6266,.F.);
#3572=ORIENTED_EDGE('',*,*,#6142,.T.);
#3573=ORIENTED_EDGE('',*,*,#6261,.T.);
#3574=ORIENTED_EDGE('',*,*,#6268,.F.);
#3575=ORIENTED_EDGE('',*,*,#6269,.F.);
#3576=ORIENTED_EDGE('',*,*,#6145,.T.);
#3577=ORIENTED_EDGE('',*,*,#6270,.T.);
#3578=ORIENTED_EDGE('',*,*,#6271,.F.);
#3579=ORIENTED_EDGE('',*,*,#6270,.F.);
#3580=ORIENTED_EDGE('',*,*,#6148,.T.);
#3581=ORIENTED_EDGE('',*,*,#6272,.T.);
#3582=ORIENTED_EDGE('',*,*,#6273,.F.);
#3583=ORIENTED_EDGE('',*,*,#6272,.F.);
#3584=ORIENTED_EDGE('',*,*,#6147,.T.);
#3585=ORIENTED_EDGE('',*,*,#6274,.T.);
#3586=ORIENTED_EDGE('',*,*,#6275,.F.);
#3587=ORIENTED_EDGE('',*,*,#6274,.F.);
#3588=ORIENTED_EDGE('',*,*,#6146,.T.);
#3589=ORIENTED_EDGE('',*,*,#6269,.T.);
#3590=ORIENTED_EDGE('',*,*,#6276,.F.);
#3591=ORIENTED_EDGE('',*,*,#6277,.F.);
#3592=ORIENTED_EDGE('',*,*,#6149,.T.);
#3593=ORIENTED_EDGE('',*,*,#6278,.T.);
#3594=ORIENTED_EDGE('',*,*,#6279,.F.);
#3595=ORIENTED_EDGE('',*,*,#6278,.F.);
#3596=ORIENTED_EDGE('',*,*,#6152,.T.);
#3597=ORIENTED_EDGE('',*,*,#6280,.T.);
#3598=ORIENTED_EDGE('',*,*,#6281,.F.);
#3599=ORIENTED_EDGE('',*,*,#6280,.F.);
#3600=ORIENTED_EDGE('',*,*,#6151,.T.);
#3601=ORIENTED_EDGE('',*,*,#6282,.T.);
#3602=ORIENTED_EDGE('',*,*,#6283,.F.);
#3603=ORIENTED_EDGE('',*,*,#6282,.F.);
#3604=ORIENTED_EDGE('',*,*,#6150,.T.);
#3605=ORIENTED_EDGE('',*,*,#6277,.T.);
#3606=ORIENTED_EDGE('',*,*,#6284,.F.);
#3607=ORIENTED_EDGE('',*,*,#6164,.F.);
#3608=ORIENTED_EDGE('',*,*,#6163,.T.);
#3609=ORIENTED_EDGE('',*,*,#6285,.T.);
#3610=ORIENTED_EDGE('',*,*,#6157,.T.);
#3611=ORIENTED_EDGE('',*,*,#6286,.F.);
#3612=ORIENTED_EDGE('',*,*,#6287,.F.);
#3613=ORIENTED_EDGE('',*,*,#6288,.F.);
#3614=ORIENTED_EDGE('',*,*,#6289,.F.);
#3615=ORIENTED_EDGE('',*,*,#6158,.T.);
#3616=ORIENTED_EDGE('',*,*,#6290,.F.);
#3617=ORIENTED_EDGE('',*,*,#6291,.F.);
#3618=ORIENTED_EDGE('',*,*,#6161,.T.);
#3619=ORIENTED_EDGE('',*,*,#6160,.T.);
#3620=ORIENTED_EDGE('',*,*,#6159,.T.);
#3621=ORIENTED_EDGE('',*,*,#6292,.T.);
#3622=ORIENTED_EDGE('',*,*,#6162,.F.);
#3623=ORIENTED_EDGE('',*,*,#6293,.T.);
#3624=ORIENTED_EDGE('',*,*,#6294,.T.);
#3625=ORIENTED_EDGE('',*,*,#6295,.F.);
#3626=ORIENTED_EDGE('',*,*,#6296,.T.);
#3627=ORIENTED_EDGE('',*,*,#6172,.F.);
#3628=ORIENTED_EDGE('',*,*,#6171,.T.);
#3629=ORIENTED_EDGE('',*,*,#6297,.T.);
#3630=ORIENTED_EDGE('',*,*,#6165,.T.);
#3631=ORIENTED_EDGE('',*,*,#6298,.F.);
#3632=ORIENTED_EDGE('',*,*,#6299,.F.);
#3633=ORIENTED_EDGE('',*,*,#6300,.F.);
#3634=ORIENTED_EDGE('',*,*,#6301,.F.);
#3635=ORIENTED_EDGE('',*,*,#6166,.T.);
#3636=ORIENTED_EDGE('',*,*,#6302,.F.);
#3637=ORIENTED_EDGE('',*,*,#6303,.F.);
#3638=ORIENTED_EDGE('',*,*,#6169,.T.);
#3639=ORIENTED_EDGE('',*,*,#6168,.T.);
#3640=ORIENTED_EDGE('',*,*,#6167,.T.);
#3641=ORIENTED_EDGE('',*,*,#6304,.T.);
#3642=ORIENTED_EDGE('',*,*,#6170,.F.);
#3643=ORIENTED_EDGE('',*,*,#6305,.T.);
#3644=ORIENTED_EDGE('',*,*,#6306,.T.);
#3645=ORIENTED_EDGE('',*,*,#6307,.F.);
#3646=ORIENTED_EDGE('',*,*,#6308,.T.);
#3647=ORIENTED_EDGE('',*,*,#6180,.F.);
#3648=ORIENTED_EDGE('',*,*,#6179,.T.);
#3649=ORIENTED_EDGE('',*,*,#6309,.T.);
#3650=ORIENTED_EDGE('',*,*,#6173,.T.);
#3651=ORIENTED_EDGE('',*,*,#6310,.F.);
#3652=ORIENTED_EDGE('',*,*,#6311,.F.);
#3653=ORIENTED_EDGE('',*,*,#6312,.F.);
#3654=ORIENTED_EDGE('',*,*,#6313,.F.);
#3655=ORIENTED_EDGE('',*,*,#6174,.T.);
#3656=ORIENTED_EDGE('',*,*,#6314,.F.);
#3657=ORIENTED_EDGE('',*,*,#6315,.F.);
#3658=ORIENTED_EDGE('',*,*,#6177,.T.);
#3659=ORIENTED_EDGE('',*,*,#6176,.T.);
#3660=ORIENTED_EDGE('',*,*,#6175,.T.);
#3661=ORIENTED_EDGE('',*,*,#6316,.T.);
#3662=ORIENTED_EDGE('',*,*,#6178,.F.);
#3663=ORIENTED_EDGE('',*,*,#6317,.T.);
#3664=ORIENTED_EDGE('',*,*,#6318,.T.);
#3665=ORIENTED_EDGE('',*,*,#6319,.F.);
#3666=ORIENTED_EDGE('',*,*,#6320,.T.);
#3667=ORIENTED_EDGE('',*,*,#6188,.F.);
#3668=ORIENTED_EDGE('',*,*,#6187,.T.);
#3669=ORIENTED_EDGE('',*,*,#6321,.T.);
#3670=ORIENTED_EDGE('',*,*,#6181,.T.);
#3671=ORIENTED_EDGE('',*,*,#6322,.F.);
#3672=ORIENTED_EDGE('',*,*,#6323,.F.);
#3673=ORIENTED_EDGE('',*,*,#6324,.F.);
#3674=ORIENTED_EDGE('',*,*,#6325,.F.);
#3675=ORIENTED_EDGE('',*,*,#6182,.T.);
#3676=ORIENTED_EDGE('',*,*,#6326,.F.);
#3677=ORIENTED_EDGE('',*,*,#6327,.F.);
#3678=ORIENTED_EDGE('',*,*,#6185,.T.);
#3679=ORIENTED_EDGE('',*,*,#6184,.T.);
#3680=ORIENTED_EDGE('',*,*,#6183,.T.);
#3681=ORIENTED_EDGE('',*,*,#6328,.T.);
#3682=ORIENTED_EDGE('',*,*,#6186,.F.);
#3683=ORIENTED_EDGE('',*,*,#6329,.T.);
#3684=ORIENTED_EDGE('',*,*,#6330,.T.);
#3685=ORIENTED_EDGE('',*,*,#6331,.F.);
#3686=ORIENTED_EDGE('',*,*,#6332,.T.);
#3687=ORIENTED_EDGE('',*,*,#6196,.F.);
#3688=ORIENTED_EDGE('',*,*,#6195,.T.);
#3689=ORIENTED_EDGE('',*,*,#6333,.T.);
#3690=ORIENTED_EDGE('',*,*,#6189,.T.);
#3691=ORIENTED_EDGE('',*,*,#6334,.F.);
#3692=ORIENTED_EDGE('',*,*,#6335,.F.);
#3693=ORIENTED_EDGE('',*,*,#6336,.F.);
#3694=ORIENTED_EDGE('',*,*,#6337,.F.);
#3695=ORIENTED_EDGE('',*,*,#6190,.T.);
#3696=ORIENTED_EDGE('',*,*,#6338,.F.);
#3697=ORIENTED_EDGE('',*,*,#6339,.F.);
#3698=ORIENTED_EDGE('',*,*,#6193,.T.);
#3699=ORIENTED_EDGE('',*,*,#6192,.T.);
#3700=ORIENTED_EDGE('',*,*,#6191,.T.);
#3701=ORIENTED_EDGE('',*,*,#6340,.T.);
#3702=ORIENTED_EDGE('',*,*,#6194,.F.);
#3703=ORIENTED_EDGE('',*,*,#6341,.T.);
#3704=ORIENTED_EDGE('',*,*,#6342,.T.);
#3705=ORIENTED_EDGE('',*,*,#6343,.F.);
#3706=ORIENTED_EDGE('',*,*,#6344,.T.);
#3707=ORIENTED_EDGE('',*,*,#6204,.F.);
#3708=ORIENTED_EDGE('',*,*,#6203,.T.);
#3709=ORIENTED_EDGE('',*,*,#6345,.T.);
#3710=ORIENTED_EDGE('',*,*,#6197,.T.);
#3711=ORIENTED_EDGE('',*,*,#6346,.F.);
#3712=ORIENTED_EDGE('',*,*,#6347,.F.);
#3713=ORIENTED_EDGE('',*,*,#6348,.F.);
#3714=ORIENTED_EDGE('',*,*,#6349,.F.);
#3715=ORIENTED_EDGE('',*,*,#6198,.T.);
#3716=ORIENTED_EDGE('',*,*,#6350,.F.);
#3717=ORIENTED_EDGE('',*,*,#6351,.F.);
#3718=ORIENTED_EDGE('',*,*,#6201,.T.);
#3719=ORIENTED_EDGE('',*,*,#6200,.T.);
#3720=ORIENTED_EDGE('',*,*,#6199,.T.);
#3721=ORIENTED_EDGE('',*,*,#6352,.T.);
#3722=ORIENTED_EDGE('',*,*,#6202,.F.);
#3723=ORIENTED_EDGE('',*,*,#6353,.T.);
#3724=ORIENTED_EDGE('',*,*,#6354,.T.);
#3725=ORIENTED_EDGE('',*,*,#6355,.F.);
#3726=ORIENTED_EDGE('',*,*,#6356,.T.);
#3727=ORIENTED_EDGE('',*,*,#6212,.F.);
#3728=ORIENTED_EDGE('',*,*,#6211,.T.);
#3729=ORIENTED_EDGE('',*,*,#6357,.T.);
#3730=ORIENTED_EDGE('',*,*,#6205,.T.);
#3731=ORIENTED_EDGE('',*,*,#6358,.F.);
#3732=ORIENTED_EDGE('',*,*,#6359,.F.);
#3733=ORIENTED_EDGE('',*,*,#6360,.F.);
#3734=ORIENTED_EDGE('',*,*,#6361,.F.);
#3735=ORIENTED_EDGE('',*,*,#6206,.T.);
#3736=ORIENTED_EDGE('',*,*,#6362,.F.);
#3737=ORIENTED_EDGE('',*,*,#6363,.F.);
#3738=ORIENTED_EDGE('',*,*,#6209,.T.);
#3739=ORIENTED_EDGE('',*,*,#6208,.T.);
#3740=ORIENTED_EDGE('',*,*,#6207,.T.);
#3741=ORIENTED_EDGE('',*,*,#6364,.T.);
#3742=ORIENTED_EDGE('',*,*,#6210,.F.);
#3743=ORIENTED_EDGE('',*,*,#6365,.T.);
#3744=ORIENTED_EDGE('',*,*,#6366,.T.);
#3745=ORIENTED_EDGE('',*,*,#6367,.F.);
#3746=ORIENTED_EDGE('',*,*,#6368,.T.);
#3747=ORIENTED_EDGE('',*,*,#6220,.F.);
#3748=ORIENTED_EDGE('',*,*,#6219,.T.);
#3749=ORIENTED_EDGE('',*,*,#6369,.T.);
#3750=ORIENTED_EDGE('',*,*,#6213,.T.);
#3751=ORIENTED_EDGE('',*,*,#6370,.F.);
#3752=ORIENTED_EDGE('',*,*,#6371,.F.);
#3753=ORIENTED_EDGE('',*,*,#6372,.F.);
#3754=ORIENTED_EDGE('',*,*,#6373,.F.);
#3755=ORIENTED_EDGE('',*,*,#6214,.T.);
#3756=ORIENTED_EDGE('',*,*,#6374,.F.);
#3757=ORIENTED_EDGE('',*,*,#6375,.F.);
#3758=ORIENTED_EDGE('',*,*,#6217,.T.);
#3759=ORIENTED_EDGE('',*,*,#6216,.T.);
#3760=ORIENTED_EDGE('',*,*,#6215,.T.);
#3761=ORIENTED_EDGE('',*,*,#6376,.T.);
#3762=ORIENTED_EDGE('',*,*,#6218,.F.);
#3763=ORIENTED_EDGE('',*,*,#6377,.T.);
#3764=ORIENTED_EDGE('',*,*,#6378,.T.);
#3765=ORIENTED_EDGE('',*,*,#6379,.F.);
#3766=ORIENTED_EDGE('',*,*,#6380,.T.);
#3767=ORIENTED_EDGE('',*,*,#6223,.T.);
#3768=ORIENTED_EDGE('',*,*,#6381,.T.);
#3769=ORIENTED_EDGE('',*,*,#6382,.F.);
#3770=ORIENTED_EDGE('',*,*,#6383,.F.);
#3771=ORIENTED_EDGE('',*,*,#6384,.T.);
#3772=ORIENTED_EDGE('',*,*,#6385,.F.);
#3773=ORIENTED_EDGE('',*,*,#6386,.T.);
#3774=ORIENTED_EDGE('',*,*,#6387,.T.);
#3775=ORIENTED_EDGE('',*,*,#6388,.F.);
#3776=ORIENTED_EDGE('',*,*,#6389,.F.);
#3777=ORIENTED_EDGE('',*,*,#6381,.F.);
#3778=ORIENTED_EDGE('',*,*,#6225,.T.);
#3779=ORIENTED_EDGE('',*,*,#6227,.T.);
#3780=ORIENTED_EDGE('',*,*,#6390,.T.);
#3781=ORIENTED_EDGE('',*,*,#6391,.F.);
#3782=ORIENTED_EDGE('',*,*,#6384,.F.);
#3783=ORIENTED_EDGE('',*,*,#6383,.T.);
#3784=ORIENTED_EDGE('',*,*,#6392,.F.);
#3785=ORIENTED_EDGE('',*,*,#6393,.F.);
#3786=ORIENTED_EDGE('',*,*,#6394,.F.);
#3787=ORIENTED_EDGE('',*,*,#6395,.T.);
#3788=ORIENTED_EDGE('',*,*,#6396,.F.);
#3789=ORIENTED_EDGE('',*,*,#6390,.F.);
#3790=ORIENTED_EDGE('',*,*,#6228,.T.);
#3791=ORIENTED_EDGE('',*,*,#6231,.T.);
#3792=ORIENTED_EDGE('',*,*,#6397,.T.);
#3793=ORIENTED_EDGE('',*,*,#6398,.F.);
#3794=ORIENTED_EDGE('',*,*,#6399,.F.);
#3795=ORIENTED_EDGE('',*,*,#6400,.T.);
#3796=ORIENTED_EDGE('',*,*,#6401,.F.);
#3797=ORIENTED_EDGE('',*,*,#6402,.T.);
#3798=ORIENTED_EDGE('',*,*,#6403,.T.);
#3799=ORIENTED_EDGE('',*,*,#6404,.F.);
#3800=ORIENTED_EDGE('',*,*,#6405,.F.);
#3801=ORIENTED_EDGE('',*,*,#6397,.F.);
#3802=ORIENTED_EDGE('',*,*,#6233,.T.);
#3803=ORIENTED_EDGE('',*,*,#6235,.T.);
#3804=ORIENTED_EDGE('',*,*,#6406,.T.);
#3805=ORIENTED_EDGE('',*,*,#6407,.F.);
#3806=ORIENTED_EDGE('',*,*,#6400,.F.);
#3807=ORIENTED_EDGE('',*,*,#6399,.T.);
#3808=ORIENTED_EDGE('',*,*,#6408,.F.);
#3809=ORIENTED_EDGE('',*,*,#6409,.F.);
#3810=ORIENTED_EDGE('',*,*,#6410,.F.);
#3811=ORIENTED_EDGE('',*,*,#6411,.T.);
#3812=ORIENTED_EDGE('',*,*,#6412,.F.);
#3813=ORIENTED_EDGE('',*,*,#6406,.F.);
#3814=ORIENTED_EDGE('',*,*,#6236,.T.);
#3815=ORIENTED_EDGE('',*,*,#6239,.T.);
#3816=ORIENTED_EDGE('',*,*,#6413,.T.);
#3817=ORIENTED_EDGE('',*,*,#6414,.F.);
#3818=ORIENTED_EDGE('',*,*,#6415,.F.);
#3819=ORIENTED_EDGE('',*,*,#6416,.T.);
#3820=ORIENTED_EDGE('',*,*,#6417,.F.);
#3821=ORIENTED_EDGE('',*,*,#6418,.T.);
#3822=ORIENTED_EDGE('',*,*,#6419,.T.);
#3823=ORIENTED_EDGE('',*,*,#6420,.F.);
#3824=ORIENTED_EDGE('',*,*,#6421,.F.);
#3825=ORIENTED_EDGE('',*,*,#6413,.F.);
#3826=ORIENTED_EDGE('',*,*,#6241,.T.);
#3827=ORIENTED_EDGE('',*,*,#6243,.T.);
#3828=ORIENTED_EDGE('',*,*,#6422,.T.);
#3829=ORIENTED_EDGE('',*,*,#6423,.F.);
#3830=ORIENTED_EDGE('',*,*,#6416,.F.);
#3831=ORIENTED_EDGE('',*,*,#6415,.T.);
#3832=ORIENTED_EDGE('',*,*,#6424,.F.);
#3833=ORIENTED_EDGE('',*,*,#6425,.F.);
#3834=ORIENTED_EDGE('',*,*,#6426,.F.);
#3835=ORIENTED_EDGE('',*,*,#6427,.T.);
#3836=ORIENTED_EDGE('',*,*,#6428,.F.);
#3837=ORIENTED_EDGE('',*,*,#6422,.F.);
#3838=ORIENTED_EDGE('',*,*,#6244,.T.);
#3839=ORIENTED_EDGE('',*,*,#6247,.T.);
#3840=ORIENTED_EDGE('',*,*,#6429,.T.);
#3841=ORIENTED_EDGE('',*,*,#6430,.F.);
#3842=ORIENTED_EDGE('',*,*,#6431,.F.);
#3843=ORIENTED_EDGE('',*,*,#6432,.T.);
#3844=ORIENTED_EDGE('',*,*,#6433,.F.);
#3845=ORIENTED_EDGE('',*,*,#6434,.T.);
#3846=ORIENTED_EDGE('',*,*,#6435,.T.);
#3847=ORIENTED_EDGE('',*,*,#6436,.F.);
#3848=ORIENTED_EDGE('',*,*,#6437,.F.);
#3849=ORIENTED_EDGE('',*,*,#6429,.F.);
#3850=ORIENTED_EDGE('',*,*,#6249,.T.);
#3851=ORIENTED_EDGE('',*,*,#6251,.T.);
#3852=ORIENTED_EDGE('',*,*,#6438,.T.);
#3853=ORIENTED_EDGE('',*,*,#6439,.F.);
#3854=ORIENTED_EDGE('',*,*,#6432,.F.);
#3855=ORIENTED_EDGE('',*,*,#6431,.T.);
#3856=ORIENTED_EDGE('',*,*,#6440,.F.);
#3857=ORIENTED_EDGE('',*,*,#6441,.F.);
#3858=ORIENTED_EDGE('',*,*,#6442,.F.);
#3859=ORIENTED_EDGE('',*,*,#6443,.T.);
#3860=ORIENTED_EDGE('',*,*,#6444,.F.);
#3861=ORIENTED_EDGE('',*,*,#6438,.F.);
#3862=ORIENTED_EDGE('',*,*,#6252,.T.);
#3863=ORIENTED_EDGE('',*,*,#6255,.T.);
#3864=ORIENTED_EDGE('',*,*,#6445,.T.);
#3865=ORIENTED_EDGE('',*,*,#6446,.F.);
#3866=ORIENTED_EDGE('',*,*,#6447,.F.);
#3867=ORIENTED_EDGE('',*,*,#6448,.T.);
#3868=ORIENTED_EDGE('',*,*,#6449,.F.);
#3869=ORIENTED_EDGE('',*,*,#6450,.T.);
#3870=ORIENTED_EDGE('',*,*,#6451,.T.);
#3871=ORIENTED_EDGE('',*,*,#6452,.F.);
#3872=ORIENTED_EDGE('',*,*,#6453,.F.);
#3873=ORIENTED_EDGE('',*,*,#6445,.F.);
#3874=ORIENTED_EDGE('',*,*,#6257,.T.);
#3875=ORIENTED_EDGE('',*,*,#6259,.T.);
#3876=ORIENTED_EDGE('',*,*,#6454,.T.);
#3877=ORIENTED_EDGE('',*,*,#6455,.F.);
#3878=ORIENTED_EDGE('',*,*,#6448,.F.);
#3879=ORIENTED_EDGE('',*,*,#6447,.T.);
#3880=ORIENTED_EDGE('',*,*,#6456,.F.);
#3881=ORIENTED_EDGE('',*,*,#6457,.F.);
#3882=ORIENTED_EDGE('',*,*,#6458,.F.);
#3883=ORIENTED_EDGE('',*,*,#6459,.T.);
#3884=ORIENTED_EDGE('',*,*,#6460,.F.);
#3885=ORIENTED_EDGE('',*,*,#6454,.F.);
#3886=ORIENTED_EDGE('',*,*,#6260,.T.);
#3887=ORIENTED_EDGE('',*,*,#6263,.T.);
#3888=ORIENTED_EDGE('',*,*,#6461,.T.);
#3889=ORIENTED_EDGE('',*,*,#6462,.F.);
#3890=ORIENTED_EDGE('',*,*,#6463,.F.);
#3891=ORIENTED_EDGE('',*,*,#6464,.T.);
#3892=ORIENTED_EDGE('',*,*,#6465,.F.);
#3893=ORIENTED_EDGE('',*,*,#6466,.T.);
#3894=ORIENTED_EDGE('',*,*,#6467,.T.);
#3895=ORIENTED_EDGE('',*,*,#6468,.F.);
#3896=ORIENTED_EDGE('',*,*,#6469,.F.);
#3897=ORIENTED_EDGE('',*,*,#6461,.F.);
#3898=ORIENTED_EDGE('',*,*,#6265,.T.);
#3899=ORIENTED_EDGE('',*,*,#6267,.T.);
#3900=ORIENTED_EDGE('',*,*,#6470,.T.);
#3901=ORIENTED_EDGE('',*,*,#6471,.F.);
#3902=ORIENTED_EDGE('',*,*,#6464,.F.);
#3903=ORIENTED_EDGE('',*,*,#6463,.T.);
#3904=ORIENTED_EDGE('',*,*,#6472,.F.);
#3905=ORIENTED_EDGE('',*,*,#6473,.F.);
#3906=ORIENTED_EDGE('',*,*,#6474,.F.);
#3907=ORIENTED_EDGE('',*,*,#6475,.T.);
#3908=ORIENTED_EDGE('',*,*,#6476,.F.);
#3909=ORIENTED_EDGE('',*,*,#6470,.F.);
#3910=ORIENTED_EDGE('',*,*,#6268,.T.);
#3911=ORIENTED_EDGE('',*,*,#6271,.T.);
#3912=ORIENTED_EDGE('',*,*,#6477,.T.);
#3913=ORIENTED_EDGE('',*,*,#6478,.F.);
#3914=ORIENTED_EDGE('',*,*,#6479,.F.);
#3915=ORIENTED_EDGE('',*,*,#6480,.T.);
#3916=ORIENTED_EDGE('',*,*,#6481,.F.);
#3917=ORIENTED_EDGE('',*,*,#6482,.T.);
#3918=ORIENTED_EDGE('',*,*,#6483,.T.);
#3919=ORIENTED_EDGE('',*,*,#6484,.F.);
#3920=ORIENTED_EDGE('',*,*,#6485,.F.);
#3921=ORIENTED_EDGE('',*,*,#6477,.F.);
#3922=ORIENTED_EDGE('',*,*,#6273,.T.);
#3923=ORIENTED_EDGE('',*,*,#6275,.T.);
#3924=ORIENTED_EDGE('',*,*,#6486,.T.);
#3925=ORIENTED_EDGE('',*,*,#6487,.F.);
#3926=ORIENTED_EDGE('',*,*,#6480,.F.);
#3927=ORIENTED_EDGE('',*,*,#6479,.T.);
#3928=ORIENTED_EDGE('',*,*,#6488,.F.);
#3929=ORIENTED_EDGE('',*,*,#6489,.F.);
#3930=ORIENTED_EDGE('',*,*,#6490,.F.);
#3931=ORIENTED_EDGE('',*,*,#6491,.T.);
#3932=ORIENTED_EDGE('',*,*,#6492,.F.);
#3933=ORIENTED_EDGE('',*,*,#6486,.F.);
#3934=ORIENTED_EDGE('',*,*,#6276,.T.);
#3935=ORIENTED_EDGE('',*,*,#6279,.T.);
#3936=ORIENTED_EDGE('',*,*,#6493,.T.);
#3937=ORIENTED_EDGE('',*,*,#6494,.F.);
#3938=ORIENTED_EDGE('',*,*,#6495,.F.);
#3939=ORIENTED_EDGE('',*,*,#6496,.T.);
#3940=ORIENTED_EDGE('',*,*,#6497,.F.);
#3941=ORIENTED_EDGE('',*,*,#6498,.T.);
#3942=ORIENTED_EDGE('',*,*,#6499,.T.);
#3943=ORIENTED_EDGE('',*,*,#6500,.F.);
#3944=ORIENTED_EDGE('',*,*,#6501,.F.);
#3945=ORIENTED_EDGE('',*,*,#6493,.F.);
#3946=ORIENTED_EDGE('',*,*,#6281,.T.);
#3947=ORIENTED_EDGE('',*,*,#6283,.T.);
#3948=ORIENTED_EDGE('',*,*,#6502,.T.);
#3949=ORIENTED_EDGE('',*,*,#6503,.F.);
#3950=ORIENTED_EDGE('',*,*,#6496,.F.);
#3951=ORIENTED_EDGE('',*,*,#6495,.T.);
#3952=ORIENTED_EDGE('',*,*,#6504,.F.);
#3953=ORIENTED_EDGE('',*,*,#6505,.F.);
#3954=ORIENTED_EDGE('',*,*,#6506,.F.);
#3955=ORIENTED_EDGE('',*,*,#6507,.T.);
#3956=ORIENTED_EDGE('',*,*,#6508,.F.);
#3957=ORIENTED_EDGE('',*,*,#6502,.F.);
#3958=ORIENTED_EDGE('',*,*,#6284,.T.);
#3959=ORIENTED_EDGE('',*,*,#6509,.T.);
#3960=ORIENTED_EDGE('',*,*,#6290,.T.);
#3961=ORIENTED_EDGE('',*,*,#6285,.F.);
#3962=ORIENTED_EDGE('',*,*,#6292,.F.);
#3963=ORIENTED_EDGE('',*,*,#6510,.T.);
#3964=ORIENTED_EDGE('',*,*,#6286,.T.);
#3965=ORIENTED_EDGE('',*,*,#6509,.F.);
#3966=ORIENTED_EDGE('',*,*,#6296,.F.);
#3967=ORIENTED_EDGE('',*,*,#6511,.T.);
#3968=ORIENTED_EDGE('',*,*,#6287,.T.);
#3969=ORIENTED_EDGE('',*,*,#6510,.F.);
#3970=ORIENTED_EDGE('',*,*,#6295,.T.);
#3971=ORIENTED_EDGE('',*,*,#6512,.T.);
#3972=ORIENTED_EDGE('',*,*,#6288,.T.);
#3973=ORIENTED_EDGE('',*,*,#6511,.F.);
#3974=ORIENTED_EDGE('',*,*,#6294,.F.);
#3975=ORIENTED_EDGE('',*,*,#6291,.T.);
#3976=ORIENTED_EDGE('',*,*,#6289,.T.);
#3977=ORIENTED_EDGE('',*,*,#6512,.F.);
#3978=ORIENTED_EDGE('',*,*,#6293,.F.);
#3979=ORIENTED_EDGE('',*,*,#6513,.T.);
#3980=ORIENTED_EDGE('',*,*,#6302,.T.);
#3981=ORIENTED_EDGE('',*,*,#6297,.F.);
#3982=ORIENTED_EDGE('',*,*,#6304,.F.);
#3983=ORIENTED_EDGE('',*,*,#6514,.T.);
#3984=ORIENTED_EDGE('',*,*,#6298,.T.);
#3985=ORIENTED_EDGE('',*,*,#6513,.F.);
#3986=ORIENTED_EDGE('',*,*,#6308,.F.);
#3987=ORIENTED_EDGE('',*,*,#6515,.T.);
#3988=ORIENTED_EDGE('',*,*,#6299,.T.);
#3989=ORIENTED_EDGE('',*,*,#6514,.F.);
#3990=ORIENTED_EDGE('',*,*,#6307,.T.);
#3991=ORIENTED_EDGE('',*,*,#6516,.T.);
#3992=ORIENTED_EDGE('',*,*,#6300,.T.);
#3993=ORIENTED_EDGE('',*,*,#6515,.F.);
#3994=ORIENTED_EDGE('',*,*,#6306,.F.);
#3995=ORIENTED_EDGE('',*,*,#6303,.T.);
#3996=ORIENTED_EDGE('',*,*,#6301,.T.);
#3997=ORIENTED_EDGE('',*,*,#6516,.F.);
#3998=ORIENTED_EDGE('',*,*,#6305,.F.);
#3999=ORIENTED_EDGE('',*,*,#6517,.T.);
#4000=ORIENTED_EDGE('',*,*,#6314,.T.);
#4001=ORIENTED_EDGE('',*,*,#6309,.F.);
#4002=ORIENTED_EDGE('',*,*,#6316,.F.);
#4003=ORIENTED_EDGE('',*,*,#6518,.T.);
#4004=ORIENTED_EDGE('',*,*,#6310,.T.);
#4005=ORIENTED_EDGE('',*,*,#6517,.F.);
#4006=ORIENTED_EDGE('',*,*,#6320,.F.);
#4007=ORIENTED_EDGE('',*,*,#6519,.T.);
#4008=ORIENTED_EDGE('',*,*,#6311,.T.);
#4009=ORIENTED_EDGE('',*,*,#6518,.F.);
#4010=ORIENTED_EDGE('',*,*,#6319,.T.);
#4011=ORIENTED_EDGE('',*,*,#6520,.T.);
#4012=ORIENTED_EDGE('',*,*,#6312,.T.);
#4013=ORIENTED_EDGE('',*,*,#6519,.F.);
#4014=ORIENTED_EDGE('',*,*,#6318,.F.);
#4015=ORIENTED_EDGE('',*,*,#6315,.T.);
#4016=ORIENTED_EDGE('',*,*,#6313,.T.);
#4017=ORIENTED_EDGE('',*,*,#6520,.F.);
#4018=ORIENTED_EDGE('',*,*,#6317,.F.);
#4019=ORIENTED_EDGE('',*,*,#6521,.T.);
#4020=ORIENTED_EDGE('',*,*,#6326,.T.);
#4021=ORIENTED_EDGE('',*,*,#6321,.F.);
#4022=ORIENTED_EDGE('',*,*,#6328,.F.);
#4023=ORIENTED_EDGE('',*,*,#6522,.T.);
#4024=ORIENTED_EDGE('',*,*,#6322,.T.);
#4025=ORIENTED_EDGE('',*,*,#6521,.F.);
#4026=ORIENTED_EDGE('',*,*,#6332,.F.);
#4027=ORIENTED_EDGE('',*,*,#6523,.T.);
#4028=ORIENTED_EDGE('',*,*,#6323,.T.);
#4029=ORIENTED_EDGE('',*,*,#6522,.F.);
#4030=ORIENTED_EDGE('',*,*,#6331,.T.);
#4031=ORIENTED_EDGE('',*,*,#6524,.T.);
#4032=ORIENTED_EDGE('',*,*,#6324,.T.);
#4033=ORIENTED_EDGE('',*,*,#6523,.F.);
#4034=ORIENTED_EDGE('',*,*,#6330,.F.);
#4035=ORIENTED_EDGE('',*,*,#6327,.T.);
#4036=ORIENTED_EDGE('',*,*,#6325,.T.);
#4037=ORIENTED_EDGE('',*,*,#6524,.F.);
#4038=ORIENTED_EDGE('',*,*,#6329,.F.);
#4039=ORIENTED_EDGE('',*,*,#6525,.T.);
#4040=ORIENTED_EDGE('',*,*,#6338,.T.);
#4041=ORIENTED_EDGE('',*,*,#6333,.F.);
#4042=ORIENTED_EDGE('',*,*,#6340,.F.);
#4043=ORIENTED_EDGE('',*,*,#6526,.T.);
#4044=ORIENTED_EDGE('',*,*,#6334,.T.);
#4045=ORIENTED_EDGE('',*,*,#6525,.F.);
#4046=ORIENTED_EDGE('',*,*,#6344,.F.);
#4047=ORIENTED_EDGE('',*,*,#6527,.T.);
#4048=ORIENTED_EDGE('',*,*,#6335,.T.);
#4049=ORIENTED_EDGE('',*,*,#6526,.F.);
#4050=ORIENTED_EDGE('',*,*,#6343,.T.);
#4051=ORIENTED_EDGE('',*,*,#6528,.T.);
#4052=ORIENTED_EDGE('',*,*,#6336,.T.);
#4053=ORIENTED_EDGE('',*,*,#6527,.F.);
#4054=ORIENTED_EDGE('',*,*,#6342,.F.);
#4055=ORIENTED_EDGE('',*,*,#6339,.T.);
#4056=ORIENTED_EDGE('',*,*,#6337,.T.);
#4057=ORIENTED_EDGE('',*,*,#6528,.F.);
#4058=ORIENTED_EDGE('',*,*,#6341,.F.);
#4059=ORIENTED_EDGE('',*,*,#6529,.T.);
#4060=ORIENTED_EDGE('',*,*,#6350,.T.);
#4061=ORIENTED_EDGE('',*,*,#6345,.F.);
#4062=ORIENTED_EDGE('',*,*,#6352,.F.);
#4063=ORIENTED_EDGE('',*,*,#6530,.T.);
#4064=ORIENTED_EDGE('',*,*,#6346,.T.);
#4065=ORIENTED_EDGE('',*,*,#6529,.F.);
#4066=ORIENTED_EDGE('',*,*,#6356,.F.);
#4067=ORIENTED_EDGE('',*,*,#6531,.T.);
#4068=ORIENTED_EDGE('',*,*,#6347,.T.);
#4069=ORIENTED_EDGE('',*,*,#6530,.F.);
#4070=ORIENTED_EDGE('',*,*,#6355,.T.);
#4071=ORIENTED_EDGE('',*,*,#6532,.T.);
#4072=ORIENTED_EDGE('',*,*,#6348,.T.);
#4073=ORIENTED_EDGE('',*,*,#6531,.F.);
#4074=ORIENTED_EDGE('',*,*,#6354,.F.);
#4075=ORIENTED_EDGE('',*,*,#6351,.T.);
#4076=ORIENTED_EDGE('',*,*,#6349,.T.);
#4077=ORIENTED_EDGE('',*,*,#6532,.F.);
#4078=ORIENTED_EDGE('',*,*,#6353,.F.);
#4079=ORIENTED_EDGE('',*,*,#6533,.T.);
#4080=ORIENTED_EDGE('',*,*,#6362,.T.);
#4081=ORIENTED_EDGE('',*,*,#6357,.F.);
#4082=ORIENTED_EDGE('',*,*,#6364,.F.);
#4083=ORIENTED_EDGE('',*,*,#6534,.T.);
#4084=ORIENTED_EDGE('',*,*,#6358,.T.);
#4085=ORIENTED_EDGE('',*,*,#6533,.F.);
#4086=ORIENTED_EDGE('',*,*,#6368,.F.);
#4087=ORIENTED_EDGE('',*,*,#6535,.T.);
#4088=ORIENTED_EDGE('',*,*,#6359,.T.);
#4089=ORIENTED_EDGE('',*,*,#6534,.F.);
#4090=ORIENTED_EDGE('',*,*,#6367,.T.);
#4091=ORIENTED_EDGE('',*,*,#6536,.T.);
#4092=ORIENTED_EDGE('',*,*,#6360,.T.);
#4093=ORIENTED_EDGE('',*,*,#6535,.F.);
#4094=ORIENTED_EDGE('',*,*,#6366,.F.);
#4095=ORIENTED_EDGE('',*,*,#6363,.T.);
#4096=ORIENTED_EDGE('',*,*,#6361,.T.);
#4097=ORIENTED_EDGE('',*,*,#6536,.F.);
#4098=ORIENTED_EDGE('',*,*,#6365,.F.);
#4099=ORIENTED_EDGE('',*,*,#6537,.T.);
#4100=ORIENTED_EDGE('',*,*,#6374,.T.);
#4101=ORIENTED_EDGE('',*,*,#6369,.F.);
#4102=ORIENTED_EDGE('',*,*,#6376,.F.);
#4103=ORIENTED_EDGE('',*,*,#6538,.T.);
#4104=ORIENTED_EDGE('',*,*,#6370,.T.);
#4105=ORIENTED_EDGE('',*,*,#6537,.F.);
#4106=ORIENTED_EDGE('',*,*,#6380,.F.);
#4107=ORIENTED_EDGE('',*,*,#6539,.T.);
#4108=ORIENTED_EDGE('',*,*,#6371,.T.);
#4109=ORIENTED_EDGE('',*,*,#6538,.F.);
#4110=ORIENTED_EDGE('',*,*,#6379,.T.);
#4111=ORIENTED_EDGE('',*,*,#6540,.T.);
#4112=ORIENTED_EDGE('',*,*,#6372,.T.);
#4113=ORIENTED_EDGE('',*,*,#6539,.F.);
#4114=ORIENTED_EDGE('',*,*,#6378,.F.);
#4115=ORIENTED_EDGE('',*,*,#6375,.T.);
#4116=ORIENTED_EDGE('',*,*,#6373,.T.);
#4117=ORIENTED_EDGE('',*,*,#6540,.F.);
#4118=ORIENTED_EDGE('',*,*,#6377,.F.);
#4119=ORIENTED_EDGE('',*,*,#6392,.T.);
#4120=ORIENTED_EDGE('',*,*,#6382,.T.);
#4121=ORIENTED_EDGE('',*,*,#6389,.T.);
#4122=ORIENTED_EDGE('',*,*,#6541,.T.);
#4123=ORIENTED_EDGE('',*,*,#6396,.T.);
#4124=ORIENTED_EDGE('',*,*,#6542,.F.);
#4125=ORIENTED_EDGE('',*,*,#6385,.T.);
#4126=ORIENTED_EDGE('',*,*,#6391,.T.);
#4127=ORIENTED_EDGE('',*,*,#6395,.F.);
#4128=ORIENTED_EDGE('',*,*,#6543,.T.);
#4129=ORIENTED_EDGE('',*,*,#6544,.T.);
#4130=ORIENTED_EDGE('',*,*,#6545,.T.);
#4131=ORIENTED_EDGE('',*,*,#6546,.T.);
#4132=ORIENTED_EDGE('',*,*,#6547,.T.);
#4133=ORIENTED_EDGE('',*,*,#6386,.F.);
#4134=ORIENTED_EDGE('',*,*,#6542,.T.);
#4135=ORIENTED_EDGE('',*,*,#6548,.T.);
#4136=ORIENTED_EDGE('',*,*,#6549,.T.);
#4137=ORIENTED_EDGE('',*,*,#6387,.F.);
#4138=ORIENTED_EDGE('',*,*,#6547,.F.);
#4139=ORIENTED_EDGE('',*,*,#6541,.F.);
#4140=ORIENTED_EDGE('',*,*,#6388,.T.);
#4141=ORIENTED_EDGE('',*,*,#6549,.F.);
#4142=ORIENTED_EDGE('',*,*,#6550,.F.);
#4143=ORIENTED_EDGE('',*,*,#6551,.F.);
#4144=ORIENTED_EDGE('',*,*,#6552,.F.);
#4145=ORIENTED_EDGE('',*,*,#6553,.F.);
#4146=ORIENTED_EDGE('',*,*,#6393,.T.);
#4147=ORIENTED_EDGE('',*,*,#6394,.T.);
#4148=ORIENTED_EDGE('',*,*,#6553,.T.);
#4149=ORIENTED_EDGE('',*,*,#6554,.F.);
#4150=ORIENTED_EDGE('',*,*,#6543,.F.);
#4151=ORIENTED_EDGE('',*,*,#6408,.T.);
#4152=ORIENTED_EDGE('',*,*,#6398,.T.);
#4153=ORIENTED_EDGE('',*,*,#6405,.T.);
#4154=ORIENTED_EDGE('',*,*,#6555,.T.);
#4155=ORIENTED_EDGE('',*,*,#6412,.T.);
#4156=ORIENTED_EDGE('',*,*,#6556,.F.);
#4157=ORIENTED_EDGE('',*,*,#6401,.T.);
#4158=ORIENTED_EDGE('',*,*,#6407,.T.);
#4159=ORIENTED_EDGE('',*,*,#6411,.F.);
#4160=ORIENTED_EDGE('',*,*,#6557,.T.);
#4161=ORIENTED_EDGE('',*,*,#6558,.T.);
#4162=ORIENTED_EDGE('',*,*,#6559,.T.);
#4163=ORIENTED_EDGE('',*,*,#6560,.T.);
#4164=ORIENTED_EDGE('',*,*,#6561,.T.);
#4165=ORIENTED_EDGE('',*,*,#6402,.F.);
#4166=ORIENTED_EDGE('',*,*,#6556,.T.);
#4167=ORIENTED_EDGE('',*,*,#6562,.T.);
#4168=ORIENTED_EDGE('',*,*,#6563,.T.);
#4169=ORIENTED_EDGE('',*,*,#6403,.F.);
#4170=ORIENTED_EDGE('',*,*,#6561,.F.);
#4171=ORIENTED_EDGE('',*,*,#6555,.F.);
#4172=ORIENTED_EDGE('',*,*,#6404,.T.);
#4173=ORIENTED_EDGE('',*,*,#6563,.F.);
#4174=ORIENTED_EDGE('',*,*,#6564,.F.);
#4175=ORIENTED_EDGE('',*,*,#6565,.F.);
#4176=ORIENTED_EDGE('',*,*,#6566,.F.);
#4177=ORIENTED_EDGE('',*,*,#6567,.F.);
#4178=ORIENTED_EDGE('',*,*,#6409,.T.);
#4179=ORIENTED_EDGE('',*,*,#6410,.T.);
#4180=ORIENTED_EDGE('',*,*,#6567,.T.);
#4181=ORIENTED_EDGE('',*,*,#6568,.F.);
#4182=ORIENTED_EDGE('',*,*,#6557,.F.);
#4183=ORIENTED_EDGE('',*,*,#6424,.T.);
#4184=ORIENTED_EDGE('',*,*,#6414,.T.);
#4185=ORIENTED_EDGE('',*,*,#6421,.T.);
#4186=ORIENTED_EDGE('',*,*,#6569,.T.);
#4187=ORIENTED_EDGE('',*,*,#6428,.T.);
#4188=ORIENTED_EDGE('',*,*,#6570,.F.);
#4189=ORIENTED_EDGE('',*,*,#6417,.T.);
#4190=ORIENTED_EDGE('',*,*,#6423,.T.);
#4191=ORIENTED_EDGE('',*,*,#6427,.F.);
#4192=ORIENTED_EDGE('',*,*,#6571,.T.);
#4193=ORIENTED_EDGE('',*,*,#6572,.T.);
#4194=ORIENTED_EDGE('',*,*,#6573,.T.);
#4195=ORIENTED_EDGE('',*,*,#6574,.T.);
#4196=ORIENTED_EDGE('',*,*,#6575,.T.);
#4197=ORIENTED_EDGE('',*,*,#6418,.F.);
#4198=ORIENTED_EDGE('',*,*,#6570,.T.);
#4199=ORIENTED_EDGE('',*,*,#6576,.T.);
#4200=ORIENTED_EDGE('',*,*,#6577,.T.);
#4201=ORIENTED_EDGE('',*,*,#6419,.F.);
#4202=ORIENTED_EDGE('',*,*,#6575,.F.);
#4203=ORIENTED_EDGE('',*,*,#6569,.F.);
#4204=ORIENTED_EDGE('',*,*,#6420,.T.);
#4205=ORIENTED_EDGE('',*,*,#6577,.F.);
#4206=ORIENTED_EDGE('',*,*,#6578,.F.);
#4207=ORIENTED_EDGE('',*,*,#6579,.F.);
#4208=ORIENTED_EDGE('',*,*,#6580,.F.);
#4209=ORIENTED_EDGE('',*,*,#6581,.F.);
#4210=ORIENTED_EDGE('',*,*,#6425,.T.);
#4211=ORIENTED_EDGE('',*,*,#6426,.T.);
#4212=ORIENTED_EDGE('',*,*,#6581,.T.);
#4213=ORIENTED_EDGE('',*,*,#6582,.F.);
#4214=ORIENTED_EDGE('',*,*,#6571,.F.);
#4215=ORIENTED_EDGE('',*,*,#6440,.T.);
#4216=ORIENTED_EDGE('',*,*,#6430,.T.);
#4217=ORIENTED_EDGE('',*,*,#6437,.T.);
#4218=ORIENTED_EDGE('',*,*,#6583,.T.);
#4219=ORIENTED_EDGE('',*,*,#6444,.T.);
#4220=ORIENTED_EDGE('',*,*,#6584,.F.);
#4221=ORIENTED_EDGE('',*,*,#6433,.T.);
#4222=ORIENTED_EDGE('',*,*,#6439,.T.);
#4223=ORIENTED_EDGE('',*,*,#6443,.F.);
#4224=ORIENTED_EDGE('',*,*,#6585,.T.);
#4225=ORIENTED_EDGE('',*,*,#6586,.T.);
#4226=ORIENTED_EDGE('',*,*,#6587,.T.);
#4227=ORIENTED_EDGE('',*,*,#6588,.T.);
#4228=ORIENTED_EDGE('',*,*,#6589,.T.);
#4229=ORIENTED_EDGE('',*,*,#6434,.F.);
#4230=ORIENTED_EDGE('',*,*,#6584,.T.);
#4231=ORIENTED_EDGE('',*,*,#6590,.T.);
#4232=ORIENTED_EDGE('',*,*,#6591,.T.);
#4233=ORIENTED_EDGE('',*,*,#6435,.F.);
#4234=ORIENTED_EDGE('',*,*,#6589,.F.);
#4235=ORIENTED_EDGE('',*,*,#6583,.F.);
#4236=ORIENTED_EDGE('',*,*,#6436,.T.);
#4237=ORIENTED_EDGE('',*,*,#6591,.F.);
#4238=ORIENTED_EDGE('',*,*,#6592,.F.);
#4239=ORIENTED_EDGE('',*,*,#6593,.F.);
#4240=ORIENTED_EDGE('',*,*,#6594,.F.);
#4241=ORIENTED_EDGE('',*,*,#6595,.F.);
#4242=ORIENTED_EDGE('',*,*,#6441,.T.);
#4243=ORIENTED_EDGE('',*,*,#6442,.T.);
#4244=ORIENTED_EDGE('',*,*,#6595,.T.);
#4245=ORIENTED_EDGE('',*,*,#6596,.F.);
#4246=ORIENTED_EDGE('',*,*,#6585,.F.);
#4247=ORIENTED_EDGE('',*,*,#6456,.T.);
#4248=ORIENTED_EDGE('',*,*,#6446,.T.);
#4249=ORIENTED_EDGE('',*,*,#6453,.T.);
#4250=ORIENTED_EDGE('',*,*,#6597,.T.);
#4251=ORIENTED_EDGE('',*,*,#6460,.T.);
#4252=ORIENTED_EDGE('',*,*,#6598,.F.);
#4253=ORIENTED_EDGE('',*,*,#6449,.T.);
#4254=ORIENTED_EDGE('',*,*,#6455,.T.);
#4255=ORIENTED_EDGE('',*,*,#6459,.F.);
#4256=ORIENTED_EDGE('',*,*,#6599,.T.);
#4257=ORIENTED_EDGE('',*,*,#6600,.T.);
#4258=ORIENTED_EDGE('',*,*,#6601,.T.);
#4259=ORIENTED_EDGE('',*,*,#6602,.T.);
#4260=ORIENTED_EDGE('',*,*,#6603,.T.);
#4261=ORIENTED_EDGE('',*,*,#6450,.F.);
#4262=ORIENTED_EDGE('',*,*,#6598,.T.);
#4263=ORIENTED_EDGE('',*,*,#6604,.T.);
#4264=ORIENTED_EDGE('',*,*,#6605,.T.);
#4265=ORIENTED_EDGE('',*,*,#6451,.F.);
#4266=ORIENTED_EDGE('',*,*,#6603,.F.);
#4267=ORIENTED_EDGE('',*,*,#6597,.F.);
#4268=ORIENTED_EDGE('',*,*,#6452,.T.);
#4269=ORIENTED_EDGE('',*,*,#6605,.F.);
#4270=ORIENTED_EDGE('',*,*,#6606,.F.);
#4271=ORIENTED_EDGE('',*,*,#6607,.F.);
#4272=ORIENTED_EDGE('',*,*,#6608,.F.);
#4273=ORIENTED_EDGE('',*,*,#6609,.F.);
#4274=ORIENTED_EDGE('',*,*,#6457,.T.);
#4275=ORIENTED_EDGE('',*,*,#6458,.T.);
#4276=ORIENTED_EDGE('',*,*,#6609,.T.);
#4277=ORIENTED_EDGE('',*,*,#6610,.F.);
#4278=ORIENTED_EDGE('',*,*,#6599,.F.);
#4279=ORIENTED_EDGE('',*,*,#6472,.T.);
#4280=ORIENTED_EDGE('',*,*,#6462,.T.);
#4281=ORIENTED_EDGE('',*,*,#6469,.T.);
#4282=ORIENTED_EDGE('',*,*,#6611,.T.);
#4283=ORIENTED_EDGE('',*,*,#6476,.T.);
#4284=ORIENTED_EDGE('',*,*,#6612,.F.);
#4285=ORIENTED_EDGE('',*,*,#6465,.T.);
#4286=ORIENTED_EDGE('',*,*,#6471,.T.);
#4287=ORIENTED_EDGE('',*,*,#6475,.F.);
#4288=ORIENTED_EDGE('',*,*,#6613,.T.);
#4289=ORIENTED_EDGE('',*,*,#6614,.T.);
#4290=ORIENTED_EDGE('',*,*,#6615,.T.);
#4291=ORIENTED_EDGE('',*,*,#6616,.T.);
#4292=ORIENTED_EDGE('',*,*,#6617,.T.);
#4293=ORIENTED_EDGE('',*,*,#6466,.F.);
#4294=ORIENTED_EDGE('',*,*,#6612,.T.);
#4295=ORIENTED_EDGE('',*,*,#6618,.T.);
#4296=ORIENTED_EDGE('',*,*,#6619,.T.);
#4297=ORIENTED_EDGE('',*,*,#6467,.F.);
#4298=ORIENTED_EDGE('',*,*,#6617,.F.);
#4299=ORIENTED_EDGE('',*,*,#6611,.F.);
#4300=ORIENTED_EDGE('',*,*,#6468,.T.);
#4301=ORIENTED_EDGE('',*,*,#6619,.F.);
#4302=ORIENTED_EDGE('',*,*,#6620,.F.);
#4303=ORIENTED_EDGE('',*,*,#6621,.F.);
#4304=ORIENTED_EDGE('',*,*,#6622,.F.);
#4305=ORIENTED_EDGE('',*,*,#6623,.F.);
#4306=ORIENTED_EDGE('',*,*,#6473,.T.);
#4307=ORIENTED_EDGE('',*,*,#6474,.T.);
#4308=ORIENTED_EDGE('',*,*,#6623,.T.);
#4309=ORIENTED_EDGE('',*,*,#6624,.F.);
#4310=ORIENTED_EDGE('',*,*,#6613,.F.);
#4311=ORIENTED_EDGE('',*,*,#6488,.T.);
#4312=ORIENTED_EDGE('',*,*,#6478,.T.);
#4313=ORIENTED_EDGE('',*,*,#6485,.T.);
#4314=ORIENTED_EDGE('',*,*,#6625,.T.);
#4315=ORIENTED_EDGE('',*,*,#6492,.T.);
#4316=ORIENTED_EDGE('',*,*,#6626,.F.);
#4317=ORIENTED_EDGE('',*,*,#6481,.T.);
#4318=ORIENTED_EDGE('',*,*,#6487,.T.);
#4319=ORIENTED_EDGE('',*,*,#6491,.F.);
#4320=ORIENTED_EDGE('',*,*,#6627,.T.);
#4321=ORIENTED_EDGE('',*,*,#6628,.T.);
#4322=ORIENTED_EDGE('',*,*,#6629,.T.);
#4323=ORIENTED_EDGE('',*,*,#6630,.T.);
#4324=ORIENTED_EDGE('',*,*,#6631,.T.);
#4325=ORIENTED_EDGE('',*,*,#6482,.F.);
#4326=ORIENTED_EDGE('',*,*,#6626,.T.);
#4327=ORIENTED_EDGE('',*,*,#6632,.T.);
#4328=ORIENTED_EDGE('',*,*,#6633,.T.);
#4329=ORIENTED_EDGE('',*,*,#6483,.F.);
#4330=ORIENTED_EDGE('',*,*,#6631,.F.);
#4331=ORIENTED_EDGE('',*,*,#6625,.F.);
#4332=ORIENTED_EDGE('',*,*,#6484,.T.);
#4333=ORIENTED_EDGE('',*,*,#6633,.F.);
#4334=ORIENTED_EDGE('',*,*,#6634,.F.);
#4335=ORIENTED_EDGE('',*,*,#6635,.F.);
#4336=ORIENTED_EDGE('',*,*,#6636,.F.);
#4337=ORIENTED_EDGE('',*,*,#6637,.F.);
#4338=ORIENTED_EDGE('',*,*,#6489,.T.);
#4339=ORIENTED_EDGE('',*,*,#6490,.T.);
#4340=ORIENTED_EDGE('',*,*,#6637,.T.);
#4341=ORIENTED_EDGE('',*,*,#6638,.F.);
#4342=ORIENTED_EDGE('',*,*,#6627,.F.);
#4343=ORIENTED_EDGE('',*,*,#6504,.T.);
#4344=ORIENTED_EDGE('',*,*,#6494,.T.);
#4345=ORIENTED_EDGE('',*,*,#6501,.T.);
#4346=ORIENTED_EDGE('',*,*,#6639,.T.);
#4347=ORIENTED_EDGE('',*,*,#6508,.T.);
#4348=ORIENTED_EDGE('',*,*,#6640,.F.);
#4349=ORIENTED_EDGE('',*,*,#6497,.T.);
#4350=ORIENTED_EDGE('',*,*,#6503,.T.);
#4351=ORIENTED_EDGE('',*,*,#6507,.F.);
#4352=ORIENTED_EDGE('',*,*,#6641,.T.);
#4353=ORIENTED_EDGE('',*,*,#6642,.T.);
#4354=ORIENTED_EDGE('',*,*,#6643,.T.);
#4355=ORIENTED_EDGE('',*,*,#6644,.T.);
#4356=ORIENTED_EDGE('',*,*,#6645,.T.);
#4357=ORIENTED_EDGE('',*,*,#6498,.F.);
#4358=ORIENTED_EDGE('',*,*,#6640,.T.);
#4359=ORIENTED_EDGE('',*,*,#6646,.T.);
#4360=ORIENTED_EDGE('',*,*,#6647,.T.);
#4361=ORIENTED_EDGE('',*,*,#6499,.F.);
#4362=ORIENTED_EDGE('',*,*,#6645,.F.);
#4363=ORIENTED_EDGE('',*,*,#6639,.F.);
#4364=ORIENTED_EDGE('',*,*,#6500,.T.);
#4365=ORIENTED_EDGE('',*,*,#6647,.F.);
#4366=ORIENTED_EDGE('',*,*,#6648,.F.);
#4367=ORIENTED_EDGE('',*,*,#6649,.F.);
#4368=ORIENTED_EDGE('',*,*,#6650,.F.);
#4369=ORIENTED_EDGE('',*,*,#6651,.F.);
#4370=ORIENTED_EDGE('',*,*,#6505,.T.);
#4371=ORIENTED_EDGE('',*,*,#6506,.T.);
#4372=ORIENTED_EDGE('',*,*,#6651,.T.);
#4373=ORIENTED_EDGE('',*,*,#6652,.F.);
#4374=ORIENTED_EDGE('',*,*,#6641,.F.);
#4375=ORIENTED_EDGE('',*,*,#6653,.T.);
#4376=ORIENTED_EDGE('',*,*,#6550,.T.);
#4377=ORIENTED_EDGE('',*,*,#6548,.F.);
#4378=ORIENTED_EDGE('',*,*,#6546,.F.);
#4379=ORIENTED_EDGE('',*,*,#6654,.T.);
#4380=ORIENTED_EDGE('',*,*,#6551,.T.);
#4381=ORIENTED_EDGE('',*,*,#6653,.F.);
#4382=ORIENTED_EDGE('',*,*,#6545,.F.);
#4383=ORIENTED_EDGE('',*,*,#6554,.T.);
#4384=ORIENTED_EDGE('',*,*,#6552,.T.);
#4385=ORIENTED_EDGE('',*,*,#6654,.F.);
#4386=ORIENTED_EDGE('',*,*,#6544,.F.);
#4387=ORIENTED_EDGE('',*,*,#6655,.T.);
#4388=ORIENTED_EDGE('',*,*,#6564,.T.);
#4389=ORIENTED_EDGE('',*,*,#6562,.F.);
#4390=ORIENTED_EDGE('',*,*,#6560,.F.);
#4391=ORIENTED_EDGE('',*,*,#6656,.T.);
#4392=ORIENTED_EDGE('',*,*,#6565,.T.);
#4393=ORIENTED_EDGE('',*,*,#6655,.F.);
#4394=ORIENTED_EDGE('',*,*,#6559,.F.);
#4395=ORIENTED_EDGE('',*,*,#6568,.T.);
#4396=ORIENTED_EDGE('',*,*,#6566,.T.);
#4397=ORIENTED_EDGE('',*,*,#6656,.F.);
#4398=ORIENTED_EDGE('',*,*,#6558,.F.);
#4399=ORIENTED_EDGE('',*,*,#6657,.T.);
#4400=ORIENTED_EDGE('',*,*,#6578,.T.);
#4401=ORIENTED_EDGE('',*,*,#6576,.F.);
#4402=ORIENTED_EDGE('',*,*,#6574,.F.);
#4403=ORIENTED_EDGE('',*,*,#6658,.T.);
#4404=ORIENTED_EDGE('',*,*,#6579,.T.);
#4405=ORIENTED_EDGE('',*,*,#6657,.F.);
#4406=ORIENTED_EDGE('',*,*,#6573,.F.);
#4407=ORIENTED_EDGE('',*,*,#6582,.T.);
#4408=ORIENTED_EDGE('',*,*,#6580,.T.);
#4409=ORIENTED_EDGE('',*,*,#6658,.F.);
#4410=ORIENTED_EDGE('',*,*,#6572,.F.);
#4411=ORIENTED_EDGE('',*,*,#6659,.T.);
#4412=ORIENTED_EDGE('',*,*,#6592,.T.);
#4413=ORIENTED_EDGE('',*,*,#6590,.F.);
#4414=ORIENTED_EDGE('',*,*,#6588,.F.);
#4415=ORIENTED_EDGE('',*,*,#6660,.T.);
#4416=ORIENTED_EDGE('',*,*,#6593,.T.);
#4417=ORIENTED_EDGE('',*,*,#6659,.F.);
#4418=ORIENTED_EDGE('',*,*,#6587,.F.);
#4419=ORIENTED_EDGE('',*,*,#6596,.T.);
#4420=ORIENTED_EDGE('',*,*,#6594,.T.);
#4421=ORIENTED_EDGE('',*,*,#6660,.F.);
#4422=ORIENTED_EDGE('',*,*,#6586,.F.);
#4423=ORIENTED_EDGE('',*,*,#6661,.T.);
#4424=ORIENTED_EDGE('',*,*,#6606,.T.);
#4425=ORIENTED_EDGE('',*,*,#6604,.F.);
#4426=ORIENTED_EDGE('',*,*,#6602,.F.);
#4427=ORIENTED_EDGE('',*,*,#6662,.T.);
#4428=ORIENTED_EDGE('',*,*,#6607,.T.);
#4429=ORIENTED_EDGE('',*,*,#6661,.F.);
#4430=ORIENTED_EDGE('',*,*,#6601,.F.);
#4431=ORIENTED_EDGE('',*,*,#6610,.T.);
#4432=ORIENTED_EDGE('',*,*,#6608,.T.);
#4433=ORIENTED_EDGE('',*,*,#6662,.F.);
#4434=ORIENTED_EDGE('',*,*,#6600,.F.);
#4435=ORIENTED_EDGE('',*,*,#6663,.T.);
#4436=ORIENTED_EDGE('',*,*,#6620,.T.);
#4437=ORIENTED_EDGE('',*,*,#6618,.F.);
#4438=ORIENTED_EDGE('',*,*,#6616,.F.);
#4439=ORIENTED_EDGE('',*,*,#6664,.T.);
#4440=ORIENTED_EDGE('',*,*,#6621,.T.);
#4441=ORIENTED_EDGE('',*,*,#6663,.F.);
#4442=ORIENTED_EDGE('',*,*,#6615,.F.);
#4443=ORIENTED_EDGE('',*,*,#6624,.T.);
#4444=ORIENTED_EDGE('',*,*,#6622,.T.);
#4445=ORIENTED_EDGE('',*,*,#6664,.F.);
#4446=ORIENTED_EDGE('',*,*,#6614,.F.);
#4447=ORIENTED_EDGE('',*,*,#6665,.T.);
#4448=ORIENTED_EDGE('',*,*,#6634,.T.);
#4449=ORIENTED_EDGE('',*,*,#6632,.F.);
#4450=ORIENTED_EDGE('',*,*,#6630,.F.);
#4451=ORIENTED_EDGE('',*,*,#6666,.T.);
#4452=ORIENTED_EDGE('',*,*,#6635,.T.);
#4453=ORIENTED_EDGE('',*,*,#6665,.F.);
#4454=ORIENTED_EDGE('',*,*,#6629,.F.);
#4455=ORIENTED_EDGE('',*,*,#6638,.T.);
#4456=ORIENTED_EDGE('',*,*,#6636,.T.);
#4457=ORIENTED_EDGE('',*,*,#6666,.F.);
#4458=ORIENTED_EDGE('',*,*,#6628,.F.);
#4459=ORIENTED_EDGE('',*,*,#6667,.T.);
#4460=ORIENTED_EDGE('',*,*,#6648,.T.);
#4461=ORIENTED_EDGE('',*,*,#6646,.F.);
#4462=ORIENTED_EDGE('',*,*,#6644,.F.);
#4463=ORIENTED_EDGE('',*,*,#6668,.T.);
#4464=ORIENTED_EDGE('',*,*,#6649,.T.);
#4465=ORIENTED_EDGE('',*,*,#6667,.F.);
#4466=ORIENTED_EDGE('',*,*,#6643,.F.);
#4467=ORIENTED_EDGE('',*,*,#6652,.T.);
#4468=ORIENTED_EDGE('',*,*,#6650,.T.);
#4469=ORIENTED_EDGE('',*,*,#6668,.F.);
#4470=ORIENTED_EDGE('',*,*,#6642,.F.);
#4471=ORIENTED_EDGE('',*,*,#6669,.F.);
#4472=ORIENTED_EDGE('',*,*,#6670,.F.);
#4473=ORIENTED_EDGE('',*,*,#6671,.F.);
#4474=ORIENTED_EDGE('',*,*,#6672,.F.);
#4475=ORIENTED_EDGE('',*,*,#6673,.F.);
#4476=ORIENTED_EDGE('',*,*,#6674,.F.);
#4477=ORIENTED_EDGE('',*,*,#6675,.F.);
#4478=ORIENTED_EDGE('',*,*,#6676,.T.);
#4479=ORIENTED_EDGE('',*,*,#6677,.F.);
#4480=ORIENTED_EDGE('',*,*,#6678,.F.);
#4481=ORIENTED_EDGE('',*,*,#6679,.F.);
#4482=ORIENTED_EDGE('',*,*,#6680,.T.);
#4483=ORIENTED_EDGE('',*,*,#6681,.F.);
#4484=ORIENTED_EDGE('',*,*,#6682,.F.);
#4485=ORIENTED_EDGE('',*,*,#6683,.F.);
#4486=ORIENTED_EDGE('',*,*,#6684,.F.);
#4487=ORIENTED_EDGE('',*,*,#6685,.F.);
#4488=ORIENTED_EDGE('',*,*,#6686,.F.);
#4489=ORIENTED_EDGE('',*,*,#6687,.T.);
#4490=ORIENTED_EDGE('',*,*,#6688,.T.);
#4491=ORIENTED_EDGE('',*,*,#6689,.F.);
#4492=ORIENTED_EDGE('',*,*,#6676,.F.);
#4493=ORIENTED_EDGE('',*,*,#6690,.F.);
#4494=ORIENTED_EDGE('',*,*,#6670,.T.);
#4495=ORIENTED_EDGE('',*,*,#6672,.T.);
#4496=ORIENTED_EDGE('',*,*,#6691,.F.);
#4497=ORIENTED_EDGE('',*,*,#6692,.F.);
#4498=ORIENTED_EDGE('',*,*,#6693,.F.);
#4499=ORIENTED_EDGE('',*,*,#6674,.T.);
#4500=ORIENTED_EDGE('',*,*,#6694,.F.);
#4501=ORIENTED_EDGE('',*,*,#6695,.T.);
#4502=ORIENTED_EDGE('',*,*,#6696,.F.);
#4503=ORIENTED_EDGE('',*,*,#6684,.T.);
#4504=ORIENTED_EDGE('',*,*,#6697,.F.);
#4505=ORIENTED_EDGE('',*,*,#6698,.F.);
#4506=ORIENTED_EDGE('',*,*,#6699,.F.);
#4507=ORIENTED_EDGE('',*,*,#6678,.T.);
#4508=ORIENTED_EDGE('',*,*,#6700,.F.);
#4509=ORIENTED_EDGE('',*,*,#6701,.T.);
#4510=ORIENTED_EDGE('',*,*,#6702,.F.);
#4511=ORIENTED_EDGE('',*,*,#6673,.T.);
#4512=ORIENTED_EDGE('',*,*,#6689,.T.);
#4513=ORIENTED_EDGE('',*,*,#6703,.T.);
#4514=ORIENTED_EDGE('',*,*,#6704,.T.);
#4515=ORIENTED_EDGE('',*,*,#6681,.T.);
#4516=ORIENTED_EDGE('',*,*,#6699,.T.);
#4517=ORIENTED_EDGE('',*,*,#6705,.T.);
#4518=ORIENTED_EDGE('',*,*,#6694,.T.);
#4519=ORIENTED_EDGE('',*,*,#6669,.T.);
#4520=ORIENTED_EDGE('',*,*,#6693,.T.);
#4521=ORIENTED_EDGE('',*,*,#6706,.T.);
#4522=ORIENTED_EDGE('',*,*,#6700,.T.);
#4523=ORIENTED_EDGE('',*,*,#6677,.T.);
#4524=ORIENTED_EDGE('',*,*,#6707,.T.);
#4525=ORIENTED_EDGE('',*,*,#6708,.T.);
#4526=ORIENTED_EDGE('',*,*,#6685,.T.);
#4527=ORIENTED_EDGE('',*,*,#6704,.F.);
#4528=ORIENTED_EDGE('',*,*,#6709,.F.);
#4529=ORIENTED_EDGE('',*,*,#6710,.T.);
#4530=ORIENTED_EDGE('',*,*,#6711,.T.);
#4531=ORIENTED_EDGE('',*,*,#6707,.F.);
#4532=ORIENTED_EDGE('',*,*,#6680,.F.);
#4533=ORIENTED_EDGE('',*,*,#6712,.F.);
#4534=ORIENTED_EDGE('',*,*,#6682,.T.);
#4535=ORIENTED_EDGE('',*,*,#6713,.T.);
#4536=ORIENTED_EDGE('',*,*,#6714,.T.);
#4537=ORIENTED_EDGE('',*,*,#6715,.T.);
#4538=ORIENTED_EDGE('',*,*,#6716,.T.);
#4539=ORIENTED_EDGE('',*,*,#6715,.F.);
#4540=ORIENTED_EDGE('',*,*,#6717,.F.);
#4541=ORIENTED_EDGE('',*,*,#6718,.T.);
#4542=ORIENTED_EDGE('',*,*,#6719,.T.);
#4543=ORIENTED_EDGE('',*,*,#6720,.F.);
#4544=ORIENTED_EDGE('',*,*,#6714,.F.);
#4545=ORIENTED_EDGE('',*,*,#6721,.T.);
#4546=ORIENTED_EDGE('',*,*,#6722,.T.);
#4547=ORIENTED_EDGE('',*,*,#6723,.T.);
#4548=ORIENTED_EDGE('',*,*,#6724,.T.);
#4549=ORIENTED_EDGE('',*,*,#6725,.T.);
#4550=ORIENTED_EDGE('',*,*,#6726,.T.);
#4551=ORIENTED_EDGE('',*,*,#6727,.T.);
#4552=ORIENTED_EDGE('',*,*,#6728,.F.);
#4553=ORIENTED_EDGE('',*,*,#6729,.T.);
#4554=ORIENTED_EDGE('',*,*,#6730,.T.);
#4555=ORIENTED_EDGE('',*,*,#6731,.F.);
#4556=ORIENTED_EDGE('',*,*,#6732,.T.);
#4557=ORIENTED_EDGE('',*,*,#6717,.T.);
#4558=ORIENTED_EDGE('',*,*,#6733,.T.);
#4559=ORIENTED_EDGE('',*,*,#6734,.T.);
#4560=ORIENTED_EDGE('',*,*,#6735,.T.);
#4561=ORIENTED_EDGE('',*,*,#6736,.T.);
#4562=ORIENTED_EDGE('',*,*,#6737,.T.);
#4563=ORIENTED_EDGE('',*,*,#6728,.T.);
#4564=ORIENTED_EDGE('',*,*,#6738,.T.);
#4565=ORIENTED_EDGE('',*,*,#6739,.T.);
#4566=ORIENTED_EDGE('',*,*,#6738,.F.);
#4567=ORIENTED_EDGE('',*,*,#6727,.F.);
#4568=ORIENTED_EDGE('',*,*,#6740,.T.);
#4569=ORIENTED_EDGE('',*,*,#6741,.T.);
#4570=ORIENTED_EDGE('',*,*,#6742,.F.);
#4571=ORIENTED_EDGE('',*,*,#6743,.T.);
#4572=ORIENTED_EDGE('',*,*,#6731,.T.);
#4573=ORIENTED_EDGE('',*,*,#6744,.T.);
#4574=ORIENTED_EDGE('',*,*,#6745,.T.);
#4575=ORIENTED_EDGE('',*,*,#6743,.F.);
#4576=ORIENTED_EDGE('',*,*,#6746,.T.);
#4577=ORIENTED_EDGE('',*,*,#6747,.F.);
#4578=ORIENTED_EDGE('',*,*,#6748,.T.);
#4579=ORIENTED_EDGE('',*,*,#6749,.T.);
#4580=ORIENTED_EDGE('',*,*,#6718,.F.);
#4581=ORIENTED_EDGE('',*,*,#6732,.F.);
#4582=ORIENTED_EDGE('',*,*,#6745,.F.);
#4583=ORIENTED_EDGE('',*,*,#6750,.F.);
#4584=ORIENTED_EDGE('',*,*,#6751,.F.);
#4585=ORIENTED_EDGE('',*,*,#6746,.F.);
#4586=ORIENTED_EDGE('',*,*,#6733,.F.);
#4587=ORIENTED_EDGE('',*,*,#6752,.T.);
#4588=ORIENTED_EDGE('',*,*,#6753,.T.);
#4589=ORIENTED_EDGE('',*,*,#6754,.F.);
#4590=ORIENTED_EDGE('',*,*,#6736,.F.);
#4591=ORIENTED_EDGE('',*,*,#6755,.T.);
#4592=ORIENTED_EDGE('',*,*,#6756,.T.);
#4593=ORIENTED_EDGE('',*,*,#6752,.F.);
#4594=ORIENTED_EDGE('',*,*,#6735,.F.);
#4595=ORIENTED_EDGE('',*,*,#6757,.T.);
#4596=ORIENTED_EDGE('',*,*,#6758,.T.);
#4597=ORIENTED_EDGE('',*,*,#6755,.F.);
#4598=ORIENTED_EDGE('',*,*,#6734,.F.);
#4599=ORIENTED_EDGE('',*,*,#6754,.T.);
#4600=ORIENTED_EDGE('',*,*,#6759,.T.);
#4601=ORIENTED_EDGE('',*,*,#6757,.F.);
#4602=ORIENTED_EDGE('',*,*,#6759,.F.);
#4603=ORIENTED_EDGE('',*,*,#6753,.F.);
#4604=ORIENTED_EDGE('',*,*,#6756,.F.);
#4605=ORIENTED_EDGE('',*,*,#6758,.F.);
#4606=ORIENTED_EDGE('',*,*,#6760,.F.);
#4607=ORIENTED_EDGE('',*,*,#6761,.F.);
#4608=ORIENTED_EDGE('',*,*,#6762,.F.);
#4609=ORIENTED_EDGE('',*,*,#6763,.F.);
#4610=ORIENTED_EDGE('',*,*,#6764,.F.);
#4611=ORIENTED_EDGE('',*,*,#6765,.F.);
#4612=ORIENTED_EDGE('',*,*,#6766,.F.);
#4613=ORIENTED_EDGE('',*,*,#6767,.F.);
#4614=ORIENTED_EDGE('',*,*,#6768,.F.);
#4615=ORIENTED_EDGE('',*,*,#6769,.F.);
#4616=ORIENTED_EDGE('',*,*,#6770,.F.);
#4617=ORIENTED_EDGE('',*,*,#6725,.F.);
#4618=ORIENTED_EDGE('',*,*,#6771,.F.);
#4619=ORIENTED_EDGE('',*,*,#6772,.F.);
#4620=ORIENTED_EDGE('',*,*,#6773,.F.);
#4621=ORIENTED_EDGE('',*,*,#6774,.F.);
#4622=ORIENTED_EDGE('',*,*,#6775,.F.);
#4623=ORIENTED_EDGE('',*,*,#6776,.F.);
#4624=ORIENTED_EDGE('',*,*,#6777,.F.);
#4625=ORIENTED_EDGE('',*,*,#6723,.F.);
#4626=ORIENTED_EDGE('',*,*,#6744,.F.);
#4627=ORIENTED_EDGE('',*,*,#6730,.F.);
#4628=ORIENTED_EDGE('',*,*,#6778,.T.);
#4629=ORIENTED_EDGE('',*,*,#6779,.T.);
#4630=ORIENTED_EDGE('',*,*,#6780,.F.);
#4631=ORIENTED_EDGE('',*,*,#6781,.F.);
#4632=ORIENTED_EDGE('',*,*,#6750,.T.);
#4633=ORIENTED_EDGE('',*,*,#6761,.T.);
#4634=ORIENTED_EDGE('',*,*,#6782,.F.);
#4635=ORIENTED_EDGE('',*,*,#6783,.F.);
#4636=ORIENTED_EDGE('',*,*,#6784,.F.);
#4637=ORIENTED_EDGE('',*,*,#6785,.F.);
#4638=ORIENTED_EDGE('',*,*,#6764,.T.);
#4639=ORIENTED_EDGE('',*,*,#6786,.F.);
#4640=ORIENTED_EDGE('',*,*,#6787,.F.);
#4641=ORIENTED_EDGE('',*,*,#6760,.T.);
#4642=ORIENTED_EDGE('',*,*,#6722,.F.);
#4643=ORIENTED_EDGE('',*,*,#6788,.T.);
#4644=ORIENTED_EDGE('',*,*,#6782,.T.);
#4645=ORIENTED_EDGE('',*,*,#6675,.T.);
#4646=ORIENTED_EDGE('',*,*,#6696,.T.);
#4647=ORIENTED_EDGE('',*,*,#6789,.T.);
#4648=ORIENTED_EDGE('',*,*,#6697,.T.);
#4649=ORIENTED_EDGE('',*,*,#6683,.T.);
#4650=ORIENTED_EDGE('',*,*,#6712,.T.);
#4651=ORIENTED_EDGE('',*,*,#6679,.T.);
#4652=ORIENTED_EDGE('',*,*,#6702,.T.);
#4653=ORIENTED_EDGE('',*,*,#6790,.T.);
#4654=ORIENTED_EDGE('',*,*,#6691,.T.);
#4655=ORIENTED_EDGE('',*,*,#6671,.T.);
#4656=ORIENTED_EDGE('',*,*,#6690,.T.);
#4657=ORIENTED_EDGE('',*,*,#6781,.T.);
#4658=ORIENTED_EDGE('',*,*,#6791,.T.);
#4659=ORIENTED_EDGE('',*,*,#6792,.T.);
#4660=ORIENTED_EDGE('',*,*,#6793,.T.);
#4661=ORIENTED_EDGE('',*,*,#6794,.T.);
#4662=ORIENTED_EDGE('',*,*,#6795,.T.);
#4663=ORIENTED_EDGE('',*,*,#6796,.T.);
#4664=ORIENTED_EDGE('',*,*,#6765,.T.);
#4665=ORIENTED_EDGE('',*,*,#6787,.T.);
#4666=ORIENTED_EDGE('',*,*,#6797,.T.);
#4667=ORIENTED_EDGE('',*,*,#6798,.T.);
#4668=ORIENTED_EDGE('',*,*,#6799,.T.);
#4669=ORIENTED_EDGE('',*,*,#6800,.T.);
#4670=ORIENTED_EDGE('',*,*,#6801,.T.);
#4671=ORIENTED_EDGE('',*,*,#6747,.T.);
#4672=ORIENTED_EDGE('',*,*,#6751,.T.);
#4673=ORIENTED_EDGE('',*,*,#6776,.T.);
#4674=ORIENTED_EDGE('',*,*,#6802,.T.);
#4675=ORIENTED_EDGE('',*,*,#6803,.T.);
#4676=ORIENTED_EDGE('',*,*,#6804,.F.);
#4677=ORIENTED_EDGE('',*,*,#6775,.T.);
#4678=ORIENTED_EDGE('',*,*,#6805,.T.);
#4679=ORIENTED_EDGE('',*,*,#6806,.T.);
#4680=ORIENTED_EDGE('',*,*,#6807,.F.);
#4681=ORIENTED_EDGE('',*,*,#6808,.F.);
#4682=ORIENTED_EDGE('',*,*,#6809,.T.);
#4683=ORIENTED_EDGE('',*,*,#6802,.F.);
#4684=ORIENTED_EDGE('',*,*,#6774,.T.);
#4685=ORIENTED_EDGE('',*,*,#6810,.F.);
#4686=ORIENTED_EDGE('',*,*,#6811,.T.);
#4687=ORIENTED_EDGE('',*,*,#6805,.F.);
#4688=ORIENTED_EDGE('',*,*,#6773,.T.);
#4689=ORIENTED_EDGE('',*,*,#6812,.T.);
#4690=ORIENTED_EDGE('',*,*,#6813,.T.);
#4691=ORIENTED_EDGE('',*,*,#6814,.T.);
#4692=ORIENTED_EDGE('',*,*,#6815,.F.);
#4693=ORIENTED_EDGE('',*,*,#6816,.F.);
#4694=ORIENTED_EDGE('',*,*,#6810,.T.);
#4695=ORIENTED_EDGE('',*,*,#6772,.T.);
#4696=ORIENTED_EDGE('',*,*,#6817,.T.);
#4697=ORIENTED_EDGE('',*,*,#6818,.T.);
#4698=ORIENTED_EDGE('',*,*,#6812,.F.);
#4699=ORIENTED_EDGE('',*,*,#6770,.T.);
#4700=ORIENTED_EDGE('',*,*,#6819,.T.);
#4701=ORIENTED_EDGE('',*,*,#6740,.F.);
#4702=ORIENTED_EDGE('',*,*,#6726,.F.);
#4703=ORIENTED_EDGE('',*,*,#6777,.T.);
#4704=ORIENTED_EDGE('',*,*,#6804,.T.);
#4705=ORIENTED_EDGE('',*,*,#6820,.T.);
#4706=ORIENTED_EDGE('',*,*,#6817,.F.);
#4707=ORIENTED_EDGE('',*,*,#6771,.T.);
#4708=ORIENTED_EDGE('',*,*,#6724,.F.);
#4709=ORIENTED_EDGE('',*,*,#6821,.F.);
#4710=ORIENTED_EDGE('',*,*,#6806,.F.);
#4711=ORIENTED_EDGE('',*,*,#6811,.F.);
#4712=ORIENTED_EDGE('',*,*,#6816,.T.);
#4713=ORIENTED_EDGE('',*,*,#6822,.F.);
#4714=ORIENTED_EDGE('',*,*,#6814,.F.);
#4715=ORIENTED_EDGE('',*,*,#6823,.F.);
#4716=ORIENTED_EDGE('',*,*,#6808,.T.);
#4717=ORIENTED_EDGE('',*,*,#6823,.T.);
#4718=ORIENTED_EDGE('',*,*,#6813,.F.);
#4719=ORIENTED_EDGE('',*,*,#6818,.F.);
#4720=ORIENTED_EDGE('',*,*,#6820,.F.);
#4721=ORIENTED_EDGE('',*,*,#6803,.F.);
#4722=ORIENTED_EDGE('',*,*,#6809,.F.);
#4723=ORIENTED_EDGE('',*,*,#6713,.F.);
#4724=ORIENTED_EDGE('',*,*,#6824,.F.);
#4725=ORIENTED_EDGE('',*,*,#6783,.T.);
#4726=ORIENTED_EDGE('',*,*,#6788,.F.);
#4727=ORIENTED_EDGE('',*,*,#6721,.F.);
#4728=ORIENTED_EDGE('',*,*,#6737,.F.);
#4729=ORIENTED_EDGE('',*,*,#6825,.F.);
#4730=ORIENTED_EDGE('',*,*,#6826,.T.);
#4731=ORIENTED_EDGE('',*,*,#6778,.F.);
#4732=ORIENTED_EDGE('',*,*,#6729,.F.);
#4733=ORIENTED_EDGE('',*,*,#6827,.F.);
#4734=ORIENTED_EDGE('',*,*,#6828,.F.);
#4735=ORIENTED_EDGE('',*,*,#6779,.F.);
#4736=ORIENTED_EDGE('',*,*,#6826,.F.);
#4737=ORIENTED_EDGE('',*,*,#6829,.F.);
#4738=ORIENTED_EDGE('',*,*,#6830,.F.);
#4739=ORIENTED_EDGE('',*,*,#6831,.F.);
#4740=ORIENTED_EDGE('',*,*,#6719,.F.);
#4741=ORIENTED_EDGE('',*,*,#6749,.F.);
#4742=ORIENTED_EDGE('',*,*,#6832,.F.);
#4743=ORIENTED_EDGE('',*,*,#6769,.T.);
#4744=ORIENTED_EDGE('',*,*,#6833,.F.);
#4745=ORIENTED_EDGE('',*,*,#6834,.F.);
#4746=ORIENTED_EDGE('',*,*,#6741,.F.);
#4747=ORIENTED_EDGE('',*,*,#6819,.F.);
#4748=ORIENTED_EDGE('',*,*,#6716,.F.);
#4749=ORIENTED_EDGE('',*,*,#6720,.T.);
#4750=ORIENTED_EDGE('',*,*,#6831,.T.);
#4751=ORIENTED_EDGE('',*,*,#6835,.F.);
#4752=ORIENTED_EDGE('',*,*,#6799,.F.);
#4753=ORIENTED_EDGE('',*,*,#6836,.T.);
#4754=ORIENTED_EDGE('',*,*,#6784,.T.);
#4755=ORIENTED_EDGE('',*,*,#6824,.T.);
#4756=ORIENTED_EDGE('',*,*,#6830,.T.);
#4757=ORIENTED_EDGE('',*,*,#6837,.F.);
#4758=ORIENTED_EDGE('',*,*,#6800,.F.);
#4759=ORIENTED_EDGE('',*,*,#6835,.T.);
#4760=ORIENTED_EDGE('',*,*,#6832,.T.);
#4761=ORIENTED_EDGE('',*,*,#6748,.F.);
#4762=ORIENTED_EDGE('',*,*,#6801,.F.);
#4763=ORIENTED_EDGE('',*,*,#6837,.T.);
#4764=ORIENTED_EDGE('',*,*,#6739,.F.);
#4765=ORIENTED_EDGE('',*,*,#6742,.T.);
#4766=ORIENTED_EDGE('',*,*,#6834,.T.);
#4767=ORIENTED_EDGE('',*,*,#6838,.F.);
#4768=ORIENTED_EDGE('',*,*,#6793,.F.);
#4769=ORIENTED_EDGE('',*,*,#6839,.T.);
#4770=ORIENTED_EDGE('',*,*,#6829,.T.);
#4771=ORIENTED_EDGE('',*,*,#6825,.T.);
#4772=ORIENTED_EDGE('',*,*,#6768,.T.);
#4773=ORIENTED_EDGE('',*,*,#6840,.F.);
#4774=ORIENTED_EDGE('',*,*,#6794,.F.);
#4775=ORIENTED_EDGE('',*,*,#6838,.T.);
#4776=ORIENTED_EDGE('',*,*,#6833,.T.);
#4777=ORIENTED_EDGE('',*,*,#6767,.T.);
#4778=ORIENTED_EDGE('',*,*,#6841,.F.);
#4779=ORIENTED_EDGE('',*,*,#6795,.F.);
#4780=ORIENTED_EDGE('',*,*,#6840,.T.);
#4781=ORIENTED_EDGE('',*,*,#6828,.T.);
#4782=ORIENTED_EDGE('',*,*,#6842,.F.);
#4783=ORIENTED_EDGE('',*,*,#6791,.F.);
#4784=ORIENTED_EDGE('',*,*,#6780,.T.);
#4785=ORIENTED_EDGE('',*,*,#6827,.T.);
#4786=ORIENTED_EDGE('',*,*,#6839,.F.);
#4787=ORIENTED_EDGE('',*,*,#6792,.F.);
#4788=ORIENTED_EDGE('',*,*,#6842,.T.);
#4789=ORIENTED_EDGE('',*,*,#6766,.T.);
#4790=ORIENTED_EDGE('',*,*,#6796,.F.);
#4791=ORIENTED_EDGE('',*,*,#6841,.T.);
#4792=ORIENTED_EDGE('',*,*,#6763,.T.);
#4793=ORIENTED_EDGE('',*,*,#6843,.F.);
#4794=ORIENTED_EDGE('',*,*,#6797,.F.);
#4795=ORIENTED_EDGE('',*,*,#6786,.T.);
#4796=ORIENTED_EDGE('',*,*,#6762,.T.);
#4797=ORIENTED_EDGE('',*,*,#6785,.T.);
#4798=ORIENTED_EDGE('',*,*,#6836,.F.);
#4799=ORIENTED_EDGE('',*,*,#6798,.F.);
#4800=ORIENTED_EDGE('',*,*,#6843,.T.);
#4801=ORIENTED_EDGE('',*,*,#6844,.F.);
#4802=ORIENTED_EDGE('',*,*,#6845,.T.);
#4803=ORIENTED_EDGE('',*,*,#6846,.F.);
#4804=ORIENTED_EDGE('',*,*,#6847,.F.);
#4805=ORIENTED_EDGE('',*,*,#6848,.F.);
#4806=ORIENTED_EDGE('',*,*,#6849,.T.);
#4807=ORIENTED_EDGE('',*,*,#6850,.T.);
#4808=ORIENTED_EDGE('',*,*,#6851,.F.);
#4809=ORIENTED_EDGE('',*,*,#6852,.F.);
#4810=ORIENTED_EDGE('',*,*,#6846,.T.);
#4811=ORIENTED_EDGE('',*,*,#6853,.T.);
#4812=ORIENTED_EDGE('',*,*,#6849,.F.);
#4813=ORIENTED_EDGE('',*,*,#6854,.F.);
#4814=ORIENTED_EDGE('',*,*,#6855,.F.);
#4815=ORIENTED_EDGE('',*,*,#6850,.F.);
#4816=ORIENTED_EDGE('',*,*,#6853,.F.);
#4817=ORIENTED_EDGE('',*,*,#6845,.F.);
#4818=ORIENTED_EDGE('',*,*,#6856,.F.);
#4819=ORIENTED_EDGE('',*,*,#6857,.F.);
#4820=ORIENTED_EDGE('',*,*,#6858,.F.);
#4821=ORIENTED_EDGE('',*,*,#6859,.F.);
#4822=ORIENTED_EDGE('',*,*,#6860,.F.);
#4823=ORIENTED_EDGE('',*,*,#6861,.F.);
#4824=ORIENTED_EDGE('',*,*,#6862,.T.);
#4825=ORIENTED_EDGE('',*,*,#6863,.F.);
#4826=ORIENTED_EDGE('',*,*,#6864,.F.);
#4827=ORIENTED_EDGE('',*,*,#6865,.T.);
#4828=ORIENTED_EDGE('',*,*,#6866,.T.);
#4829=ORIENTED_EDGE('',*,*,#6867,.F.);
#4830=ORIENTED_EDGE('',*,*,#6868,.F.);
#4831=ORIENTED_EDGE('',*,*,#6863,.T.);
#4832=ORIENTED_EDGE('',*,*,#6869,.T.);
#4833=ORIENTED_EDGE('',*,*,#6865,.F.);
#4834=ORIENTED_EDGE('',*,*,#6869,.F.);
#4835=ORIENTED_EDGE('',*,*,#6862,.F.);
#4836=ORIENTED_EDGE('',*,*,#6870,.F.);
#4837=ORIENTED_EDGE('',*,*,#6866,.F.);
#4838=ORIENTED_EDGE('',*,*,#6871,.F.);
#4839=ORIENTED_EDGE('',*,*,#6872,.F.);
#4840=ORIENTED_EDGE('',*,*,#6873,.F.);
#4841=ORIENTED_EDGE('',*,*,#6874,.F.);
#4842=ORIENTED_EDGE('',*,*,#6847,.T.);
#4843=ORIENTED_EDGE('',*,*,#6852,.T.);
#4844=ORIENTED_EDGE('',*,*,#6848,.T.);
#4845=ORIENTED_EDGE('',*,*,#6875,.T.);
#4846=ORIENTED_EDGE('',*,*,#6876,.T.);
#4847=ORIENTED_EDGE('',*,*,#6877,.T.);
#4848=ORIENTED_EDGE('',*,*,#6878,.T.);
#4849=ORIENTED_EDGE('',*,*,#6879,.T.);
#4850=ORIENTED_EDGE('',*,*,#6858,.T.);
#4851=ORIENTED_EDGE('',*,*,#6880,.T.);
#4852=ORIENTED_EDGE('',*,*,#6881,.T.);
#4853=ORIENTED_EDGE('',*,*,#6882,.F.);
#4854=ORIENTED_EDGE('',*,*,#6857,.T.);
#4855=ORIENTED_EDGE('',*,*,#6883,.T.);
#4856=ORIENTED_EDGE('',*,*,#6884,.T.);
#4857=ORIENTED_EDGE('',*,*,#6880,.F.);
#4858=ORIENTED_EDGE('',*,*,#6867,.T.);
#4859=ORIENTED_EDGE('',*,*,#6870,.T.);
#4860=ORIENTED_EDGE('',*,*,#6861,.T.);
#4861=ORIENTED_EDGE('',*,*,#6885,.F.);
#4862=ORIENTED_EDGE('',*,*,#6886,.T.);
#4863=ORIENTED_EDGE('',*,*,#6887,.T.);
#4864=ORIENTED_EDGE('',*,*,#6888,.T.);
#4865=ORIENTED_EDGE('',*,*,#6889,.F.);
#4866=ORIENTED_EDGE('',*,*,#6873,.T.);
#4867=ORIENTED_EDGE('',*,*,#6890,.T.);
#4868=ORIENTED_EDGE('',*,*,#6891,.T.);
#4869=ORIENTED_EDGE('',*,*,#6892,.F.);
#4870=ORIENTED_EDGE('',*,*,#6872,.T.);
#4871=ORIENTED_EDGE('',*,*,#6893,.T.);
#4872=ORIENTED_EDGE('',*,*,#6894,.T.);
#4873=ORIENTED_EDGE('',*,*,#6890,.F.);
#4874=ORIENTED_EDGE('',*,*,#6871,.T.);
#4875=ORIENTED_EDGE('',*,*,#6895,.T.);
#4876=ORIENTED_EDGE('',*,*,#6896,.T.);
#4877=ORIENTED_EDGE('',*,*,#6893,.F.);
#4878=ORIENTED_EDGE('',*,*,#6874,.T.);
#4879=ORIENTED_EDGE('',*,*,#6892,.T.);
#4880=ORIENTED_EDGE('',*,*,#6897,.T.);
#4881=ORIENTED_EDGE('',*,*,#6895,.F.);
#4882=ORIENTED_EDGE('',*,*,#6894,.F.);
#4883=ORIENTED_EDGE('',*,*,#6896,.F.);
#4884=ORIENTED_EDGE('',*,*,#6897,.F.);
#4885=ORIENTED_EDGE('',*,*,#6891,.F.);
#4886=ORIENTED_EDGE('',*,*,#6856,.T.);
#4887=ORIENTED_EDGE('',*,*,#6898,.T.);
#4888=ORIENTED_EDGE('',*,*,#6899,.T.);
#4889=ORIENTED_EDGE('',*,*,#6883,.F.);
#4890=ORIENTED_EDGE('',*,*,#6859,.T.);
#4891=ORIENTED_EDGE('',*,*,#6882,.T.);
#4892=ORIENTED_EDGE('',*,*,#6900,.T.);
#4893=ORIENTED_EDGE('',*,*,#6898,.F.);
#4894=ORIENTED_EDGE('',*,*,#6884,.F.);
#4895=ORIENTED_EDGE('',*,*,#6899,.F.);
#4896=ORIENTED_EDGE('',*,*,#6900,.F.);
#4897=ORIENTED_EDGE('',*,*,#6881,.F.);
#4898=ORIENTED_EDGE('',*,*,#6901,.F.);
#4899=ORIENTED_EDGE('',*,*,#6902,.F.);
#4900=ORIENTED_EDGE('',*,*,#6903,.F.);
#4901=ORIENTED_EDGE('',*,*,#6904,.F.);
#4902=ORIENTED_EDGE('',*,*,#6903,.T.);
#4903=ORIENTED_EDGE('',*,*,#6905,.T.);
#4904=ORIENTED_EDGE('',*,*,#6906,.T.);
#4905=ORIENTED_EDGE('',*,*,#6907,.F.);
#4906=ORIENTED_EDGE('',*,*,#6908,.F.);
#4907=ORIENTED_EDGE('',*,*,#6909,.F.);
#4908=ORIENTED_EDGE('',*,*,#6906,.F.);
#4909=ORIENTED_EDGE('',*,*,#6910,.F.);
#4910=ORIENTED_EDGE('',*,*,#6821,.T.);
#4911=ORIENTED_EDGE('',*,*,#6815,.T.);
#4912=ORIENTED_EDGE('',*,*,#6822,.T.);
#4913=ORIENTED_EDGE('',*,*,#6807,.T.);
#4914=ORIENTED_EDGE('',*,*,#6911,.F.);
#4915=ORIENTED_EDGE('',*,*,#6912,.F.);
#4916=ORIENTED_EDGE('',*,*,#6904,.T.);
#4917=ORIENTED_EDGE('',*,*,#6907,.T.);
#4918=ORIENTED_EDGE('',*,*,#6909,.T.);
#4919=ORIENTED_EDGE('',*,*,#6913,.F.);
#4920=ORIENTED_EDGE('',*,*,#6914,.F.);
#4921=ORIENTED_EDGE('',*,*,#6915,.T.);
#4922=ORIENTED_EDGE('',*,*,#6910,.T.);
#4923=ORIENTED_EDGE('',*,*,#6905,.F.);
#4924=ORIENTED_EDGE('',*,*,#6902,.T.);
#4925=ORIENTED_EDGE('',*,*,#6916,.F.);
#4926=ORIENTED_EDGE('',*,*,#6917,.F.);
#4927=ORIENTED_EDGE('',*,*,#6918,.T.);
#4928=ORIENTED_EDGE('',*,*,#6919,.F.);
#4929=ORIENTED_EDGE('',*,*,#6920,.F.);
#4930=ORIENTED_EDGE('',*,*,#6921,.F.);
#4931=ORIENTED_EDGE('',*,*,#6913,.T.);
#4932=ORIENTED_EDGE('',*,*,#6908,.T.);
#4933=ORIENTED_EDGE('',*,*,#6915,.F.);
#4934=ORIENTED_EDGE('',*,*,#6922,.F.);
#4935=ORIENTED_EDGE('',*,*,#6923,.T.);
#4936=ORIENTED_EDGE('',*,*,#6924,.T.);
#4937=ORIENTED_EDGE('',*,*,#6918,.F.);
#4938=ORIENTED_EDGE('',*,*,#6925,.F.);
#4939=ORIENTED_EDGE('',*,*,#6926,.T.);
#4940=ORIENTED_EDGE('',*,*,#6927,.T.);
#4941=ORIENTED_EDGE('',*,*,#6923,.F.);
#4942=ORIENTED_EDGE('',*,*,#6928,.F.);
#4943=ORIENTED_EDGE('',*,*,#6920,.T.);
#4944=ORIENTED_EDGE('',*,*,#6929,.T.);
#4945=ORIENTED_EDGE('',*,*,#6926,.F.);
#4946=ORIENTED_EDGE('',*,*,#6919,.T.);
#4947=ORIENTED_EDGE('',*,*,#6924,.F.);
#4948=ORIENTED_EDGE('',*,*,#6927,.F.);
#4949=ORIENTED_EDGE('',*,*,#6929,.F.);
#4950=ORIENTED_EDGE('',*,*,#6930,.F.);
#4951=ORIENTED_EDGE('',*,*,#6931,.F.);
#4952=ORIENTED_EDGE('',*,*,#6932,.F.);
#4953=ORIENTED_EDGE('',*,*,#6933,.F.);
#4954=ORIENTED_EDGE('',*,*,#6888,.F.);
#4955=ORIENTED_EDGE('',*,*,#6934,.F.);
#4956=ORIENTED_EDGE('',*,*,#6935,.F.);
#4957=ORIENTED_EDGE('',*,*,#6877,.F.);
#4958=ORIENTED_EDGE('',*,*,#6912,.T.);
#4959=ORIENTED_EDGE('',*,*,#6936,.F.);
#4960=ORIENTED_EDGE('',*,*,#6937,.F.);
#4961=ORIENTED_EDGE('',*,*,#6938,.F.);
#4962=ORIENTED_EDGE('',*,*,#6939,.F.);
#4963=ORIENTED_EDGE('',*,*,#6940,.F.);
#4964=ORIENTED_EDGE('',*,*,#6916,.T.);
#4965=ORIENTED_EDGE('',*,*,#6901,.T.);
#4966=ORIENTED_EDGE('',*,*,#6864,.T.);
#4967=ORIENTED_EDGE('',*,*,#6889,.T.);
#4968=ORIENTED_EDGE('',*,*,#6933,.T.);
#4969=ORIENTED_EDGE('',*,*,#6941,.T.);
#4970=ORIENTED_EDGE('',*,*,#6942,.T.);
#4971=ORIENTED_EDGE('',*,*,#6943,.T.);
#4972=ORIENTED_EDGE('',*,*,#6885,.T.);
#4973=ORIENTED_EDGE('',*,*,#6860,.T.);
#4974=ORIENTED_EDGE('',*,*,#6868,.T.);
#4975=ORIENTED_EDGE('',*,*,#6911,.T.);
#4976=ORIENTED_EDGE('',*,*,#6921,.T.);
#4977=ORIENTED_EDGE('',*,*,#6928,.T.);
#4978=ORIENTED_EDGE('',*,*,#6925,.T.);
#4979=ORIENTED_EDGE('',*,*,#6922,.T.);
#4980=ORIENTED_EDGE('',*,*,#6917,.T.);
#4981=ORIENTED_EDGE('',*,*,#6914,.T.);
#4982=ORIENTED_EDGE('',*,*,#6940,.T.);
#4983=ORIENTED_EDGE('',*,*,#6944,.T.);
#4984=ORIENTED_EDGE('',*,*,#6945,.F.);
#4985=ORIENTED_EDGE('',*,*,#6946,.F.);
#4986=ORIENTED_EDGE('',*,*,#6947,.F.);
#4987=ORIENTED_EDGE('',*,*,#6934,.T.);
#4988=ORIENTED_EDGE('',*,*,#6887,.F.);
#4989=ORIENTED_EDGE('',*,*,#6948,.F.);
#4990=ORIENTED_EDGE('',*,*,#6949,.F.);
#4991=ORIENTED_EDGE('',*,*,#6950,.T.);
#4992=ORIENTED_EDGE('',*,*,#6936,.T.);
#4993=ORIENTED_EDGE('',*,*,#6951,.F.);
#4994=ORIENTED_EDGE('',*,*,#6952,.F.);
#4995=ORIENTED_EDGE('',*,*,#6953,.F.);
#4996=ORIENTED_EDGE('',*,*,#6932,.T.);
#4997=ORIENTED_EDGE('',*,*,#6710,.F.);
#4998=ORIENTED_EDGE('',*,*,#6937,.T.);
#4999=ORIENTED_EDGE('',*,*,#6950,.F.);
#5000=ORIENTED_EDGE('',*,*,#6954,.F.);
#5001=ORIENTED_EDGE('',*,*,#6941,.F.);
#5002=ORIENTED_EDGE('',*,*,#6938,.T.);
#5003=ORIENTED_EDGE('',*,*,#6709,.T.);
#5004=ORIENTED_EDGE('',*,*,#6703,.F.);
#5005=ORIENTED_EDGE('',*,*,#6688,.F.);
#5006=ORIENTED_EDGE('',*,*,#6930,.T.);
#5007=ORIENTED_EDGE('',*,*,#6876,.F.);
#5008=ORIENTED_EDGE('',*,*,#6955,.F.);
#5009=ORIENTED_EDGE('',*,*,#6944,.F.);
#5010=ORIENTED_EDGE('',*,*,#6939,.T.);
#5011=ORIENTED_EDGE('',*,*,#6687,.F.);
#5012=ORIENTED_EDGE('',*,*,#6931,.T.);
#5013=ORIENTED_EDGE('',*,*,#6686,.T.);
#5014=ORIENTED_EDGE('',*,*,#6708,.F.);
#5015=ORIENTED_EDGE('',*,*,#6711,.F.);
#5016=ORIENTED_EDGE('',*,*,#6954,.T.);
#5017=ORIENTED_EDGE('',*,*,#6949,.T.);
#5018=ORIENTED_EDGE('',*,*,#6956,.F.);
#5019=ORIENTED_EDGE('',*,*,#6942,.F.);
#5020=ORIENTED_EDGE('',*,*,#6943,.F.);
#5021=ORIENTED_EDGE('',*,*,#6956,.T.);
#5022=ORIENTED_EDGE('',*,*,#6948,.T.);
#5023=ORIENTED_EDGE('',*,*,#6886,.F.);
#5024=ORIENTED_EDGE('',*,*,#6935,.T.);
#5025=ORIENTED_EDGE('',*,*,#6947,.T.);
#5026=ORIENTED_EDGE('',*,*,#6957,.F.);
#5027=ORIENTED_EDGE('',*,*,#6878,.F.);
#5028=ORIENTED_EDGE('',*,*,#6844,.T.);
#5029=ORIENTED_EDGE('',*,*,#6879,.F.);
#5030=ORIENTED_EDGE('',*,*,#6957,.T.);
#5031=ORIENTED_EDGE('',*,*,#6946,.T.);
#5032=ORIENTED_EDGE('',*,*,#6958,.F.);
#5033=ORIENTED_EDGE('',*,*,#6854,.T.);
#5034=ORIENTED_EDGE('',*,*,#6855,.T.);
#5035=ORIENTED_EDGE('',*,*,#6958,.T.);
#5036=ORIENTED_EDGE('',*,*,#6945,.T.);
#5037=ORIENTED_EDGE('',*,*,#6955,.T.);
#5038=ORIENTED_EDGE('',*,*,#6875,.F.);
#5039=ORIENTED_EDGE('',*,*,#6851,.T.);
#5040=ORIENTED_EDGE('',*,*,#6952,.T.);
#5041=ORIENTED_EDGE('',*,*,#6959,.F.);
#5042=ORIENTED_EDGE('',*,*,#6960,.F.);
#5043=ORIENTED_EDGE('',*,*,#6959,.T.);
#5044=ORIENTED_EDGE('',*,*,#6953,.T.);
#5045=ORIENTED_EDGE('',*,*,#6961,.F.);
#5046=ORIENTED_EDGE('',*,*,#6962,.F.);
#5047=ORIENTED_EDGE('',*,*,#6961,.T.);
#5048=ORIENTED_EDGE('',*,*,#6962,.T.);
#5049=ORIENTED_EDGE('',*,*,#6960,.T.);
#5050=ORIENTED_EDGE('',*,*,#6706,.F.);
#5051=ORIENTED_EDGE('',*,*,#6692,.T.);
#5052=ORIENTED_EDGE('',*,*,#6790,.F.);
#5053=ORIENTED_EDGE('',*,*,#6701,.F.);
#5054=ORIENTED_EDGE('',*,*,#6705,.F.);
#5055=ORIENTED_EDGE('',*,*,#6698,.T.);
#5056=ORIENTED_EDGE('',*,*,#6789,.F.);
#5057=ORIENTED_EDGE('',*,*,#6695,.F.);
#5058=ORIENTED_EDGE('',*,*,#6963,.T.);
#5059=ORIENTED_EDGE('',*,*,#6964,.T.);
#5060=ORIENTED_EDGE('',*,*,#6965,.F.);
#5061=ORIENTED_EDGE('',*,*,#6966,.T.);
#5062=ORIENTED_EDGE('',*,*,#6965,.T.);
#5063=ORIENTED_EDGE('',*,*,#6951,.T.);
#5064=ORIENTED_EDGE('',*,*,#6967,.T.);
#5065=ORIENTED_EDGE('',*,*,#6963,.F.);
#5066=ORIENTED_EDGE('',*,*,#6964,.F.);
#5067=ORIENTED_EDGE('',*,*,#6967,.F.);
#5068=ORIENTED_EDGE('',*,*,#6966,.F.);
#5069=ORIENTED_EDGE('',*,*,#6968,.T.);
#5070=ORIENTED_EDGE('',*,*,#6969,.T.);
#5071=ORIENTED_EDGE('',*,*,#6970,.T.);
#5072=ORIENTED_EDGE('',*,*,#6971,.T.);
#5073=ORIENTED_EDGE('',*,*,#6969,.F.);
#5074=ORIENTED_EDGE('',*,*,#6972,.T.);
#5075=ORIENTED_EDGE('',*,*,#6973,.F.);
#5076=ORIENTED_EDGE('',*,*,#6974,.T.);
#5077=ORIENTED_EDGE('',*,*,#6968,.F.);
#5078=ORIENTED_EDGE('',*,*,#6975,.F.);
#5079=ORIENTED_EDGE('',*,*,#6976,.F.);
#5080=ORIENTED_EDGE('',*,*,#6977,.T.);
#5081=ORIENTED_EDGE('',*,*,#6978,.F.);
#5082=ORIENTED_EDGE('',*,*,#6972,.F.);
#5083=ORIENTED_EDGE('',*,*,#6979,.T.);
#5084=ORIENTED_EDGE('',*,*,#6973,.T.);
#5085=ORIENTED_EDGE('',*,*,#6978,.T.);
#5086=ORIENTED_EDGE('',*,*,#6980,.T.);
#5087=ORIENTED_EDGE('',*,*,#6970,.F.);
#5088=ORIENTED_EDGE('',*,*,#6974,.F.);
#5089=ORIENTED_EDGE('',*,*,#6979,.F.);
#5090=ORIENTED_EDGE('',*,*,#6981,.F.);
#5091=ORIENTED_EDGE('',*,*,#6982,.F.);
#5092=ORIENTED_EDGE('',*,*,#6983,.T.);
#5093=ORIENTED_EDGE('',*,*,#6980,.F.);
#5094=ORIENTED_EDGE('',*,*,#6977,.F.);
#5095=ORIENTED_EDGE('',*,*,#6984,.F.);
#5096=ORIENTED_EDGE('',*,*,#6981,.T.);
#5097=ORIENTED_EDGE('',*,*,#6971,.F.);
#5098=ORIENTED_EDGE('',*,*,#6983,.F.);
#5099=ORIENTED_EDGE('',*,*,#6985,.F.);
#5100=ORIENTED_EDGE('',*,*,#6975,.T.);
#5101=ORIENTED_EDGE('',*,*,#6982,.T.);
#5102=ORIENTED_EDGE('',*,*,#6984,.T.);
#5103=ORIENTED_EDGE('',*,*,#6976,.T.);
#5104=ORIENTED_EDGE('',*,*,#6985,.T.);
#5105=ORIENTED_EDGE('',*,*,#6986,.T.);
#5106=ORIENTED_EDGE('',*,*,#6987,.T.);
#5107=ORIENTED_EDGE('',*,*,#6988,.T.);
#5108=ORIENTED_EDGE('',*,*,#6989,.T.);
#5109=ORIENTED_EDGE('',*,*,#6988,.F.);
#5110=ORIENTED_EDGE('',*,*,#6990,.F.);
#5111=ORIENTED_EDGE('',*,*,#6991,.F.);
#5112=ORIENTED_EDGE('',*,*,#6992,.F.);
#5113=ORIENTED_EDGE('',*,*,#6993,.F.);
#5114=ORIENTED_EDGE('',*,*,#6994,.T.);
#5115=ORIENTED_EDGE('',*,*,#6987,.F.);
#5116=ORIENTED_EDGE('',*,*,#6995,.T.);
#5117=ORIENTED_EDGE('',*,*,#6996,.F.);
#5118=ORIENTED_EDGE('',*,*,#6990,.T.);
#5119=ORIENTED_EDGE('',*,*,#6991,.T.);
#5120=ORIENTED_EDGE('',*,*,#6996,.T.);
#5121=ORIENTED_EDGE('',*,*,#6997,.T.);
#5122=ORIENTED_EDGE('',*,*,#6998,.T.);
#5123=ORIENTED_EDGE('',*,*,#6998,.F.);
#5124=ORIENTED_EDGE('',*,*,#6999,.F.);
#5125=ORIENTED_EDGE('',*,*,#7000,.F.);
#5126=ORIENTED_EDGE('',*,*,#6992,.T.);
#5127=ORIENTED_EDGE('',*,*,#6986,.F.);
#5128=ORIENTED_EDGE('',*,*,#7001,.F.);
#5129=ORIENTED_EDGE('',*,*,#7002,.F.);
#5130=ORIENTED_EDGE('',*,*,#6999,.T.);
#5131=ORIENTED_EDGE('',*,*,#6997,.F.);
#5132=ORIENTED_EDGE('',*,*,#6995,.F.);
#5133=ORIENTED_EDGE('',*,*,#6989,.F.);
#5134=ORIENTED_EDGE('',*,*,#6994,.F.);
#5135=ORIENTED_EDGE('',*,*,#7003,.F.);
#5136=ORIENTED_EDGE('',*,*,#7001,.T.);
#5137=ORIENTED_EDGE('',*,*,#7003,.T.);
#5138=ORIENTED_EDGE('',*,*,#6993,.T.);
#5139=ORIENTED_EDGE('',*,*,#7000,.T.);
#5140=ORIENTED_EDGE('',*,*,#7002,.T.);
#5141=ORIENTED_EDGE('',*,*,#7004,.T.);
#5142=ORIENTED_EDGE('',*,*,#7005,.T.);
#5143=ORIENTED_EDGE('',*,*,#7006,.T.);
#5144=ORIENTED_EDGE('',*,*,#7007,.T.);
#5145=ORIENTED_EDGE('',*,*,#7008,.T.);
#5146=ORIENTED_EDGE('',*,*,#7009,.T.);
#5147=ORIENTED_EDGE('',*,*,#7010,.T.);
#5148=ORIENTED_EDGE('',*,*,#7011,.T.);
#5149=ORIENTED_EDGE('',*,*,#7005,.F.);
#5150=ORIENTED_EDGE('',*,*,#7012,.T.);
#5151=ORIENTED_EDGE('',*,*,#7013,.T.);
#5152=ORIENTED_EDGE('',*,*,#7014,.T.);
#5153=ORIENTED_EDGE('',*,*,#7015,.T.);
#5154=ORIENTED_EDGE('',*,*,#7010,.F.);
#5155=ORIENTED_EDGE('',*,*,#7016,.T.);
#5156=ORIENTED_EDGE('',*,*,#7017,.T.);
#5157=ORIENTED_EDGE('',*,*,#7018,.T.);
#5158=ORIENTED_EDGE('',*,*,#7013,.F.);
#5159=ORIENTED_EDGE('',*,*,#7019,.T.);
#5160=ORIENTED_EDGE('',*,*,#7020,.T.);
#5161=ORIENTED_EDGE('',*,*,#7021,.T.);
#5162=ORIENTED_EDGE('',*,*,#7022,.T.);
#5163=ORIENTED_EDGE('',*,*,#7017,.F.);
#5164=ORIENTED_EDGE('',*,*,#7023,.T.);
#5165=ORIENTED_EDGE('',*,*,#7024,.T.);
#5166=ORIENTED_EDGE('',*,*,#7025,.T.);
#5167=ORIENTED_EDGE('',*,*,#7020,.F.);
#5168=ORIENTED_EDGE('',*,*,#7026,.T.);
#5169=ORIENTED_EDGE('',*,*,#7027,.T.);
#5170=ORIENTED_EDGE('',*,*,#7028,.T.);
#5171=ORIENTED_EDGE('',*,*,#7024,.F.);
#5172=ORIENTED_EDGE('',*,*,#7029,.F.);
#5173=ORIENTED_EDGE('',*,*,#7030,.T.);
#5174=ORIENTED_EDGE('',*,*,#7031,.T.);
#5175=ORIENTED_EDGE('',*,*,#7008,.F.);
#5176=ORIENTED_EDGE('',*,*,#7026,.F.);
#5177=ORIENTED_EDGE('',*,*,#7023,.F.);
#5178=ORIENTED_EDGE('',*,*,#7019,.F.);
#5179=ORIENTED_EDGE('',*,*,#7016,.F.);
#5180=ORIENTED_EDGE('',*,*,#7012,.F.);
#5181=ORIENTED_EDGE('',*,*,#7009,.F.);
#5182=ORIENTED_EDGE('',*,*,#7004,.F.);
#5183=ORIENTED_EDGE('',*,*,#7031,.F.);
#5184=ORIENTED_EDGE('',*,*,#7032,.F.);
#5185=ORIENTED_EDGE('',*,*,#7033,.F.);
#5186=ORIENTED_EDGE('',*,*,#7034,.F.);
#5187=ORIENTED_EDGE('',*,*,#7035,.F.);
#5188=ORIENTED_EDGE('',*,*,#7030,.F.);
#5189=ORIENTED_EDGE('',*,*,#7036,.T.);
#5190=ORIENTED_EDGE('',*,*,#7037,.T.);
#5191=ORIENTED_EDGE('',*,*,#7038,.T.);
#5192=ORIENTED_EDGE('',*,*,#7032,.T.);
#5193=ORIENTED_EDGE('',*,*,#7029,.T.);
#5194=ORIENTED_EDGE('',*,*,#7007,.F.);
#5195=ORIENTED_EDGE('',*,*,#7039,.T.);
#5196=ORIENTED_EDGE('',*,*,#7036,.F.);
#5197=ORIENTED_EDGE('',*,*,#7006,.F.);
#5198=ORIENTED_EDGE('',*,*,#7040,.F.);
#5199=ORIENTED_EDGE('',*,*,#7041,.F.);
#5200=ORIENTED_EDGE('',*,*,#7042,.T.);
#5201=ORIENTED_EDGE('',*,*,#7011,.F.);
#5202=ORIENTED_EDGE('',*,*,#7043,.F.);
#5203=ORIENTED_EDGE('',*,*,#7044,.F.);
#5204=ORIENTED_EDGE('',*,*,#7040,.T.);
#5205=ORIENTED_EDGE('',*,*,#7015,.F.);
#5206=ORIENTED_EDGE('',*,*,#7045,.F.);
#5207=ORIENTED_EDGE('',*,*,#7046,.F.);
#5208=ORIENTED_EDGE('',*,*,#7043,.T.);
#5209=ORIENTED_EDGE('',*,*,#7022,.F.);
#5210=ORIENTED_EDGE('',*,*,#7047,.T.);
#5211=ORIENTED_EDGE('',*,*,#7014,.F.);
#5212=ORIENTED_EDGE('',*,*,#7018,.F.);
#5213=ORIENTED_EDGE('',*,*,#7021,.F.);
#5214=ORIENTED_EDGE('',*,*,#7048,.F.);
#5215=ORIENTED_EDGE('',*,*,#7049,.F.);
#5216=ORIENTED_EDGE('',*,*,#7050,.T.);
#5217=ORIENTED_EDGE('',*,*,#7027,.F.);
#5218=ORIENTED_EDGE('',*,*,#7035,.T.);
#5219=ORIENTED_EDGE('',*,*,#7051,.T.);
#5220=ORIENTED_EDGE('',*,*,#7052,.T.);
#5221=ORIENTED_EDGE('',*,*,#7034,.T.);
#5222=ORIENTED_EDGE('',*,*,#7053,.F.);
#5223=ORIENTED_EDGE('',*,*,#7054,.T.);
#5224=ORIENTED_EDGE('',*,*,#7051,.F.);
#5225=ORIENTED_EDGE('',*,*,#7052,.F.);
#5226=ORIENTED_EDGE('',*,*,#7055,.F.);
#5227=ORIENTED_EDGE('',*,*,#7056,.F.);
#5228=ORIENTED_EDGE('',*,*,#7057,.T.);
#5229=ORIENTED_EDGE('',*,*,#7054,.F.);
#5230=ORIENTED_EDGE('',*,*,#7058,.F.);
#5231=ORIENTED_EDGE('',*,*,#7059,.F.);
#5232=ORIENTED_EDGE('',*,*,#7055,.T.);
#5233=ORIENTED_EDGE('',*,*,#7038,.F.);
#5234=ORIENTED_EDGE('',*,*,#7060,.T.);
#5235=ORIENTED_EDGE('',*,*,#7053,.T.);
#5236=ORIENTED_EDGE('',*,*,#7033,.T.);
#5237=ORIENTED_EDGE('',*,*,#7060,.F.);
#5238=ORIENTED_EDGE('',*,*,#7061,.F.);
#5239=ORIENTED_EDGE('',*,*,#7062,.F.);
#5240=ORIENTED_EDGE('',*,*,#7058,.T.);
#5241=ORIENTED_EDGE('',*,*,#7037,.F.);
#5242=ORIENTED_EDGE('',*,*,#7063,.F.);
#5243=ORIENTED_EDGE('',*,*,#7064,.F.);
#5244=ORIENTED_EDGE('',*,*,#7061,.T.);
#5245=ORIENTED_EDGE('',*,*,#7039,.F.);
#5246=ORIENTED_EDGE('',*,*,#7042,.F.);
#5247=ORIENTED_EDGE('',*,*,#7065,.F.);
#5248=ORIENTED_EDGE('',*,*,#7063,.T.);
#5249=ORIENTED_EDGE('',*,*,#7066,.F.);
#5250=ORIENTED_EDGE('',*,*,#7067,.T.);
#5251=ORIENTED_EDGE('',*,*,#7068,.F.);
#5252=ORIENTED_EDGE('',*,*,#7069,.F.);
#5253=ORIENTED_EDGE('',*,*,#7070,.F.);
#5254=ORIENTED_EDGE('',*,*,#7069,.T.);
#5255=ORIENTED_EDGE('',*,*,#7071,.F.);
#5256=ORIENTED_EDGE('',*,*,#7072,.F.);
#5257=ORIENTED_EDGE('',*,*,#7073,.F.);
#5258=ORIENTED_EDGE('',*,*,#7072,.T.);
#5259=ORIENTED_EDGE('',*,*,#7074,.F.);
#5260=ORIENTED_EDGE('',*,*,#7075,.F.);
#5261=ORIENTED_EDGE('',*,*,#7076,.F.);
#5262=ORIENTED_EDGE('',*,*,#7075,.T.);
#5263=ORIENTED_EDGE('',*,*,#7077,.F.);
#5264=ORIENTED_EDGE('',*,*,#7078,.F.);
#5265=ORIENTED_EDGE('',*,*,#7079,.F.);
#5266=ORIENTED_EDGE('',*,*,#7078,.T.);
#5267=ORIENTED_EDGE('',*,*,#7080,.F.);
#5268=ORIENTED_EDGE('',*,*,#7081,.F.);
#5269=ORIENTED_EDGE('',*,*,#7082,.T.);
#5270=ORIENTED_EDGE('',*,*,#7083,.T.);
#5271=ORIENTED_EDGE('',*,*,#7080,.T.);
#5272=ORIENTED_EDGE('',*,*,#7077,.T.);
#5273=ORIENTED_EDGE('',*,*,#7074,.T.);
#5274=ORIENTED_EDGE('',*,*,#7071,.T.);
#5275=ORIENTED_EDGE('',*,*,#7068,.T.);
#5276=ORIENTED_EDGE('',*,*,#7084,.T.);
#5277=ORIENTED_EDGE('',*,*,#7085,.F.);
#5278=ORIENTED_EDGE('',*,*,#7086,.T.);
#5279=ORIENTED_EDGE('',*,*,#7087,.F.);
#5280=ORIENTED_EDGE('',*,*,#7088,.F.);
#5281=ORIENTED_EDGE('',*,*,#7089,.F.);
#5282=ORIENTED_EDGE('',*,*,#7088,.T.);
#5283=ORIENTED_EDGE('',*,*,#7090,.F.);
#5284=ORIENTED_EDGE('',*,*,#7091,.F.);
#5285=ORIENTED_EDGE('',*,*,#7092,.F.);
#5286=ORIENTED_EDGE('',*,*,#7091,.T.);
#5287=ORIENTED_EDGE('',*,*,#7093,.F.);
#5288=ORIENTED_EDGE('',*,*,#7094,.F.);
#5289=ORIENTED_EDGE('',*,*,#7095,.F.);
#5290=ORIENTED_EDGE('',*,*,#7094,.T.);
#5291=ORIENTED_EDGE('',*,*,#7096,.F.);
#5292=ORIENTED_EDGE('',*,*,#7097,.F.);
#5293=ORIENTED_EDGE('',*,*,#7098,.F.);
#5294=ORIENTED_EDGE('',*,*,#7097,.T.);
#5295=ORIENTED_EDGE('',*,*,#7099,.F.);
#5296=ORIENTED_EDGE('',*,*,#7100,.F.);
#5297=ORIENTED_EDGE('',*,*,#7101,.T.);
#5298=ORIENTED_EDGE('',*,*,#7102,.T.);
#5299=ORIENTED_EDGE('',*,*,#7099,.T.);
#5300=ORIENTED_EDGE('',*,*,#7096,.T.);
#5301=ORIENTED_EDGE('',*,*,#7093,.T.);
#5302=ORIENTED_EDGE('',*,*,#7090,.T.);
#5303=ORIENTED_EDGE('',*,*,#7087,.T.);
#5304=ORIENTED_EDGE('',*,*,#7103,.T.);
#5305=ORIENTED_EDGE('',*,*,#7047,.F.);
#5306=ORIENTED_EDGE('',*,*,#7050,.F.);
#5307=ORIENTED_EDGE('',*,*,#7104,.F.);
#5308=ORIENTED_EDGE('',*,*,#7045,.T.);
#5309=ORIENTED_EDGE('',*,*,#7025,.F.);
#5310=ORIENTED_EDGE('',*,*,#7105,.F.);
#5311=ORIENTED_EDGE('',*,*,#7106,.F.);
#5312=ORIENTED_EDGE('',*,*,#7048,.T.);
#5313=ORIENTED_EDGE('',*,*,#7028,.F.);
#5314=ORIENTED_EDGE('',*,*,#7057,.F.);
#5315=ORIENTED_EDGE('',*,*,#7107,.F.);
#5316=ORIENTED_EDGE('',*,*,#7105,.T.);
#5317=ORIENTED_EDGE('',*,*,#7108,.F.);
#5318=ORIENTED_EDGE('',*,*,#7109,.F.);
#5319=ORIENTED_EDGE('',*,*,#7110,.T.);
#5320=ORIENTED_EDGE('',*,*,#7084,.F.);
#5321=ORIENTED_EDGE('',*,*,#7067,.F.);
#5322=ORIENTED_EDGE('',*,*,#7111,.F.);
#5323=ORIENTED_EDGE('',*,*,#7100,.T.);
#5324=ORIENTED_EDGE('',*,*,#7102,.F.);
#5325=ORIENTED_EDGE('',*,*,#7110,.F.);
#5326=ORIENTED_EDGE('',*,*,#7112,.F.);
#5327=ORIENTED_EDGE('',*,*,#7113,.T.);
#5328=ORIENTED_EDGE('',*,*,#7082,.F.);
#5329=ORIENTED_EDGE('',*,*,#7113,.F.);
#5330=ORIENTED_EDGE('',*,*,#7114,.F.);
#5331=ORIENTED_EDGE('',*,*,#7115,.F.);
#5332=ORIENTED_EDGE('',*,*,#7103,.F.);
#5333=ORIENTED_EDGE('',*,*,#7086,.F.);
#5334=ORIENTED_EDGE('',*,*,#7116,.F.);
#5335=ORIENTED_EDGE('',*,*,#7081,.T.);
#5336=ORIENTED_EDGE('',*,*,#7083,.F.);
#5337=ORIENTED_EDGE('',*,*,#7115,.T.);
#5338=ORIENTED_EDGE('',*,*,#7117,.F.);
#5339=ORIENTED_EDGE('',*,*,#7108,.T.);
#5340=ORIENTED_EDGE('',*,*,#7101,.F.);
#5341=ORIENTED_EDGE('',*,*,#7079,.T.);
#5342=ORIENTED_EDGE('',*,*,#7116,.T.);
#5343=ORIENTED_EDGE('',*,*,#7085,.T.);
#5344=ORIENTED_EDGE('',*,*,#7089,.T.);
#5345=ORIENTED_EDGE('',*,*,#7092,.T.);
#5346=ORIENTED_EDGE('',*,*,#7095,.T.);
#5347=ORIENTED_EDGE('',*,*,#7098,.T.);
#5348=ORIENTED_EDGE('',*,*,#7111,.T.);
#5349=ORIENTED_EDGE('',*,*,#7066,.T.);
#5350=ORIENTED_EDGE('',*,*,#7070,.T.);
#5351=ORIENTED_EDGE('',*,*,#7073,.T.);
#5352=ORIENTED_EDGE('',*,*,#7076,.T.);
#5353=ORIENTED_EDGE('',*,*,#7065,.T.);
#5354=ORIENTED_EDGE('',*,*,#7041,.T.);
#5355=ORIENTED_EDGE('',*,*,#7044,.T.);
#5356=ORIENTED_EDGE('',*,*,#7046,.T.);
#5357=ORIENTED_EDGE('',*,*,#7104,.T.);
#5358=ORIENTED_EDGE('',*,*,#7049,.T.);
#5359=ORIENTED_EDGE('',*,*,#7106,.T.);
#5360=ORIENTED_EDGE('',*,*,#7107,.T.);
#5361=ORIENTED_EDGE('',*,*,#7056,.T.);
#5362=ORIENTED_EDGE('',*,*,#7059,.T.);
#5363=ORIENTED_EDGE('',*,*,#7062,.T.);
#5364=ORIENTED_EDGE('',*,*,#7064,.T.);
#5365=ORIENTED_EDGE('',*,*,#7117,.T.);
#5366=ORIENTED_EDGE('',*,*,#7114,.T.);
#5367=ORIENTED_EDGE('',*,*,#7112,.T.);
#5368=ORIENTED_EDGE('',*,*,#7109,.T.);
#5369=ORIENTED_EDGE('',*,*,#7118,.T.);
#5370=ORIENTED_EDGE('',*,*,#7119,.T.);
#5371=ORIENTED_EDGE('',*,*,#7120,.T.);
#5372=ORIENTED_EDGE('',*,*,#7121,.T.);
#5373=ORIENTED_EDGE('',*,*,#7122,.T.);
#5374=ORIENTED_EDGE('',*,*,#7123,.T.);
#5375=ORIENTED_EDGE('',*,*,#7124,.T.);
#5376=ORIENTED_EDGE('',*,*,#7125,.F.);
#5377=ORIENTED_EDGE('',*,*,#7126,.T.);
#5378=ORIENTED_EDGE('',*,*,#7127,.T.);
#5379=ORIENTED_EDGE('',*,*,#7128,.T.);
#5380=ORIENTED_EDGE('',*,*,#7129,.F.);
#5381=ORIENTED_EDGE('',*,*,#7130,.T.);
#5382=ORIENTED_EDGE('',*,*,#7131,.T.);
#5383=ORIENTED_EDGE('',*,*,#7132,.T.);
#5384=ORIENTED_EDGE('',*,*,#7133,.T.);
#5385=ORIENTED_EDGE('',*,*,#7134,.F.);
#5386=ORIENTED_EDGE('',*,*,#7135,.T.);
#5387=ORIENTED_EDGE('',*,*,#7136,.F.);
#5388=ORIENTED_EDGE('',*,*,#7137,.T.);
#5389=ORIENTED_EDGE('',*,*,#7138,.F.);
#5390=ORIENTED_EDGE('',*,*,#7139,.F.);
#5391=ORIENTED_EDGE('',*,*,#7140,.F.);
#5392=ORIENTED_EDGE('',*,*,#7141,.F.);
#5393=ORIENTED_EDGE('',*,*,#7129,.T.);
#5394=ORIENTED_EDGE('',*,*,#7142,.T.);
#5395=ORIENTED_EDGE('',*,*,#7133,.F.);
#5396=ORIENTED_EDGE('',*,*,#7143,.T.);
#5397=ORIENTED_EDGE('',*,*,#7121,.F.);
#5398=ORIENTED_EDGE('',*,*,#7144,.T.);
#5399=ORIENTED_EDGE('',*,*,#7125,.T.);
#5400=ORIENTED_EDGE('',*,*,#7145,.T.);
#5401=ORIENTED_EDGE('',*,*,#7146,.F.);
#5402=ORIENTED_EDGE('',*,*,#7147,.F.);
#5403=ORIENTED_EDGE('',*,*,#7148,.F.);
#5404=ORIENTED_EDGE('',*,*,#7149,.F.);
#5405=ORIENTED_EDGE('',*,*,#7150,.T.);
#5406=ORIENTED_EDGE('',*,*,#7151,.T.);
#5407=ORIENTED_EDGE('',*,*,#7152,.T.);
#5408=ORIENTED_EDGE('',*,*,#7153,.T.);
#5409=ORIENTED_EDGE('',*,*,#7154,.T.);
#5410=ORIENTED_EDGE('',*,*,#7155,.T.);
#5411=ORIENTED_EDGE('',*,*,#7156,.T.);
#5412=ORIENTED_EDGE('',*,*,#7157,.T.);
#5413=ORIENTED_EDGE('',*,*,#7128,.F.);
#5414=ORIENTED_EDGE('',*,*,#7158,.T.);
#5415=ORIENTED_EDGE('',*,*,#7130,.F.);
#5416=ORIENTED_EDGE('',*,*,#7142,.F.);
#5417=ORIENTED_EDGE('',*,*,#7124,.F.);
#5418=ORIENTED_EDGE('',*,*,#7159,.T.);
#5419=ORIENTED_EDGE('',*,*,#7126,.F.);
#5420=ORIENTED_EDGE('',*,*,#7145,.F.);
#5421=ORIENTED_EDGE('',*,*,#7132,.F.);
#5422=ORIENTED_EDGE('',*,*,#7160,.T.);
#5423=ORIENTED_EDGE('',*,*,#7118,.F.);
#5424=ORIENTED_EDGE('',*,*,#7143,.F.);
#5425=ORIENTED_EDGE('',*,*,#7120,.F.);
#5426=ORIENTED_EDGE('',*,*,#7161,.T.);
#5427=ORIENTED_EDGE('',*,*,#7122,.F.);
#5428=ORIENTED_EDGE('',*,*,#7144,.F.);
#5429=ORIENTED_EDGE('',*,*,#7162,.F.);
#5430=ORIENTED_EDGE('',*,*,#7123,.F.);
#5431=ORIENTED_EDGE('',*,*,#7163,.F.);
#5432=ORIENTED_EDGE('',*,*,#7154,.F.);
#5433=ORIENTED_EDGE('',*,*,#7163,.T.);
#5434=ORIENTED_EDGE('',*,*,#7161,.F.);
#5435=ORIENTED_EDGE('',*,*,#7164,.F.);
#5436=ORIENTED_EDGE('',*,*,#7155,.F.);
#5437=ORIENTED_EDGE('',*,*,#7162,.T.);
#5438=ORIENTED_EDGE('',*,*,#7153,.F.);
#5439=ORIENTED_EDGE('',*,*,#7165,.F.);
#5440=ORIENTED_EDGE('',*,*,#7159,.F.);
#5441=ORIENTED_EDGE('',*,*,#7164,.T.);
#5442=ORIENTED_EDGE('',*,*,#7119,.F.);
#5443=ORIENTED_EDGE('',*,*,#7166,.F.);
#5444=ORIENTED_EDGE('',*,*,#7156,.F.);
#5445=ORIENTED_EDGE('',*,*,#7165,.T.);
#5446=ORIENTED_EDGE('',*,*,#7152,.F.);
#5447=ORIENTED_EDGE('',*,*,#7167,.F.);
#5448=ORIENTED_EDGE('',*,*,#7127,.F.);
#5449=ORIENTED_EDGE('',*,*,#7166,.T.);
#5450=ORIENTED_EDGE('',*,*,#7160,.F.);
#5451=ORIENTED_EDGE('',*,*,#7168,.F.);
#5452=ORIENTED_EDGE('',*,*,#7157,.F.);
#5453=ORIENTED_EDGE('',*,*,#7167,.T.);
#5454=ORIENTED_EDGE('',*,*,#7151,.F.);
#5455=ORIENTED_EDGE('',*,*,#7169,.F.);
#5456=ORIENTED_EDGE('',*,*,#7158,.F.);
#5457=ORIENTED_EDGE('',*,*,#7168,.T.);
#5458=ORIENTED_EDGE('',*,*,#7131,.F.);
#5459=ORIENTED_EDGE('',*,*,#7169,.T.);
#5460=ORIENTED_EDGE('',*,*,#7150,.F.);
#5461=ORIENTED_EDGE('',*,*,#7139,.T.);
#5462=ORIENTED_EDGE('',*,*,#7170,.F.);
#5463=ORIENTED_EDGE('',*,*,#7171,.T.);
#5464=ORIENTED_EDGE('',*,*,#7172,.F.);
#5465=ORIENTED_EDGE('',*,*,#7173,.F.);
#5466=ORIENTED_EDGE('',*,*,#7174,.F.);
#5467=ORIENTED_EDGE('',*,*,#7175,.F.);
#5468=ORIENTED_EDGE('',*,*,#7137,.F.);
#5469=ORIENTED_EDGE('',*,*,#7176,.F.);
#5470=ORIENTED_EDGE('',*,*,#7177,.F.);
#5471=ORIENTED_EDGE('',*,*,#7178,.F.);
#5472=ORIENTED_EDGE('',*,*,#7135,.F.);
#5473=ORIENTED_EDGE('',*,*,#7141,.T.);
#5474=ORIENTED_EDGE('',*,*,#7179,.F.);
#5475=ORIENTED_EDGE('',*,*,#7180,.T.);
#5476=ORIENTED_EDGE('',*,*,#7181,.F.);
#5477=ORIENTED_EDGE('',*,*,#7182,.T.);
#5478=ORIENTED_EDGE('',*,*,#7183,.T.);
#5479=ORIENTED_EDGE('',*,*,#7184,.T.);
#5480=ORIENTED_EDGE('',*,*,#7185,.T.);
#5481=ORIENTED_EDGE('',*,*,#7180,.F.);
#5482=ORIENTED_EDGE('',*,*,#7186,.F.);
#5483=ORIENTED_EDGE('',*,*,#7171,.F.);
#5484=ORIENTED_EDGE('',*,*,#7187,.F.);
#5485=ORIENTED_EDGE('',*,*,#7174,.T.);
#5486=ORIENTED_EDGE('',*,*,#7188,.F.);
#5487=ORIENTED_EDGE('',*,*,#7177,.T.);
#5488=ORIENTED_EDGE('',*,*,#7189,.F.);
#5489=ORIENTED_EDGE('',*,*,#7134,.T.);
#5490=ORIENTED_EDGE('',*,*,#7181,.T.);
#5491=ORIENTED_EDGE('',*,*,#7189,.T.);
#5492=ORIENTED_EDGE('',*,*,#7176,.T.);
#5493=ORIENTED_EDGE('',*,*,#7136,.T.);
#5494=ORIENTED_EDGE('',*,*,#7178,.T.);
#5495=ORIENTED_EDGE('',*,*,#7188,.T.);
#5496=ORIENTED_EDGE('',*,*,#7173,.T.);
#5497=ORIENTED_EDGE('',*,*,#7140,.T.);
#5498=ORIENTED_EDGE('',*,*,#7172,.T.);
#5499=ORIENTED_EDGE('',*,*,#7186,.T.);
#5500=ORIENTED_EDGE('',*,*,#7179,.T.);
#5501=ORIENTED_EDGE('',*,*,#7138,.T.);
#5502=ORIENTED_EDGE('',*,*,#7175,.T.);
#5503=ORIENTED_EDGE('',*,*,#7187,.T.);
#5504=ORIENTED_EDGE('',*,*,#7170,.T.);
#5505=ORIENTED_EDGE('',*,*,#7185,.F.);
#5506=ORIENTED_EDGE('',*,*,#7190,.F.);
#5507=ORIENTED_EDGE('',*,*,#7191,.T.);
#5508=ORIENTED_EDGE('',*,*,#7190,.T.);
#5509=ORIENTED_EDGE('',*,*,#7184,.F.);
#5510=ORIENTED_EDGE('',*,*,#7192,.F.);
#5511=ORIENTED_EDGE('',*,*,#7193,.T.);
#5512=ORIENTED_EDGE('',*,*,#7192,.T.);
#5513=ORIENTED_EDGE('',*,*,#7183,.F.);
#5514=ORIENTED_EDGE('',*,*,#7194,.F.);
#5515=ORIENTED_EDGE('',*,*,#7195,.T.);
#5516=ORIENTED_EDGE('',*,*,#7194,.T.);
#5517=ORIENTED_EDGE('',*,*,#7182,.F.);
#5518=ORIENTED_EDGE('',*,*,#7196,.F.);
#5519=ORIENTED_EDGE('',*,*,#7197,.T.);
#5520=ORIENTED_EDGE('',*,*,#7196,.T.);
#5521=ORIENTED_EDGE('',*,*,#7197,.F.);
#5522=ORIENTED_EDGE('',*,*,#7146,.T.);
#5523=ORIENTED_EDGE('',*,*,#7195,.F.);
#5524=ORIENTED_EDGE('',*,*,#7147,.T.);
#5525=ORIENTED_EDGE('',*,*,#7193,.F.);
#5526=ORIENTED_EDGE('',*,*,#7148,.T.);
#5527=ORIENTED_EDGE('',*,*,#7191,.F.);
#5528=ORIENTED_EDGE('',*,*,#7149,.T.);
#5529=ORIENTED_EDGE('',*,*,#7198,.T.);
#5530=ORIENTED_EDGE('',*,*,#7199,.T.);
#5531=ORIENTED_EDGE('',*,*,#7200,.F.);
#5532=ORIENTED_EDGE('',*,*,#7199,.F.);
#5533=ORIENTED_EDGE('',*,*,#7201,.T.);
#5534=ORIENTED_EDGE('',*,*,#7202,.F.);
#5535=ORIENTED_EDGE('',*,*,#7198,.F.);
#5536=ORIENTED_EDGE('',*,*,#7202,.T.);
#5537=ORIENTED_EDGE('',*,*,#7203,.F.);
#5538=ORIENTED_EDGE('',*,*,#7200,.T.);
#5539=ORIENTED_EDGE('',*,*,#7203,.T.);
#5540=ORIENTED_EDGE('',*,*,#7204,.F.);
#5541=ORIENTED_EDGE('',*,*,#7201,.F.);
#5542=ORIENTED_EDGE('',*,*,#7205,.T.);
#5543=ORIENTED_EDGE('',*,*,#7206,.T.);
#5544=ORIENTED_EDGE('',*,*,#7204,.T.);
#5545=ORIENTED_EDGE('',*,*,#7207,.T.);
#5546=ORIENTED_EDGE('',*,*,#7205,.F.);
#5547=ORIENTED_EDGE('',*,*,#7208,.T.);
#5548=ORIENTED_EDGE('',*,*,#7209,.T.);
#5549=ORIENTED_EDGE('',*,*,#7208,.F.);
#5550=ORIENTED_EDGE('',*,*,#7206,.F.);
#5551=ORIENTED_EDGE('',*,*,#7210,.T.);
#5552=ORIENTED_EDGE('',*,*,#7211,.T.);
#5553=ORIENTED_EDGE('',*,*,#7210,.F.);
#5554=ORIENTED_EDGE('',*,*,#7212,.F.);
#5555=ORIENTED_EDGE('',*,*,#7213,.T.);
#5556=ORIENTED_EDGE('',*,*,#7207,.F.);
#5557=ORIENTED_EDGE('',*,*,#7213,.F.);
#5558=ORIENTED_EDGE('',*,*,#7214,.T.);
#5559=ORIENTED_EDGE('',*,*,#7215,.F.);
#5560=ORIENTED_EDGE('',*,*,#7209,.F.);
#5561=ORIENTED_EDGE('',*,*,#7215,.T.);
#5562=ORIENTED_EDGE('',*,*,#7216,.T.);
#5563=ORIENTED_EDGE('',*,*,#7217,.F.);
#5564=ORIENTED_EDGE('',*,*,#7211,.F.);
#5565=ORIENTED_EDGE('',*,*,#7217,.T.);
#5566=ORIENTED_EDGE('',*,*,#7212,.T.);
#5567=ORIENTED_EDGE('',*,*,#7214,.F.);
#5568=ORIENTED_EDGE('',*,*,#7216,.F.);
#5569=ORIENTED_EDGE('',*,*,#7218,.T.);
#5570=ORIENTED_EDGE('',*,*,#7219,.T.);
#5571=ORIENTED_EDGE('',*,*,#7220,.F.);
#5572=ORIENTED_EDGE('',*,*,#7221,.F.);
#5573=ORIENTED_EDGE('',*,*,#7222,.T.);
#5574=ORIENTED_EDGE('',*,*,#7223,.T.);
#5575=ORIENTED_EDGE('',*,*,#7218,.F.);
#5576=ORIENTED_EDGE('',*,*,#7224,.F.);
#5577=ORIENTED_EDGE('',*,*,#7220,.T.);
#5578=ORIENTED_EDGE('',*,*,#7225,.T.);
#5579=ORIENTED_EDGE('',*,*,#7226,.F.);
#5580=ORIENTED_EDGE('',*,*,#7227,.F.);
#5581=ORIENTED_EDGE('',*,*,#7227,.T.);
#5582=ORIENTED_EDGE('',*,*,#7228,.T.);
#5583=ORIENTED_EDGE('',*,*,#7224,.T.);
#5584=ORIENTED_EDGE('',*,*,#7221,.T.);
#5585=ORIENTED_EDGE('',*,*,#7229,.F.);
#5586=ORIENTED_EDGE('',*,*,#7230,.F.);
#5587=ORIENTED_EDGE('',*,*,#7231,.F.);
#5588=ORIENTED_EDGE('',*,*,#7232,.F.);
#5589=ORIENTED_EDGE('',*,*,#7233,.F.);
#5590=ORIENTED_EDGE('',*,*,#7234,.F.);
#5591=ORIENTED_EDGE('',*,*,#7235,.F.);
#5592=ORIENTED_EDGE('',*,*,#7236,.F.);
#5593=ORIENTED_EDGE('',*,*,#7237,.F.);
#5594=ORIENTED_EDGE('',*,*,#7238,.F.);
#5595=ORIENTED_EDGE('',*,*,#7239,.F.);
#5596=ORIENTED_EDGE('',*,*,#7240,.F.);
#5597=ORIENTED_EDGE('',*,*,#7241,.F.);
#5598=ORIENTED_EDGE('',*,*,#7242,.F.);
#5599=ORIENTED_EDGE('',*,*,#7243,.F.);
#5600=ORIENTED_EDGE('',*,*,#7244,.F.);
#5601=ORIENTED_EDGE('',*,*,#7245,.F.);
#5602=ORIENTED_EDGE('',*,*,#7246,.F.);
#5603=ORIENTED_EDGE('',*,*,#7247,.F.);
#5604=ORIENTED_EDGE('',*,*,#7248,.F.);
#5605=ORIENTED_EDGE('',*,*,#7249,.F.);
#5606=ORIENTED_EDGE('',*,*,#7250,.F.);
#5607=ORIENTED_EDGE('',*,*,#7251,.F.);
#5608=ORIENTED_EDGE('',*,*,#7252,.F.);
#5609=ORIENTED_EDGE('',*,*,#7253,.F.);
#5610=ORIENTED_EDGE('',*,*,#7254,.F.);
#5611=ORIENTED_EDGE('',*,*,#7255,.F.);
#5612=ORIENTED_EDGE('',*,*,#7256,.F.);
#5613=ORIENTED_EDGE('',*,*,#7257,.F.);
#5614=ORIENTED_EDGE('',*,*,#7258,.F.);
#5615=ORIENTED_EDGE('',*,*,#7259,.F.);
#5616=ORIENTED_EDGE('',*,*,#7260,.F.);
#5617=ORIENTED_EDGE('',*,*,#7261,.F.);
#5618=ORIENTED_EDGE('',*,*,#7262,.F.);
#5619=ORIENTED_EDGE('',*,*,#7263,.F.);
#5620=ORIENTED_EDGE('',*,*,#7264,.F.);
#5621=ORIENTED_EDGE('',*,*,#7265,.F.);
#5622=ORIENTED_EDGE('',*,*,#7266,.F.);
#5623=ORIENTED_EDGE('',*,*,#7267,.F.);
#5624=ORIENTED_EDGE('',*,*,#7268,.F.);
#5625=ORIENTED_EDGE('',*,*,#7269,.F.);
#5626=ORIENTED_EDGE('',*,*,#7270,.F.);
#5627=ORIENTED_EDGE('',*,*,#7271,.F.);
#5628=ORIENTED_EDGE('',*,*,#7272,.F.);
#5629=ORIENTED_EDGE('',*,*,#7273,.F.);
#5630=ORIENTED_EDGE('',*,*,#7274,.F.);
#5631=ORIENTED_EDGE('',*,*,#7275,.F.);
#5632=ORIENTED_EDGE('',*,*,#7276,.F.);
#5633=ORIENTED_EDGE('',*,*,#7219,.F.);
#5634=ORIENTED_EDGE('',*,*,#7223,.F.);
#5635=ORIENTED_EDGE('',*,*,#7277,.F.);
#5636=ORIENTED_EDGE('',*,*,#7225,.F.);
#5637=ORIENTED_EDGE('',*,*,#7278,.T.);
#5638=ORIENTED_EDGE('',*,*,#7279,.T.);
#5639=ORIENTED_EDGE('',*,*,#7280,.T.);
#5640=ORIENTED_EDGE('',*,*,#7281,.T.);
#5641=ORIENTED_EDGE('',*,*,#7282,.T.);
#5642=ORIENTED_EDGE('',*,*,#7283,.T.);
#5643=ORIENTED_EDGE('',*,*,#7284,.T.);
#5644=ORIENTED_EDGE('',*,*,#7285,.T.);
#5645=ORIENTED_EDGE('',*,*,#7286,.T.);
#5646=ORIENTED_EDGE('',*,*,#7287,.T.);
#5647=ORIENTED_EDGE('',*,*,#7288,.T.);
#5648=ORIENTED_EDGE('',*,*,#7289,.T.);
#5649=ORIENTED_EDGE('',*,*,#7290,.T.);
#5650=ORIENTED_EDGE('',*,*,#7291,.T.);
#5651=ORIENTED_EDGE('',*,*,#7292,.T.);
#5652=ORIENTED_EDGE('',*,*,#7293,.T.);
#5653=ORIENTED_EDGE('',*,*,#7294,.T.);
#5654=ORIENTED_EDGE('',*,*,#7295,.T.);
#5655=ORIENTED_EDGE('',*,*,#7296,.T.);
#5656=ORIENTED_EDGE('',*,*,#7297,.T.);
#5657=ORIENTED_EDGE('',*,*,#7298,.T.);
#5658=ORIENTED_EDGE('',*,*,#7299,.T.);
#5659=ORIENTED_EDGE('',*,*,#7300,.T.);
#5660=ORIENTED_EDGE('',*,*,#7301,.T.);
#5661=ORIENTED_EDGE('',*,*,#7302,.T.);
#5662=ORIENTED_EDGE('',*,*,#7303,.T.);
#5663=ORIENTED_EDGE('',*,*,#7304,.T.);
#5664=ORIENTED_EDGE('',*,*,#7305,.T.);
#5665=ORIENTED_EDGE('',*,*,#7306,.T.);
#5666=ORIENTED_EDGE('',*,*,#7307,.T.);
#5667=ORIENTED_EDGE('',*,*,#7308,.T.);
#5668=ORIENTED_EDGE('',*,*,#7309,.T.);
#5669=ORIENTED_EDGE('',*,*,#7310,.T.);
#5670=ORIENTED_EDGE('',*,*,#7311,.T.);
#5671=ORIENTED_EDGE('',*,*,#7312,.T.);
#5672=ORIENTED_EDGE('',*,*,#7313,.T.);
#5673=ORIENTED_EDGE('',*,*,#7314,.T.);
#5674=ORIENTED_EDGE('',*,*,#7315,.T.);
#5675=ORIENTED_EDGE('',*,*,#7316,.T.);
#5676=ORIENTED_EDGE('',*,*,#7317,.T.);
#5677=ORIENTED_EDGE('',*,*,#7318,.T.);
#5678=ORIENTED_EDGE('',*,*,#7319,.T.);
#5679=ORIENTED_EDGE('',*,*,#7320,.T.);
#5680=ORIENTED_EDGE('',*,*,#7321,.T.);
#5681=ORIENTED_EDGE('',*,*,#7322,.T.);
#5682=ORIENTED_EDGE('',*,*,#7323,.T.);
#5683=ORIENTED_EDGE('',*,*,#7324,.T.);
#5684=ORIENTED_EDGE('',*,*,#7325,.T.);
#5685=ORIENTED_EDGE('',*,*,#7226,.T.);
#5686=ORIENTED_EDGE('',*,*,#7277,.T.);
#5687=ORIENTED_EDGE('',*,*,#7222,.F.);
#5688=ORIENTED_EDGE('',*,*,#7228,.F.);
#5689=ORIENTED_EDGE('',*,*,#7229,.T.);
#5690=ORIENTED_EDGE('',*,*,#7326,.T.);
#5691=ORIENTED_EDGE('',*,*,#7278,.F.);
#5692=ORIENTED_EDGE('',*,*,#7326,.F.);
#5693=ORIENTED_EDGE('',*,*,#7230,.T.);
#5694=ORIENTED_EDGE('',*,*,#7327,.T.);
#5695=ORIENTED_EDGE('',*,*,#7279,.F.);
#5696=ORIENTED_EDGE('',*,*,#7327,.F.);
#5697=ORIENTED_EDGE('',*,*,#7231,.T.);
#5698=ORIENTED_EDGE('',*,*,#7328,.T.);
#5699=ORIENTED_EDGE('',*,*,#7280,.F.);
#5700=ORIENTED_EDGE('',*,*,#7328,.F.);
#5701=ORIENTED_EDGE('',*,*,#7232,.T.);
#5702=ORIENTED_EDGE('',*,*,#7329,.T.);
#5703=ORIENTED_EDGE('',*,*,#7281,.F.);
#5704=ORIENTED_EDGE('',*,*,#7329,.F.);
#5705=ORIENTED_EDGE('',*,*,#7233,.T.);
#5706=ORIENTED_EDGE('',*,*,#7330,.T.);
#5707=ORIENTED_EDGE('',*,*,#7282,.F.);
#5708=ORIENTED_EDGE('',*,*,#7330,.F.);
#5709=ORIENTED_EDGE('',*,*,#7234,.T.);
#5710=ORIENTED_EDGE('',*,*,#7331,.T.);
#5711=ORIENTED_EDGE('',*,*,#7283,.F.);
#5712=ORIENTED_EDGE('',*,*,#7331,.F.);
#5713=ORIENTED_EDGE('',*,*,#7235,.T.);
#5714=ORIENTED_EDGE('',*,*,#7332,.T.);
#5715=ORIENTED_EDGE('',*,*,#7284,.F.);
#5716=ORIENTED_EDGE('',*,*,#7332,.F.);
#5717=ORIENTED_EDGE('',*,*,#7236,.T.);
#5718=ORIENTED_EDGE('',*,*,#7333,.T.);
#5719=ORIENTED_EDGE('',*,*,#7285,.F.);
#5720=ORIENTED_EDGE('',*,*,#7333,.F.);
#5721=ORIENTED_EDGE('',*,*,#7237,.T.);
#5722=ORIENTED_EDGE('',*,*,#7334,.T.);
#5723=ORIENTED_EDGE('',*,*,#7286,.F.);
#5724=ORIENTED_EDGE('',*,*,#7334,.F.);
#5725=ORIENTED_EDGE('',*,*,#7238,.T.);
#5726=ORIENTED_EDGE('',*,*,#7335,.T.);
#5727=ORIENTED_EDGE('',*,*,#7287,.F.);
#5728=ORIENTED_EDGE('',*,*,#7335,.F.);
#5729=ORIENTED_EDGE('',*,*,#7239,.T.);
#5730=ORIENTED_EDGE('',*,*,#7336,.T.);
#5731=ORIENTED_EDGE('',*,*,#7288,.F.);
#5732=ORIENTED_EDGE('',*,*,#7336,.F.);
#5733=ORIENTED_EDGE('',*,*,#7240,.T.);
#5734=ORIENTED_EDGE('',*,*,#7337,.T.);
#5735=ORIENTED_EDGE('',*,*,#7289,.F.);
#5736=ORIENTED_EDGE('',*,*,#7337,.F.);
#5737=ORIENTED_EDGE('',*,*,#7241,.T.);
#5738=ORIENTED_EDGE('',*,*,#7338,.T.);
#5739=ORIENTED_EDGE('',*,*,#7290,.F.);
#5740=ORIENTED_EDGE('',*,*,#7338,.F.);
#5741=ORIENTED_EDGE('',*,*,#7242,.T.);
#5742=ORIENTED_EDGE('',*,*,#7339,.T.);
#5743=ORIENTED_EDGE('',*,*,#7291,.F.);
#5744=ORIENTED_EDGE('',*,*,#7339,.F.);
#5745=ORIENTED_EDGE('',*,*,#7243,.T.);
#5746=ORIENTED_EDGE('',*,*,#7340,.T.);
#5747=ORIENTED_EDGE('',*,*,#7292,.F.);
#5748=ORIENTED_EDGE('',*,*,#7340,.F.);
#5749=ORIENTED_EDGE('',*,*,#7244,.T.);
#5750=ORIENTED_EDGE('',*,*,#7341,.T.);
#5751=ORIENTED_EDGE('',*,*,#7293,.F.);
#5752=ORIENTED_EDGE('',*,*,#7341,.F.);
#5753=ORIENTED_EDGE('',*,*,#7245,.T.);
#5754=ORIENTED_EDGE('',*,*,#7342,.T.);
#5755=ORIENTED_EDGE('',*,*,#7294,.F.);
#5756=ORIENTED_EDGE('',*,*,#7342,.F.);
#5757=ORIENTED_EDGE('',*,*,#7246,.T.);
#5758=ORIENTED_EDGE('',*,*,#7343,.T.);
#5759=ORIENTED_EDGE('',*,*,#7295,.F.);
#5760=ORIENTED_EDGE('',*,*,#7343,.F.);
#5761=ORIENTED_EDGE('',*,*,#7247,.T.);
#5762=ORIENTED_EDGE('',*,*,#7344,.T.);
#5763=ORIENTED_EDGE('',*,*,#7296,.F.);
#5764=ORIENTED_EDGE('',*,*,#7344,.F.);
#5765=ORIENTED_EDGE('',*,*,#7248,.T.);
#5766=ORIENTED_EDGE('',*,*,#7345,.T.);
#5767=ORIENTED_EDGE('',*,*,#7297,.F.);
#5768=ORIENTED_EDGE('',*,*,#7345,.F.);
#5769=ORIENTED_EDGE('',*,*,#7249,.T.);
#5770=ORIENTED_EDGE('',*,*,#7346,.T.);
#5771=ORIENTED_EDGE('',*,*,#7298,.F.);
#5772=ORIENTED_EDGE('',*,*,#7346,.F.);
#5773=ORIENTED_EDGE('',*,*,#7250,.T.);
#5774=ORIENTED_EDGE('',*,*,#7347,.T.);
#5775=ORIENTED_EDGE('',*,*,#7299,.F.);
#5776=ORIENTED_EDGE('',*,*,#7347,.F.);
#5777=ORIENTED_EDGE('',*,*,#7251,.T.);
#5778=ORIENTED_EDGE('',*,*,#7348,.T.);
#5779=ORIENTED_EDGE('',*,*,#7300,.F.);
#5780=ORIENTED_EDGE('',*,*,#7348,.F.);
#5781=ORIENTED_EDGE('',*,*,#7252,.T.);
#5782=ORIENTED_EDGE('',*,*,#7349,.T.);
#5783=ORIENTED_EDGE('',*,*,#7301,.F.);
#5784=ORIENTED_EDGE('',*,*,#7349,.F.);
#5785=ORIENTED_EDGE('',*,*,#7253,.T.);
#5786=ORIENTED_EDGE('',*,*,#7350,.T.);
#5787=ORIENTED_EDGE('',*,*,#7302,.F.);
#5788=ORIENTED_EDGE('',*,*,#7350,.F.);
#5789=ORIENTED_EDGE('',*,*,#7254,.T.);
#5790=ORIENTED_EDGE('',*,*,#7351,.T.);
#5791=ORIENTED_EDGE('',*,*,#7303,.F.);
#5792=ORIENTED_EDGE('',*,*,#7351,.F.);
#5793=ORIENTED_EDGE('',*,*,#7255,.T.);
#5794=ORIENTED_EDGE('',*,*,#7352,.T.);
#5795=ORIENTED_EDGE('',*,*,#7304,.F.);
#5796=ORIENTED_EDGE('',*,*,#7352,.F.);
#5797=ORIENTED_EDGE('',*,*,#7256,.T.);
#5798=ORIENTED_EDGE('',*,*,#7353,.T.);
#5799=ORIENTED_EDGE('',*,*,#7305,.F.);
#5800=ORIENTED_EDGE('',*,*,#7353,.F.);
#5801=ORIENTED_EDGE('',*,*,#7257,.T.);
#5802=ORIENTED_EDGE('',*,*,#7354,.T.);
#5803=ORIENTED_EDGE('',*,*,#7306,.F.);
#5804=ORIENTED_EDGE('',*,*,#7354,.F.);
#5805=ORIENTED_EDGE('',*,*,#7258,.T.);
#5806=ORIENTED_EDGE('',*,*,#7355,.T.);
#5807=ORIENTED_EDGE('',*,*,#7307,.F.);
#5808=ORIENTED_EDGE('',*,*,#7355,.F.);
#5809=ORIENTED_EDGE('',*,*,#7259,.T.);
#5810=ORIENTED_EDGE('',*,*,#7356,.T.);
#5811=ORIENTED_EDGE('',*,*,#7308,.F.);
#5812=ORIENTED_EDGE('',*,*,#7356,.F.);
#5813=ORIENTED_EDGE('',*,*,#7260,.T.);
#5814=ORIENTED_EDGE('',*,*,#7357,.T.);
#5815=ORIENTED_EDGE('',*,*,#7309,.F.);
#5816=ORIENTED_EDGE('',*,*,#7357,.F.);
#5817=ORIENTED_EDGE('',*,*,#7261,.T.);
#5818=ORIENTED_EDGE('',*,*,#7358,.T.);
#5819=ORIENTED_EDGE('',*,*,#7310,.F.);
#5820=ORIENTED_EDGE('',*,*,#7358,.F.);
#5821=ORIENTED_EDGE('',*,*,#7262,.T.);
#5822=ORIENTED_EDGE('',*,*,#7359,.T.);
#5823=ORIENTED_EDGE('',*,*,#7311,.F.);
#5824=ORIENTED_EDGE('',*,*,#7359,.F.);
#5825=ORIENTED_EDGE('',*,*,#7263,.T.);
#5826=ORIENTED_EDGE('',*,*,#7360,.T.);
#5827=ORIENTED_EDGE('',*,*,#7312,.F.);
#5828=ORIENTED_EDGE('',*,*,#7360,.F.);
#5829=ORIENTED_EDGE('',*,*,#7264,.T.);
#5830=ORIENTED_EDGE('',*,*,#7361,.T.);
#5831=ORIENTED_EDGE('',*,*,#7313,.F.);
#5832=ORIENTED_EDGE('',*,*,#7361,.F.);
#5833=ORIENTED_EDGE('',*,*,#7265,.T.);
#5834=ORIENTED_EDGE('',*,*,#7362,.T.);
#5835=ORIENTED_EDGE('',*,*,#7314,.F.);
#5836=ORIENTED_EDGE('',*,*,#7362,.F.);
#5837=ORIENTED_EDGE('',*,*,#7266,.T.);
#5838=ORIENTED_EDGE('',*,*,#7363,.T.);
#5839=ORIENTED_EDGE('',*,*,#7315,.F.);
#5840=ORIENTED_EDGE('',*,*,#7363,.F.);
#5841=ORIENTED_EDGE('',*,*,#7267,.T.);
#5842=ORIENTED_EDGE('',*,*,#7364,.T.);
#5843=ORIENTED_EDGE('',*,*,#7316,.F.);
#5844=ORIENTED_EDGE('',*,*,#7364,.F.);
#5845=ORIENTED_EDGE('',*,*,#7268,.T.);
#5846=ORIENTED_EDGE('',*,*,#7365,.T.);
#5847=ORIENTED_EDGE('',*,*,#7317,.F.);
#5848=ORIENTED_EDGE('',*,*,#7365,.F.);
#5849=ORIENTED_EDGE('',*,*,#7269,.T.);
#5850=ORIENTED_EDGE('',*,*,#7366,.T.);
#5851=ORIENTED_EDGE('',*,*,#7318,.F.);
#5852=ORIENTED_EDGE('',*,*,#7366,.F.);
#5853=ORIENTED_EDGE('',*,*,#7270,.T.);
#5854=ORIENTED_EDGE('',*,*,#7367,.T.);
#5855=ORIENTED_EDGE('',*,*,#7319,.F.);
#5856=ORIENTED_EDGE('',*,*,#7367,.F.);
#5857=ORIENTED_EDGE('',*,*,#7271,.T.);
#5858=ORIENTED_EDGE('',*,*,#7368,.T.);
#5859=ORIENTED_EDGE('',*,*,#7320,.F.);
#5860=ORIENTED_EDGE('',*,*,#7368,.F.);
#5861=ORIENTED_EDGE('',*,*,#7272,.T.);
#5862=ORIENTED_EDGE('',*,*,#7369,.T.);
#5863=ORIENTED_EDGE('',*,*,#7321,.F.);
#5864=ORIENTED_EDGE('',*,*,#7369,.F.);
#5865=ORIENTED_EDGE('',*,*,#7273,.T.);
#5866=ORIENTED_EDGE('',*,*,#7370,.T.);
#5867=ORIENTED_EDGE('',*,*,#7322,.F.);
#5868=ORIENTED_EDGE('',*,*,#7370,.F.);
#5869=ORIENTED_EDGE('',*,*,#7274,.T.);
#5870=ORIENTED_EDGE('',*,*,#7371,.T.);
#5871=ORIENTED_EDGE('',*,*,#7323,.F.);
#5872=ORIENTED_EDGE('',*,*,#7371,.F.);
#5873=ORIENTED_EDGE('',*,*,#7275,.T.);
#5874=ORIENTED_EDGE('',*,*,#7372,.T.);
#5875=ORIENTED_EDGE('',*,*,#7324,.F.);
#5876=ORIENTED_EDGE('',*,*,#7372,.F.);
#5877=ORIENTED_EDGE('',*,*,#7276,.T.);
#5878=ORIENTED_EDGE('',*,*,#7373,.T.);
#5879=ORIENTED_EDGE('',*,*,#7325,.F.);
#5880=ORIENTED_EDGE('',*,*,#7373,.F.);
#5881=EDGE_CURVE('',#7374,#7375,#8358,.T.);
#5882=EDGE_CURVE('',#7374,#7376,#457,.T.);
#5883=EDGE_CURVE('',#7377,#7376,#8359,.T.);
#5884=EDGE_CURVE('',#7377,#7378,#458,.T.);
#5885=EDGE_CURVE('',#7379,#7378,#8360,.T.);
#5886=EDGE_CURVE('',#7380,#7379,#459,.T.);
#5887=EDGE_CURVE('',#7381,#7380,#8361,.T.);
#5888=EDGE_CURVE('',#7375,#7381,#460,.T.);
#5889=EDGE_CURVE('',#7382,#7383,#8362,.T.);
#5890=EDGE_CURVE('',#7382,#7384,#461,.T.);
#5891=EDGE_CURVE('',#7385,#7384,#8363,.T.);
#5892=EDGE_CURVE('',#7385,#7386,#462,.T.);
#5893=EDGE_CURVE('',#7387,#7386,#8364,.T.);
#5894=EDGE_CURVE('',#7388,#7387,#463,.T.);
#5895=EDGE_CURVE('',#7389,#7388,#8365,.T.);
#5896=EDGE_CURVE('',#7383,#7389,#464,.T.);
#5897=EDGE_CURVE('',#7390,#7391,#465,.T.);
#5898=EDGE_CURVE('',#7391,#7392,#8366,.T.);
#5899=EDGE_CURVE('',#7392,#7393,#466,.F.);
#5900=EDGE_CURVE('',#7393,#7394,#8367,.T.);
#5901=EDGE_CURVE('',#7394,#7395,#467,.F.);
#5902=EDGE_CURVE('',#7395,#7396,#8368,.T.);
#5903=EDGE_CURVE('',#7396,#7397,#468,.T.);
#5904=EDGE_CURVE('',#7397,#7390,#8369,.T.);
#5905=EDGE_CURVE('',#7398,#7398,#8370,.F.);
#5906=EDGE_CURVE('',#7399,#7400,#8371,.T.);
#5907=EDGE_CURVE('',#7399,#7401,#469,.T.);
#5908=EDGE_CURVE('',#7402,#7401,#8372,.T.);
#5909=EDGE_CURVE('',#7402,#7403,#470,.T.);
#5910=EDGE_CURVE('',#7404,#7403,#8373,.T.);
#5911=EDGE_CURVE('',#7405,#7404,#471,.T.);
#5912=EDGE_CURVE('',#7406,#7405,#8374,.T.);
#5913=EDGE_CURVE('',#7400,#7406,#472,.T.);
#5914=EDGE_CURVE('',#7407,#7408,#8375,.T.);
#5915=EDGE_CURVE('',#7407,#7409,#473,.T.);
#5916=EDGE_CURVE('',#7410,#7409,#8376,.T.);
#5917=EDGE_CURVE('',#7410,#7411,#474,.T.);
#5918=EDGE_CURVE('',#7412,#7411,#8377,.T.);
#5919=EDGE_CURVE('',#7413,#7412,#475,.T.);
#5920=EDGE_CURVE('',#7414,#7413,#8378,.T.);
#5921=EDGE_CURVE('',#7408,#7414,#476,.T.);
#5922=EDGE_CURVE('',#7415,#7416,#8379,.T.);
#5923=EDGE_CURVE('',#7415,#7417,#477,.T.);
#5924=EDGE_CURVE('',#7418,#7417,#8380,.T.);
#5925=EDGE_CURVE('',#7418,#7419,#478,.T.);
#5926=EDGE_CURVE('',#7420,#7419,#8381,.T.);
#5927=EDGE_CURVE('',#7421,#7420,#479,.T.);
#5928=EDGE_CURVE('',#7422,#7421,#8382,.T.);
#5929=EDGE_CURVE('',#7416,#7422,#480,.T.);
#5930=EDGE_CURVE('',#7423,#7423,#8383,.F.);
#5931=EDGE_CURVE('',#7424,#7424,#8384,.F.);
#5932=EDGE_CURVE('',#7425,#7425,#8385,.F.);
#5933=EDGE_CURVE('',#7426,#7426,#8386,.F.);
#5934=EDGE_CURVE('',#7427,#7427,#8387,.F.);
#5935=EDGE_CURVE('',#7428,#7429,#481,.T.);
#5936=EDGE_CURVE('',#7430,#7428,#8388,.T.);
#5937=EDGE_CURVE('',#7431,#7430,#482,.T.);
#5938=EDGE_CURVE('',#7432,#7431,#8389,.T.);
#5939=EDGE_CURVE('',#7432,#7433,#483,.T.);
#5940=EDGE_CURVE('',#7434,#7433,#8390,.T.);
#5941=EDGE_CURVE('',#7434,#7435,#484,.T.);
#5942=EDGE_CURVE('',#7429,#7435,#8391,.T.);
#5943=EDGE_CURVE('',#7436,#7437,#485,.T.);
#5944=EDGE_CURVE('',#7436,#7438,#8392,.T.);
#5945=EDGE_CURVE('',#7438,#7439,#486,.T.);
#5946=EDGE_CURVE('',#7439,#7440,#8393,.T.);
#5947=EDGE_CURVE('',#7440,#7441,#487,.T.);
#5948=EDGE_CURVE('',#7441,#7442,#8394,.T.);
#5949=EDGE_CURVE('',#7443,#7442,#488,.T.);
#5950=EDGE_CURVE('',#7443,#7437,#8395,.T.);
#5951=EDGE_CURVE('',#7444,#7445,#489,.T.);
#5952=EDGE_CURVE('',#7444,#7446,#8396,.T.);
#5953=EDGE_CURVE('',#7446,#7447,#490,.T.);
#5954=EDGE_CURVE('',#7447,#7448,#8397,.T.);
#5955=EDGE_CURVE('',#7448,#7449,#491,.T.);
#5956=EDGE_CURVE('',#7449,#7450,#8398,.T.);
#5957=EDGE_CURVE('',#7451,#7450,#492,.T.);
#5958=EDGE_CURVE('',#7451,#7445,#8399,.T.);
#5959=EDGE_CURVE('',#7452,#7453,#493,.T.);
#5960=EDGE_CURVE('',#7452,#7454,#8400,.T.);
#5961=EDGE_CURVE('',#7454,#7455,#494,.T.);
#5962=EDGE_CURVE('',#7455,#7456,#8401,.T.);
#5963=EDGE_CURVE('',#7456,#7457,#495,.T.);
#5964=EDGE_CURVE('',#7457,#7458,#8402,.T.);
#5965=EDGE_CURVE('',#7459,#7458,#496,.T.);
#5966=EDGE_CURVE('',#7459,#7453,#8403,.T.);
#5967=EDGE_CURVE('',#7460,#7461,#497,.T.);
#5968=EDGE_CURVE('',#7460,#7462,#8404,.T.);
#5969=EDGE_CURVE('',#7462,#7463,#498,.T.);
#5970=EDGE_CURVE('',#7463,#7464,#8405,.T.);
#5971=EDGE_CURVE('',#7464,#7465,#499,.T.);
#5972=EDGE_CURVE('',#7465,#7466,#8406,.T.);
#5973=EDGE_CURVE('',#7467,#7466,#500,.T.);
#5974=EDGE_CURVE('',#7467,#7461,#8407,.T.);
#5975=EDGE_CURVE('',#7468,#7469,#501,.T.);
#5976=EDGE_CURVE('',#7468,#7470,#8408,.T.);
#5977=EDGE_CURVE('',#7470,#7471,#502,.T.);
#5978=EDGE_CURVE('',#7471,#7472,#8409,.T.);
#5979=EDGE_CURVE('',#7472,#7473,#503,.T.);
#5980=EDGE_CURVE('',#7473,#7474,#8410,.T.);
#5981=EDGE_CURVE('',#7475,#7474,#504,.T.);
#5982=EDGE_CURVE('',#7475,#7469,#8411,.T.);
#5983=EDGE_CURVE('',#7476,#7477,#505,.F.);
#5984=EDGE_CURVE('',#7477,#7478,#506,.T.);
#5985=EDGE_CURVE('',#7478,#7479,#507,.T.);
#5986=EDGE_CURVE('',#7476,#7479,#508,.T.);
#5987=EDGE_CURVE('',#7480,#7481,#509,.T.);
#5988=EDGE_CURVE('',#7481,#7482,#510,.T.);
#5989=EDGE_CURVE('',#7483,#7482,#511,.T.);
#5990=EDGE_CURVE('',#7483,#7480,#512,.T.);
#5991=EDGE_CURVE('',#7484,#7485,#513,.F.);
#5992=EDGE_CURVE('',#7485,#7486,#514,.F.);
#5993=EDGE_CURVE('',#7486,#7487,#515,.T.);
#5994=EDGE_CURVE('',#7487,#7484,#516,.T.);
#5995=EDGE_CURVE('',#7488,#7489,#517,.F.);
#5996=EDGE_CURVE('',#7489,#7490,#518,.F.);
#5997=EDGE_CURVE('',#7490,#7491,#519,.T.);
#5998=EDGE_CURVE('',#7491,#7488,#520,.T.);
#5999=EDGE_CURVE('',#7492,#7493,#521,.F.);
#6000=EDGE_CURVE('',#7493,#7494,#522,.T.);
#6001=EDGE_CURVE('',#7494,#7495,#523,.T.);
#6002=EDGE_CURVE('',#7492,#7495,#524,.T.);
#6003=EDGE_CURVE('',#7496,#7497,#525,.T.);
#6004=EDGE_CURVE('',#7496,#7498,#8412,.T.);
#6005=EDGE_CURVE('',#7498,#7499,#526,.T.);
#6006=EDGE_CURVE('',#7499,#7500,#8413,.T.);
#6007=EDGE_CURVE('',#7500,#7501,#527,.T.);
#6008=EDGE_CURVE('',#7501,#7502,#8414,.T.);
#6009=EDGE_CURVE('',#7503,#7502,#528,.T.);
#6010=EDGE_CURVE('',#7503,#7497,#8415,.T.);
#6011=EDGE_CURVE('',#7495,#7488,#8416,.F.);
#6012=EDGE_CURVE('',#7491,#7484,#8417,.F.);
#6013=EDGE_CURVE('',#7487,#7476,#8418,.F.);
#6014=EDGE_CURVE('',#7479,#7492,#8419,.F.);
#6015=EDGE_CURVE('',#7494,#7489,#8420,.F.);
#6016=EDGE_CURVE('',#7490,#7485,#8421,.F.);
#6017=EDGE_CURVE('',#7478,#7493,#8422,.F.);
#6018=EDGE_CURVE('',#7486,#7477,#8423,.F.);
#6019=EDGE_CURVE('',#7397,#7485,#8424,.T.);
#6020=EDGE_CURVE('',#7486,#7396,#8425,.T.);
#6021=EDGE_CURVE('',#7477,#7395,#8426,.T.);
#6022=EDGE_CURVE('',#7390,#7490,#8427,.T.);
#6023=EDGE_CURVE('',#7478,#7394,#8428,.T.);
#6024=EDGE_CURVE('',#7391,#7489,#8429,.T.);
#6025=EDGE_CURVE('',#7493,#7393,#8430,.T.);
#6026=EDGE_CURVE('',#7392,#7494,#8431,.T.);
#6027=EDGE_CURVE('',#7433,#7500,#529,.T.);
#6028=EDGE_CURVE('',#7501,#7432,#530,.F.);
#6029=EDGE_CURVE('',#7504,#7505,#531,.T.);
#6030=EDGE_CURVE('',#7506,#7504,#532,.T.);
#6031=EDGE_CURVE('',#7506,#7507,#533,.T.);
#6032=EDGE_CURVE('',#7507,#7505,#534,.T.);
#6033=EDGE_CURVE('',#7431,#7502,#535,.T.);
#6034=EDGE_CURVE('',#7503,#7430,#536,.F.);
#6035=EDGE_CURVE('',#7428,#7497,#537,.T.);
#6036=EDGE_CURVE('',#7496,#7429,#538,.F.);
#6037=EDGE_CURVE('',#7435,#7498,#539,.T.);
#6038=EDGE_CURVE('',#7499,#7434,#540,.F.);
#6039=EDGE_CURVE('',#7508,#7508,#8432,.T.);
#6040=EDGE_CURVE('',#7509,#7509,#8433,.F.);
#6041=EDGE_CURVE('',#7510,#7510,#8434,.T.);
#6042=EDGE_CURVE('',#7511,#7511,#8435,.F.);
#6043=EDGE_CURVE('',#7512,#7512,#8436,.T.);
#6044=EDGE_CURVE('',#7513,#7513,#8437,.F.);
#6045=EDGE_CURVE('',#7514,#7514,#8438,.T.);
#6046=EDGE_CURVE('',#7515,#7515,#8439,.F.);
#6047=EDGE_CURVE('',#7516,#7516,#8440,.T.);
#6048=EDGE_CURVE('',#7517,#7517,#8441,.T.);
#6049=EDGE_CURVE('',#7518,#7518,#8442,.T.);
#6050=EDGE_CURVE('',#7519,#7519,#8443,.T.);
#6051=EDGE_CURVE('',#7441,#7404,#541,.F.);
#6052=EDGE_CURVE('',#7405,#7440,#542,.T.);
#6053=EDGE_CURVE('',#7443,#7402,#543,.F.);
#6054=EDGE_CURVE('',#7403,#7442,#544,.T.);
#6055=EDGE_CURVE('',#7436,#7399,#545,.F.);
#6056=EDGE_CURVE('',#7401,#7437,#546,.T.);
#6057=EDGE_CURVE('',#7439,#7406,#547,.F.);
#6058=EDGE_CURVE('',#7400,#7438,#548,.T.);
#6059=EDGE_CURVE('',#7449,#7387,#549,.F.);
#6060=EDGE_CURVE('',#7388,#7448,#550,.T.);
#6061=EDGE_CURVE('',#7451,#7385,#551,.F.);
#6062=EDGE_CURVE('',#7386,#7450,#552,.T.);
#6063=EDGE_CURVE('',#7444,#7382,#553,.F.);
#6064=EDGE_CURVE('',#7384,#7445,#554,.T.);
#6065=EDGE_CURVE('',#7447,#7389,#555,.F.);
#6066=EDGE_CURVE('',#7383,#7446,#556,.T.);
#6067=EDGE_CURVE('',#7457,#7412,#557,.F.);
#6068=EDGE_CURVE('',#7413,#7456,#558,.T.);
#6069=EDGE_CURVE('',#7459,#7410,#559,.F.);
#6070=EDGE_CURVE('',#7411,#7458,#560,.T.);
#6071=EDGE_CURVE('',#7452,#7407,#561,.F.);
#6072=EDGE_CURVE('',#7409,#7453,#562,.T.);
#6073=EDGE_CURVE('',#7455,#7414,#563,.F.);
#6074=EDGE_CURVE('',#7408,#7454,#564,.T.);
#6075=EDGE_CURVE('',#7465,#7379,#565,.F.);
#6076=EDGE_CURVE('',#7380,#7464,#566,.T.);
#6077=EDGE_CURVE('',#7467,#7377,#567,.F.);
#6078=EDGE_CURVE('',#7378,#7466,#568,.T.);
#6079=EDGE_CURVE('',#7460,#7374,#569,.F.);
#6080=EDGE_CURVE('',#7376,#7461,#570,.T.);
#6081=EDGE_CURVE('',#7463,#7381,#571,.F.);
#6082=EDGE_CURVE('',#7375,#7462,#572,.T.);
#6083=EDGE_CURVE('',#7473,#7420,#573,.F.);
#6084=EDGE_CURVE('',#7421,#7472,#574,.T.);
#6085=EDGE_CURVE('',#7475,#7418,#575,.F.);
#6086=EDGE_CURVE('',#7419,#7474,#576,.T.);
#6087=EDGE_CURVE('',#7468,#7415,#577,.F.);
#6088=EDGE_CURVE('',#7417,#7469,#578,.T.);
#6089=EDGE_CURVE('',#7471,#7422,#579,.F.);
#6090=EDGE_CURVE('',#7416,#7470,#580,.T.);
#6091=EDGE_CURVE('',#7481,#7520,#8444,.T.);
#6092=EDGE_CURVE('',#7520,#7521,#581,.T.);
#6093=EDGE_CURVE('',#7521,#7482,#8445,.F.);
#6094=EDGE_CURVE('',#7483,#7522,#8446,.F.);
#6095=EDGE_CURVE('',#7522,#7523,#582,.F.);
#6096=EDGE_CURVE('',#7523,#7480,#8447,.T.);
#6097=EDGE_CURVE('',#7523,#7504,#583,.T.);
#6098=EDGE_CURVE('',#7520,#7505,#584,.T.);
#6099=EDGE_CURVE('',#7521,#7507,#585,.T.);
#6100=EDGE_CURVE('',#7522,#7506,#586,.T.);
#6101=EDGE_CURVE('',#7524,#7525,#587,.T.);
#6102=EDGE_CURVE('',#7525,#7526,#588,.F.);
#6103=EDGE_CURVE('',#7527,#7526,#589,.T.);
#6104=EDGE_CURVE('',#7524,#7527,#590,.F.);
#6105=EDGE_CURVE('',#7528,#7529,#591,.F.);
#6106=EDGE_CURVE('',#7529,#7530,#592,.T.);
#6107=EDGE_CURVE('',#7531,#7530,#593,.F.);
#6108=EDGE_CURVE('',#7531,#7524,#594,.T.);
#6109=EDGE_CURVE('',#7532,#7527,#595,.F.);
#6110=EDGE_CURVE('',#7533,#7532,#596,.F.);
#6111=EDGE_CURVE('',#7533,#7528,#597,.T.);
#6112=EDGE_CURVE('',#7534,#7535,#598,.F.);
#6113=EDGE_CURVE('',#7535,#7536,#599,.T.);
#6114=EDGE_CURVE('',#7537,#7536,#600,.F.);
#6115=EDGE_CURVE('',#7537,#7538,#601,.T.);
#6116=EDGE_CURVE('',#7538,#7539,#602,.F.);
#6117=EDGE_CURVE('',#7526,#7539,#603,.T.);
#6118=EDGE_CURVE('',#7525,#7534,#604,.T.);
#6119=EDGE_CURVE('',#7531,#7534,#605,.T.);
#6120=EDGE_CURVE('',#7539,#7532,#606,.F.);
#6121=EDGE_CURVE('',#7540,#7541,#607,.T.);
#6122=EDGE_CURVE('',#7542,#7540,#608,.T.);
#6123=EDGE_CURVE('',#7543,#7542,#609,.T.);
#6124=EDGE_CURVE('',#7541,#7543,#610,.T.);
#6125=EDGE_CURVE('',#7544,#7545,#611,.T.);
#6126=EDGE_CURVE('',#7546,#7544,#612,.T.);
#6127=EDGE_CURVE('',#7547,#7546,#613,.T.);
#6128=EDGE_CURVE('',#7545,#7547,#614,.T.);
#6129=EDGE_CURVE('',#7548,#7549,#615,.T.);
#6130=EDGE_CURVE('',#7550,#7548,#616,.T.);
#6131=EDGE_CURVE('',#7551,#7550,#617,.T.);
#6132=EDGE_CURVE('',#7549,#7551,#618,.T.);
#6133=EDGE_CURVE('',#7552,#7553,#619,.T.);
#6134=EDGE_CURVE('',#7554,#7552,#620,.T.);
#6135=EDGE_CURVE('',#7555,#7554,#621,.T.);
#6136=EDGE_CURVE('',#7553,#7555,#622,.T.);
#6137=EDGE_CURVE('',#7556,#7557,#623,.T.);
#6138=EDGE_CURVE('',#7558,#7556,#624,.T.);
#6139=EDGE_CURVE('',#7559,#7558,#625,.T.);
#6140=EDGE_CURVE('',#7557,#7559,#626,.T.);
#6141=EDGE_CURVE('',#7560,#7561,#627,.T.);
#6142=EDGE_CURVE('',#7562,#7560,#628,.T.);
#6143=EDGE_CURVE('',#7563,#7562,#629,.T.);
#6144=EDGE_CURVE('',#7561,#7563,#630,.T.);
#6145=EDGE_CURVE('',#7564,#7565,#631,.T.);
#6146=EDGE_CURVE('',#7566,#7564,#632,.T.);
#6147=EDGE_CURVE('',#7567,#7566,#633,.T.);
#6148=EDGE_CURVE('',#7565,#7567,#634,.T.);
#6149=EDGE_CURVE('',#7568,#7569,#635,.T.);
#6150=EDGE_CURVE('',#7570,#7568,#636,.T.);
#6151=EDGE_CURVE('',#7571,#7570,#637,.T.);
#6152=EDGE_CURVE('',#7569,#7571,#638,.T.);
#6153=EDGE_CURVE('',#7538,#7533,#639,.T.);
#6154=EDGE_CURVE('',#7537,#7528,#640,.F.);
#6155=EDGE_CURVE('',#7536,#7529,#641,.T.);
#6156=EDGE_CURVE('',#7530,#7535,#642,.T.);
#6157=EDGE_CURVE('',#7572,#7573,#643,.T.);
#6158=EDGE_CURVE('',#7574,#7572,#644,.F.);
#6159=EDGE_CURVE('',#7575,#7574,#645,.T.);
#6160=EDGE_CURVE('',#7576,#7575,#646,.F.);
#6161=EDGE_CURVE('',#7577,#7576,#647,.F.);
#6162=EDGE_CURVE('',#7577,#7578,#648,.F.);
#6163=EDGE_CURVE('',#7579,#7578,#649,.F.);
#6164=EDGE_CURVE('',#7579,#7573,#650,.F.);
#6165=EDGE_CURVE('',#7580,#7581,#651,.T.);
#6166=EDGE_CURVE('',#7582,#7580,#652,.F.);
#6167=EDGE_CURVE('',#7583,#7582,#653,.T.);
#6168=EDGE_CURVE('',#7584,#7583,#654,.F.);
#6169=EDGE_CURVE('',#7585,#7584,#655,.F.);
#6170=EDGE_CURVE('',#7585,#7586,#656,.F.);
#6171=EDGE_CURVE('',#7587,#7586,#657,.F.);
#6172=EDGE_CURVE('',#7587,#7581,#658,.F.);
#6173=EDGE_CURVE('',#7588,#7589,#659,.T.);
#6174=EDGE_CURVE('',#7590,#7588,#660,.F.);
#6175=EDGE_CURVE('',#7591,#7590,#661,.T.);
#6176=EDGE_CURVE('',#7592,#7591,#662,.F.);
#6177=EDGE_CURVE('',#7593,#7592,#663,.F.);
#6178=EDGE_CURVE('',#7593,#7594,#664,.F.);
#6179=EDGE_CURVE('',#7595,#7594,#665,.F.);
#6180=EDGE_CURVE('',#7595,#7589,#666,.F.);
#6181=EDGE_CURVE('',#7596,#7597,#667,.T.);
#6182=EDGE_CURVE('',#7598,#7596,#668,.F.);
#6183=EDGE_CURVE('',#7599,#7598,#669,.T.);
#6184=EDGE_CURVE('',#7600,#7599,#670,.F.);
#6185=EDGE_CURVE('',#7601,#7600,#671,.F.);
#6186=EDGE_CURVE('',#7601,#7602,#672,.F.);
#6187=EDGE_CURVE('',#7603,#7602,#673,.F.);
#6188=EDGE_CURVE('',#7603,#7597,#674,.F.);
#6189=EDGE_CURVE('',#7604,#7605,#675,.T.);
#6190=EDGE_CURVE('',#7606,#7604,#676,.F.);
#6191=EDGE_CURVE('',#7607,#7606,#677,.T.);
#6192=EDGE_CURVE('',#7608,#7607,#678,.F.);
#6193=EDGE_CURVE('',#7609,#7608,#679,.F.);
#6194=EDGE_CURVE('',#7609,#7610,#680,.F.);
#6195=EDGE_CURVE('',#7611,#7610,#681,.F.);
#6196=EDGE_CURVE('',#7611,#7605,#682,.F.);
#6197=EDGE_CURVE('',#7612,#7613,#683,.T.);
#6198=EDGE_CURVE('',#7614,#7612,#684,.F.);
#6199=EDGE_CURVE('',#7615,#7614,#685,.T.);
#6200=EDGE_CURVE('',#7616,#7615,#686,.F.);
#6201=EDGE_CURVE('',#7617,#7616,#687,.F.);
#6202=EDGE_CURVE('',#7617,#7618,#688,.F.);
#6203=EDGE_CURVE('',#7619,#7618,#689,.F.);
#6204=EDGE_CURVE('',#7619,#7613,#690,.F.);
#6205=EDGE_CURVE('',#7620,#7621,#691,.T.);
#6206=EDGE_CURVE('',#7622,#7620,#692,.F.);
#6207=EDGE_CURVE('',#7623,#7622,#693,.T.);
#6208=EDGE_CURVE('',#7624,#7623,#694,.F.);
#6209=EDGE_CURVE('',#7625,#7624,#695,.F.);
#6210=EDGE_CURVE('',#7625,#7626,#696,.F.);
#6211=EDGE_CURVE('',#7627,#7626,#697,.F.);
#6212=EDGE_CURVE('',#7627,#7621,#698,.F.);
#6213=EDGE_CURVE('',#7628,#7629,#699,.T.);
#6214=EDGE_CURVE('',#7630,#7628,#700,.F.);
#6215=EDGE_CURVE('',#7631,#7630,#701,.T.);
#6216=EDGE_CURVE('',#7632,#7631,#702,.F.);
#6217=EDGE_CURVE('',#7633,#7632,#703,.F.);
#6218=EDGE_CURVE('',#7633,#7634,#704,.F.);
#6219=EDGE_CURVE('',#7635,#7634,#705,.F.);
#6220=EDGE_CURVE('',#7635,#7629,#706,.F.);
#6221=EDGE_CURVE('',#7540,#7636,#707,.T.);
#6222=EDGE_CURVE('',#7541,#7637,#708,.T.);
#6223=EDGE_CURVE('',#7636,#7637,#709,.T.);
#6224=EDGE_CURVE('',#7543,#7638,#710,.T.);
#6225=EDGE_CURVE('',#7637,#7638,#711,.T.);
#6226=EDGE_CURVE('',#7542,#7639,#712,.T.);
#6227=EDGE_CURVE('',#7638,#7639,#713,.T.);
#6228=EDGE_CURVE('',#7639,#7636,#714,.T.);
#6229=EDGE_CURVE('',#7544,#7640,#715,.T.);
#6230=EDGE_CURVE('',#7545,#7641,#716,.T.);
#6231=EDGE_CURVE('',#7640,#7641,#717,.T.);
#6232=EDGE_CURVE('',#7547,#7642,#718,.T.);
#6233=EDGE_CURVE('',#7641,#7642,#719,.T.);
#6234=EDGE_CURVE('',#7546,#7643,#720,.T.);
#6235=EDGE_CURVE('',#7642,#7643,#721,.T.);
#6236=EDGE_CURVE('',#7643,#7640,#722,.T.);
#6237=EDGE_CURVE('',#7548,#7644,#723,.T.);
#6238=EDGE_CURVE('',#7549,#7645,#724,.T.);
#6239=EDGE_CURVE('',#7644,#7645,#725,.T.);
#6240=EDGE_CURVE('',#7551,#7646,#726,.T.);
#6241=EDGE_CURVE('',#7645,#7646,#727,.T.);
#6242=EDGE_CURVE('',#7550,#7647,#728,.T.);
#6243=EDGE_CURVE('',#7646,#7647,#729,.T.);
#6244=EDGE_CURVE('',#7647,#7644,#730,.T.);
#6245=EDGE_CURVE('',#7552,#7648,#731,.T.);
#6246=EDGE_CURVE('',#7553,#7649,#732,.T.);
#6247=EDGE_CURVE('',#7648,#7649,#733,.T.);
#6248=EDGE_CURVE('',#7555,#7650,#734,.T.);
#6249=EDGE_CURVE('',#7649,#7650,#735,.T.);
#6250=EDGE_CURVE('',#7554,#7651,#736,.T.);
#6251=EDGE_CURVE('',#7650,#7651,#737,.T.);
#6252=EDGE_CURVE('',#7651,#7648,#738,.T.);
#6253=EDGE_CURVE('',#7556,#7652,#739,.T.);
#6254=EDGE_CURVE('',#7557,#7653,#740,.T.);
#6255=EDGE_CURVE('',#7652,#7653,#741,.T.);
#6256=EDGE_CURVE('',#7559,#7654,#742,.T.);
#6257=EDGE_CURVE('',#7653,#7654,#743,.T.);
#6258=EDGE_CURVE('',#7558,#7655,#744,.T.);
#6259=EDGE_CURVE('',#7654,#7655,#745,.T.);
#6260=EDGE_CURVE('',#7655,#7652,#746,.T.);
#6261=EDGE_CURVE('',#7560,#7656,#747,.T.);
#6262=EDGE_CURVE('',#7561,#7657,#748,.T.);
#6263=EDGE_CURVE('',#7656,#7657,#749,.T.);
#6264=EDGE_CURVE('',#7563,#7658,#750,.T.);
#6265=EDGE_CURVE('',#7657,#7658,#751,.T.);
#6266=EDGE_CURVE('',#7562,#7659,#752,.T.);
#6267=EDGE_CURVE('',#7658,#7659,#753,.T.);
#6268=EDGE_CURVE('',#7659,#7656,#754,.T.);
#6269=EDGE_CURVE('',#7564,#7660,#755,.T.);
#6270=EDGE_CURVE('',#7565,#7661,#756,.T.);
#6271=EDGE_CURVE('',#7660,#7661,#757,.T.);
#6272=EDGE_CURVE('',#7567,#7662,#758,.T.);
#6273=EDGE_CURVE('',#7661,#7662,#759,.T.);
#6274=EDGE_CURVE('',#7566,#7663,#760,.T.);
#6275=EDGE_CURVE('',#7662,#7663,#761,.T.);
#6276=EDGE_CURVE('',#7663,#7660,#762,.T.);
#6277=EDGE_CURVE('',#7568,#7664,#763,.T.);
#6278=EDGE_CURVE('',#7569,#7665,#764,.T.);
#6279=EDGE_CURVE('',#7664,#7665,#765,.T.);
#6280=EDGE_CURVE('',#7571,#7666,#766,.T.);
#6281=EDGE_CURVE('',#7665,#7666,#767,.T.);
#6282=EDGE_CURVE('',#7570,#7667,#768,.T.);
#6283=EDGE_CURVE('',#7666,#7667,#769,.T.);
#6284=EDGE_CURVE('',#7667,#7664,#770,.T.);
#6285=EDGE_CURVE('',#7578,#7572,#771,.F.);
#6286=EDGE_CURVE('',#7668,#7669,#772,.T.);
#6287=EDGE_CURVE('',#7670,#7668,#773,.T.);
#6288=EDGE_CURVE('',#7671,#7670,#774,.T.);
#6289=EDGE_CURVE('',#7574,#7671,#775,.T.);
#6290=EDGE_CURVE('',#7669,#7572,#776,.T.);
#6291=EDGE_CURVE('',#7577,#7574,#777,.F.);
#6292=EDGE_CURVE('',#7672,#7578,#778,.T.);
#6293=EDGE_CURVE('',#7577,#7673,#779,.F.);
#6294=EDGE_CURVE('',#7673,#7674,#780,.T.);
#6295=EDGE_CURVE('',#7675,#7674,#781,.F.);
#6296=EDGE_CURVE('',#7675,#7672,#782,.T.);
#6297=EDGE_CURVE('',#7586,#7580,#783,.F.);
#6298=EDGE_CURVE('',#7676,#7677,#784,.T.);
#6299=EDGE_CURVE('',#7678,#7676,#785,.T.);
#6300=EDGE_CURVE('',#7679,#7678,#786,.T.);
#6301=EDGE_CURVE('',#7582,#7679,#787,.T.);
#6302=EDGE_CURVE('',#7677,#7580,#788,.T.);
#6303=EDGE_CURVE('',#7585,#7582,#789,.F.);
#6304=EDGE_CURVE('',#7680,#7586,#790,.T.);
#6305=EDGE_CURVE('',#7585,#7681,#791,.F.);
#6306=EDGE_CURVE('',#7681,#7682,#792,.T.);
#6307=EDGE_CURVE('',#7683,#7682,#793,.F.);
#6308=EDGE_CURVE('',#7683,#7680,#794,.T.);
#6309=EDGE_CURVE('',#7594,#7588,#795,.F.);
#6310=EDGE_CURVE('',#7684,#7685,#796,.T.);
#6311=EDGE_CURVE('',#7686,#7684,#797,.T.);
#6312=EDGE_CURVE('',#7687,#7686,#798,.T.);
#6313=EDGE_CURVE('',#7590,#7687,#799,.T.);
#6314=EDGE_CURVE('',#7685,#7588,#800,.T.);
#6315=EDGE_CURVE('',#7593,#7590,#801,.F.);
#6316=EDGE_CURVE('',#7688,#7594,#802,.T.);
#6317=EDGE_CURVE('',#7593,#7689,#803,.F.);
#6318=EDGE_CURVE('',#7689,#7690,#804,.T.);
#6319=EDGE_CURVE('',#7691,#7690,#805,.F.);
#6320=EDGE_CURVE('',#7691,#7688,#806,.T.);
#6321=EDGE_CURVE('',#7602,#7596,#807,.F.);
#6322=EDGE_CURVE('',#7692,#7693,#808,.T.);
#6323=EDGE_CURVE('',#7694,#7692,#809,.T.);
#6324=EDGE_CURVE('',#7695,#7694,#810,.T.);
#6325=EDGE_CURVE('',#7598,#7695,#811,.T.);
#6326=EDGE_CURVE('',#7693,#7596,#812,.T.);
#6327=EDGE_CURVE('',#7601,#7598,#813,.F.);
#6328=EDGE_CURVE('',#7696,#7602,#814,.T.);
#6329=EDGE_CURVE('',#7601,#7697,#815,.F.);
#6330=EDGE_CURVE('',#7697,#7698,#816,.T.);
#6331=EDGE_CURVE('',#7699,#7698,#817,.F.);
#6332=EDGE_CURVE('',#7699,#7696,#818,.T.);
#6333=EDGE_CURVE('',#7610,#7604,#819,.F.);
#6334=EDGE_CURVE('',#7700,#7701,#820,.T.);
#6335=EDGE_CURVE('',#7702,#7700,#821,.T.);
#6336=EDGE_CURVE('',#7703,#7702,#822,.T.);
#6337=EDGE_CURVE('',#7606,#7703,#823,.T.);
#6338=EDGE_CURVE('',#7701,#7604,#824,.T.);
#6339=EDGE_CURVE('',#7609,#7606,#825,.F.);
#6340=EDGE_CURVE('',#7704,#7610,#826,.T.);
#6341=EDGE_CURVE('',#7609,#7705,#827,.F.);
#6342=EDGE_CURVE('',#7705,#7706,#828,.T.);
#6343=EDGE_CURVE('',#7707,#7706,#829,.F.);
#6344=EDGE_CURVE('',#7707,#7704,#830,.T.);
#6345=EDGE_CURVE('',#7618,#7612,#831,.F.);
#6346=EDGE_CURVE('',#7708,#7709,#832,.T.);
#6347=EDGE_CURVE('',#7710,#7708,#833,.T.);
#6348=EDGE_CURVE('',#7711,#7710,#834,.T.);
#6349=EDGE_CURVE('',#7614,#7711,#835,.T.);
#6350=EDGE_CURVE('',#7709,#7612,#836,.T.);
#6351=EDGE_CURVE('',#7617,#7614,#837,.F.);
#6352=EDGE_CURVE('',#7712,#7618,#838,.T.);
#6353=EDGE_CURVE('',#7617,#7713,#839,.F.);
#6354=EDGE_CURVE('',#7713,#7714,#840,.T.);
#6355=EDGE_CURVE('',#7715,#7714,#841,.F.);
#6356=EDGE_CURVE('',#7715,#7712,#842,.T.);
#6357=EDGE_CURVE('',#7626,#7620,#843,.F.);
#6358=EDGE_CURVE('',#7716,#7717,#844,.T.);
#6359=EDGE_CURVE('',#7718,#7716,#845,.T.);
#6360=EDGE_CURVE('',#7719,#7718,#846,.T.);
#6361=EDGE_CURVE('',#7622,#7719,#847,.T.);
#6362=EDGE_CURVE('',#7717,#7620,#848,.T.);
#6363=EDGE_CURVE('',#7625,#7622,#849,.F.);
#6364=EDGE_CURVE('',#7720,#7626,#850,.T.);
#6365=EDGE_CURVE('',#7625,#7721,#851,.F.);
#6366=EDGE_CURVE('',#7721,#7722,#852,.T.);
#6367=EDGE_CURVE('',#7723,#7722,#853,.F.);
#6368=EDGE_CURVE('',#7723,#7720,#854,.T.);
#6369=EDGE_CURVE('',#7634,#7628,#855,.F.);
#6370=EDGE_CURVE('',#7724,#7725,#856,.T.);
#6371=EDGE_CURVE('',#7726,#7724,#857,.T.);
#6372=EDGE_CURVE('',#7727,#7726,#858,.T.);
#6373=EDGE_CURVE('',#7630,#7727,#859,.T.);
#6374=EDGE_CURVE('',#7725,#7628,#860,.T.);
#6375=EDGE_CURVE('',#7633,#7630,#861,.F.);
#6376=EDGE_CURVE('',#7728,#7634,#862,.T.);
#6377=EDGE_CURVE('',#7633,#7729,#863,.F.);
#6378=EDGE_CURVE('',#7729,#7730,#864,.T.);
#6379=EDGE_CURVE('',#7731,#7730,#865,.F.);
#6380=EDGE_CURVE('',#7731,#7728,#866,.T.);
#6381=EDGE_CURVE('',#7637,#7732,#867,.F.);
#6382=EDGE_CURVE('',#7733,#7732,#868,.T.);
#6383=EDGE_CURVE('',#7636,#7733,#869,.F.);
#6384=EDGE_CURVE('',#7638,#7734,#870,.F.);
#6385=EDGE_CURVE('',#7735,#7734,#871,.T.);
#6386=EDGE_CURVE('',#7735,#7736,#872,.T.);
#6387=EDGE_CURVE('',#7736,#7737,#873,.F.);
#6388=EDGE_CURVE('',#7738,#7737,#874,.T.);
#6389=EDGE_CURVE('',#7732,#7738,#875,.T.);
#6390=EDGE_CURVE('',#7639,#7739,#876,.F.);
#6391=EDGE_CURVE('',#7734,#7739,#877,.F.);
#6392=EDGE_CURVE('',#7740,#7733,#878,.F.);
#6393=EDGE_CURVE('',#7741,#7740,#879,.F.);
#6394=EDGE_CURVE('',#7742,#7741,#880,.F.);
#6395=EDGE_CURVE('',#7742,#7743,#881,.F.);
#6396=EDGE_CURVE('',#7739,#7743,#882,.F.);
#6397=EDGE_CURVE('',#7641,#7744,#883,.F.);
#6398=EDGE_CURVE('',#7745,#7744,#884,.T.);
#6399=EDGE_CURVE('',#7640,#7745,#885,.F.);
#6400=EDGE_CURVE('',#7642,#7746,#886,.F.);
#6401=EDGE_CURVE('',#7747,#7746,#887,.T.);
#6402=EDGE_CURVE('',#7747,#7748,#888,.T.);
#6403=EDGE_CURVE('',#7748,#7749,#889,.F.);
#6404=EDGE_CURVE('',#7750,#7749,#890,.T.);
#6405=EDGE_CURVE('',#7744,#7750,#891,.T.);
#6406=EDGE_CURVE('',#7643,#7751,#892,.F.);
#6407=EDGE_CURVE('',#7746,#7751,#893,.F.);
#6408=EDGE_CURVE('',#7752,#7745,#894,.F.);
#6409=EDGE_CURVE('',#7753,#7752,#895,.F.);
#6410=EDGE_CURVE('',#7754,#7753,#896,.F.);
#6411=EDGE_CURVE('',#7754,#7755,#897,.F.);
#6412=EDGE_CURVE('',#7751,#7755,#898,.F.);
#6413=EDGE_CURVE('',#7645,#7756,#899,.F.);
#6414=EDGE_CURVE('',#7757,#7756,#900,.T.);
#6415=EDGE_CURVE('',#7644,#7757,#901,.F.);
#6416=EDGE_CURVE('',#7646,#7758,#902,.F.);
#6417=EDGE_CURVE('',#7759,#7758,#903,.T.);
#6418=EDGE_CURVE('',#7759,#7760,#904,.T.);
#6419=EDGE_CURVE('',#7760,#7761,#905,.F.);
#6420=EDGE_CURVE('',#7762,#7761,#906,.T.);
#6421=EDGE_CURVE('',#7756,#7762,#907,.T.);
#6422=EDGE_CURVE('',#7647,#7763,#908,.F.);
#6423=EDGE_CURVE('',#7758,#7763,#909,.F.);
#6424=EDGE_CURVE('',#7764,#7757,#910,.F.);
#6425=EDGE_CURVE('',#7765,#7764,#911,.F.);
#6426=EDGE_CURVE('',#7766,#7765,#912,.F.);
#6427=EDGE_CURVE('',#7766,#7767,#913,.F.);
#6428=EDGE_CURVE('',#7763,#7767,#914,.F.);
#6429=EDGE_CURVE('',#7649,#7768,#915,.F.);
#6430=EDGE_CURVE('',#7769,#7768,#916,.T.);
#6431=EDGE_CURVE('',#7648,#7769,#917,.F.);
#6432=EDGE_CURVE('',#7650,#7770,#918,.F.);
#6433=EDGE_CURVE('',#7771,#7770,#919,.T.);
#6434=EDGE_CURVE('',#7771,#7772,#920,.T.);
#6435=EDGE_CURVE('',#7772,#7773,#921,.F.);
#6436=EDGE_CURVE('',#7774,#7773,#922,.T.);
#6437=EDGE_CURVE('',#7768,#7774,#923,.T.);
#6438=EDGE_CURVE('',#7651,#7775,#924,.F.);
#6439=EDGE_CURVE('',#7770,#7775,#925,.F.);
#6440=EDGE_CURVE('',#7776,#7769,#926,.F.);
#6441=EDGE_CURVE('',#7777,#7776,#927,.F.);
#6442=EDGE_CURVE('',#7778,#7777,#928,.F.);
#6443=EDGE_CURVE('',#7778,#7779,#929,.F.);
#6444=EDGE_CURVE('',#7775,#7779,#930,.F.);
#6445=EDGE_CURVE('',#7653,#7780,#931,.F.);
#6446=EDGE_CURVE('',#7781,#7780,#932,.T.);
#6447=EDGE_CURVE('',#7652,#7781,#933,.F.);
#6448=EDGE_CURVE('',#7654,#7782,#934,.F.);
#6449=EDGE_CURVE('',#7783,#7782,#935,.T.);
#6450=EDGE_CURVE('',#7783,#7784,#936,.T.);
#6451=EDGE_CURVE('',#7784,#7785,#937,.F.);
#6452=EDGE_CURVE('',#7786,#7785,#938,.T.);
#6453=EDGE_CURVE('',#7780,#7786,#939,.T.);
#6454=EDGE_CURVE('',#7655,#7787,#940,.F.);
#6455=EDGE_CURVE('',#7782,#7787,#941,.F.);
#6456=EDGE_CURVE('',#7788,#7781,#942,.F.);
#6457=EDGE_CURVE('',#7789,#7788,#943,.F.);
#6458=EDGE_CURVE('',#7790,#7789,#944,.F.);
#6459=EDGE_CURVE('',#7790,#7791,#945,.F.);
#6460=EDGE_CURVE('',#7787,#7791,#946,.F.);
#6461=EDGE_CURVE('',#7657,#7792,#947,.F.);
#6462=EDGE_CURVE('',#7793,#7792,#948,.T.);
#6463=EDGE_CURVE('',#7656,#7793,#949,.F.);
#6464=EDGE_CURVE('',#7658,#7794,#950,.F.);
#6465=EDGE_CURVE('',#7795,#7794,#951,.T.);
#6466=EDGE_CURVE('',#7795,#7796,#952,.T.);
#6467=EDGE_CURVE('',#7796,#7797,#953,.F.);
#6468=EDGE_CURVE('',#7798,#7797,#954,.T.);
#6469=EDGE_CURVE('',#7792,#7798,#955,.T.);
#6470=EDGE_CURVE('',#7659,#7799,#956,.F.);
#6471=EDGE_CURVE('',#7794,#7799,#957,.F.);
#6472=EDGE_CURVE('',#7800,#7793,#958,.F.);
#6473=EDGE_CURVE('',#7801,#7800,#959,.F.);
#6474=EDGE_CURVE('',#7802,#7801,#960,.F.);
#6475=EDGE_CURVE('',#7802,#7803,#961,.F.);
#6476=EDGE_CURVE('',#7799,#7803,#962,.F.);
#6477=EDGE_CURVE('',#7661,#7804,#963,.F.);
#6478=EDGE_CURVE('',#7805,#7804,#964,.T.);
#6479=EDGE_CURVE('',#7660,#7805,#965,.F.);
#6480=EDGE_CURVE('',#7662,#7806,#966,.F.);
#6481=EDGE_CURVE('',#7807,#7806,#967,.T.);
#6482=EDGE_CURVE('',#7807,#7808,#968,.T.);
#6483=EDGE_CURVE('',#7808,#7809,#969,.F.);
#6484=EDGE_CURVE('',#7810,#7809,#970,.T.);
#6485=EDGE_CURVE('',#7804,#7810,#971,.T.);
#6486=EDGE_CURVE('',#7663,#7811,#972,.F.);
#6487=EDGE_CURVE('',#7806,#7811,#973,.F.);
#6488=EDGE_CURVE('',#7812,#7805,#974,.F.);
#6489=EDGE_CURVE('',#7813,#7812,#975,.F.);
#6490=EDGE_CURVE('',#7814,#7813,#976,.F.);
#6491=EDGE_CURVE('',#7814,#7815,#977,.F.);
#6492=EDGE_CURVE('',#7811,#7815,#978,.F.);
#6493=EDGE_CURVE('',#7665,#7816,#979,.F.);
#6494=EDGE_CURVE('',#7817,#7816,#980,.T.);
#6495=EDGE_CURVE('',#7664,#7817,#981,.F.);
#6496=EDGE_CURVE('',#7666,#7818,#982,.F.);
#6497=EDGE_CURVE('',#7819,#7818,#983,.T.);
#6498=EDGE_CURVE('',#7819,#7820,#984,.T.);
#6499=EDGE_CURVE('',#7820,#7821,#985,.F.);
#6500=EDGE_CURVE('',#7822,#7821,#986,.T.);
#6501=EDGE_CURVE('',#7816,#7822,#987,.T.);
#6502=EDGE_CURVE('',#7667,#7823,#988,.F.);
#6503=EDGE_CURVE('',#7818,#7823,#989,.F.);
#6504=EDGE_CURVE('',#7824,#7817,#990,.F.);
#6505=EDGE_CURVE('',#7825,#7824,#991,.F.);
#6506=EDGE_CURVE('',#7826,#7825,#992,.F.);
#6507=EDGE_CURVE('',#7826,#7827,#993,.F.);
#6508=EDGE_CURVE('',#7823,#7827,#994,.F.);
#6509=EDGE_CURVE('',#7672,#7669,#995,.F.);
#6510=EDGE_CURVE('',#7675,#7668,#996,.F.);
#6511=EDGE_CURVE('',#7674,#7670,#997,.F.);
#6512=EDGE_CURVE('',#7673,#7671,#998,.F.);
#6513=EDGE_CURVE('',#7680,#7677,#999,.F.);
#6514=EDGE_CURVE('',#7683,#7676,#1000,.F.);
#6515=EDGE_CURVE('',#7682,#7678,#1001,.F.);
#6516=EDGE_CURVE('',#7681,#7679,#1002,.F.);
#6517=EDGE_CURVE('',#7688,#7685,#1003,.F.);
#6518=EDGE_CURVE('',#7691,#7684,#1004,.F.);
#6519=EDGE_CURVE('',#7690,#7686,#1005,.F.);
#6520=EDGE_CURVE('',#7689,#7687,#1006,.F.);
#6521=EDGE_CURVE('',#7696,#7693,#1007,.F.);
#6522=EDGE_CURVE('',#7699,#7692,#1008,.F.);
#6523=EDGE_CURVE('',#7698,#7694,#1009,.F.);
#6524=EDGE_CURVE('',#7697,#7695,#1010,.F.);
#6525=EDGE_CURVE('',#7704,#7701,#1011,.F.);
#6526=EDGE_CURVE('',#7707,#7700,#1012,.F.);
#6527=EDGE_CURVE('',#7706,#7702,#1013,.F.);
#6528=EDGE_CURVE('',#7705,#7703,#1014,.F.);
#6529=EDGE_CURVE('',#7712,#7709,#1015,.F.);
#6530=EDGE_CURVE('',#7715,#7708,#1016,.F.);
#6531=EDGE_CURVE('',#7714,#7710,#1017,.F.);
#6532=EDGE_CURVE('',#7713,#7711,#1018,.F.);
#6533=EDGE_CURVE('',#7720,#7717,#1019,.F.);
#6534=EDGE_CURVE('',#7723,#7716,#1020,.F.);
#6535=EDGE_CURVE('',#7722,#7718,#1021,.F.);
#6536=EDGE_CURVE('',#7721,#7719,#1022,.F.);
#6537=EDGE_CURVE('',#7728,#7725,#1023,.F.);
#6538=EDGE_CURVE('',#7731,#7724,#1024,.F.);
#6539=EDGE_CURVE('',#7730,#7726,#1025,.F.);
#6540=EDGE_CURVE('',#7729,#7727,#1026,.F.);
#6541=EDGE_CURVE('',#7738,#7740,#1027,.F.);
#6542=EDGE_CURVE('',#7735,#7743,#1028,.F.);
#6543=EDGE_CURVE('',#7742,#7828,#1029,.T.);
#6544=EDGE_CURVE('',#7828,#7829,#1030,.F.);
#6545=EDGE_CURVE('',#7829,#7830,#1031,.T.);
#6546=EDGE_CURVE('',#7830,#7831,#1032,.T.);
#6547=EDGE_CURVE('',#7831,#7736,#1033,.T.);
#6548=EDGE_CURVE('',#7831,#7832,#1034,.F.);
#6549=EDGE_CURVE('',#7832,#7737,#1035,.T.);
#6550=EDGE_CURVE('',#7833,#7832,#1036,.T.);
#6551=EDGE_CURVE('',#7834,#7833,#1037,.T.);
#6552=EDGE_CURVE('',#7835,#7834,#1038,.T.);
#6553=EDGE_CURVE('',#7741,#7835,#1039,.T.);
#6554=EDGE_CURVE('',#7828,#7835,#1040,.F.);
#6555=EDGE_CURVE('',#7750,#7752,#1041,.F.);
#6556=EDGE_CURVE('',#7747,#7755,#1042,.F.);
#6557=EDGE_CURVE('',#7754,#7836,#1043,.T.);
#6558=EDGE_CURVE('',#7836,#7837,#1044,.F.);
#6559=EDGE_CURVE('',#7837,#7838,#1045,.T.);
#6560=EDGE_CURVE('',#7838,#7839,#1046,.T.);
#6561=EDGE_CURVE('',#7839,#7748,#1047,.T.);
#6562=EDGE_CURVE('',#7839,#7840,#1048,.F.);
#6563=EDGE_CURVE('',#7840,#7749,#1049,.T.);
#6564=EDGE_CURVE('',#7841,#7840,#1050,.T.);
#6565=EDGE_CURVE('',#7842,#7841,#1051,.T.);
#6566=EDGE_CURVE('',#7843,#7842,#1052,.T.);
#6567=EDGE_CURVE('',#7753,#7843,#1053,.T.);
#6568=EDGE_CURVE('',#7836,#7843,#1054,.F.);
#6569=EDGE_CURVE('',#7762,#7764,#1055,.F.);
#6570=EDGE_CURVE('',#7759,#7767,#1056,.F.);
#6571=EDGE_CURVE('',#7766,#7844,#1057,.T.);
#6572=EDGE_CURVE('',#7844,#7845,#1058,.F.);
#6573=EDGE_CURVE('',#7845,#7846,#1059,.T.);
#6574=EDGE_CURVE('',#7846,#7847,#1060,.T.);
#6575=EDGE_CURVE('',#7847,#7760,#1061,.T.);
#6576=EDGE_CURVE('',#7847,#7848,#1062,.F.);
#6577=EDGE_CURVE('',#7848,#7761,#1063,.T.);
#6578=EDGE_CURVE('',#7849,#7848,#1064,.T.);
#6579=EDGE_CURVE('',#7850,#7849,#1065,.T.);
#6580=EDGE_CURVE('',#7851,#7850,#1066,.T.);
#6581=EDGE_CURVE('',#7765,#7851,#1067,.T.);
#6582=EDGE_CURVE('',#7844,#7851,#1068,.F.);
#6583=EDGE_CURVE('',#7774,#7776,#1069,.F.);
#6584=EDGE_CURVE('',#7771,#7779,#1070,.F.);
#6585=EDGE_CURVE('',#7778,#7852,#1071,.T.);
#6586=EDGE_CURVE('',#7852,#7853,#1072,.F.);
#6587=EDGE_CURVE('',#7853,#7854,#1073,.T.);
#6588=EDGE_CURVE('',#7854,#7855,#1074,.T.);
#6589=EDGE_CURVE('',#7855,#7772,#1075,.T.);
#6590=EDGE_CURVE('',#7855,#7856,#1076,.F.);
#6591=EDGE_CURVE('',#7856,#7773,#1077,.T.);
#6592=EDGE_CURVE('',#7857,#7856,#1078,.T.);
#6593=EDGE_CURVE('',#7858,#7857,#1079,.T.);
#6594=EDGE_CURVE('',#7859,#7858,#1080,.T.);
#6595=EDGE_CURVE('',#7777,#7859,#1081,.T.);
#6596=EDGE_CURVE('',#7852,#7859,#1082,.F.);
#6597=EDGE_CURVE('',#7786,#7788,#1083,.F.);
#6598=EDGE_CURVE('',#7783,#7791,#1084,.F.);
#6599=EDGE_CURVE('',#7790,#7860,#1085,.T.);
#6600=EDGE_CURVE('',#7860,#7861,#1086,.F.);
#6601=EDGE_CURVE('',#7861,#7862,#1087,.T.);
#6602=EDGE_CURVE('',#7862,#7863,#1088,.T.);
#6603=EDGE_CURVE('',#7863,#7784,#1089,.T.);
#6604=EDGE_CURVE('',#7863,#7864,#1090,.F.);
#6605=EDGE_CURVE('',#7864,#7785,#1091,.T.);
#6606=EDGE_CURVE('',#7865,#7864,#1092,.T.);
#6607=EDGE_CURVE('',#7866,#7865,#1093,.T.);
#6608=EDGE_CURVE('',#7867,#7866,#1094,.T.);
#6609=EDGE_CURVE('',#7789,#7867,#1095,.T.);
#6610=EDGE_CURVE('',#7860,#7867,#1096,.F.);
#6611=EDGE_CURVE('',#7798,#7800,#1097,.F.);
#6612=EDGE_CURVE('',#7795,#7803,#1098,.F.);
#6613=EDGE_CURVE('',#7802,#7868,#1099,.T.);
#6614=EDGE_CURVE('',#7868,#7869,#1100,.F.);
#6615=EDGE_CURVE('',#7869,#7870,#1101,.T.);
#6616=EDGE_CURVE('',#7870,#7871,#1102,.T.);
#6617=EDGE_CURVE('',#7871,#7796,#1103,.T.);
#6618=EDGE_CURVE('',#7871,#7872,#1104,.F.);
#6619=EDGE_CURVE('',#7872,#7797,#1105,.T.);
#6620=EDGE_CURVE('',#7873,#7872,#1106,.T.);
#6621=EDGE_CURVE('',#7874,#7873,#1107,.T.);
#6622=EDGE_CURVE('',#7875,#7874,#1108,.T.);
#6623=EDGE_CURVE('',#7801,#7875,#1109,.T.);
#6624=EDGE_CURVE('',#7868,#7875,#1110,.F.);
#6625=EDGE_CURVE('',#7810,#7812,#1111,.F.);
#6626=EDGE_CURVE('',#7807,#7815,#1112,.F.);
#6627=EDGE_CURVE('',#7814,#7876,#1113,.T.);
#6628=EDGE_CURVE('',#7876,#7877,#1114,.F.);
#6629=EDGE_CURVE('',#7877,#7878,#1115,.T.);
#6630=EDGE_CURVE('',#7878,#7879,#1116,.T.);
#6631=EDGE_CURVE('',#7879,#7808,#1117,.T.);
#6632=EDGE_CURVE('',#7879,#7880,#1118,.F.);
#6633=EDGE_CURVE('',#7880,#7809,#1119,.T.);
#6634=EDGE_CURVE('',#7881,#7880,#1120,.T.);
#6635=EDGE_CURVE('',#7882,#7881,#1121,.T.);
#6636=EDGE_CURVE('',#7883,#7882,#1122,.T.);
#6637=EDGE_CURVE('',#7813,#7883,#1123,.T.);
#6638=EDGE_CURVE('',#7876,#7883,#1124,.F.);
#6639=EDGE_CURVE('',#7822,#7824,#1125,.F.);
#6640=EDGE_CURVE('',#7819,#7827,#1126,.F.);
#6641=EDGE_CURVE('',#7826,#7884,#1127,.T.);
#6642=EDGE_CURVE('',#7884,#7885,#1128,.F.);
#6643=EDGE_CURVE('',#7885,#7886,#1129,.T.);
#6644=EDGE_CURVE('',#7886,#7887,#1130,.T.);
#6645=EDGE_CURVE('',#7887,#7820,#1131,.T.);
#6646=EDGE_CURVE('',#7887,#7888,#1132,.F.);
#6647=EDGE_CURVE('',#7888,#7821,#1133,.T.);
#6648=EDGE_CURVE('',#7889,#7888,#1134,.T.);
#6649=EDGE_CURVE('',#7890,#7889,#1135,.T.);
#6650=EDGE_CURVE('',#7891,#7890,#1136,.T.);
#6651=EDGE_CURVE('',#7825,#7891,#1137,.T.);
#6652=EDGE_CURVE('',#7884,#7891,#1138,.F.);
#6653=EDGE_CURVE('',#7830,#7833,#1139,.F.);
#6654=EDGE_CURVE('',#7829,#7834,#1140,.F.);
#6655=EDGE_CURVE('',#7838,#7841,#1141,.F.);
#6656=EDGE_CURVE('',#7837,#7842,#1142,.F.);
#6657=EDGE_CURVE('',#7846,#7849,#1143,.F.);
#6658=EDGE_CURVE('',#7845,#7850,#1144,.F.);
#6659=EDGE_CURVE('',#7854,#7857,#1145,.F.);
#6660=EDGE_CURVE('',#7853,#7858,#1146,.F.);
#6661=EDGE_CURVE('',#7862,#7865,#1147,.F.);
#6662=EDGE_CURVE('',#7861,#7866,#1148,.F.);
#6663=EDGE_CURVE('',#7870,#7873,#1149,.F.);
#6664=EDGE_CURVE('',#7869,#7874,#1150,.F.);
#6665=EDGE_CURVE('',#7878,#7881,#1151,.F.);
#6666=EDGE_CURVE('',#7877,#7882,#1152,.F.);
#6667=EDGE_CURVE('',#7886,#7889,#1153,.F.);
#6668=EDGE_CURVE('',#7885,#7890,#1154,.F.);
#6669=EDGE_CURVE('',#7892,#7893,#1155,.F.);
#6670=EDGE_CURVE('',#7894,#7892,#1156,.F.);
#6671=EDGE_CURVE('',#7895,#7894,#1157,.T.);
#6672=EDGE_CURVE('',#7893,#7895,#1158,.T.);
#6673=EDGE_CURVE('',#7896,#7897,#1159,.T.);
#6674=EDGE_CURVE('',#7898,#7896,#1160,.F.);
#6675=EDGE_CURVE('',#7899,#7898,#1161,.F.);
#6676=EDGE_CURVE('',#7899,#7897,#1162,.T.);
#6677=EDGE_CURVE('',#7900,#7901,#1163,.F.);
#6678=EDGE_CURVE('',#7902,#7900,#1164,.F.);
#6679=EDGE_CURVE('',#7903,#7902,#1165,.T.);
#6680=EDGE_CURVE('',#7903,#7901,#1166,.T.);
#6681=EDGE_CURVE('',#7904,#7905,#1167,.T.);
#6682=EDGE_CURVE('',#7906,#7904,#1168,.F.);
#6683=EDGE_CURVE('',#7907,#7906,#1169,.F.);
#6684=EDGE_CURVE('',#7905,#7907,#1170,.T.);
#6685=EDGE_CURVE('',#7908,#7892,#1171,.F.);
#6686=EDGE_CURVE('',#7909,#7908,#1172,.T.);
#6687=EDGE_CURVE('',#7909,#7910,#1173,.T.);
#6688=EDGE_CURVE('',#7910,#7911,#1174,.T.);
#6689=EDGE_CURVE('',#7897,#7911,#1175,.F.);
#6690=EDGE_CURVE('',#7894,#7899,#1176,.F.);
#6691=EDGE_CURVE('',#7912,#7895,#1177,.F.);
#6692=EDGE_CURVE('',#7913,#7912,#1178,.T.);
#6693=EDGE_CURVE('',#7893,#7913,#1179,.T.);
#6694=EDGE_CURVE('',#7914,#7896,#1180,.T.);
#6695=EDGE_CURVE('',#7914,#7915,#1181,.T.);
#6696=EDGE_CURVE('',#7898,#7915,#1182,.F.);
#6697=EDGE_CURVE('',#7916,#7907,#1183,.T.);
#6698=EDGE_CURVE('',#7917,#7916,#1184,.T.);
#6699=EDGE_CURVE('',#7905,#7917,#1185,.F.);
#6700=EDGE_CURVE('',#7918,#7900,#1186,.F.);
#6701=EDGE_CURVE('',#7918,#7919,#1187,.T.);
#6702=EDGE_CURVE('',#7902,#7919,#1188,.T.);
#6703=EDGE_CURVE('',#7911,#7920,#1189,.T.);
#6704=EDGE_CURVE('',#7920,#7904,#1190,.T.);
#6705=EDGE_CURVE('',#7917,#7914,#1191,.F.);
#6706=EDGE_CURVE('',#7913,#7918,#1192,.T.);
#6707=EDGE_CURVE('',#7901,#7921,#1193,.T.);
#6708=EDGE_CURVE('',#7921,#7908,#1194,.F.);
#6709=EDGE_CURVE('',#7922,#7920,#1195,.T.);
#6710=EDGE_CURVE('',#7922,#7923,#1196,.T.);
#6711=EDGE_CURVE('',#7923,#7921,#1197,.T.);
#6712=EDGE_CURVE('',#7906,#7903,#1198,.T.);
#6713=EDGE_CURVE('',#7924,#7925,#1199,.T.);
#6714=EDGE_CURVE('',#7925,#7926,#1200,.T.);
#6715=EDGE_CURVE('',#7926,#7927,#1201,.F.);
#6716=EDGE_CURVE('',#7927,#7924,#1202,.F.);
#6717=EDGE_CURVE('',#7928,#7926,#1203,.F.);
#6718=EDGE_CURVE('',#7928,#7929,#1204,.T.);
#6719=EDGE_CURVE('',#7929,#7930,#1205,.T.);
#6720=EDGE_CURVE('',#7927,#7930,#1206,.F.);
#6721=EDGE_CURVE('',#7925,#7931,#1207,.T.);
#6722=EDGE_CURVE('',#7931,#7932,#1208,.F.);
#6723=EDGE_CURVE('',#7932,#7933,#1209,.T.);
#6724=EDGE_CURVE('',#7933,#7934,#8448,.T.);
#6725=EDGE_CURVE('',#7934,#7935,#1210,.T.);
#6726=EDGE_CURVE('',#7935,#7936,#1211,.T.);
#6727=EDGE_CURVE('',#7936,#7937,#1212,.T.);
#6728=EDGE_CURVE('',#7938,#7937,#1213,.F.);
#6729=EDGE_CURVE('',#7938,#7939,#1214,.F.);
#6730=EDGE_CURVE('',#7939,#7940,#1215,.T.);
#6731=EDGE_CURVE('',#7941,#7940,#1216,.F.);
#6732=EDGE_CURVE('',#7941,#7928,#1217,.F.);
#6733=EDGE_CURVE('',#7942,#7943,#1218,.F.);
#6734=EDGE_CURVE('',#7943,#7944,#1219,.F.);
#6735=EDGE_CURVE('',#7944,#7945,#1220,.T.);
#6736=EDGE_CURVE('',#7945,#7942,#1221,.T.);
#6737=EDGE_CURVE('',#7946,#7938,#1222,.F.);
#6738=EDGE_CURVE('',#7937,#7947,#1223,.T.);
#6739=EDGE_CURVE('',#7947,#7946,#1224,.T.);
#6740=EDGE_CURVE('',#7936,#7948,#1225,.T.);
#6741=EDGE_CURVE('',#7948,#7949,#1226,.T.);
#6742=EDGE_CURVE('',#7947,#7949,#1227,.F.);
#6743=EDGE_CURVE('',#7950,#7941,#8449,.F.);
#6744=EDGE_CURVE('',#7940,#7951,#8450,.T.);
#6745=EDGE_CURVE('',#7951,#7950,#1228,.T.);
#6746=EDGE_CURVE('',#7950,#7952,#1229,.T.);
#6747=EDGE_CURVE('',#7953,#7952,#1230,.T.);
#6748=EDGE_CURVE('',#7953,#7954,#1231,.T.);
#6749=EDGE_CURVE('',#7954,#7929,#1232,.T.);
#6750=EDGE_CURVE('',#7955,#7951,#1233,.T.);
#6751=EDGE_CURVE('',#7952,#7955,#1234,.T.);
#6752=EDGE_CURVE('',#7942,#7956,#1235,.T.);
#6753=EDGE_CURVE('',#7956,#7957,#1236,.T.);
#6754=EDGE_CURVE('',#7943,#7957,#1237,.T.);
#6755=EDGE_CURVE('',#7945,#7958,#1238,.T.);
#6756=EDGE_CURVE('',#7958,#7956,#1239,.T.);
#6757=EDGE_CURVE('',#7944,#7959,#1240,.T.);
#6758=EDGE_CURVE('',#7959,#7958,#1241,.T.);
#6759=EDGE_CURVE('',#7957,#7959,#1242,.T.);
#6760=EDGE_CURVE('',#7960,#7932,#1243,.T.);
#6761=EDGE_CURVE('',#7961,#7960,#1244,.F.);
#6762=EDGE_CURVE('',#7962,#7961,#11,.F.);
#6763=EDGE_CURVE('',#7963,#7962,#1245,.F.);
#6764=EDGE_CURVE('',#7964,#7963,#1246,.T.);
#6765=EDGE_CURVE('',#7965,#7964,#1247,.F.);
#6766=EDGE_CURVE('',#7966,#7965,#1248,.T.);
#6767=EDGE_CURVE('',#7967,#7966,#1249,.F.);
#6768=EDGE_CURVE('',#7968,#7967,#12,.F.);
#6769=EDGE_CURVE('',#7969,#7968,#1250,.F.);
#6770=EDGE_CURVE('',#7935,#7969,#1251,.T.);
#6771=EDGE_CURVE('',#7970,#7934,#13,.F.);
#6772=EDGE_CURVE('',#7971,#7970,#1252,.F.);
#6773=EDGE_CURVE('',#7972,#7971,#1253,.T.);
#6774=EDGE_CURVE('',#7973,#7972,#1254,.T.);
#6775=EDGE_CURVE('',#7974,#7973,#1255,.T.);
#6776=EDGE_CURVE('',#7975,#7974,#1256,.F.);
#6777=EDGE_CURVE('',#7933,#7975,#14,.F.);
#6778=EDGE_CURVE('',#7939,#7976,#1257,.F.);
#6779=EDGE_CURVE('',#7976,#7977,#1258,.T.);
#6780=EDGE_CURVE('',#7978,#7977,#1259,.T.);
#6781=EDGE_CURVE('',#7955,#7978,#1260,.F.);
#6782=EDGE_CURVE('',#7979,#7960,#1261,.T.);
#6783=EDGE_CURVE('',#7980,#7979,#1262,.T.);
#6784=EDGE_CURVE('',#7981,#7980,#1263,.F.);
#6785=EDGE_CURVE('',#7961,#7981,#8451,.F.);
#6786=EDGE_CURVE('',#7982,#7963,#1264,.T.);
#6787=EDGE_CURVE('',#7964,#7982,#1265,.T.);
#6788=EDGE_CURVE('',#7931,#7979,#1266,.F.);
#6789=EDGE_CURVE('',#7915,#7916,#1267,.T.);
#6790=EDGE_CURVE('',#7919,#7912,#1268,.F.);
#6791=EDGE_CURVE('',#7978,#7983,#1269,.T.);
#6792=EDGE_CURVE('',#7983,#7984,#8452,.F.);
#6793=EDGE_CURVE('',#7984,#7985,#1270,.F.);
#6794=EDGE_CURVE('',#7985,#7986,#8453,.F.);
#6795=EDGE_CURVE('',#7986,#7987,#1271,.F.);
#6796=EDGE_CURVE('',#7987,#7965,#1272,.F.);
#6797=EDGE_CURVE('',#7982,#7988,#1273,.F.);
#6798=EDGE_CURVE('',#7988,#7989,#8454,.F.);
#6799=EDGE_CURVE('',#7989,#7990,#1274,.T.);
#6800=EDGE_CURVE('',#7990,#7991,#8455,.F.);
#6801=EDGE_CURVE('',#7991,#7953,#1275,.T.);
#6802=EDGE_CURVE('',#7974,#7992,#1276,.T.);
#6803=EDGE_CURVE('',#7992,#7993,#1277,.T.);
#6804=EDGE_CURVE('',#7975,#7993,#1278,.T.);
#6805=EDGE_CURVE('',#7973,#7994,#1279,.T.);
#6806=EDGE_CURVE('',#7994,#7995,#1280,.T.);
#6807=EDGE_CURVE('',#7996,#7995,#1281,.F.);
#6808=EDGE_CURVE('',#7997,#7996,#1282,.T.);
#6809=EDGE_CURVE('',#7997,#7992,#1283,.T.);
#6810=EDGE_CURVE('',#7998,#7972,#1284,.T.);
#6811=EDGE_CURVE('',#7998,#7994,#1285,.F.);
#6812=EDGE_CURVE('',#7971,#7999,#1286,.T.);
#6813=EDGE_CURVE('',#7999,#8000,#1287,.T.);
#6814=EDGE_CURVE('',#8000,#8001,#1288,.T.);
#6815=EDGE_CURVE('',#8002,#8001,#1289,.T.);
#6816=EDGE_CURVE('',#7998,#8002,#1290,.T.);
#6817=EDGE_CURVE('',#7970,#8003,#1291,.T.);
#6818=EDGE_CURVE('',#8003,#7999,#1292,.T.);
#6819=EDGE_CURVE('',#7969,#7948,#1293,.T.);
#6820=EDGE_CURVE('',#7993,#8003,#8456,.T.);
#6821=EDGE_CURVE('',#7995,#8002,#1294,.T.);
#6822=EDGE_CURVE('',#8001,#7996,#1295,.F.);
#6823=EDGE_CURVE('',#7997,#8000,#1296,.T.);
#6824=EDGE_CURVE('',#7980,#7924,#1297,.T.);
#6825=EDGE_CURVE('',#8004,#7946,#1298,.T.);
#6826=EDGE_CURVE('',#8004,#7976,#1299,.T.);
#6827=EDGE_CURVE('',#8005,#8006,#8457,.F.);
#6828=EDGE_CURVE('',#7977,#8005,#1300,.F.);
#6829=EDGE_CURVE('',#8006,#8004,#1301,.F.);
#6830=EDGE_CURVE('',#8007,#8008,#8458,.F.);
#6831=EDGE_CURVE('',#7930,#8007,#1302,.F.);
#6832=EDGE_CURVE('',#8008,#7954,#1303,.F.);
#6833=EDGE_CURVE('',#8009,#7968,#8459,.F.);
#6834=EDGE_CURVE('',#7949,#8009,#1304,.F.);
#6835=EDGE_CURVE('',#7990,#8007,#1305,.T.);
#6836=EDGE_CURVE('',#7989,#7981,#1306,.T.);
#6837=EDGE_CURVE('',#7991,#8008,#1307,.T.);
#6838=EDGE_CURVE('',#7985,#8009,#1308,.T.);
#6839=EDGE_CURVE('',#7984,#8006,#1309,.T.);
#6840=EDGE_CURVE('',#7986,#7967,#1310,.T.);
#6841=EDGE_CURVE('',#7987,#7966,#1311,.T.);
#6842=EDGE_CURVE('',#7983,#8005,#1312,.T.);
#6843=EDGE_CURVE('',#7988,#7962,#1313,.T.);
#6844=EDGE_CURVE('',#8010,#8011,#1314,.F.);
#6845=EDGE_CURVE('',#8010,#8012,#1315,.T.);
#6846=EDGE_CURVE('',#8013,#8012,#1316,.T.);
#6847=EDGE_CURVE('',#8011,#8013,#1317,.T.);
#6848=EDGE_CURVE('',#8014,#8015,#1318,.F.);
#6849=EDGE_CURVE('',#8014,#8016,#1319,.T.);
#6850=EDGE_CURVE('',#8016,#8017,#1320,.T.);
#6851=EDGE_CURVE('',#8015,#8017,#1321,.T.);
#6852=EDGE_CURVE('',#8013,#8014,#8460,.T.);
#6853=EDGE_CURVE('',#8012,#8016,#8461,.T.);
#6854=EDGE_CURVE('',#8018,#8010,#1322,.T.);
#6855=EDGE_CURVE('',#8017,#8018,#1323,.T.);
#6856=EDGE_CURVE('',#8019,#8020,#1324,.F.);
#6857=EDGE_CURVE('',#8021,#8019,#1325,.F.);
#6858=EDGE_CURVE('',#8022,#8021,#1326,.F.);
#6859=EDGE_CURVE('',#8020,#8022,#1327,.F.);
#6860=EDGE_CURVE('',#8023,#8024,#1328,.T.);
#6861=EDGE_CURVE('',#8025,#8023,#1329,.F.);
#6862=EDGE_CURVE('',#8025,#8026,#1330,.T.);
#6863=EDGE_CURVE('',#8024,#8026,#1331,.T.);
#6864=EDGE_CURVE('',#8027,#8028,#1332,.F.);
#6865=EDGE_CURVE('',#8027,#8029,#1333,.T.);
#6866=EDGE_CURVE('',#8029,#8030,#1334,.T.);
#6867=EDGE_CURVE('',#8028,#8030,#1335,.T.);
#6868=EDGE_CURVE('',#8024,#8027,#8462,.T.);
#6869=EDGE_CURVE('',#8026,#8029,#8463,.T.);
#6870=EDGE_CURVE('',#8030,#8025,#1336,.T.);
#6871=EDGE_CURVE('',#8031,#8032,#1337,.F.);
#6872=EDGE_CURVE('',#8033,#8031,#1338,.F.);
#6873=EDGE_CURVE('',#8034,#8033,#1339,.F.);
#6874=EDGE_CURVE('',#8032,#8034,#1340,.F.);
#6875=EDGE_CURVE('',#8015,#8035,#1341,.F.);
#6876=EDGE_CURVE('',#8035,#8036,#1342,.T.);
#6877=EDGE_CURVE('',#8036,#8037,#1343,.T.);
#6878=EDGE_CURVE('',#8037,#8038,#1344,.F.);
#6879=EDGE_CURVE('',#8038,#8011,#1345,.T.);
#6880=EDGE_CURVE('',#8021,#8039,#1346,.T.);
#6881=EDGE_CURVE('',#8039,#8040,#1347,.T.);
#6882=EDGE_CURVE('',#8022,#8040,#1348,.T.);
#6883=EDGE_CURVE('',#8019,#8041,#1349,.T.);
#6884=EDGE_CURVE('',#8041,#8039,#1350,.T.);
#6885=EDGE_CURVE('',#8042,#8023,#1351,.T.);
#6886=EDGE_CURVE('',#8042,#8043,#1352,.T.);
#6887=EDGE_CURVE('',#8043,#8044,#1353,.F.);
#6888=EDGE_CURVE('',#8044,#8045,#1354,.T.);
#6889=EDGE_CURVE('',#8028,#8045,#1355,.T.);
#6890=EDGE_CURVE('',#8033,#8046,#1356,.T.);
#6891=EDGE_CURVE('',#8046,#8047,#1357,.T.);
#6892=EDGE_CURVE('',#8034,#8047,#1358,.T.);
#6893=EDGE_CURVE('',#8031,#8048,#1359,.T.);
#6894=EDGE_CURVE('',#8048,#8046,#1360,.T.);
#6895=EDGE_CURVE('',#8032,#8049,#1361,.T.);
#6896=EDGE_CURVE('',#8049,#8048,#1362,.T.);
#6897=EDGE_CURVE('',#8047,#8049,#1363,.T.);
#6898=EDGE_CURVE('',#8020,#8050,#1364,.T.);
#6899=EDGE_CURVE('',#8050,#8041,#1365,.T.);
#6900=EDGE_CURVE('',#8040,#8050,#1366,.T.);
#6901=EDGE_CURVE('',#8051,#8052,#1367,.F.);
#6902=EDGE_CURVE('',#8053,#8051,#1368,.T.);
#6903=EDGE_CURVE('',#8054,#8053,#1369,.F.);
#6904=EDGE_CURVE('',#8052,#8054,#1370,.T.);
#6905=EDGE_CURVE('',#8053,#8055,#1371,.T.);
#6906=EDGE_CURVE('',#8055,#8056,#1372,.T.);
#6907=EDGE_CURVE('',#8054,#8056,#1373,.T.);
#6908=EDGE_CURVE('',#8057,#8058,#1374,.T.);
#6909=EDGE_CURVE('',#8056,#8057,#1375,.T.);
#6910=EDGE_CURVE('',#8058,#8055,#1376,.T.);
#6911=EDGE_CURVE('',#8059,#8060,#1377,.T.);
#6912=EDGE_CURVE('',#8052,#8059,#1378,.T.);
#6913=EDGE_CURVE('',#8060,#8057,#1379,.T.);
#6914=EDGE_CURVE('',#8061,#8062,#1380,.F.);
#6915=EDGE_CURVE('',#8061,#8058,#1381,.T.);
#6916=EDGE_CURVE('',#8062,#8051,#1382,.F.);
#6917=EDGE_CURVE('',#8063,#8061,#1383,.F.);
#6918=EDGE_CURVE('',#8063,#8064,#1384,.T.);
#6919=EDGE_CURVE('',#8065,#8064,#1385,.F.);
#6920=EDGE_CURVE('',#8066,#8065,#1386,.T.);
#6921=EDGE_CURVE('',#8060,#8066,#1387,.F.);
#6922=EDGE_CURVE('',#8067,#8063,#1388,.F.);
#6923=EDGE_CURVE('',#8067,#8068,#1389,.T.);
#6924=EDGE_CURVE('',#8068,#8064,#1390,.T.);
#6925=EDGE_CURVE('',#8069,#8067,#1391,.F.);
#6926=EDGE_CURVE('',#8069,#8070,#1392,.T.);
#6927=EDGE_CURVE('',#8070,#8068,#1393,.T.);
#6928=EDGE_CURVE('',#8066,#8069,#1394,.T.);
#6929=EDGE_CURVE('',#8065,#8070,#1395,.T.);
#6930=EDGE_CURVE('',#7909,#8036,#1396,.T.);
#6931=EDGE_CURVE('',#7923,#7909,#1397,.T.);
#6932=EDGE_CURVE('',#8071,#7923,#1398,.T.);
#6933=EDGE_CURVE('',#8045,#8071,#1399,.T.);
#6934=EDGE_CURVE('',#8072,#8044,#1400,.T.);
#6935=EDGE_CURVE('',#8037,#8072,#1401,.T.);
#6936=EDGE_CURVE('',#8073,#8059,#1402,.F.);
#6937=EDGE_CURVE('',#7922,#8073,#1403,.T.);
#6938=EDGE_CURVE('',#7910,#7922,#1404,.T.);
#6939=EDGE_CURVE('',#8074,#7910,#1405,.T.);
#6940=EDGE_CURVE('',#8062,#8074,#1406,.F.);
#6941=EDGE_CURVE('',#8071,#8075,#1407,.F.);
#6942=EDGE_CURVE('',#8075,#8076,#1408,.F.);
#6943=EDGE_CURVE('',#8076,#8042,#1409,.T.);
#6944=EDGE_CURVE('',#8074,#8077,#1410,.T.);
#6945=EDGE_CURVE('',#8078,#8077,#1411,.F.);
#6946=EDGE_CURVE('',#8079,#8078,#1412,.F.);
#6947=EDGE_CURVE('',#8072,#8079,#1413,.F.);
#6948=EDGE_CURVE('',#8080,#8043,#1414,.F.);
#6949=EDGE_CURVE('',#8081,#8080,#1415,.F.);
#6950=EDGE_CURVE('',#8081,#8073,#1416,.F.);
#6951=EDGE_CURVE('',#8082,#8082,#8464,.T.);
#6952=EDGE_CURVE('',#8083,#8083,#8465,.F.);
#6953=EDGE_CURVE('',#8084,#8084,#8466,.F.);
#6954=EDGE_CURVE('',#8075,#8081,#1417,.T.);
#6955=EDGE_CURVE('',#8077,#8035,#1418,.T.);
#6956=EDGE_CURVE('',#8076,#8080,#1419,.T.);
#6957=EDGE_CURVE('',#8038,#8079,#1420,.T.);
#6958=EDGE_CURVE('',#8018,#8078,#1421,.T.);
#6959=EDGE_CURVE('',#8085,#8083,#1422,.T.);
#6960=EDGE_CURVE('',#8085,#8085,#8467,.F.);
#6961=EDGE_CURVE('',#8086,#8084,#1423,.T.);
#6962=EDGE_CURVE('',#8086,#8086,#8468,.F.);
#6963=EDGE_CURVE('',#8087,#8088,#8469,.F.);
#6964=EDGE_CURVE('',#8088,#8087,#8470,.F.);
#6965=EDGE_CURVE('',#8089,#8087,#1424,.T.);
#6966=EDGE_CURVE('',#8089,#8089,#8471,.T.);
#6967=EDGE_CURVE('',#8082,#8088,#1425,.T.);
#6968=EDGE_CURVE('',#8090,#8091,#1426,.T.);
#6969=EDGE_CURVE('',#8091,#8092,#1427,.T.);
#6970=EDGE_CURVE('',#8092,#8093,#1428,.F.);
#6971=EDGE_CURVE('',#8093,#8090,#1429,.F.);
#6972=EDGE_CURVE('',#8091,#8094,#1430,.T.);
#6973=EDGE_CURVE('',#8095,#8094,#1431,.F.);
#6974=EDGE_CURVE('',#8095,#8092,#1432,.F.);
#6975=EDGE_CURVE('',#8096,#8090,#1433,.T.);
#6976=EDGE_CURVE('',#8097,#8096,#1434,.F.);
#6977=EDGE_CURVE('',#8097,#8098,#1435,.T.);
#6978=EDGE_CURVE('',#8094,#8098,#1436,.T.);
#6979=EDGE_CURVE('',#8099,#8095,#1437,.F.);
#6980=EDGE_CURVE('',#8098,#8099,#1438,.T.);
#6981=EDGE_CURVE('',#8100,#8099,#1439,.T.);
#6982=EDGE_CURVE('',#8101,#8100,#1440,.T.);
#6983=EDGE_CURVE('',#8101,#8093,#1441,.T.);
#6984=EDGE_CURVE('',#8100,#8097,#1442,.F.);
#6985=EDGE_CURVE('',#8096,#8101,#1443,.T.);
#6986=EDGE_CURVE('',#8102,#8103,#1444,.F.);
#6987=EDGE_CURVE('',#8103,#8104,#1445,.F.);
#6988=EDGE_CURVE('',#8104,#8105,#1446,.T.);
#6989=EDGE_CURVE('',#8105,#8102,#1447,.T.);
#6990=EDGE_CURVE('',#8106,#8104,#1448,.T.);
#6991=EDGE_CURVE('',#8107,#8106,#1449,.T.);
#6992=EDGE_CURVE('',#8108,#8107,#1450,.T.);
#6993=EDGE_CURVE('',#8109,#8108,#1451,.F.);
#6994=EDGE_CURVE('',#8109,#8105,#1452,.T.);
#6995=EDGE_CURVE('',#8103,#8110,#1453,.F.);
#6996=EDGE_CURVE('',#8106,#8110,#1454,.T.);
#6997=EDGE_CURVE('',#8110,#8111,#1455,.F.);
#6998=EDGE_CURVE('',#8111,#8107,#1456,.F.);
#6999=EDGE_CURVE('',#8112,#8111,#1457,.T.);
#7000=EDGE_CURVE('',#8108,#8112,#1458,.T.);
#7001=EDGE_CURVE('',#8113,#8102,#1459,.T.);
#7002=EDGE_CURVE('',#8112,#8113,#1460,.T.);
#7003=EDGE_CURVE('',#8113,#8109,#1461,.F.);
#7004=EDGE_CURVE('',#8114,#8115,#1462,.F.);
#7005=EDGE_CURVE('',#8115,#8116,#1463,.T.);
#7006=EDGE_CURVE('',#8116,#8117,#1464,.T.);
#7007=EDGE_CURVE('',#8117,#8118,#1465,.T.);
#7008=EDGE_CURVE('',#8118,#8114,#1466,.T.);
#7009=EDGE_CURVE('',#8115,#8119,#1467,.F.);
#7010=EDGE_CURVE('',#8119,#8120,#1468,.T.);
#7011=EDGE_CURVE('',#8120,#8116,#1469,.T.);
#7012=EDGE_CURVE('',#8119,#8121,#1470,.T.);
#7013=EDGE_CURVE('',#8121,#8122,#1471,.T.);
#7014=EDGE_CURVE('',#8122,#8123,#1472,.T.);
#7015=EDGE_CURVE('',#8123,#8120,#1473,.F.);
#7016=EDGE_CURVE('',#8121,#8124,#1474,.F.);
#7017=EDGE_CURVE('',#8124,#8125,#1475,.T.);
#7018=EDGE_CURVE('',#8125,#8122,#1476,.T.);
#7019=EDGE_CURVE('',#8124,#8126,#1477,.T.);
#7020=EDGE_CURVE('',#8126,#8127,#1478,.T.);
#7021=EDGE_CURVE('',#8127,#8128,#1479,.F.);
#7022=EDGE_CURVE('',#8128,#8125,#1480,.T.);
#7023=EDGE_CURVE('',#8126,#8129,#1481,.T.);
#7024=EDGE_CURVE('',#8129,#8130,#1482,.T.);
#7025=EDGE_CURVE('',#8130,#8127,#1483,.F.);
#7026=EDGE_CURVE('',#8129,#8131,#1484,.T.);
#7027=EDGE_CURVE('',#8131,#8132,#1485,.T.);
#7028=EDGE_CURVE('',#8132,#8130,#1486,.F.);
#7029=EDGE_CURVE('',#8133,#8118,#1487,.F.);
#7030=EDGE_CURVE('',#8133,#8134,#1488,.T.);
#7031=EDGE_CURVE('',#8134,#8114,#1489,.F.);
#7032=EDGE_CURVE('',#8135,#8134,#1490,.F.);
#7033=EDGE_CURVE('',#8136,#8135,#1491,.T.);
#7034=EDGE_CURVE('',#8137,#8136,#1492,.F.);
#7035=EDGE_CURVE('',#8131,#8137,#1493,.T.);
#7036=EDGE_CURVE('',#8133,#8138,#1494,.T.);
#7037=EDGE_CURVE('',#8138,#8139,#1495,.T.);
#7038=EDGE_CURVE('',#8139,#8135,#1496,.T.);
#7039=EDGE_CURVE('',#8117,#8138,#1497,.T.);
#7040=EDGE_CURVE('',#8140,#8116,#1498,.T.);
#7041=EDGE_CURVE('',#8141,#8140,#1499,.F.);
#7042=EDGE_CURVE('',#8141,#8117,#1500,.T.);
#7043=EDGE_CURVE('',#8142,#8120,#1501,.T.);
#7044=EDGE_CURVE('',#8140,#8142,#1502,.F.);
#7045=EDGE_CURVE('',#8143,#8123,#1503,.T.);
#7046=EDGE_CURVE('',#8142,#8143,#1504,.T.);
#7047=EDGE_CURVE('',#8128,#8123,#1505,.T.);
#7048=EDGE_CURVE('',#8144,#8127,#1506,.T.);
#7049=EDGE_CURVE('',#8145,#8144,#1507,.T.);
#7050=EDGE_CURVE('',#8145,#8128,#1508,.T.);
#7051=EDGE_CURVE('',#8137,#8146,#1509,.T.);
#7052=EDGE_CURVE('',#8146,#8132,#1510,.F.);
#7053=EDGE_CURVE('',#8147,#8136,#1511,.T.);
#7054=EDGE_CURVE('',#8147,#8146,#1512,.T.);
#7055=EDGE_CURVE('',#8148,#8146,#1513,.T.);
#7056=EDGE_CURVE('',#8149,#8148,#1514,.T.);
#7057=EDGE_CURVE('',#8149,#8132,#1515,.T.);
#7058=EDGE_CURVE('',#8150,#8147,#1516,.T.);
#7059=EDGE_CURVE('',#8148,#8150,#1517,.F.);
#7060=EDGE_CURVE('',#8139,#8147,#1518,.F.);
#7061=EDGE_CURVE('',#8151,#8139,#1519,.T.);
#7062=EDGE_CURVE('',#8150,#8151,#1520,.T.);
#7063=EDGE_CURVE('',#8152,#8138,#1521,.T.);
#7064=EDGE_CURVE('',#8151,#8152,#1522,.F.);
#7065=EDGE_CURVE('',#8152,#8141,#1523,.F.);
#7066=EDGE_CURVE('',#8153,#8154,#1524,.F.);
#7067=EDGE_CURVE('',#8153,#8155,#1525,.T.);
#7068=EDGE_CURVE('',#8156,#8155,#1526,.T.);
#7069=EDGE_CURVE('',#8154,#8156,#1527,.T.);
#7070=EDGE_CURVE('',#8154,#8157,#1528,.F.);
#7071=EDGE_CURVE('',#8158,#8156,#1529,.T.);
#7072=EDGE_CURVE('',#8157,#8158,#1530,.T.);
#7073=EDGE_CURVE('',#8157,#8159,#1531,.F.);
#7074=EDGE_CURVE('',#8160,#8158,#1532,.T.);
#7075=EDGE_CURVE('',#8159,#8160,#1533,.T.);
#7076=EDGE_CURVE('',#8159,#8161,#1534,.T.);
#7077=EDGE_CURVE('',#8162,#8160,#1535,.F.);
#7078=EDGE_CURVE('',#8161,#8162,#1536,.T.);
#7079=EDGE_CURVE('',#8161,#8163,#1537,.F.);
#7080=EDGE_CURVE('',#8164,#8162,#1538,.T.);
#7081=EDGE_CURVE('',#8163,#8164,#1539,.F.);
#7082=EDGE_CURVE('',#8165,#8166,#1540,.F.);
#7083=EDGE_CURVE('',#8166,#8164,#1541,.T.);
#7084=EDGE_CURVE('',#8155,#8165,#1542,.F.);
#7085=EDGE_CURVE('',#8167,#8168,#1543,.T.);
#7086=EDGE_CURVE('',#8167,#8169,#1544,.T.);
#7087=EDGE_CURVE('',#8170,#8169,#1545,.F.);
#7088=EDGE_CURVE('',#8168,#8170,#1546,.T.);
#7089=EDGE_CURVE('',#8168,#8171,#1547,.T.);
#7090=EDGE_CURVE('',#8172,#8170,#1548,.F.);
#7091=EDGE_CURVE('',#8171,#8172,#1549,.T.);
#7092=EDGE_CURVE('',#8171,#8173,#1550,.T.);
#7093=EDGE_CURVE('',#8174,#8172,#1551,.F.);
#7094=EDGE_CURVE('',#8173,#8174,#1552,.T.);
#7095=EDGE_CURVE('',#8173,#8175,#1553,.F.);
#7096=EDGE_CURVE('',#8176,#8174,#1554,.T.);
#7097=EDGE_CURVE('',#8175,#8176,#1555,.T.);
#7098=EDGE_CURVE('',#8175,#8177,#1556,.T.);
#7099=EDGE_CURVE('',#8178,#8176,#1557,.F.);
#7100=EDGE_CURVE('',#8177,#8178,#1558,.F.);
#7101=EDGE_CURVE('',#8179,#8180,#1559,.T.);
#7102=EDGE_CURVE('',#8180,#8178,#1560,.F.);
#7103=EDGE_CURVE('',#8169,#8179,#1561,.T.);
#7104=EDGE_CURVE('',#8143,#8145,#1562,.F.);
#7105=EDGE_CURVE('',#8181,#8130,#1563,.T.);
#7106=EDGE_CURVE('',#8144,#8181,#1564,.T.);
#7107=EDGE_CURVE('',#8181,#8149,#1565,.T.);
#7108=EDGE_CURVE('',#8182,#8180,#1566,.F.);
#7109=EDGE_CURVE('',#8183,#8182,#1567,.F.);
#7110=EDGE_CURVE('',#8183,#8165,#1568,.F.);
#7111=EDGE_CURVE('',#8177,#8153,#1569,.F.);
#7112=EDGE_CURVE('',#8184,#8183,#1570,.T.);
#7113=EDGE_CURVE('',#8184,#8166,#1571,.F.);
#7114=EDGE_CURVE('',#8185,#8184,#1572,.T.);
#7115=EDGE_CURVE('',#8179,#8185,#1573,.T.);
#7116=EDGE_CURVE('',#8163,#8167,#1574,.T.);
#7117=EDGE_CURVE('',#8182,#8185,#1575,.F.);
#7118=EDGE_CURVE('',#8186,#8187,#1576,.T.);
#7119=EDGE_CURVE('',#8187,#8188,#1577,.F.);
#7120=EDGE_CURVE('',#8188,#8189,#1578,.F.);
#7121=EDGE_CURVE('',#8189,#8186,#1579,.T.);
#7122=EDGE_CURVE('',#8190,#8191,#1580,.T.);
#7123=EDGE_CURVE('',#8191,#8192,#1581,.T.);
#7124=EDGE_CURVE('',#8192,#8193,#1582,.F.);
#7125=EDGE_CURVE('',#8190,#8193,#1583,.T.);
#7126=EDGE_CURVE('',#8194,#8195,#1584,.T.);
#7127=EDGE_CURVE('',#8195,#8196,#1585,.T.);
#7128=EDGE_CURVE('',#8196,#8197,#1586,.F.);
#7129=EDGE_CURVE('',#8194,#8197,#1587,.T.);
#7130=EDGE_CURVE('',#8198,#8199,#1588,.T.);
#7131=EDGE_CURVE('',#8199,#8200,#1589,.F.);
#7132=EDGE_CURVE('',#8200,#8201,#1590,.F.);
#7133=EDGE_CURVE('',#8201,#8198,#1591,.T.);
#7134=EDGE_CURVE('',#8202,#8203,#8472,.T.);
#7135=EDGE_CURVE('',#8202,#8204,#1592,.T.);
#7136=EDGE_CURVE('',#8205,#8204,#8473,.T.);
#7137=EDGE_CURVE('',#8205,#8206,#1593,.T.);
#7138=EDGE_CURVE('',#8207,#8206,#8474,.T.);
#7139=EDGE_CURVE('',#8208,#8207,#1594,.T.);
#7140=EDGE_CURVE('',#8209,#8208,#8475,.T.);
#7141=EDGE_CURVE('',#8203,#8209,#1595,.T.);
#7142=EDGE_CURVE('',#8197,#8198,#8476,.T.);
#7143=EDGE_CURVE('',#8201,#8186,#8477,.T.);
#7144=EDGE_CURVE('',#8189,#8190,#8478,.T.);
#7145=EDGE_CURVE('',#8193,#8194,#8479,.T.);
#7146=EDGE_CURVE('',#8210,#8210,#8480,.F.);
#7147=EDGE_CURVE('',#8211,#8211,#8481,.F.);
#7148=EDGE_CURVE('',#8212,#8212,#8482,.F.);
#7149=EDGE_CURVE('',#8213,#8213,#8483,.F.);
#7150=EDGE_CURVE('',#8214,#8215,#1596,.T.);
#7151=EDGE_CURVE('',#8215,#8216,#8484,.F.);
#7152=EDGE_CURVE('',#8216,#8217,#1597,.F.);
#7153=EDGE_CURVE('',#8217,#8218,#8485,.F.);
#7154=EDGE_CURVE('',#8218,#8219,#1598,.F.);
#7155=EDGE_CURVE('',#8219,#8220,#8486,.F.);
#7156=EDGE_CURVE('',#8220,#8221,#1599,.T.);
#7157=EDGE_CURVE('',#8221,#8214,#8487,.F.);
#7158=EDGE_CURVE('',#8196,#8199,#8488,.T.);
#7159=EDGE_CURVE('',#8192,#8195,#8489,.T.);
#7160=EDGE_CURVE('',#8200,#8187,#8490,.T.);
#7161=EDGE_CURVE('',#8188,#8191,#8491,.T.);
#7162=EDGE_CURVE('',#8192,#8218,#8492,.T.);
#7163=EDGE_CURVE('',#8219,#8191,#8493,.T.);
#7164=EDGE_CURVE('',#8220,#8188,#8494,.T.);
#7165=EDGE_CURVE('',#8195,#8217,#8495,.T.);
#7166=EDGE_CURVE('',#8221,#8187,#8496,.T.);
#7167=EDGE_CURVE('',#8196,#8216,#8497,.T.);
#7168=EDGE_CURVE('',#8214,#8200,#8498,.T.);
#7169=EDGE_CURVE('',#8199,#8215,#8499,.T.);
#7170=EDGE_CURVE('',#8222,#8207,#1600,.F.);
#7171=EDGE_CURVE('',#8222,#8223,#1601,.T.);
#7172=EDGE_CURVE('',#8208,#8223,#1602,.T.);
#7173=EDGE_CURVE('',#8224,#8205,#1603,.F.);
#7174=EDGE_CURVE('',#8225,#8224,#1604,.T.);
#7175=EDGE_CURVE('',#8206,#8225,#1605,.T.);
#7176=EDGE_CURVE('',#8226,#8202,#1606,.F.);
#7177=EDGE_CURVE('',#8227,#8226,#1607,.T.);
#7178=EDGE_CURVE('',#8204,#8227,#1608,.T.);
#7179=EDGE_CURVE('',#8228,#8209,#1609,.F.);
#7180=EDGE_CURVE('',#8228,#8229,#1610,.T.);
#7181=EDGE_CURVE('',#8203,#8229,#1611,.T.);
#7182=EDGE_CURVE('',#8230,#8230,#8500,.F.);
#7183=EDGE_CURVE('',#8231,#8231,#8501,.F.);
#7184=EDGE_CURVE('',#8232,#8232,#8502,.F.);
#7185=EDGE_CURVE('',#8233,#8233,#8503,.F.);
#7186=EDGE_CURVE('',#8223,#8228,#8504,.F.);
#7187=EDGE_CURVE('',#8225,#8222,#8505,.F.);
#7188=EDGE_CURVE('',#8227,#8224,#8506,.F.);
#7189=EDGE_CURVE('',#8229,#8226,#8507,.F.);
#7190=EDGE_CURVE('',#8234,#8234,#8508,.T.);
#7191=EDGE_CURVE('',#8235,#8235,#8509,.F.);
#7192=EDGE_CURVE('',#8236,#8236,#8510,.T.);
#7193=EDGE_CURVE('',#8237,#8237,#8511,.F.);
#7194=EDGE_CURVE('',#8238,#8238,#8512,.T.);
#7195=EDGE_CURVE('',#8239,#8239,#8513,.F.);
#7196=EDGE_CURVE('',#8240,#8240,#8514,.T.);
#7197=EDGE_CURVE('',#8241,#8241,#8515,.F.);
#7198=EDGE_CURVE('',#8242,#8242,#8516,.F.);
#7199=EDGE_CURVE('',#8242,#8243,#1612,.F.);
#7200=EDGE_CURVE('',#8243,#8243,#8517,.T.);
#7201=EDGE_CURVE('',#8244,#8244,#8518,.F.);
#7202=EDGE_CURVE('',#8242,#8244,#8519,.T.);
#7203=EDGE_CURVE('',#8243,#8245,#8520,.T.);
#7204=EDGE_CURVE('',#8245,#8245,#8521,.T.);
#7205=EDGE_CURVE('',#8246,#8246,#8522,.T.);
#7206=EDGE_CURVE('',#8247,#8247,#8523,.T.);
#7207=EDGE_CURVE('',#8248,#8248,#8524,.T.);
#7208=EDGE_CURVE('',#8246,#8249,#1613,.F.);
#7209=EDGE_CURVE('',#8249,#8249,#8525,.T.);
#7210=EDGE_CURVE('',#8247,#8250,#1614,.F.);
#7211=EDGE_CURVE('',#8250,#8250,#8526,.T.);
#7212=EDGE_CURVE('',#8251,#8251,#8527,.F.);
#7213=EDGE_CURVE('',#8251,#8248,#1615,.F.);
#7214=EDGE_CURVE('',#8252,#8252,#8528,.F.);
#7215=EDGE_CURVE('',#8249,#8252,#8529,.T.);
#7216=EDGE_CURVE('',#8253,#8253,#8530,.F.);
#7217=EDGE_CURVE('',#8250,#8253,#8531,.T.);
#7218=EDGE_CURVE('',#8254,#8255,#1616,.F.);
#7219=EDGE_CURVE('',#8255,#8256,#1617,.T.);
#7220=EDGE_CURVE('',#8257,#8256,#1618,.F.);
#7221=EDGE_CURVE('',#8254,#8257,#1619,.F.);
#7222=EDGE_CURVE('',#8258,#8259,#1620,.F.);
#7223=EDGE_CURVE('',#8259,#8255,#1621,.T.);
#7224=EDGE_CURVE('',#8258,#8254,#1622,.F.);
#7225=EDGE_CURVE('',#8256,#8260,#1623,.T.);
#7226=EDGE_CURVE('',#8261,#8260,#1624,.F.);
#7227=EDGE_CURVE('',#8257,#8261,#1625,.T.);
#7228=EDGE_CURVE('',#8261,#8258,#1626,.T.);
#7229=EDGE_CURVE('',#8262,#8262,#8532,.T.);
#7230=EDGE_CURVE('',#8263,#8263,#8533,.T.);
#7231=EDGE_CURVE('',#8264,#8264,#8534,.T.);
#7232=EDGE_CURVE('',#8265,#8265,#8535,.T.);
#7233=EDGE_CURVE('',#8266,#8266,#8536,.T.);
#7234=EDGE_CURVE('',#8267,#8267,#8537,.T.);
#7235=EDGE_CURVE('',#8268,#8268,#8538,.T.);
#7236=EDGE_CURVE('',#8269,#8269,#8539,.T.);
#7237=EDGE_CURVE('',#8270,#8270,#8540,.T.);
#7238=EDGE_CURVE('',#8271,#8271,#8541,.T.);
#7239=EDGE_CURVE('',#8272,#8272,#8542,.T.);
#7240=EDGE_CURVE('',#8273,#8273,#8543,.T.);
#7241=EDGE_CURVE('',#8274,#8274,#8544,.T.);
#7242=EDGE_CURVE('',#8275,#8275,#8545,.T.);
#7243=EDGE_CURVE('',#8276,#8276,#8546,.T.);
#7244=EDGE_CURVE('',#8277,#8277,#8547,.T.);
#7245=EDGE_CURVE('',#8278,#8278,#8548,.T.);
#7246=EDGE_CURVE('',#8279,#8279,#8549,.T.);
#7247=EDGE_CURVE('',#8280,#8280,#8550,.T.);
#7248=EDGE_CURVE('',#8281,#8281,#8551,.T.);
#7249=EDGE_CURVE('',#8282,#8282,#8552,.T.);
#7250=EDGE_CURVE('',#8283,#8283,#8553,.T.);
#7251=EDGE_CURVE('',#8284,#8284,#8554,.T.);
#7252=EDGE_CURVE('',#8285,#8285,#8555,.T.);
#7253=EDGE_CURVE('',#8286,#8286,#8556,.T.);
#7254=EDGE_CURVE('',#8287,#8287,#8557,.T.);
#7255=EDGE_CURVE('',#8288,#8288,#8558,.T.);
#7256=EDGE_CURVE('',#8289,#8289,#8559,.T.);
#7257=EDGE_CURVE('',#8290,#8290,#8560,.T.);
#7258=EDGE_CURVE('',#8291,#8291,#8561,.T.);
#7259=EDGE_CURVE('',#8292,#8292,#8562,.T.);
#7260=EDGE_CURVE('',#8293,#8293,#8563,.T.);
#7261=EDGE_CURVE('',#8294,#8294,#8564,.T.);
#7262=EDGE_CURVE('',#8295,#8295,#8565,.T.);
#7263=EDGE_CURVE('',#8296,#8296,#8566,.T.);
#7264=EDGE_CURVE('',#8297,#8297,#8567,.T.);
#7265=EDGE_CURVE('',#8298,#8298,#8568,.T.);
#7266=EDGE_CURVE('',#8299,#8299,#8569,.T.);
#7267=EDGE_CURVE('',#8300,#8300,#8570,.T.);
#7268=EDGE_CURVE('',#8301,#8301,#8571,.T.);
#7269=EDGE_CURVE('',#8302,#8302,#8572,.T.);
#7270=EDGE_CURVE('',#8303,#8303,#8573,.T.);
#7271=EDGE_CURVE('',#8304,#8304,#8574,.T.);
#7272=EDGE_CURVE('',#8305,#8305,#8575,.T.);
#7273=EDGE_CURVE('',#8306,#8306,#8576,.T.);
#7274=EDGE_CURVE('',#8307,#8307,#8577,.T.);
#7275=EDGE_CURVE('',#8308,#8308,#8578,.T.);
#7276=EDGE_CURVE('',#8309,#8309,#8579,.T.);
#7277=EDGE_CURVE('',#8260,#8259,#1627,.T.);
#7278=EDGE_CURVE('',#8310,#8310,#8580,.T.);
#7279=EDGE_CURVE('',#8311,#8311,#8581,.T.);
#7280=EDGE_CURVE('',#8312,#8312,#8582,.T.);
#7281=EDGE_CURVE('',#8313,#8313,#8583,.T.);
#7282=EDGE_CURVE('',#8314,#8314,#8584,.T.);
#7283=EDGE_CURVE('',#8315,#8315,#8585,.T.);
#7284=EDGE_CURVE('',#8316,#8316,#8586,.T.);
#7285=EDGE_CURVE('',#8317,#8317,#8587,.T.);
#7286=EDGE_CURVE('',#8318,#8318,#8588,.T.);
#7287=EDGE_CURVE('',#8319,#8319,#8589,.T.);
#7288=EDGE_CURVE('',#8320,#8320,#8590,.T.);
#7289=EDGE_CURVE('',#8321,#8321,#8591,.T.);
#7290=EDGE_CURVE('',#8322,#8322,#8592,.T.);
#7291=EDGE_CURVE('',#8323,#8323,#8593,.T.);
#7292=EDGE_CURVE('',#8324,#8324,#8594,.T.);
#7293=EDGE_CURVE('',#8325,#8325,#8595,.T.);
#7294=EDGE_CURVE('',#8326,#8326,#8596,.T.);
#7295=EDGE_CURVE('',#8327,#8327,#8597,.T.);
#7296=EDGE_CURVE('',#8328,#8328,#8598,.T.);
#7297=EDGE_CURVE('',#8329,#8329,#8599,.T.);
#7298=EDGE_CURVE('',#8330,#8330,#8600,.T.);
#7299=EDGE_CURVE('',#8331,#8331,#8601,.T.);
#7300=EDGE_CURVE('',#8332,#8332,#8602,.T.);
#7301=EDGE_CURVE('',#8333,#8333,#8603,.T.);
#7302=EDGE_CURVE('',#8334,#8334,#8604,.T.);
#7303=EDGE_CURVE('',#8335,#8335,#8605,.T.);
#7304=EDGE_CURVE('',#8336,#8336,#8606,.T.);
#7305=EDGE_CURVE('',#8337,#8337,#8607,.T.);
#7306=EDGE_CURVE('',#8338,#8338,#8608,.T.);
#7307=EDGE_CURVE('',#8339,#8339,#8609,.T.);
#7308=EDGE_CURVE('',#8340,#8340,#8610,.T.);
#7309=EDGE_CURVE('',#8341,#8341,#8611,.T.);
#7310=EDGE_CURVE('',#8342,#8342,#8612,.T.);
#7311=EDGE_CURVE('',#8343,#8343,#8613,.T.);
#7312=EDGE_CURVE('',#8344,#8344,#8614,.T.);
#7313=EDGE_CURVE('',#8345,#8345,#8615,.T.);
#7314=EDGE_CURVE('',#8346,#8346,#8616,.T.);
#7315=EDGE_CURVE('',#8347,#8347,#8617,.T.);
#7316=EDGE_CURVE('',#8348,#8348,#8618,.T.);
#7317=EDGE_CURVE('',#8349,#8349,#8619,.T.);
#7318=EDGE_CURVE('',#8350,#8350,#8620,.T.);
#7319=EDGE_CURVE('',#8351,#8351,#8621,.T.);
#7320=EDGE_CURVE('',#8352,#8352,#8622,.T.);
#7321=EDGE_CURVE('',#8353,#8353,#8623,.T.);
#7322=EDGE_CURVE('',#8354,#8354,#8624,.T.);
#7323=EDGE_CURVE('',#8355,#8355,#8625,.T.);
#7324=EDGE_CURVE('',#8356,#8356,#8626,.T.);
#7325=EDGE_CURVE('',#8357,#8357,#8627,.T.);
#7326=EDGE_CURVE('',#8262,#8310,#1628,.F.);
#7327=EDGE_CURVE('',#8263,#8311,#1629,.F.);
#7328=EDGE_CURVE('',#8264,#8312,#1630,.F.);
#7329=EDGE_CURVE('',#8265,#8313,#1631,.F.);
#7330=EDGE_CURVE('',#8266,#8314,#1632,.F.);
#7331=EDGE_CURVE('',#8267,#8315,#1633,.F.);
#7332=EDGE_CURVE('',#8268,#8316,#1634,.F.);
#7333=EDGE_CURVE('',#8269,#8317,#1635,.F.);
#7334=EDGE_CURVE('',#8270,#8318,#1636,.F.);
#7335=EDGE_CURVE('',#8271,#8319,#1637,.F.);
#7336=EDGE_CURVE('',#8272,#8320,#1638,.F.);
#7337=EDGE_CURVE('',#8273,#8321,#1639,.F.);
#7338=EDGE_CURVE('',#8274,#8322,#1640,.F.);
#7339=EDGE_CURVE('',#8275,#8323,#1641,.F.);
#7340=EDGE_CURVE('',#8276,#8324,#1642,.F.);
#7341=EDGE_CURVE('',#8277,#8325,#1643,.F.);
#7342=EDGE_CURVE('',#8278,#8326,#1644,.F.);
#7343=EDGE_CURVE('',#8279,#8327,#1645,.F.);
#7344=EDGE_CURVE('',#8280,#8328,#1646,.F.);
#7345=EDGE_CURVE('',#8281,#8329,#1647,.F.);
#7346=EDGE_CURVE('',#8282,#8330,#1648,.F.);
#7347=EDGE_CURVE('',#8283,#8331,#1649,.F.);
#7348=EDGE_CURVE('',#8284,#8332,#1650,.F.);
#7349=EDGE_CURVE('',#8285,#8333,#1651,.F.);
#7350=EDGE_CURVE('',#8286,#8334,#1652,.F.);
#7351=EDGE_CURVE('',#8287,#8335,#1653,.F.);
#7352=EDGE_CURVE('',#8288,#8336,#1654,.F.);
#7353=EDGE_CURVE('',#8289,#8337,#1655,.F.);
#7354=EDGE_CURVE('',#8290,#8338,#1656,.F.);
#7355=EDGE_CURVE('',#8291,#8339,#1657,.F.);
#7356=EDGE_CURVE('',#8292,#8340,#1658,.F.);
#7357=EDGE_CURVE('',#8293,#8341,#1659,.F.);
#7358=EDGE_CURVE('',#8294,#8342,#1660,.F.);
#7359=EDGE_CURVE('',#8295,#8343,#1661,.F.);
#7360=EDGE_CURVE('',#8296,#8344,#1662,.F.);
#7361=EDGE_CURVE('',#8297,#8345,#1663,.F.);
#7362=EDGE_CURVE('',#8298,#8346,#1664,.F.);
#7363=EDGE_CURVE('',#8299,#8347,#1665,.F.);
#7364=EDGE_CURVE('',#8300,#8348,#1666,.F.);
#7365=EDGE_CURVE('',#8301,#8349,#1667,.F.);
#7366=EDGE_CURVE('',#8302,#8350,#1668,.F.);
#7367=EDGE_CURVE('',#8303,#8351,#1669,.F.);
#7368=EDGE_CURVE('',#8304,#8352,#1670,.F.);
#7369=EDGE_CURVE('',#8305,#8353,#1671,.F.);
#7370=EDGE_CURVE('',#8306,#8354,#1672,.F.);
#7371=EDGE_CURVE('',#8307,#8355,#1673,.F.);
#7372=EDGE_CURVE('',#8308,#8356,#1674,.F.);
#7373=EDGE_CURVE('',#8309,#8357,#1675,.F.);
#7374=VERTEX_POINT('',#16080);
#7375=VERTEX_POINT('',#16081);
#7376=VERTEX_POINT('',#16083);
#7377=VERTEX_POINT('',#16085);
#7378=VERTEX_POINT('',#16087);
#7379=VERTEX_POINT('',#16089);
#7380=VERTEX_POINT('',#16091);
#7381=VERTEX_POINT('',#16093);
#7382=VERTEX_POINT('',#16096);
#7383=VERTEX_POINT('',#16097);
#7384=VERTEX_POINT('',#16099);
#7385=VERTEX_POINT('',#16101);
#7386=VERTEX_POINT('',#16103);
#7387=VERTEX_POINT('',#16105);
#7388=VERTEX_POINT('',#16107);
#7389=VERTEX_POINT('',#16109);
#7390=VERTEX_POINT('',#16112);
#7391=VERTEX_POINT('',#16113);
#7392=VERTEX_POINT('',#16115);
#7393=VERTEX_POINT('',#16117);
#7394=VERTEX_POINT('',#16119);
#7395=VERTEX_POINT('',#16121);
#7396=VERTEX_POINT('',#16123);
#7397=VERTEX_POINT('',#16125);
#7398=VERTEX_POINT('',#16128);
#7399=VERTEX_POINT('',#16130);
#7400=VERTEX_POINT('',#16131);
#7401=VERTEX_POINT('',#16133);
#7402=VERTEX_POINT('',#16135);
#7403=VERTEX_POINT('',#16137);
#7404=VERTEX_POINT('',#16139);
#7405=VERTEX_POINT('',#16141);
#7406=VERTEX_POINT('',#16143);
#7407=VERTEX_POINT('',#16146);
#7408=VERTEX_POINT('',#16147);
#7409=VERTEX_POINT('',#16149);
#7410=VERTEX_POINT('',#16151);
#7411=VERTEX_POINT('',#16153);
#7412=VERTEX_POINT('',#16155);
#7413=VERTEX_POINT('',#16157);
#7414=VERTEX_POINT('',#16159);
#7415=VERTEX_POINT('',#16162);
#7416=VERTEX_POINT('',#16163);
#7417=VERTEX_POINT('',#16165);
#7418=VERTEX_POINT('',#16167);
#7419=VERTEX_POINT('',#16169);
#7420=VERTEX_POINT('',#16171);
#7421=VERTEX_POINT('',#16173);
#7422=VERTEX_POINT('',#16175);
#7423=VERTEX_POINT('',#16179);
#7424=VERTEX_POINT('',#16181);
#7425=VERTEX_POINT('',#16183);
#7426=VERTEX_POINT('',#16185);
#7427=VERTEX_POINT('',#16187);
#7428=VERTEX_POINT('',#16189);
#7429=VERTEX_POINT('',#16190);
#7430=VERTEX_POINT('',#16192);
#7431=VERTEX_POINT('',#16194);
#7432=VERTEX_POINT('',#16196);
#7433=VERTEX_POINT('',#16198);
#7434=VERTEX_POINT('',#16200);
#7435=VERTEX_POINT('',#16202);
#7436=VERTEX_POINT('',#16205);
#7437=VERTEX_POINT('',#16206);
#7438=VERTEX_POINT('',#16208);
#7439=VERTEX_POINT('',#16210);
#7440=VERTEX_POINT('',#16212);
#7441=VERTEX_POINT('',#16214);
#7442=VERTEX_POINT('',#16216);
#7443=VERTEX_POINT('',#16218);
#7444=VERTEX_POINT('',#16221);
#7445=VERTEX_POINT('',#16222);
#7446=VERTEX_POINT('',#16224);
#7447=VERTEX_POINT('',#16226);
#7448=VERTEX_POINT('',#16228);
#7449=VERTEX_POINT('',#16230);
#7450=VERTEX_POINT('',#16232);
#7451=VERTEX_POINT('',#16234);
#7452=VERTEX_POINT('',#16237);
#7453=VERTEX_POINT('',#16238);
#7454=VERTEX_POINT('',#16240);
#7455=VERTEX_POINT('',#16242);
#7456=VERTEX_POINT('',#16244);
#7457=VERTEX_POINT('',#16246);
#7458=VERTEX_POINT('',#16248);
#7459=VERTEX_POINT('',#16250);
#7460=VERTEX_POINT('',#16253);
#7461=VERTEX_POINT('',#16254);
#7462=VERTEX_POINT('',#16256);
#7463=VERTEX_POINT('',#16258);
#7464=VERTEX_POINT('',#16260);
#7465=VERTEX_POINT('',#16262);
#7466=VERTEX_POINT('',#16264);
#7467=VERTEX_POINT('',#16266);
#7468=VERTEX_POINT('',#16269);
#7469=VERTEX_POINT('',#16270);
#7470=VERTEX_POINT('',#16272);
#7471=VERTEX_POINT('',#16274);
#7472=VERTEX_POINT('',#16276);
#7473=VERTEX_POINT('',#16278);
#7474=VERTEX_POINT('',#16280);
#7475=VERTEX_POINT('',#16282);
#7476=VERTEX_POINT('',#16286);
#7477=VERTEX_POINT('',#16287);
#7478=VERTEX_POINT('',#16289);
#7479=VERTEX_POINT('',#16291);
#7480=VERTEX_POINT('',#16295);
#7481=VERTEX_POINT('',#16296);
#7482=VERTEX_POINT('',#16298);
#7483=VERTEX_POINT('',#16300);
#7484=VERTEX_POINT('',#16303);
#7485=VERTEX_POINT('',#16304);
#7486=VERTEX_POINT('',#16306);
#7487=VERTEX_POINT('',#16308);
#7488=VERTEX_POINT('',#16312);
#7489=VERTEX_POINT('',#16313);
#7490=VERTEX_POINT('',#16315);
#7491=VERTEX_POINT('',#16317);
#7492=VERTEX_POINT('',#16321);
#7493=VERTEX_POINT('',#16322);
#7494=VERTEX_POINT('',#16324);
#7495=VERTEX_POINT('',#16326);
#7496=VERTEX_POINT('',#16330);
#7497=VERTEX_POINT('',#16331);
#7498=VERTEX_POINT('',#16333);
#7499=VERTEX_POINT('',#16335);
#7500=VERTEX_POINT('',#16337);
#7501=VERTEX_POINT('',#16339);
#7502=VERTEX_POINT('',#16341);
#7503=VERTEX_POINT('',#16343);
#7504=VERTEX_POINT('',#16378);
#7505=VERTEX_POINT('',#16379);
#7506=VERTEX_POINT('',#16381);
#7507=VERTEX_POINT('',#16383);
#7508=VERTEX_POINT('',#16399);
#7509=VERTEX_POINT('',#16402);
#7510=VERTEX_POINT('',#16405);
#7511=VERTEX_POINT('',#16408);
#7512=VERTEX_POINT('',#16411);
#7513=VERTEX_POINT('',#16414);
#7514=VERTEX_POINT('',#16417);
#7515=VERTEX_POINT('',#16420);
#7516=VERTEX_POINT('',#16423);
#7517=VERTEX_POINT('',#16427);
#7518=VERTEX_POINT('',#16431);
#7519=VERTEX_POINT('',#16435);
#7520=VERTEX_POINT('',#16520);
#7521=VERTEX_POINT('',#16522);
#7522=VERTEX_POINT('',#16526);
#7523=VERTEX_POINT('',#16528);
#7524=VERTEX_POINT('',#16541);
#7525=VERTEX_POINT('',#16542);
#7526=VERTEX_POINT('',#16544);
#7527=VERTEX_POINT('',#16546);
#7528=VERTEX_POINT('',#16550);
#7529=VERTEX_POINT('',#16551);
#7530=VERTEX_POINT('',#16553);
#7531=VERTEX_POINT('',#16555);
#7532=VERTEX_POINT('',#16558);
#7533=VERTEX_POINT('',#16560);
#7534=VERTEX_POINT('',#16564);
#7535=VERTEX_POINT('',#16565);
#7536=VERTEX_POINT('',#16567);
#7537=VERTEX_POINT('',#16569);
#7538=VERTEX_POINT('',#16571);
#7539=VERTEX_POINT('',#16573);
#7540=VERTEX_POINT('',#16581);
#7541=VERTEX_POINT('',#16582);
#7542=VERTEX_POINT('',#16584);
#7543=VERTEX_POINT('',#16586);
#7544=VERTEX_POINT('',#16589);
#7545=VERTEX_POINT('',#16590);
#7546=VERTEX_POINT('',#16592);
#7547=VERTEX_POINT('',#16594);
#7548=VERTEX_POINT('',#16597);
#7549=VERTEX_POINT('',#16598);
#7550=VERTEX_POINT('',#16600);
#7551=VERTEX_POINT('',#16602);
#7552=VERTEX_POINT('',#16605);
#7553=VERTEX_POINT('',#16606);
#7554=VERTEX_POINT('',#16608);
#7555=VERTEX_POINT('',#16610);
#7556=VERTEX_POINT('',#16613);
#7557=VERTEX_POINT('',#16614);
#7558=VERTEX_POINT('',#16616);
#7559=VERTEX_POINT('',#16618);
#7560=VERTEX_POINT('',#16621);
#7561=VERTEX_POINT('',#16622);
#7562=VERTEX_POINT('',#16624);
#7563=VERTEX_POINT('',#16626);
#7564=VERTEX_POINT('',#16629);
#7565=VERTEX_POINT('',#16630);
#7566=VERTEX_POINT('',#16632);
#7567=VERTEX_POINT('',#16634);
#7568=VERTEX_POINT('',#16637);
#7569=VERTEX_POINT('',#16638);
#7570=VERTEX_POINT('',#16640);
#7571=VERTEX_POINT('',#16642);
#7572=VERTEX_POINT('',#16652);
#7573=VERTEX_POINT('',#16653);
#7574=VERTEX_POINT('',#16655);
#7575=VERTEX_POINT('',#16657);
#7576=VERTEX_POINT('',#16659);
#7577=VERTEX_POINT('',#16661);
#7578=VERTEX_POINT('',#16663);
#7579=VERTEX_POINT('',#16665);
#7580=VERTEX_POINT('',#16668);
#7581=VERTEX_POINT('',#16669);
#7582=VERTEX_POINT('',#16671);
#7583=VERTEX_POINT('',#16673);
#7584=VERTEX_POINT('',#16675);
#7585=VERTEX_POINT('',#16677);
#7586=VERTEX_POINT('',#16679);
#7587=VERTEX_POINT('',#16681);
#7588=VERTEX_POINT('',#16684);
#7589=VERTEX_POINT('',#16685);
#7590=VERTEX_POINT('',#16687);
#7591=VERTEX_POINT('',#16689);
#7592=VERTEX_POINT('',#16691);
#7593=VERTEX_POINT('',#16693);
#7594=VERTEX_POINT('',#16695);
#7595=VERTEX_POINT('',#16697);
#7596=VERTEX_POINT('',#16700);
#7597=VERTEX_POINT('',#16701);
#7598=VERTEX_POINT('',#16703);
#7599=VERTEX_POINT('',#16705);
#7600=VERTEX_POINT('',#16707);
#7601=VERTEX_POINT('',#16709);
#7602=VERTEX_POINT('',#16711);
#7603=VERTEX_POINT('',#16713);
#7604=VERTEX_POINT('',#16716);
#7605=VERTEX_POINT('',#16717);
#7606=VERTEX_POINT('',#16719);
#7607=VERTEX_POINT('',#16721);
#7608=VERTEX_POINT('',#16723);
#7609=VERTEX_POINT('',#16725);
#7610=VERTEX_POINT('',#16727);
#7611=VERTEX_POINT('',#16729);
#7612=VERTEX_POINT('',#16732);
#7613=VERTEX_POINT('',#16733);
#7614=VERTEX_POINT('',#16735);
#7615=VERTEX_POINT('',#16737);
#7616=VERTEX_POINT('',#16739);
#7617=VERTEX_POINT('',#16741);
#7618=VERTEX_POINT('',#16743);
#7619=VERTEX_POINT('',#16745);
#7620=VERTEX_POINT('',#16748);
#7621=VERTEX_POINT('',#16749);
#7622=VERTEX_POINT('',#16751);
#7623=VERTEX_POINT('',#16753);
#7624=VERTEX_POINT('',#16755);
#7625=VERTEX_POINT('',#16757);
#7626=VERTEX_POINT('',#16759);
#7627=VERTEX_POINT('',#16761);
#7628=VERTEX_POINT('',#16764);
#7629=VERTEX_POINT('',#16765);
#7630=VERTEX_POINT('',#16767);
#7631=VERTEX_POINT('',#16769);
#7632=VERTEX_POINT('',#16771);
#7633=VERTEX_POINT('',#16773);
#7634=VERTEX_POINT('',#16775);
#7635=VERTEX_POINT('',#16777);
#7636=VERTEX_POINT('',#16783);
#7637=VERTEX_POINT('',#16785);
#7638=VERTEX_POINT('',#16789);
#7639=VERTEX_POINT('',#16793);
#7640=VERTEX_POINT('',#16799);
#7641=VERTEX_POINT('',#16801);
#7642=VERTEX_POINT('',#16805);
#7643=VERTEX_POINT('',#16809);
#7644=VERTEX_POINT('',#16815);
#7645=VERTEX_POINT('',#16817);
#7646=VERTEX_POINT('',#16821);
#7647=VERTEX_POINT('',#16825);
#7648=VERTEX_POINT('',#16831);
#7649=VERTEX_POINT('',#16833);
#7650=VERTEX_POINT('',#16837);
#7651=VERTEX_POINT('',#16841);
#7652=VERTEX_POINT('',#16847);
#7653=VERTEX_POINT('',#16849);
#7654=VERTEX_POINT('',#16853);
#7655=VERTEX_POINT('',#16857);
#7656=VERTEX_POINT('',#16863);
#7657=VERTEX_POINT('',#16865);
#7658=VERTEX_POINT('',#16869);
#7659=VERTEX_POINT('',#16873);
#7660=VERTEX_POINT('',#16879);
#7661=VERTEX_POINT('',#16881);
#7662=VERTEX_POINT('',#16885);
#7663=VERTEX_POINT('',#16889);
#7664=VERTEX_POINT('',#16895);
#7665=VERTEX_POINT('',#16897);
#7666=VERTEX_POINT('',#16901);
#7667=VERTEX_POINT('',#16905);
#7668=VERTEX_POINT('',#16913);
#7669=VERTEX_POINT('',#16914);
#7670=VERTEX_POINT('',#16916);
#7671=VERTEX_POINT('',#16918);
#7672=VERTEX_POINT('',#16925);
#7673=VERTEX_POINT('',#16927);
#7674=VERTEX_POINT('',#16929);
#7675=VERTEX_POINT('',#16931);
#7676=VERTEX_POINT('',#16937);
#7677=VERTEX_POINT('',#16938);
#7678=VERTEX_POINT('',#16940);
#7679=VERTEX_POINT('',#16942);
#7680=VERTEX_POINT('',#16949);
#7681=VERTEX_POINT('',#16951);
#7682=VERTEX_POINT('',#16953);
#7683=VERTEX_POINT('',#16955);
#7684=VERTEX_POINT('',#16961);
#7685=VERTEX_POINT('',#16962);
#7686=VERTEX_POINT('',#16964);
#7687=VERTEX_POINT('',#16966);
#7688=VERTEX_POINT('',#16973);
#7689=VERTEX_POINT('',#16975);
#7690=VERTEX_POINT('',#16977);
#7691=VERTEX_POINT('',#16979);
#7692=VERTEX_POINT('',#16985);
#7693=VERTEX_POINT('',#16986);
#7694=VERTEX_POINT('',#16988);
#7695=VERTEX_POINT('',#16990);
#7696=VERTEX_POINT('',#16997);
#7697=VERTEX_POINT('',#16999);
#7698=VERTEX_POINT('',#17001);
#7699=VERTEX_POINT('',#17003);
#7700=VERTEX_POINT('',#17009);
#7701=VERTEX_POINT('',#17010);
#7702=VERTEX_POINT('',#17012);
#7703=VERTEX_POINT('',#17014);
#7704=VERTEX_POINT('',#17021);
#7705=VERTEX_POINT('',#17023);
#7706=VERTEX_POINT('',#17025);
#7707=VERTEX_POINT('',#17027);
#7708=VERTEX_POINT('',#17033);
#7709=VERTEX_POINT('',#17034);
#7710=VERTEX_POINT('',#17036);
#7711=VERTEX_POINT('',#17038);
#7712=VERTEX_POINT('',#17045);
#7713=VERTEX_POINT('',#17047);
#7714=VERTEX_POINT('',#17049);
#7715=VERTEX_POINT('',#17051);
#7716=VERTEX_POINT('',#17057);
#7717=VERTEX_POINT('',#17058);
#7718=VERTEX_POINT('',#17060);
#7719=VERTEX_POINT('',#17062);
#7720=VERTEX_POINT('',#17069);
#7721=VERTEX_POINT('',#17071);
#7722=VERTEX_POINT('',#17073);
#7723=VERTEX_POINT('',#17075);
#7724=VERTEX_POINT('',#17081);
#7725=VERTEX_POINT('',#17082);
#7726=VERTEX_POINT('',#17084);
#7727=VERTEX_POINT('',#17086);
#7728=VERTEX_POINT('',#17093);
#7729=VERTEX_POINT('',#17095);
#7730=VERTEX_POINT('',#17097);
#7731=VERTEX_POINT('',#17099);
#7732=VERTEX_POINT('',#17103);
#7733=VERTEX_POINT('',#17105);
#7734=VERTEX_POINT('',#17109);
#7735=VERTEX_POINT('',#17111);
#7736=VERTEX_POINT('',#17113);
#7737=VERTEX_POINT('',#17115);
#7738=VERTEX_POINT('',#17117);
#7739=VERTEX_POINT('',#17121);
#7740=VERTEX_POINT('',#17125);
#7741=VERTEX_POINT('',#17127);
#7742=VERTEX_POINT('',#17129);
#7743=VERTEX_POINT('',#17131);
#7744=VERTEX_POINT('',#17135);
#7745=VERTEX_POINT('',#17137);
#7746=VERTEX_POINT('',#17141);
#7747=VERTEX_POINT('',#17143);
#7748=VERTEX_POINT('',#17145);
#7749=VERTEX_POINT('',#17147);
#7750=VERTEX_POINT('',#17149);
#7751=VERTEX_POINT('',#17153);
#7752=VERTEX_POINT('',#17157);
#7753=VERTEX_POINT('',#17159);
#7754=VERTEX_POINT('',#17161);
#7755=VERTEX_POINT('',#17163);
#7756=VERTEX_POINT('',#17167);
#7757=VERTEX_POINT('',#17169);
#7758=VERTEX_POINT('',#17173);
#7759=VERTEX_POINT('',#17175);
#7760=VERTEX_POINT('',#17177);
#7761=VERTEX_POINT('',#17179);
#7762=VERTEX_POINT('',#17181);
#7763=VERTEX_POINT('',#17185);
#7764=VERTEX_POINT('',#17189);
#7765=VERTEX_POINT('',#17191);
#7766=VERTEX_POINT('',#17193);
#7767=VERTEX_POINT('',#17195);
#7768=VERTEX_POINT('',#17199);
#7769=VERTEX_POINT('',#17201);
#7770=VERTEX_POINT('',#17205);
#7771=VERTEX_POINT('',#17207);
#7772=VERTEX_POINT('',#17209);
#7773=VERTEX_POINT('',#17211);
#7774=VERTEX_POINT('',#17213);
#7775=VERTEX_POINT('',#17217);
#7776=VERTEX_POINT('',#17221);
#7777=VERTEX_POINT('',#17223);
#7778=VERTEX_POINT('',#17225);
#7779=VERTEX_POINT('',#17227);
#7780=VERTEX_POINT('',#17231);
#7781=VERTEX_POINT('',#17233);
#7782=VERTEX_POINT('',#17237);
#7783=VERTEX_POINT('',#17239);
#7784=VERTEX_POINT('',#17241);
#7785=VERTEX_POINT('',#17243);
#7786=VERTEX_POINT('',#17245);
#7787=VERTEX_POINT('',#17249);
#7788=VERTEX_POINT('',#17253);
#7789=VERTEX_POINT('',#17255);
#7790=VERTEX_POINT('',#17257);
#7791=VERTEX_POINT('',#17259);
#7792=VERTEX_POINT('',#17263);
#7793=VERTEX_POINT('',#17265);
#7794=VERTEX_POINT('',#17269);
#7795=VERTEX_POINT('',#17271);
#7796=VERTEX_POINT('',#17273);
#7797=VERTEX_POINT('',#17275);
#7798=VERTEX_POINT('',#17277);
#7799=VERTEX_POINT('',#17281);
#7800=VERTEX_POINT('',#17285);
#7801=VERTEX_POINT('',#17287);
#7802=VERTEX_POINT('',#17289);
#7803=VERTEX_POINT('',#17291);
#7804=VERTEX_POINT('',#17295);
#7805=VERTEX_POINT('',#17297);
#7806=VERTEX_POINT('',#17301);
#7807=VERTEX_POINT('',#17303);
#7808=VERTEX_POINT('',#17305);
#7809=VERTEX_POINT('',#17307);
#7810=VERTEX_POINT('',#17309);
#7811=VERTEX_POINT('',#17313);
#7812=VERTEX_POINT('',#17317);
#7813=VERTEX_POINT('',#17319);
#7814=VERTEX_POINT('',#17321);
#7815=VERTEX_POINT('',#17323);
#7816=VERTEX_POINT('',#17327);
#7817=VERTEX_POINT('',#17329);
#7818=VERTEX_POINT('',#17333);
#7819=VERTEX_POINT('',#17335);
#7820=VERTEX_POINT('',#17337);
#7821=VERTEX_POINT('',#17339);
#7822=VERTEX_POINT('',#17341);
#7823=VERTEX_POINT('',#17345);
#7824=VERTEX_POINT('',#17349);
#7825=VERTEX_POINT('',#17351);
#7826=VERTEX_POINT('',#17353);
#7827=VERTEX_POINT('',#17355);
#7828=VERTEX_POINT('',#17435);
#7829=VERTEX_POINT('',#17437);
#7830=VERTEX_POINT('',#17439);
#7831=VERTEX_POINT('',#17441);
#7832=VERTEX_POINT('',#17445);
#7833=VERTEX_POINT('',#17449);
#7834=VERTEX_POINT('',#17451);
#7835=VERTEX_POINT('',#17453);
#7836=VERTEX_POINT('',#17463);
#7837=VERTEX_POINT('',#17465);
#7838=VERTEX_POINT('',#17467);
#7839=VERTEX_POINT('',#17469);
#7840=VERTEX_POINT('',#17473);
#7841=VERTEX_POINT('',#17477);
#7842=VERTEX_POINT('',#17479);
#7843=VERTEX_POINT('',#17481);
#7844=VERTEX_POINT('',#17491);
#7845=VERTEX_POINT('',#17493);
#7846=VERTEX_POINT('',#17495);
#7847=VERTEX_POINT('',#17497);
#7848=VERTEX_POINT('',#17501);
#7849=VERTEX_POINT('',#17505);
#7850=VERTEX_POINT('',#17507);
#7851=VERTEX_POINT('',#17509);
#7852=VERTEX_POINT('',#17519);
#7853=VERTEX_POINT('',#17521);
#7854=VERTEX_POINT('',#17523);
#7855=VERTEX_POINT('',#17525);
#7856=VERTEX_POINT('',#17529);
#7857=VERTEX_POINT('',#17533);
#7858=VERTEX_POINT('',#17535);
#7859=VERTEX_POINT('',#17537);
#7860=VERTEX_POINT('',#17547);
#7861=VERTEX_POINT('',#17549);
#7862=VERTEX_POINT('',#17551);
#7863=VERTEX_POINT('',#17553);
#7864=VERTEX_POINT('',#17557);
#7865=VERTEX_POINT('',#17561);
#7866=VERTEX_POINT('',#17563);
#7867=VERTEX_POINT('',#17565);
#7868=VERTEX_POINT('',#17575);
#7869=VERTEX_POINT('',#17577);
#7870=VERTEX_POINT('',#17579);
#7871=VERTEX_POINT('',#17581);
#7872=VERTEX_POINT('',#17585);
#7873=VERTEX_POINT('',#17589);
#7874=VERTEX_POINT('',#17591);
#7875=VERTEX_POINT('',#17593);
#7876=VERTEX_POINT('',#17603);
#7877=VERTEX_POINT('',#17605);
#7878=VERTEX_POINT('',#17607);
#7879=VERTEX_POINT('',#17609);
#7880=VERTEX_POINT('',#17613);
#7881=VERTEX_POINT('',#17617);
#7882=VERTEX_POINT('',#17619);
#7883=VERTEX_POINT('',#17621);
#7884=VERTEX_POINT('',#17631);
#7885=VERTEX_POINT('',#17633);
#7886=VERTEX_POINT('',#17635);
#7887=VERTEX_POINT('',#17637);
#7888=VERTEX_POINT('',#17641);
#7889=VERTEX_POINT('',#17645);
#7890=VERTEX_POINT('',#17647);
#7891=VERTEX_POINT('',#17649);
#7892=VERTEX_POINT('',#17697);
#7893=VERTEX_POINT('',#17698);
#7894=VERTEX_POINT('',#17700);
#7895=VERTEX_POINT('',#17702);
#7896=VERTEX_POINT('',#17706);
#7897=VERTEX_POINT('',#17707);
#7898=VERTEX_POINT('',#17709);
#7899=VERTEX_POINT('',#17711);
#7900=VERTEX_POINT('',#17715);
#7901=VERTEX_POINT('',#17716);
#7902=VERTEX_POINT('',#17718);
#7903=VERTEX_POINT('',#17720);
#7904=VERTEX_POINT('',#17724);
#7905=VERTEX_POINT('',#17725);
#7906=VERTEX_POINT('',#17727);
#7907=VERTEX_POINT('',#17729);
#7908=VERTEX_POINT('',#17733);
#7909=VERTEX_POINT('',#17735);
#7910=VERTEX_POINT('',#17737);
#7911=VERTEX_POINT('',#17739);
#7912=VERTEX_POINT('',#17744);
#7913=VERTEX_POINT('',#17746);
#7914=VERTEX_POINT('',#17750);
#7915=VERTEX_POINT('',#17752);
#7916=VERTEX_POINT('',#17756);
#7917=VERTEX_POINT('',#17758);
#7918=VERTEX_POINT('',#17762);
#7919=VERTEX_POINT('',#17764);
#7920=VERTEX_POINT('',#17768);
#7921=VERTEX_POINT('',#17774);
#7922=VERTEX_POINT('',#17778);
#7923=VERTEX_POINT('',#17780);
#7924=VERTEX_POINT('',#17785);
#7925=VERTEX_POINT('',#17786);
#7926=VERTEX_POINT('',#17788);
#7927=VERTEX_POINT('',#17790);
#7928=VERTEX_POINT('',#17794);
#7929=VERTEX_POINT('',#17796);
#7930=VERTEX_POINT('',#17798);
#7931=VERTEX_POINT('',#17802);
#7932=VERTEX_POINT('',#17804);
#7933=VERTEX_POINT('',#17806);
#7934=VERTEX_POINT('',#17808);
#7935=VERTEX_POINT('',#17810);
#7936=VERTEX_POINT('',#17812);
#7937=VERTEX_POINT('',#17814);
#7938=VERTEX_POINT('',#17816);
#7939=VERTEX_POINT('',#17818);
#7940=VERTEX_POINT('',#17820);
#7941=VERTEX_POINT('',#17822);
#7942=VERTEX_POINT('',#17825);
#7943=VERTEX_POINT('',#17826);
#7944=VERTEX_POINT('',#17828);
#7945=VERTEX_POINT('',#17830);
#7946=VERTEX_POINT('',#17834);
#7947=VERTEX_POINT('',#17836);
#7948=VERTEX_POINT('',#17840);
#7949=VERTEX_POINT('',#17842);
#7950=VERTEX_POINT('',#17846);
#7951=VERTEX_POINT('',#17848);
#7952=VERTEX_POINT('',#17852);
#7953=VERTEX_POINT('',#17854);
#7954=VERTEX_POINT('',#17856);
#7955=VERTEX_POINT('',#17860);
#7956=VERTEX_POINT('',#17864);
#7957=VERTEX_POINT('',#17866);
#7958=VERTEX_POINT('',#17870);
#7959=VERTEX_POINT('',#17874);
#7960=VERTEX_POINT('',#17881);
#7961=VERTEX_POINT('',#17883);
#7962=VERTEX_POINT('',#17887);
#7963=VERTEX_POINT('',#17889);
#7964=VERTEX_POINT('',#17891);
#7965=VERTEX_POINT('',#17893);
#7966=VERTEX_POINT('',#17895);
#7967=VERTEX_POINT('',#17897);
#7968=VERTEX_POINT('',#17901);
#7969=VERTEX_POINT('',#17903);
#7970=VERTEX_POINT('',#17908);
#7971=VERTEX_POINT('',#17910);
#7972=VERTEX_POINT('',#17912);
#7973=VERTEX_POINT('',#17914);
#7974=VERTEX_POINT('',#17916);
#7975=VERTEX_POINT('',#17918);
#7976=VERTEX_POINT('',#17924);
#7977=VERTEX_POINT('',#17926);
#7978=VERTEX_POINT('',#17928);
#7979=VERTEX_POINT('',#17932);
#7980=VERTEX_POINT('',#17934);
#7981=VERTEX_POINT('',#17936);
#7982=VERTEX_POINT('',#17940);
#7983=VERTEX_POINT('',#17948);
#7984=VERTEX_POINT('',#17950);
#7985=VERTEX_POINT('',#17952);
#7986=VERTEX_POINT('',#17954);
#7987=VERTEX_POINT('',#17956);
#7988=VERTEX_POINT('',#17959);
#7989=VERTEX_POINT('',#17961);
#7990=VERTEX_POINT('',#17963);
#7991=VERTEX_POINT('',#17965);
#7992=VERTEX_POINT('',#17969);
#7993=VERTEX_POINT('',#17971);
#7994=VERTEX_POINT('',#17975);
#7995=VERTEX_POINT('',#17977);
#7996=VERTEX_POINT('',#17979);
#7997=VERTEX_POINT('',#17981);
#7998=VERTEX_POINT('',#17985);
#7999=VERTEX_POINT('',#17989);
#8000=VERTEX_POINT('',#17991);
#8001=VERTEX_POINT('',#17993);
#8002=VERTEX_POINT('',#17995);
#8003=VERTEX_POINT('',#17999);
#8004=VERTEX_POINT('',#18015);
#8005=VERTEX_POINT('',#18019);
#8006=VERTEX_POINT('',#18020);
#8007=VERTEX_POINT('',#18025);
#8008=VERTEX_POINT('',#18026);
#8009=VERTEX_POINT('',#18031);
#8010=VERTEX_POINT('',#18055);
#8011=VERTEX_POINT('',#18056);
#8012=VERTEX_POINT('',#18058);
#8013=VERTEX_POINT('',#18060);
#8014=VERTEX_POINT('',#18064);
#8015=VERTEX_POINT('',#18065);
#8016=VERTEX_POINT('',#18067);
#8017=VERTEX_POINT('',#18069);
#8018=VERTEX_POINT('',#18076);
#8019=VERTEX_POINT('',#18079);
#8020=VERTEX_POINT('',#18080);
#8021=VERTEX_POINT('',#18082);
#8022=VERTEX_POINT('',#18084);
#8023=VERTEX_POINT('',#18088);
#8024=VERTEX_POINT('',#18089);
#8025=VERTEX_POINT('',#18091);
#8026=VERTEX_POINT('',#18093);
#8027=VERTEX_POINT('',#18097);
#8028=VERTEX_POINT('',#18098);
#8029=VERTEX_POINT('',#18100);
#8030=VERTEX_POINT('',#18102);
#8031=VERTEX_POINT('',#18110);
#8032=VERTEX_POINT('',#18111);
#8033=VERTEX_POINT('',#18113);
#8034=VERTEX_POINT('',#18115);
#8035=VERTEX_POINT('',#18119);
#8036=VERTEX_POINT('',#18121);
#8037=VERTEX_POINT('',#18123);
#8038=VERTEX_POINT('',#18125);
#8039=VERTEX_POINT('',#18129);
#8040=VERTEX_POINT('',#18131);
#8041=VERTEX_POINT('',#18135);
#8042=VERTEX_POINT('',#18139);
#8043=VERTEX_POINT('',#18141);
#8044=VERTEX_POINT('',#18143);
#8045=VERTEX_POINT('',#18145);
#8046=VERTEX_POINT('',#18149);
#8047=VERTEX_POINT('',#18151);
#8048=VERTEX_POINT('',#18155);
#8049=VERTEX_POINT('',#18159);
#8050=VERTEX_POINT('',#18166);
#8051=VERTEX_POINT('',#18173);
#8052=VERTEX_POINT('',#18174);
#8053=VERTEX_POINT('',#18176);
#8054=VERTEX_POINT('',#18178);
#8055=VERTEX_POINT('',#18182);
#8056=VERTEX_POINT('',#18184);
#8057=VERTEX_POINT('',#18188);
#8058=VERTEX_POINT('',#18189);
#8059=VERTEX_POINT('',#18194);
#8060=VERTEX_POINT('',#18195);
#8061=VERTEX_POINT('',#18200);
#8062=VERTEX_POINT('',#18201);
#8063=VERTEX_POINT('',#18206);
#8064=VERTEX_POINT('',#18208);
#8065=VERTEX_POINT('',#18210);
#8066=VERTEX_POINT('',#18212);
#8067=VERTEX_POINT('',#18216);
#8068=VERTEX_POINT('',#18218);
#8069=VERTEX_POINT('',#18222);
#8070=VERTEX_POINT('',#18224);
#8071=VERTEX_POINT('',#18234);
#8072=VERTEX_POINT('',#18237);
#8073=VERTEX_POINT('',#18241);
#8074=VERTEX_POINT('',#18245);
#8075=VERTEX_POINT('',#18249);
#8076=VERTEX_POINT('',#18251);
#8077=VERTEX_POINT('',#18255);
#8078=VERTEX_POINT('',#18257);
#8079=VERTEX_POINT('',#18259);
#8080=VERTEX_POINT('',#18262);
#8081=VERTEX_POINT('',#18264);
#8082=VERTEX_POINT('',#18267);
#8083=VERTEX_POINT('',#18269);
#8084=VERTEX_POINT('',#18271);
#8085=VERTEX_POINT('',#18288);
#8086=VERTEX_POINT('',#18292);
#8087=VERTEX_POINT('',#18300);
#8088=VERTEX_POINT('',#18301);
#8089=VERTEX_POINT('',#18304);
#8090=VERTEX_POINT('',#18312);
#8091=VERTEX_POINT('',#18313);
#8092=VERTEX_POINT('',#18315);
#8093=VERTEX_POINT('',#18317);
#8094=VERTEX_POINT('',#18321);
#8095=VERTEX_POINT('',#18323);
#8096=VERTEX_POINT('',#18327);
#8097=VERTEX_POINT('',#18329);
#8098=VERTEX_POINT('',#18331);
#8099=VERTEX_POINT('',#18335);
#8100=VERTEX_POINT('',#18339);
#8101=VERTEX_POINT('',#18341);
#8102=VERTEX_POINT('',#18351);
#8103=VERTEX_POINT('',#18352);
#8104=VERTEX_POINT('',#18354);
#8105=VERTEX_POINT('',#18356);
#8106=VERTEX_POINT('',#18360);
#8107=VERTEX_POINT('',#18362);
#8108=VERTEX_POINT('',#18364);
#8109=VERTEX_POINT('',#18366);
#8110=VERTEX_POINT('',#18370);
#8111=VERTEX_POINT('',#18374);
#8112=VERTEX_POINT('',#18378);
#8113=VERTEX_POINT('',#18382);
#8114=VERTEX_POINT('',#18391);
#8115=VERTEX_POINT('',#18392);
#8116=VERTEX_POINT('',#18394);
#8117=VERTEX_POINT('',#18396);
#8118=VERTEX_POINT('',#18398);
#8119=VERTEX_POINT('',#18402);
#8120=VERTEX_POINT('',#18404);
#8121=VERTEX_POINT('',#18408);
#8122=VERTEX_POINT('',#18410);
#8123=VERTEX_POINT('',#18412);
#8124=VERTEX_POINT('',#18416);
#8125=VERTEX_POINT('',#18418);
#8126=VERTEX_POINT('',#18422);
#8127=VERTEX_POINT('',#18424);
#8128=VERTEX_POINT('',#18426);
#8129=VERTEX_POINT('',#18430);
#8130=VERTEX_POINT('',#18432);
#8131=VERTEX_POINT('',#18436);
#8132=VERTEX_POINT('',#18438);
#8133=VERTEX_POINT('',#18442);
#8134=VERTEX_POINT('',#18444);
#8135=VERTEX_POINT('',#18448);
#8136=VERTEX_POINT('',#18450);
#8137=VERTEX_POINT('',#18452);
#8138=VERTEX_POINT('',#18456);
#8139=VERTEX_POINT('',#18458);
#8140=VERTEX_POINT('',#18464);
#8141=VERTEX_POINT('',#18466);
#8142=VERTEX_POINT('',#18470);
#8143=VERTEX_POINT('',#18474);
#8144=VERTEX_POINT('',#18480);
#8145=VERTEX_POINT('',#18482);
#8146=VERTEX_POINT('',#18486);
#8147=VERTEX_POINT('',#18490);
#8148=VERTEX_POINT('',#18494);
#8149=VERTEX_POINT('',#18496);
#8150=VERTEX_POINT('',#18500);
#8151=VERTEX_POINT('',#18506);
#8152=VERTEX_POINT('',#18510);
#8153=VERTEX_POINT('',#18516);
#8154=VERTEX_POINT('',#18517);
#8155=VERTEX_POINT('',#18519);
#8156=VERTEX_POINT('',#18521);
#8157=VERTEX_POINT('',#18525);
#8158=VERTEX_POINT('',#18527);
#8159=VERTEX_POINT('',#18531);
#8160=VERTEX_POINT('',#18533);
#8161=VERTEX_POINT('',#18537);
#8162=VERTEX_POINT('',#18539);
#8163=VERTEX_POINT('',#18543);
#8164=VERTEX_POINT('',#18545);
#8165=VERTEX_POINT('',#18549);
#8166=VERTEX_POINT('',#18550);
#8167=VERTEX_POINT('',#18555);
#8168=VERTEX_POINT('',#18556);
#8169=VERTEX_POINT('',#18558);
#8170=VERTEX_POINT('',#18560);
#8171=VERTEX_POINT('',#18564);
#8172=VERTEX_POINT('',#18566);
#8173=VERTEX_POINT('',#18570);
#8174=VERTEX_POINT('',#18572);
#8175=VERTEX_POINT('',#18576);
#8176=VERTEX_POINT('',#18578);
#8177=VERTEX_POINT('',#18582);
#8178=VERTEX_POINT('',#18584);
#8179=VERTEX_POINT('',#18588);
#8180=VERTEX_POINT('',#18589);
#8181=VERTEX_POINT('',#18596);
#8182=VERTEX_POINT('',#18602);
#8183=VERTEX_POINT('',#18604);
#8184=VERTEX_POINT('',#18609);
#8185=VERTEX_POINT('',#18613);
#8186=VERTEX_POINT('',#18632);
#8187=VERTEX_POINT('',#18633);
#8188=VERTEX_POINT('',#18635);
#8189=VERTEX_POINT('',#18637);
#8190=VERTEX_POINT('',#18641);
#8191=VERTEX_POINT('',#18642);
#8192=VERTEX_POINT('',#18644);
#8193=VERTEX_POINT('',#18646);
#8194=VERTEX_POINT('',#18650);
#8195=VERTEX_POINT('',#18651);
#8196=VERTEX_POINT('',#18653);
#8197=VERTEX_POINT('',#18655);
#8198=VERTEX_POINT('',#18659);
#8199=VERTEX_POINT('',#18660);
#8200=VERTEX_POINT('',#18662);
#8201=VERTEX_POINT('',#18664);
#8202=VERTEX_POINT('',#18668);
#8203=VERTEX_POINT('',#18669);
#8204=VERTEX_POINT('',#18671);
#8205=VERTEX_POINT('',#18673);
#8206=VERTEX_POINT('',#18675);
#8207=VERTEX_POINT('',#18677);
#8208=VERTEX_POINT('',#18679);
#8209=VERTEX_POINT('',#18681);
#8210=VERTEX_POINT('',#18689);
#8211=VERTEX_POINT('',#18691);
#8212=VERTEX_POINT('',#18693);
#8213=VERTEX_POINT('',#18695);
#8214=VERTEX_POINT('',#18697);
#8215=VERTEX_POINT('',#18698);
#8216=VERTEX_POINT('',#18700);
#8217=VERTEX_POINT('',#18702);
#8218=VERTEX_POINT('',#18704);
#8219=VERTEX_POINT('',#18706);
#8220=VERTEX_POINT('',#18708);
#8221=VERTEX_POINT('',#18710);
#8222=VERTEX_POINT('',#18738);
#8223=VERTEX_POINT('',#18740);
#8224=VERTEX_POINT('',#18744);
#8225=VERTEX_POINT('',#18746);
#8226=VERTEX_POINT('',#18750);
#8227=VERTEX_POINT('',#18752);
#8228=VERTEX_POINT('',#18756);
#8229=VERTEX_POINT('',#18758);
#8230=VERTEX_POINT('',#18762);
#8231=VERTEX_POINT('',#18764);
#8232=VERTEX_POINT('',#18766);
#8233=VERTEX_POINT('',#18768);
#8234=VERTEX_POINT('',#18779);
#8235=VERTEX_POINT('',#18782);
#8236=VERTEX_POINT('',#18785);
#8237=VERTEX_POINT('',#18788);
#8238=VERTEX_POINT('',#18791);
#8239=VERTEX_POINT('',#18794);
#8240=VERTEX_POINT('',#18797);
#8241=VERTEX_POINT('',#18800);
#8242=VERTEX_POINT('',#18808);
#8243=VERTEX_POINT('',#18810);
#8244=VERTEX_POINT('',#18814);
#8245=VERTEX_POINT('',#18818);
#8246=VERTEX_POINT('',#18822);
#8247=VERTEX_POINT('',#18824);
#8248=VERTEX_POINT('',#18827);
#8249=VERTEX_POINT('',#18830);
#8250=VERTEX_POINT('',#18834);
#8251=VERTEX_POINT('',#18838);
#8252=VERTEX_POINT('',#18842);
#8253=VERTEX_POINT('',#18846);
#8254=VERTEX_POINT('',#18862);
#8255=VERTEX_POINT('',#18863);
#8256=VERTEX_POINT('',#18865);
#8257=VERTEX_POINT('',#18867);
#8258=VERTEX_POINT('',#18871);
#8259=VERTEX_POINT('',#18872);
#8260=VERTEX_POINT('',#18877);
#8261=VERTEX_POINT('',#18879);
#8262=VERTEX_POINT('',#18884);
#8263=VERTEX_POINT('',#18886);
#8264=VERTEX_POINT('',#18888);
#8265=VERTEX_POINT('',#18890);
#8266=VERTEX_POINT('',#18892);
#8267=VERTEX_POINT('',#18894);
#8268=VERTEX_POINT('',#18896);
#8269=VERTEX_POINT('',#18898);
#8270=VERTEX_POINT('',#18900);
#8271=VERTEX_POINT('',#18902);
#8272=VERTEX_POINT('',#18904);
#8273=VERTEX_POINT('',#18906);
#8274=VERTEX_POINT('',#18908);
#8275=VERTEX_POINT('',#18910);
#8276=VERTEX_POINT('',#18912);
#8277=VERTEX_POINT('',#18914);
#8278=VERTEX_POINT('',#18916);
#8279=VERTEX_POINT('',#18918);
#8280=VERTEX_POINT('',#18920);
#8281=VERTEX_POINT('',#18922);
#8282=VERTEX_POINT('',#18924);
#8283=VERTEX_POINT('',#18926);
#8284=VERTEX_POINT('',#18928);
#8285=VERTEX_POINT('',#18930);
#8286=VERTEX_POINT('',#18932);
#8287=VERTEX_POINT('',#18934);
#8288=VERTEX_POINT('',#18936);
#8289=VERTEX_POINT('',#18938);
#8290=VERTEX_POINT('',#18940);
#8291=VERTEX_POINT('',#18942);
#8292=VERTEX_POINT('',#18944);
#8293=VERTEX_POINT('',#18946);
#8294=VERTEX_POINT('',#18948);
#8295=VERTEX_POINT('',#18950);
#8296=VERTEX_POINT('',#18952);
#8297=VERTEX_POINT('',#18954);
#8298=VERTEX_POINT('',#18956);
#8299=VERTEX_POINT('',#18958);
#8300=VERTEX_POINT('',#18960);
#8301=VERTEX_POINT('',#18962);
#8302=VERTEX_POINT('',#18964);
#8303=VERTEX_POINT('',#18966);
#8304=VERTEX_POINT('',#18968);
#8305=VERTEX_POINT('',#18970);
#8306=VERTEX_POINT('',#18972);
#8307=VERTEX_POINT('',#18974);
#8308=VERTEX_POINT('',#18976);
#8309=VERTEX_POINT('',#18978);
#8310=VERTEX_POINT('',#18982);
#8311=VERTEX_POINT('',#18984);
#8312=VERTEX_POINT('',#18986);
#8313=VERTEX_POINT('',#18988);
#8314=VERTEX_POINT('',#18990);
#8315=VERTEX_POINT('',#18992);
#8316=VERTEX_POINT('',#18994);
#8317=VERTEX_POINT('',#18996);
#8318=VERTEX_POINT('',#18998);
#8319=VERTEX_POINT('',#19000);
#8320=VERTEX_POINT('',#19002);
#8321=VERTEX_POINT('',#19004);
#8322=VERTEX_POINT('',#19006);
#8323=VERTEX_POINT('',#19008);
#8324=VERTEX_POINT('',#19010);
#8325=VERTEX_POINT('',#19012);
#8326=VERTEX_POINT('',#19014);
#8327=VERTEX_POINT('',#19016);
#8328=VERTEX_POINT('',#19018);
#8329=VERTEX_POINT('',#19020);
#8330=VERTEX_POINT('',#19022);
#8331=VERTEX_POINT('',#19024);
#8332=VERTEX_POINT('',#19026);
#8333=VERTEX_POINT('',#19028);
#8334=VERTEX_POINT('',#19030);
#8335=VERTEX_POINT('',#19032);
#8336=VERTEX_POINT('',#19034);
#8337=VERTEX_POINT('',#19036);
#8338=VERTEX_POINT('',#19038);
#8339=VERTEX_POINT('',#19040);
#8340=VERTEX_POINT('',#19042);
#8341=VERTEX_POINT('',#19044);
#8342=VERTEX_POINT('',#19046);
#8343=VERTEX_POINT('',#19048);
#8344=VERTEX_POINT('',#19050);
#8345=VERTEX_POINT('',#19052);
#8346=VERTEX_POINT('',#19054);
#8347=VERTEX_POINT('',#19056);
#8348=VERTEX_POINT('',#19058);
#8349=VERTEX_POINT('',#19060);
#8350=VERTEX_POINT('',#19062);
#8351=VERTEX_POINT('',#19064);
#8352=VERTEX_POINT('',#19066);
#8353=VERTEX_POINT('',#19068);
#8354=VERTEX_POINT('',#19070);
#8355=VERTEX_POINT('',#19072);
#8356=VERTEX_POINT('',#19074);
#8357=VERTEX_POINT('',#19076);
#8358=CIRCLE('',#12190,0.0004);
#8359=CIRCLE('',#12191,0.0004);
#8360=CIRCLE('',#12192,0.0004);
#8361=CIRCLE('',#12193,0.0004);
#8362=CIRCLE('',#12194,0.001);
#8363=CIRCLE('',#12195,0.001);
#8364=CIRCLE('',#12196,0.001);
#8365=CIRCLE('',#12197,0.001);
#8366=CIRCLE('',#12198,0.002);
#8367=CIRCLE('',#12199,0.002);
#8368=CIRCLE('',#12200,0.002);
#8369=CIRCLE('',#12201,0.002);
#8370=CIRCLE('',#12202,0.0066);
#8371=CIRCLE('',#12203,0.0004);
#8372=CIRCLE('',#12204,0.0004);
#8373=CIRCLE('',#12205,0.0004);
#8374=CIRCLE('',#12206,0.0004);
#8375=CIRCLE('',#12207,0.0004);
#8376=CIRCLE('',#12208,0.0004);
#8377=CIRCLE('',#12209,0.0004);
#8378=CIRCLE('',#12210,0.0004);
#8379=CIRCLE('',#12211,0.0004);
#8380=CIRCLE('',#12212,0.0004);
#8381=CIRCLE('',#12213,0.0004);
#8382=CIRCLE('',#12214,0.0004);
#8383=CIRCLE('',#12216,0.0066);
#8384=CIRCLE('',#12217,0.0035);
#8385=CIRCLE('',#12218,0.0035);
#8386=CIRCLE('',#12219,0.0035);
#8387=CIRCLE('',#12220,0.0035);
#8388=CIRCLE('',#12221,0.001);
#8389=CIRCLE('',#12222,0.001);
#8390=CIRCLE('',#12223,0.001);
#8391=CIRCLE('',#12224,0.001);
#8392=CIRCLE('',#12225,0.0004);
#8393=CIRCLE('',#12226,0.0004);
#8394=CIRCLE('',#12227,0.0004);
#8395=CIRCLE('',#12228,0.0004);
#8396=CIRCLE('',#12229,0.001);
#8397=CIRCLE('',#12230,0.001);
#8398=CIRCLE('',#12231,0.001);
#8399=CIRCLE('',#12232,0.001);
#8400=CIRCLE('',#12233,0.0004);
#8401=CIRCLE('',#12234,0.0004);
#8402=CIRCLE('',#12235,0.0004);
#8403=CIRCLE('',#12236,0.0004);
#8404=CIRCLE('',#12237,0.0004);
#8405=CIRCLE('',#12238,0.0004);
#8406=CIRCLE('',#12239,0.0004);
#8407=CIRCLE('',#12240,0.0004);
#8408=CIRCLE('',#12241,0.0004);
#8409=CIRCLE('',#12242,0.0004);
#8410=CIRCLE('',#12243,0.0004);
#8411=CIRCLE('',#12244,0.0004);
#8412=CIRCLE('',#12250,0.001);
#8413=CIRCLE('',#12251,0.001);
#8414=CIRCLE('',#12252,0.001);
#8415=CIRCLE('',#12253,0.001);
#8416=CIRCLE('',#12254,0.0034);
#8417=CIRCLE('',#12255,0.0034);
#8418=CIRCLE('',#12256,0.0034);
#8419=CIRCLE('',#12257,0.0034);
#8420=CIRCLE('',#12259,0.0034);
#8421=CIRCLE('',#12261,0.0034);
#8422=CIRCLE('',#12263,0.0034);
#8423=CIRCLE('',#12265,0.0034);
#8424=CIRCLE('',#12267,0.0014);
#8425=CIRCLE('',#12268,0.0014);
#8426=CIRCLE('',#12270,0.0014);
#8427=CIRCLE('',#12272,0.0014);
#8428=CIRCLE('',#12274,0.0014);
#8429=CIRCLE('',#12276,0.0014);
#8430=CIRCLE('',#12278,0.0014);
#8431=CIRCLE('',#12280,0.0014);
#8432=CIRCLE('',#12291,0.0035);
#8433=CIRCLE('',#12293,0.0013);
#8434=CIRCLE('',#12295,0.0035);
#8435=CIRCLE('',#12297,0.0013);
#8436=CIRCLE('',#12299,0.0035);
#8437=CIRCLE('',#12301,0.0013);
#8438=CIRCLE('',#12303,0.0035);
#8439=CIRCLE('',#12305,0.0013);
#8440=CIRCLE('',#12307,0.0013);
#8441=CIRCLE('',#12310,0.0013);
#8442=CIRCLE('',#12313,0.0013);
#8443=CIRCLE('',#12316,0.0013);
#8444=CIRCLE('',#12360,0.0008);
#8445=CIRCLE('',#12361,0.0008);
#8446=CIRCLE('',#12363,0.0008);
#8447=CIRCLE('',#12364,0.0008);
#8448=CIRCLE('',#12605,0.00175);
#8449=CIRCLE('',#12609,0.001);
#8450=CIRCLE('',#12610,0.001);
#8451=CIRCLE('',#12621,0.0009);
#8452=CIRCLE('',#12625,0.0009);
#8453=CIRCLE('',#12626,0.0009);
#8454=CIRCLE('',#12627,0.0009);
#8455=CIRCLE('',#12628,0.0009);
#8456=CIRCLE('',#12636,0.00175);
#8457=CIRCLE('',#12643,0.0009);
#8458=CIRCLE('',#12645,0.0009);
#8459=CIRCLE('',#12647,0.0009);
#8460=CIRCLE('',#12662,0.00135);
#8461=CIRCLE('',#12663,0.00135);
#8462=CIRCLE('',#12668,0.00135);
#8463=CIRCLE('',#12669,0.00135);
#8464=CIRCLE('',#12697,0.0019);
#8465=CIRCLE('',#12698,0.0005);
#8466=CIRCLE('',#12699,0.0005);
#8467=CIRCLE('',#12710,0.0005);
#8468=CIRCLE('',#12712,0.0005);
#8469=CIRCLE('',#12718,0.00189999999999983);
#8470=CIRCLE('',#12719,0.00189999999999983);
#8471=CIRCLE('',#12720,0.00140000000000014);
#8472=CIRCLE('',#12803,0.001);
#8473=CIRCLE('',#12804,0.001);
#8474=CIRCLE('',#12805,0.001);
#8475=CIRCLE('',#12806,0.001);
#8476=CIRCLE('',#12807,0.0034);
#8477=CIRCLE('',#12808,0.0034);
#8478=CIRCLE('',#12809,0.0034);
#8479=CIRCLE('',#12810,0.0034);
#8480=CIRCLE('',#12812,0.0017);
#8481=CIRCLE('',#12813,0.0017);
#8482=CIRCLE('',#12814,0.0017);
#8483=CIRCLE('',#12815,0.0017);
#8484=CIRCLE('',#12816,0.002);
#8485=CIRCLE('',#12817,0.002);
#8486=CIRCLE('',#12818,0.002);
#8487=CIRCLE('',#12819,0.002);
#8488=CIRCLE('',#12821,0.0034);
#8489=CIRCLE('',#12823,0.0034);
#8490=CIRCLE('',#12825,0.0034);
#8491=CIRCLE('',#12827,0.0034);
#8492=CIRCLE('',#12829,0.0014);
#8493=CIRCLE('',#12830,0.0014);
#8494=CIRCLE('',#12832,0.0014);
#8495=CIRCLE('',#12834,0.0014);
#8496=CIRCLE('',#12836,0.0014);
#8497=CIRCLE('',#12838,0.0014);
#8498=CIRCLE('',#12840,0.0014);
#8499=CIRCLE('',#12842,0.0014);
#8500=CIRCLE('',#12849,0.0035);
#8501=CIRCLE('',#12850,0.0035);
#8502=CIRCLE('',#12851,0.0035);
#8503=CIRCLE('',#12852,0.0035);
#8504=CIRCLE('',#12853,0.001);
#8505=CIRCLE('',#12854,0.001);
#8506=CIRCLE('',#12855,0.001);
#8507=CIRCLE('',#12856,0.001);
#8508=CIRCLE('',#12862,0.0035);
#8509=CIRCLE('',#12864,0.0017);
#8510=CIRCLE('',#12866,0.0035);
#8511=CIRCLE('',#12868,0.0017);
#8512=CIRCLE('',#12870,0.0035);
#8513=CIRCLE('',#12872,0.0017);
#8514=CIRCLE('',#12874,0.0035);
#8515=CIRCLE('',#12876,0.0017);
#8516=CIRCLE('',#12883,0.006);
#8517=CIRCLE('',#12884,0.006);
#8518=CIRCLE('',#12886,0.0057);
#8519=CIRCLE('',#12887,0.0003);
#8520=CIRCLE('',#12889,0.001481481481481);
#8521=CIRCLE('',#12890,0.004518518518519);
#8522=CIRCLE('',#12892,0.00045);
#8523=CIRCLE('',#12893,0.00045);
#8524=CIRCLE('',#12895,0.001);
#8525=CIRCLE('',#12897,0.00045);
#8526=CIRCLE('',#12899,0.00045);
#8527=CIRCLE('',#12901,0.001);
#8528=CIRCLE('',#12903,0.00027);
#8529=CIRCLE('',#12904,0.00018);
#8530=CIRCLE('',#12906,0.00027);
#8531=CIRCLE('',#12907,0.00018);
#8532=CIRCLE('',#12924,0.0016);
#8533=CIRCLE('',#12925,0.00075);
#8534=CIRCLE('',#12926,0.00085);
#8535=CIRCLE('',#12927,0.002);
#8536=CIRCLE('',#12928,0.0004445);
#8537=CIRCLE('',#12929,0.0004445);
#8538=CIRCLE('',#12930,0.0004445);
#8539=CIRCLE('',#12931,0.00075);
#8540=CIRCLE('',#12932,0.00085);
#8541=CIRCLE('',#12933,0.0004445);
#8542=CIRCLE('',#12934,0.0004445);
#8543=CIRCLE('',#12935,0.0004445);
#8544=CIRCLE('',#12936,0.0004445);
#8545=CIRCLE('',#12937,0.0004445);
#8546=CIRCLE('',#12938,0.0004445);
#8547=CIRCLE('',#12939,0.0004445);
#8548=CIRCLE('',#12940,0.0016);
#8549=CIRCLE('',#12941,0.00075);
#8550=CIRCLE('',#12942,0.00085);
#8551=CIRCLE('',#12943,0.002);
#8552=CIRCLE('',#12944,0.0004445);
#8553=CIRCLE('',#12945,0.0004445);
#8554=CIRCLE('',#12946,0.0004445);
#8555=CIRCLE('',#12947,0.0004445);
#8556=CIRCLE('',#12948,0.00075);
#8557=CIRCLE('',#12949,0.00085);
#8558=CIRCLE('',#12950,0.00075);
#8559=CIRCLE('',#12951,0.00085);
#8560=CIRCLE('',#12952,0.002);
#8561=CIRCLE('',#12953,0.00075);
#8562=CIRCLE('',#12954,0.00085);
#8563=CIRCLE('',#12955,0.0005);
#8564=CIRCLE('',#12956,0.0005);
#8565=CIRCLE('',#12957,0.0005);
#8566=CIRCLE('',#12958,0.0005);
#8567=CIRCLE('',#12959,0.0016);
#8568=CIRCLE('',#12960,0.0005);
#8569=CIRCLE('',#12961,0.0005);
#8570=CIRCLE('',#12962,0.0005);
#8571=CIRCLE('',#12963,0.0005);
#8572=CIRCLE('',#12964,0.00075);
#8573=CIRCLE('',#12965,0.00085);
#8574=CIRCLE('',#12966,0.00075);
#8575=CIRCLE('',#12967,0.002);
#8576=CIRCLE('',#12968,0.00085);
#8577=CIRCLE('',#12969,0.0005);
#8578=CIRCLE('',#12970,0.0005);
#8579=CIRCLE('',#12971,0.0016);
#8580=CIRCLE('',#12973,0.0016);
#8581=CIRCLE('',#12974,0.00075);
#8582=CIRCLE('',#12975,0.00085);
#8583=CIRCLE('',#12976,0.002);
#8584=CIRCLE('',#12977,0.0004445);
#8585=CIRCLE('',#12978,0.0004445);
#8586=CIRCLE('',#12979,0.0004445);
#8587=CIRCLE('',#12980,0.00075);
#8588=CIRCLE('',#12981,0.00085);
#8589=CIRCLE('',#12982,0.0004445);
#8590=CIRCLE('',#12983,0.0004445);
#8591=CIRCLE('',#12984,0.0004445);
#8592=CIRCLE('',#12985,0.0004445);
#8593=CIRCLE('',#12986,0.0004445);
#8594=CIRCLE('',#12987,0.0004445);
#8595=CIRCLE('',#12988,0.0004445);
#8596=CIRCLE('',#12989,0.0016);
#8597=CIRCLE('',#12990,0.00075);
#8598=CIRCLE('',#12991,0.00085);
#8599=CIRCLE('',#12992,0.002);
#8600=CIRCLE('',#12993,0.0004445);
#8601=CIRCLE('',#12994,0.0004445);
#8602=CIRCLE('',#12995,0.0004445);
#8603=CIRCLE('',#12996,0.0004445);
#8604=CIRCLE('',#12997,0.00075);
#8605=CIRCLE('',#12998,0.00085);
#8606=CIRCLE('',#12999,0.00075);
#8607=CIRCLE('',#13000,0.00085);
#8608=CIRCLE('',#13001,0.002);
#8609=CIRCLE('',#13002,0.00075);
#8610=CIRCLE('',#13003,0.00085);
#8611=CIRCLE('',#13004,0.0005);
#8612=CIRCLE('',#13005,0.0005);
#8613=CIRCLE('',#13006,0.0005);
#8614=CIRCLE('',#13007,0.0005);
#8615=CIRCLE('',#13008,0.0016);
#8616=CIRCLE('',#13009,0.0005);
#8617=CIRCLE('',#13010,0.0005);
#8618=CIRCLE('',#13011,0.0005);
#8619=CIRCLE('',#13012,0.0005);
#8620=CIRCLE('',#13013,0.00075);
#8621=CIRCLE('',#13014,0.00085);
#8622=CIRCLE('',#13015,0.00075);
#8623=CIRCLE('',#13016,0.002);
#8624=CIRCLE('',#13017,0.00085);
#8625=CIRCLE('',#13018,0.0005);
#8626=CIRCLE('',#13019,0.0005);
#8627=CIRCLE('',#13020,0.0016);
#8628=EDGE_LOOP('',(#2895,#2896,#2897,#2898,#2899,#2900,#2901,#2902));
#8629=EDGE_LOOP('',(#2903,#2904,#2905,#2906,#2907,#2908,#2909,#2910));
#8630=EDGE_LOOP('',(#2911,#2912,#2913,#2914,#2915,#2916,#2917,#2918));
#8631=EDGE_LOOP('',(#2919));
#8632=EDGE_LOOP('',(#2920,#2921,#2922,#2923,#2924,#2925,#2926,#2927));
#8633=EDGE_LOOP('',(#2928,#2929,#2930,#2931,#2932,#2933,#2934,#2935));
#8634=EDGE_LOOP('',(#2936,#2937,#2938,#2939,#2940,#2941,#2942,#2943));
#8635=EDGE_LOOP('',(#2944));
#8636=EDGE_LOOP('',(#2945));
#8637=EDGE_LOOP('',(#2946));
#8638=EDGE_LOOP('',(#2947));
#8639=EDGE_LOOP('',(#2948));
#8640=EDGE_LOOP('',(#2949,#2950,#2951,#2952,#2953,#2954,#2955,#2956));
#8641=EDGE_LOOP('',(#2957,#2958,#2959,#2960,#2961,#2962,#2963,#2964));
#8642=EDGE_LOOP('',(#2965,#2966,#2967,#2968,#2969,#2970,#2971,#2972));
#8643=EDGE_LOOP('',(#2973,#2974,#2975,#2976,#2977,#2978,#2979,#2980));
#8644=EDGE_LOOP('',(#2981,#2982,#2983,#2984,#2985,#2986,#2987,#2988));
#8645=EDGE_LOOP('',(#2989,#2990,#2991,#2992,#2993,#2994,#2995,#2996));
#8646=EDGE_LOOP('',(#2997,#2998,#2999,#3000));
#8647=EDGE_LOOP('',(#3001,#3002,#3003,#3004));
#8648=EDGE_LOOP('',(#3005,#3006,#3007,#3008));
#8649=EDGE_LOOP('',(#3009,#3010,#3011,#3012));
#8650=EDGE_LOOP('',(#3013,#3014,#3015,#3016));
#8651=EDGE_LOOP('',(#3017,#3018,#3019,#3020,#3021,#3022,#3023,#3024));
#8652=EDGE_LOOP('',(#3025,#3026,#3027,#3028,#3029,#3030,#3031,#3032));
#8653=EDGE_LOOP('',(#3033,#3034,#3035,#3036));
#8654=EDGE_LOOP('',(#3037,#3038,#3039,#3040));
#8655=EDGE_LOOP('',(#3041,#3042,#3043,#3044));
#8656=EDGE_LOOP('',(#3045,#3046,#3047,#3048));
#8657=EDGE_LOOP('',(#3049,#3050,#3051,#3052));
#8658=EDGE_LOOP('',(#3053,#3054,#3055,#3056));
#8659=EDGE_LOOP('',(#3057,#3058,#3059,#3060));
#8660=EDGE_LOOP('',(#3061,#3062,#3063,#3064));
#8661=EDGE_LOOP('',(#3065,#3066,#3067,#3068));
#8662=EDGE_LOOP('',(#3069,#3070,#3071,#3072));
#8663=EDGE_LOOP('',(#3073,#3074,#3075,#3076));
#8664=EDGE_LOOP('',(#3077,#3078,#3079,#3080));
#8665=EDGE_LOOP('',(#3081,#3082,#3083,#3084));
#8666=EDGE_LOOP('',(#3085,#3086,#3087,#3088));
#8667=EDGE_LOOP('',(#3089,#3090,#3091,#3092));
#8668=EDGE_LOOP('',(#3093,#3094,#3095,#3096));
#8669=EDGE_LOOP('',(#3097,#3098,#3099,#3100));
#8670=EDGE_LOOP('',(#3101,#3102,#3103,#3104));
#8671=EDGE_LOOP('',(#3105,#3106,#3107,#3108));
#8672=EDGE_LOOP('',(#3109,#3110,#3111,#3112));
#8673=EDGE_LOOP('',(#3113,#3114,#3115,#3116));
#8674=EDGE_LOOP('',(#3117));
#8675=EDGE_LOOP('',(#3118));
#8676=EDGE_LOOP('',(#3119));
#8677=EDGE_LOOP('',(#3120));
#8678=EDGE_LOOP('',(#3121));
#8679=EDGE_LOOP('',(#3122));
#8680=EDGE_LOOP('',(#3123));
#8681=EDGE_LOOP('',(#3124));
#8682=EDGE_LOOP('',(#3125));
#8683=EDGE_LOOP('',(#3126));
#8684=EDGE_LOOP('',(#3127));
#8685=EDGE_LOOP('',(#3128));
#8686=EDGE_LOOP('',(#3129));
#8687=EDGE_LOOP('',(#3130));
#8688=EDGE_LOOP('',(#3131));
#8689=EDGE_LOOP('',(#3132));
#8690=EDGE_LOOP('',(#3133));
#8691=EDGE_LOOP('',(#3134));
#8692=EDGE_LOOP('',(#3135));
#8693=EDGE_LOOP('',(#3136));
#8694=EDGE_LOOP('',(#3137));
#8695=EDGE_LOOP('',(#3138));
#8696=EDGE_LOOP('',(#3139));
#8697=EDGE_LOOP('',(#3140));
#8698=EDGE_LOOP('',(#3141));
#8699=EDGE_LOOP('',(#3142));
#8700=EDGE_LOOP('',(#3143));
#8701=EDGE_LOOP('',(#3144));
#8702=EDGE_LOOP('',(#3145));
#8703=EDGE_LOOP('',(#3146));
#8704=EDGE_LOOP('',(#3147,#3148,#3149,#3150));
#8705=EDGE_LOOP('',(#3151,#3152,#3153,#3154));
#8706=EDGE_LOOP('',(#3155,#3156,#3157,#3158));
#8707=EDGE_LOOP('',(#3159,#3160,#3161,#3162));
#8708=EDGE_LOOP('',(#3163,#3164,#3165,#3166));
#8709=EDGE_LOOP('',(#3167,#3168,#3169,#3170));
#8710=EDGE_LOOP('',(#3171,#3172,#3173,#3174));
#8711=EDGE_LOOP('',(#3175,#3176,#3177,#3178));
#8712=EDGE_LOOP('',(#3179,#3180,#3181,#3182));
#8713=EDGE_LOOP('',(#3183,#3184,#3185,#3186));
#8714=EDGE_LOOP('',(#3187,#3188,#3189,#3190));
#8715=EDGE_LOOP('',(#3191,#3192,#3193,#3194));
#8716=EDGE_LOOP('',(#3195,#3196,#3197,#3198));
#8717=EDGE_LOOP('',(#3199,#3200,#3201,#3202));
#8718=EDGE_LOOP('',(#3203,#3204,#3205,#3206));
#8719=EDGE_LOOP('',(#3207,#3208,#3209,#3210));
#8720=EDGE_LOOP('',(#3211,#3212,#3213,#3214));
#8721=EDGE_LOOP('',(#3215,#3216,#3217,#3218));
#8722=EDGE_LOOP('',(#3219,#3220,#3221,#3222));
#8723=EDGE_LOOP('',(#3223,#3224,#3225,#3226));
#8724=EDGE_LOOP('',(#3227,#3228,#3229,#3230));
#8725=EDGE_LOOP('',(#3231,#3232,#3233,#3234));
#8726=EDGE_LOOP('',(#3235,#3236,#3237,#3238));
#8727=EDGE_LOOP('',(#3239,#3240,#3241,#3242));
#8728=EDGE_LOOP('',(#3243,#3244,#3245,#3246));
#8729=EDGE_LOOP('',(#3247,#3248,#3249,#3250));
#8730=EDGE_LOOP('',(#3251,#3252,#3253,#3254));
#8731=EDGE_LOOP('',(#3255,#3256,#3257,#3258));
#8732=EDGE_LOOP('',(#3259,#3260,#3261,#3262));
#8733=EDGE_LOOP('',(#3263,#3264,#3265,#3266));
#8734=EDGE_LOOP('',(#3267,#3268,#3269,#3270));
#8735=EDGE_LOOP('',(#3271,#3272,#3273,#3274));
#8736=EDGE_LOOP('',(#3275,#3276,#3277,#3278));
#8737=EDGE_LOOP('',(#3279,#3280,#3281,#3282));
#8738=EDGE_LOOP('',(#3283,#3284,#3285,#3286));
#8739=EDGE_LOOP('',(#3287,#3288,#3289,#3290));
#8740=EDGE_LOOP('',(#3291,#3292,#3293,#3294));
#8741=EDGE_LOOP('',(#3295,#3296,#3297,#3298));
#8742=EDGE_LOOP('',(#3299,#3300,#3301,#3302));
#8743=EDGE_LOOP('',(#3303,#3304,#3305,#3306));
#8744=EDGE_LOOP('',(#3307,#3308,#3309,#3310));
#8745=EDGE_LOOP('',(#3311,#3312,#3313,#3314));
#8746=EDGE_LOOP('',(#3315,#3316,#3317,#3318,#3319,#3320));
#8747=EDGE_LOOP('',(#3321,#3322,#3323,#3324,#3325,#3326));
#8748=EDGE_LOOP('',(#3327,#3328,#3329,#3330));
#8749=EDGE_LOOP('',(#3331,#3332,#3333,#3334));
#8750=EDGE_LOOP('',(#3335,#3336,#3337,#3338));
#8751=EDGE_LOOP('',(#3339,#3340,#3341,#3342,#3343,#3344,#3345,#3346));
#8752=EDGE_LOOP('',(#3347,#3348,#3349,#3350,#3351,#3352,#3353,#3354));
#8753=EDGE_LOOP('',(#3355,#3356,#3357,#3358));
#8754=EDGE_LOOP('',(#3359,#3360,#3361,#3362));
#8755=EDGE_LOOP('',(#3363,#3364,#3365,#3366));
#8756=EDGE_LOOP('',(#3367,#3368,#3369,#3370));
#8757=EDGE_LOOP('',(#3371,#3372,#3373,#3374));
#8758=EDGE_LOOP('',(#3375,#3376,#3377,#3378));
#8759=EDGE_LOOP('',(#3379,#3380,#3381,#3382));
#8760=EDGE_LOOP('',(#3383,#3384,#3385,#3386));
#8761=EDGE_LOOP('',(#3387,#3388,#3389,#3390));
#8762=EDGE_LOOP('',(#3391,#3392,#3393,#3394));
#8763=EDGE_LOOP('',(#3395,#3396,#3397,#3398));
#8764=EDGE_LOOP('',(#3399,#3400,#3401,#3402));
#8765=EDGE_LOOP('',(#3403,#3404,#3405,#3406));
#8766=EDGE_LOOP('',(#3407,#3408,#3409,#3410,#3411,#3412,#3413,#3414));
#8767=EDGE_LOOP('',(#3415,#3416,#3417,#3418,#3419,#3420,#3421,#3422));
#8768=EDGE_LOOP('',(#3423,#3424,#3425,#3426,#3427,#3428,#3429,#3430));
#8769=EDGE_LOOP('',(#3431,#3432,#3433,#3434,#3435,#3436,#3437,#3438));
#8770=EDGE_LOOP('',(#3439,#3440,#3441,#3442,#3443,#3444,#3445,#3446));
#8771=EDGE_LOOP('',(#3447,#3448,#3449,#3450,#3451,#3452,#3453,#3454));
#8772=EDGE_LOOP('',(#3455,#3456,#3457,#3458,#3459,#3460,#3461,#3462));
#8773=EDGE_LOOP('',(#3463,#3464,#3465,#3466,#3467,#3468,#3469,#3470));
#8774=EDGE_LOOP('',(#3471,#3472,#3473,#3474));
#8775=EDGE_LOOP('',(#3475,#3476,#3477,#3478));
#8776=EDGE_LOOP('',(#3479,#3480,#3481,#3482));
#8777=EDGE_LOOP('',(#3483,#3484,#3485,#3486));
#8778=EDGE_LOOP('',(#3487,#3488,#3489,#3490));
#8779=EDGE_LOOP('',(#3491,#3492,#3493,#3494));
#8780=EDGE_LOOP('',(#3495,#3496,#3497,#3498));
#8781=EDGE_LOOP('',(#3499,#3500,#3501,#3502));
#8782=EDGE_LOOP('',(#3503,#3504,#3505,#3506));
#8783=EDGE_LOOP('',(#3507,#3508,#3509,#3510));
#8784=EDGE_LOOP('',(#3511,#3512,#3513,#3514));
#8785=EDGE_LOOP('',(#3515,#3516,#3517,#3518));
#8786=EDGE_LOOP('',(#3519,#3520,#3521,#3522));
#8787=EDGE_LOOP('',(#3523,#3524,#3525,#3526));
#8788=EDGE_LOOP('',(#3527,#3528,#3529,#3530));
#8789=EDGE_LOOP('',(#3531,#3532,#3533,#3534));
#8790=EDGE_LOOP('',(#3535,#3536,#3537,#3538));
#8791=EDGE_LOOP('',(#3539,#3540,#3541,#3542));
#8792=EDGE_LOOP('',(#3543,#3544,#3545,#3546));
#8793=EDGE_LOOP('',(#3547,#3548,#3549,#3550));
#8794=EDGE_LOOP('',(#3551,#3552,#3553,#3554));
#8795=EDGE_LOOP('',(#3555,#3556,#3557,#3558));
#8796=EDGE_LOOP('',(#3559,#3560,#3561,#3562));
#8797=EDGE_LOOP('',(#3563,#3564,#3565,#3566));
#8798=EDGE_LOOP('',(#3567,#3568,#3569,#3570));
#8799=EDGE_LOOP('',(#3571,#3572,#3573,#3574));
#8800=EDGE_LOOP('',(#3575,#3576,#3577,#3578));
#8801=EDGE_LOOP('',(#3579,#3580,#3581,#3582));
#8802=EDGE_LOOP('',(#3583,#3584,#3585,#3586));
#8803=EDGE_LOOP('',(#3587,#3588,#3589,#3590));
#8804=EDGE_LOOP('',(#3591,#3592,#3593,#3594));
#8805=EDGE_LOOP('',(#3595,#3596,#3597,#3598));
#8806=EDGE_LOOP('',(#3599,#3600,#3601,#3602));
#8807=EDGE_LOOP('',(#3603,#3604,#3605,#3606));
#8808=EDGE_LOOP('',(#3607,#3608,#3609,#3610));
#8809=EDGE_LOOP('',(#3611,#3612,#3613,#3614,#3615,#3616));
#8810=EDGE_LOOP('',(#3617,#3618,#3619,#3620));
#8811=EDGE_LOOP('',(#3621,#3622,#3623,#3624,#3625,#3626));
#8812=EDGE_LOOP('',(#3627,#3628,#3629,#3630));
#8813=EDGE_LOOP('',(#3631,#3632,#3633,#3634,#3635,#3636));
#8814=EDGE_LOOP('',(#3637,#3638,#3639,#3640));
#8815=EDGE_LOOP('',(#3641,#3642,#3643,#3644,#3645,#3646));
#8816=EDGE_LOOP('',(#3647,#3648,#3649,#3650));
#8817=EDGE_LOOP('',(#3651,#3652,#3653,#3654,#3655,#3656));
#8818=EDGE_LOOP('',(#3657,#3658,#3659,#3660));
#8819=EDGE_LOOP('',(#3661,#3662,#3663,#3664,#3665,#3666));
#8820=EDGE_LOOP('',(#3667,#3668,#3669,#3670));
#8821=EDGE_LOOP('',(#3671,#3672,#3673,#3674,#3675,#3676));
#8822=EDGE_LOOP('',(#3677,#3678,#3679,#3680));
#8823=EDGE_LOOP('',(#3681,#3682,#3683,#3684,#3685,#3686));
#8824=EDGE_LOOP('',(#3687,#3688,#3689,#3690));
#8825=EDGE_LOOP('',(#3691,#3692,#3693,#3694,#3695,#3696));
#8826=EDGE_LOOP('',(#3697,#3698,#3699,#3700));
#8827=EDGE_LOOP('',(#3701,#3702,#3703,#3704,#3705,#3706));
#8828=EDGE_LOOP('',(#3707,#3708,#3709,#3710));
#8829=EDGE_LOOP('',(#3711,#3712,#3713,#3714,#3715,#3716));
#8830=EDGE_LOOP('',(#3717,#3718,#3719,#3720));
#8831=EDGE_LOOP('',(#3721,#3722,#3723,#3724,#3725,#3726));
#8832=EDGE_LOOP('',(#3727,#3728,#3729,#3730));
#8833=EDGE_LOOP('',(#3731,#3732,#3733,#3734,#3735,#3736));
#8834=EDGE_LOOP('',(#3737,#3738,#3739,#3740));
#8835=EDGE_LOOP('',(#3741,#3742,#3743,#3744,#3745,#3746));
#8836=EDGE_LOOP('',(#3747,#3748,#3749,#3750));
#8837=EDGE_LOOP('',(#3751,#3752,#3753,#3754,#3755,#3756));
#8838=EDGE_LOOP('',(#3757,#3758,#3759,#3760));
#8839=EDGE_LOOP('',(#3761,#3762,#3763,#3764,#3765,#3766));
#8840=EDGE_LOOP('',(#3767,#3768,#3769,#3770));
#8841=EDGE_LOOP('',(#3771,#3772,#3773,#3774,#3775,#3776,#3777,#3778));
#8842=EDGE_LOOP('',(#3779,#3780,#3781,#3782));
#8843=EDGE_LOOP('',(#3783,#3784,#3785,#3786,#3787,#3788,#3789,#3790));
#8844=EDGE_LOOP('',(#3791,#3792,#3793,#3794));
#8845=EDGE_LOOP('',(#3795,#3796,#3797,#3798,#3799,#3800,#3801,#3802));
#8846=EDGE_LOOP('',(#3803,#3804,#3805,#3806));
#8847=EDGE_LOOP('',(#3807,#3808,#3809,#3810,#3811,#3812,#3813,#3814));
#8848=EDGE_LOOP('',(#3815,#3816,#3817,#3818));
#8849=EDGE_LOOP('',(#3819,#3820,#3821,#3822,#3823,#3824,#3825,#3826));
#8850=EDGE_LOOP('',(#3827,#3828,#3829,#3830));
#8851=EDGE_LOOP('',(#3831,#3832,#3833,#3834,#3835,#3836,#3837,#3838));
#8852=EDGE_LOOP('',(#3839,#3840,#3841,#3842));
#8853=EDGE_LOOP('',(#3843,#3844,#3845,#3846,#3847,#3848,#3849,#3850));
#8854=EDGE_LOOP('',(#3851,#3852,#3853,#3854));
#8855=EDGE_LOOP('',(#3855,#3856,#3857,#3858,#3859,#3860,#3861,#3862));
#8856=EDGE_LOOP('',(#3863,#3864,#3865,#3866));
#8857=EDGE_LOOP('',(#3867,#3868,#3869,#3870,#3871,#3872,#3873,#3874));
#8858=EDGE_LOOP('',(#3875,#3876,#3877,#3878));
#8859=EDGE_LOOP('',(#3879,#3880,#3881,#3882,#3883,#3884,#3885,#3886));
#8860=EDGE_LOOP('',(#3887,#3888,#3889,#3890));
#8861=EDGE_LOOP('',(#3891,#3892,#3893,#3894,#3895,#3896,#3897,#3898));
#8862=EDGE_LOOP('',(#3899,#3900,#3901,#3902));
#8863=EDGE_LOOP('',(#3903,#3904,#3905,#3906,#3907,#3908,#3909,#3910));
#8864=EDGE_LOOP('',(#3911,#3912,#3913,#3914));
#8865=EDGE_LOOP('',(#3915,#3916,#3917,#3918,#3919,#3920,#3921,#3922));
#8866=EDGE_LOOP('',(#3923,#3924,#3925,#3926));
#8867=EDGE_LOOP('',(#3927,#3928,#3929,#3930,#3931,#3932,#3933,#3934));
#8868=EDGE_LOOP('',(#3935,#3936,#3937,#3938));
#8869=EDGE_LOOP('',(#3939,#3940,#3941,#3942,#3943,#3944,#3945,#3946));
#8870=EDGE_LOOP('',(#3947,#3948,#3949,#3950));
#8871=EDGE_LOOP('',(#3951,#3952,#3953,#3954,#3955,#3956,#3957,#3958));
#8872=EDGE_LOOP('',(#3959,#3960,#3961,#3962));
#8873=EDGE_LOOP('',(#3963,#3964,#3965,#3966));
#8874=EDGE_LOOP('',(#3967,#3968,#3969,#3970));
#8875=EDGE_LOOP('',(#3971,#3972,#3973,#3974));
#8876=EDGE_LOOP('',(#3975,#3976,#3977,#3978));
#8877=EDGE_LOOP('',(#3979,#3980,#3981,#3982));
#8878=EDGE_LOOP('',(#3983,#3984,#3985,#3986));
#8879=EDGE_LOOP('',(#3987,#3988,#3989,#3990));
#8880=EDGE_LOOP('',(#3991,#3992,#3993,#3994));
#8881=EDGE_LOOP('',(#3995,#3996,#3997,#3998));
#8882=EDGE_LOOP('',(#3999,#4000,#4001,#4002));
#8883=EDGE_LOOP('',(#4003,#4004,#4005,#4006));
#8884=EDGE_LOOP('',(#4007,#4008,#4009,#4010));
#8885=EDGE_LOOP('',(#4011,#4012,#4013,#4014));
#8886=EDGE_LOOP('',(#4015,#4016,#4017,#4018));
#8887=EDGE_LOOP('',(#4019,#4020,#4021,#4022));
#8888=EDGE_LOOP('',(#4023,#4024,#4025,#4026));
#8889=EDGE_LOOP('',(#4027,#4028,#4029,#4030));
#8890=EDGE_LOOP('',(#4031,#4032,#4033,#4034));
#8891=EDGE_LOOP('',(#4035,#4036,#4037,#4038));
#8892=EDGE_LOOP('',(#4039,#4040,#4041,#4042));
#8893=EDGE_LOOP('',(#4043,#4044,#4045,#4046));
#8894=EDGE_LOOP('',(#4047,#4048,#4049,#4050));
#8895=EDGE_LOOP('',(#4051,#4052,#4053,#4054));
#8896=EDGE_LOOP('',(#4055,#4056,#4057,#4058));
#8897=EDGE_LOOP('',(#4059,#4060,#4061,#4062));
#8898=EDGE_LOOP('',(#4063,#4064,#4065,#4066));
#8899=EDGE_LOOP('',(#4067,#4068,#4069,#4070));
#8900=EDGE_LOOP('',(#4071,#4072,#4073,#4074));
#8901=EDGE_LOOP('',(#4075,#4076,#4077,#4078));
#8902=EDGE_LOOP('',(#4079,#4080,#4081,#4082));
#8903=EDGE_LOOP('',(#4083,#4084,#4085,#4086));
#8904=EDGE_LOOP('',(#4087,#4088,#4089,#4090));
#8905=EDGE_LOOP('',(#4091,#4092,#4093,#4094));
#8906=EDGE_LOOP('',(#4095,#4096,#4097,#4098));
#8907=EDGE_LOOP('',(#4099,#4100,#4101,#4102));
#8908=EDGE_LOOP('',(#4103,#4104,#4105,#4106));
#8909=EDGE_LOOP('',(#4107,#4108,#4109,#4110));
#8910=EDGE_LOOP('',(#4111,#4112,#4113,#4114));
#8911=EDGE_LOOP('',(#4115,#4116,#4117,#4118));
#8912=EDGE_LOOP('',(#4119,#4120,#4121,#4122));
#8913=EDGE_LOOP('',(#4123,#4124,#4125,#4126));
#8914=EDGE_LOOP('',(#4127,#4128,#4129,#4130,#4131,#4132,#4133,#4134));
#8915=EDGE_LOOP('',(#4135,#4136,#4137,#4138));
#8916=EDGE_LOOP('',(#4139,#4140,#4141,#4142,#4143,#4144,#4145,#4146));
#8917=EDGE_LOOP('',(#4147,#4148,#4149,#4150));
#8918=EDGE_LOOP('',(#4151,#4152,#4153,#4154));
#8919=EDGE_LOOP('',(#4155,#4156,#4157,#4158));
#8920=EDGE_LOOP('',(#4159,#4160,#4161,#4162,#4163,#4164,#4165,#4166));
#8921=EDGE_LOOP('',(#4167,#4168,#4169,#4170));
#8922=EDGE_LOOP('',(#4171,#4172,#4173,#4174,#4175,#4176,#4177,#4178));
#8923=EDGE_LOOP('',(#4179,#4180,#4181,#4182));
#8924=EDGE_LOOP('',(#4183,#4184,#4185,#4186));
#8925=EDGE_LOOP('',(#4187,#4188,#4189,#4190));
#8926=EDGE_LOOP('',(#4191,#4192,#4193,#4194,#4195,#4196,#4197,#4198));
#8927=EDGE_LOOP('',(#4199,#4200,#4201,#4202));
#8928=EDGE_LOOP('',(#4203,#4204,#4205,#4206,#4207,#4208,#4209,#4210));
#8929=EDGE_LOOP('',(#4211,#4212,#4213,#4214));
#8930=EDGE_LOOP('',(#4215,#4216,#4217,#4218));
#8931=EDGE_LOOP('',(#4219,#4220,#4221,#4222));
#8932=EDGE_LOOP('',(#4223,#4224,#4225,#4226,#4227,#4228,#4229,#4230));
#8933=EDGE_LOOP('',(#4231,#4232,#4233,#4234));
#8934=EDGE_LOOP('',(#4235,#4236,#4237,#4238,#4239,#4240,#4241,#4242));
#8935=EDGE_LOOP('',(#4243,#4244,#4245,#4246));
#8936=EDGE_LOOP('',(#4247,#4248,#4249,#4250));
#8937=EDGE_LOOP('',(#4251,#4252,#4253,#4254));
#8938=EDGE_LOOP('',(#4255,#4256,#4257,#4258,#4259,#4260,#4261,#4262));
#8939=EDGE_LOOP('',(#4263,#4264,#4265,#4266));
#8940=EDGE_LOOP('',(#4267,#4268,#4269,#4270,#4271,#4272,#4273,#4274));
#8941=EDGE_LOOP('',(#4275,#4276,#4277,#4278));
#8942=EDGE_LOOP('',(#4279,#4280,#4281,#4282));
#8943=EDGE_LOOP('',(#4283,#4284,#4285,#4286));
#8944=EDGE_LOOP('',(#4287,#4288,#4289,#4290,#4291,#4292,#4293,#4294));
#8945=EDGE_LOOP('',(#4295,#4296,#4297,#4298));
#8946=EDGE_LOOP('',(#4299,#4300,#4301,#4302,#4303,#4304,#4305,#4306));
#8947=EDGE_LOOP('',(#4307,#4308,#4309,#4310));
#8948=EDGE_LOOP('',(#4311,#4312,#4313,#4314));
#8949=EDGE_LOOP('',(#4315,#4316,#4317,#4318));
#8950=EDGE_LOOP('',(#4319,#4320,#4321,#4322,#4323,#4324,#4325,#4326));
#8951=EDGE_LOOP('',(#4327,#4328,#4329,#4330));
#8952=EDGE_LOOP('',(#4331,#4332,#4333,#4334,#4335,#4336,#4337,#4338));
#8953=EDGE_LOOP('',(#4339,#4340,#4341,#4342));
#8954=EDGE_LOOP('',(#4343,#4344,#4345,#4346));
#8955=EDGE_LOOP('',(#4347,#4348,#4349,#4350));
#8956=EDGE_LOOP('',(#4351,#4352,#4353,#4354,#4355,#4356,#4357,#4358));
#8957=EDGE_LOOP('',(#4359,#4360,#4361,#4362));
#8958=EDGE_LOOP('',(#4363,#4364,#4365,#4366,#4367,#4368,#4369,#4370));
#8959=EDGE_LOOP('',(#4371,#4372,#4373,#4374));
#8960=EDGE_LOOP('',(#4375,#4376,#4377,#4378));
#8961=EDGE_LOOP('',(#4379,#4380,#4381,#4382));
#8962=EDGE_LOOP('',(#4383,#4384,#4385,#4386));
#8963=EDGE_LOOP('',(#4387,#4388,#4389,#4390));
#8964=EDGE_LOOP('',(#4391,#4392,#4393,#4394));
#8965=EDGE_LOOP('',(#4395,#4396,#4397,#4398));
#8966=EDGE_LOOP('',(#4399,#4400,#4401,#4402));
#8967=EDGE_LOOP('',(#4403,#4404,#4405,#4406));
#8968=EDGE_LOOP('',(#4407,#4408,#4409,#4410));
#8969=EDGE_LOOP('',(#4411,#4412,#4413,#4414));
#8970=EDGE_LOOP('',(#4415,#4416,#4417,#4418));
#8971=EDGE_LOOP('',(#4419,#4420,#4421,#4422));
#8972=EDGE_LOOP('',(#4423,#4424,#4425,#4426));
#8973=EDGE_LOOP('',(#4427,#4428,#4429,#4430));
#8974=EDGE_LOOP('',(#4431,#4432,#4433,#4434));
#8975=EDGE_LOOP('',(#4435,#4436,#4437,#4438));
#8976=EDGE_LOOP('',(#4439,#4440,#4441,#4442));
#8977=EDGE_LOOP('',(#4443,#4444,#4445,#4446));
#8978=EDGE_LOOP('',(#4447,#4448,#4449,#4450));
#8979=EDGE_LOOP('',(#4451,#4452,#4453,#4454));
#8980=EDGE_LOOP('',(#4455,#4456,#4457,#4458));
#8981=EDGE_LOOP('',(#4459,#4460,#4461,#4462));
#8982=EDGE_LOOP('',(#4463,#4464,#4465,#4466));
#8983=EDGE_LOOP('',(#4467,#4468,#4469,#4470));
#8984=EDGE_LOOP('',(#4471,#4472,#4473,#4474));
#8985=EDGE_LOOP('',(#4475,#4476,#4477,#4478));
#8986=EDGE_LOOP('',(#4479,#4480,#4481,#4482));
#8987=EDGE_LOOP('',(#4483,#4484,#4485,#4486));
#8988=EDGE_LOOP('',(#4487,#4488,#4489,#4490,#4491,#4492,#4493,#4494));
#8989=EDGE_LOOP('',(#4495,#4496,#4497,#4498));
#8990=EDGE_LOOP('',(#4499,#4500,#4501,#4502));
#8991=EDGE_LOOP('',(#4503,#4504,#4505,#4506));
#8992=EDGE_LOOP('',(#4507,#4508,#4509,#4510));
#8993=EDGE_LOOP('',(#4511,#4512,#4513,#4514,#4515,#4516,#4517,#4518));
#8994=EDGE_LOOP('',(#4519,#4520,#4521,#4522,#4523,#4524,#4525,#4526));
#8995=EDGE_LOOP('',(#4527,#4528,#4529,#4530,#4531,#4532,#4533,#4534));
#8996=EDGE_LOOP('',(#4535,#4536,#4537,#4538));
#8997=EDGE_LOOP('',(#4539,#4540,#4541,#4542,#4543));
#8998=EDGE_LOOP('',(#4544,#4545,#4546,#4547,#4548,#4549,#4550,#4551,#4552,
#4553,#4554,#4555,#4556,#4557));
#8999=EDGE_LOOP('',(#4558,#4559,#4560,#4561));
#9000=EDGE_LOOP('',(#4562,#4563,#4564,#4565));
#9001=EDGE_LOOP('',(#4566,#4567,#4568,#4569,#4570));
#9002=EDGE_LOOP('',(#4571,#4572,#4573,#4574));
#9003=EDGE_LOOP('',(#4575,#4576,#4577,#4578,#4579,#4580,#4581));
#9004=EDGE_LOOP('',(#4582,#4583,#4584,#4585));
#9005=EDGE_LOOP('',(#4586,#4587,#4588,#4589));
#9006=EDGE_LOOP('',(#4590,#4591,#4592,#4593));
#9007=EDGE_LOOP('',(#4594,#4595,#4596,#4597));
#9008=EDGE_LOOP('',(#4598,#4599,#4600,#4601));
#9009=EDGE_LOOP('',(#4602,#4603,#4604,#4605));
#9010=EDGE_LOOP('',(#4606,#4607,#4608,#4609,#4610,#4611,#4612,#4613,#4614,
#4615,#4616,#4617,#4618,#4619,#4620,#4621,#4622,#4623,#4624,#4625));
#9011=EDGE_LOOP('',(#4626,#4627,#4628,#4629,#4630,#4631,#4632));
#9012=EDGE_LOOP('',(#4633,#4634,#4635,#4636,#4637));
#9013=EDGE_LOOP('',(#4638,#4639,#4640));
#9014=EDGE_LOOP('',(#4641,#4642,#4643,#4644));
#9015=EDGE_LOOP('',(#4645,#4646,#4647,#4648,#4649,#4650,#4651,#4652,#4653,
#4654,#4655,#4656));
#9016=EDGE_LOOP('',(#4657,#4658,#4659,#4660,#4661,#4662,#4663,#4664,#4665,
#4666,#4667,#4668,#4669,#4670,#4671,#4672));
#9017=EDGE_LOOP('',(#4673,#4674,#4675,#4676));
#9018=EDGE_LOOP('',(#4677,#4678,#4679,#4680,#4681,#4682,#4683));
#9019=EDGE_LOOP('',(#4684,#4685,#4686,#4687));
#9020=EDGE_LOOP('',(#4688,#4689,#4690,#4691,#4692,#4693,#4694));
#9021=EDGE_LOOP('',(#4695,#4696,#4697,#4698));
#9022=EDGE_LOOP('',(#4699,#4700,#4701,#4702));
#9023=EDGE_LOOP('',(#4703,#4704,#4705,#4706,#4707,#4708));
#9024=EDGE_LOOP('',(#4709,#4710,#4711,#4712));
#9025=EDGE_LOOP('',(#4713,#4714,#4715,#4716));
#9026=EDGE_LOOP('',(#4717,#4718,#4719,#4720,#4721,#4722));
#9027=EDGE_LOOP('',(#4723,#4724,#4725,#4726,#4727));
#9028=EDGE_LOOP('',(#4728,#4729,#4730,#4731,#4732));
#9029=EDGE_LOOP('',(#4733,#4734,#4735,#4736,#4737));
#9030=EDGE_LOOP('',(#4738,#4739,#4740,#4741,#4742));
#9031=EDGE_LOOP('',(#4743,#4744,#4745,#4746,#4747));
#9032=EDGE_LOOP('',(#4748,#4749,#4750,#4751,#4752,#4753,#4754,#4755));
#9033=EDGE_LOOP('',(#4756,#4757,#4758,#4759));
#9034=EDGE_LOOP('',(#4760,#4761,#4762,#4763));
#9035=EDGE_LOOP('',(#4764,#4765,#4766,#4767,#4768,#4769,#4770,#4771));
#9036=EDGE_LOOP('',(#4772,#4773,#4774,#4775,#4776));
#9037=EDGE_LOOP('',(#4777,#4778,#4779,#4780));
#9038=EDGE_LOOP('',(#4781,#4782,#4783,#4784));
#9039=EDGE_LOOP('',(#4785,#4786,#4787,#4788));
#9040=EDGE_LOOP('',(#4789,#4790,#4791));
#9041=EDGE_LOOP('',(#4792,#4793,#4794,#4795));
#9042=EDGE_LOOP('',(#4796,#4797,#4798,#4799,#4800));
#9043=EDGE_LOOP('',(#4801,#4802,#4803,#4804));
#9044=EDGE_LOOP('',(#4805,#4806,#4807,#4808));
#9045=EDGE_LOOP('',(#4809,#4810,#4811,#4812));
#9046=EDGE_LOOP('',(#4813,#4814,#4815,#4816,#4817));
#9047=EDGE_LOOP('',(#4818,#4819,#4820,#4821));
#9048=EDGE_LOOP('',(#4822,#4823,#4824,#4825));
#9049=EDGE_LOOP('',(#4826,#4827,#4828,#4829));
#9050=EDGE_LOOP('',(#4830,#4831,#4832,#4833));
#9051=EDGE_LOOP('',(#4834,#4835,#4836,#4837));
#9052=EDGE_LOOP('',(#4838,#4839,#4840,#4841));
#9053=EDGE_LOOP('',(#4842,#4843,#4844,#4845,#4846,#4847,#4848,#4849));
#9054=EDGE_LOOP('',(#4850,#4851,#4852,#4853));
#9055=EDGE_LOOP('',(#4854,#4855,#4856,#4857));
#9056=EDGE_LOOP('',(#4858,#4859,#4860,#4861,#4862,#4863,#4864,#4865));
#9057=EDGE_LOOP('',(#4866,#4867,#4868,#4869));
#9058=EDGE_LOOP('',(#4870,#4871,#4872,#4873));
#9059=EDGE_LOOP('',(#4874,#4875,#4876,#4877));
#9060=EDGE_LOOP('',(#4878,#4879,#4880,#4881));
#9061=EDGE_LOOP('',(#4882,#4883,#4884,#4885));
#9062=EDGE_LOOP('',(#4886,#4887,#4888,#4889));
#9063=EDGE_LOOP('',(#4890,#4891,#4892,#4893));
#9064=EDGE_LOOP('',(#4894,#4895,#4896,#4897));
#9065=EDGE_LOOP('',(#4898,#4899,#4900,#4901));
#9066=EDGE_LOOP('',(#4902,#4903,#4904,#4905));
#9067=EDGE_LOOP('',(#4906,#4907,#4908,#4909));
#9068=EDGE_LOOP('',(#4910,#4911,#4912,#4913));
#9069=EDGE_LOOP('',(#4914,#4915,#4916,#4917,#4918,#4919));
#9070=EDGE_LOOP('',(#4920,#4921,#4922,#4923,#4924,#4925));
#9071=EDGE_LOOP('',(#4926,#4927,#4928,#4929,#4930,#4931,#4932,#4933));
#9072=EDGE_LOOP('',(#4934,#4935,#4936,#4937));
#9073=EDGE_LOOP('',(#4938,#4939,#4940,#4941));
#9074=EDGE_LOOP('',(#4942,#4943,#4944,#4945));
#9075=EDGE_LOOP('',(#4946,#4947,#4948,#4949));
#9076=EDGE_LOOP('',(#4950,#4951,#4952,#4953,#4954,#4955,#4956,#4957));
#9077=EDGE_LOOP('',(#4958,#4959,#4960,#4961,#4962,#4963,#4964,#4965));
#9078=EDGE_LOOP('',(#4966,#4967,#4968,#4969,#4970,#4971,#4972,#4973,#4974));
#9079=EDGE_LOOP('',(#4975,#4976,#4977,#4978,#4979,#4980,#4981,#4982,#4983,
#4984,#4985,#4986,#4987,#4988,#4989,#4990,#4991,#4992));
#9080=EDGE_LOOP('',(#4993));
#9081=EDGE_LOOP('',(#4994));
#9082=EDGE_LOOP('',(#4995));
#9083=EDGE_LOOP('',(#4996,#4997,#4998,#4999,#5000,#5001));
#9084=EDGE_LOOP('',(#5002,#5003,#5004,#5005));
#9085=EDGE_LOOP('',(#5006,#5007,#5008,#5009,#5010,#5011));
#9086=EDGE_LOOP('',(#5012,#5013,#5014,#5015));
#9087=EDGE_LOOP('',(#5016,#5017,#5018,#5019));
#9088=EDGE_LOOP('',(#5020,#5021,#5022,#5023));
#9089=EDGE_LOOP('',(#5024,#5025,#5026,#5027));
#9090=EDGE_LOOP('',(#5028,#5029,#5030,#5031,#5032,#5033));
#9091=EDGE_LOOP('',(#5034,#5035,#5036,#5037,#5038,#5039));
#9092=EDGE_LOOP('',(#5040,#5041,#5042,#5043));
#9093=EDGE_LOOP('',(#5044,#5045,#5046,#5047));
#9094=EDGE_LOOP('',(#5048));
#9095=EDGE_LOOP('',(#5049));
#9096=EDGE_LOOP('',(#5050,#5051,#5052,#5053));
#9097=EDGE_LOOP('',(#5054,#5055,#5056,#5057));
#9098=EDGE_LOOP('',(#5058,#5059,#5060,#5061,#5062));
#9099=EDGE_LOOP('',(#5063,#5064,#5065,#5066,#5067));
#9100=EDGE_LOOP('',(#5068));
#9101=EDGE_LOOP('',(#5069,#5070,#5071,#5072));
#9102=EDGE_LOOP('',(#5073,#5074,#5075,#5076));
#9103=EDGE_LOOP('',(#5077,#5078,#5079,#5080,#5081,#5082));
#9104=EDGE_LOOP('',(#5083,#5084,#5085,#5086));
#9105=EDGE_LOOP('',(#5087,#5088,#5089,#5090,#5091,#5092));
#9106=EDGE_LOOP('',(#5093,#5094,#5095,#5096));
#9107=EDGE_LOOP('',(#5097,#5098,#5099,#5100));
#9108=EDGE_LOOP('',(#5101,#5102,#5103,#5104));
#9109=EDGE_LOOP('',(#5105,#5106,#5107,#5108));
#9110=EDGE_LOOP('',(#5109,#5110,#5111,#5112,#5113,#5114));
#9111=EDGE_LOOP('',(#5115,#5116,#5117,#5118));
#9112=EDGE_LOOP('',(#5119,#5120,#5121,#5122));
#9113=EDGE_LOOP('',(#5123,#5124,#5125,#5126));
#9114=EDGE_LOOP('',(#5127,#5128,#5129,#5130,#5131,#5132));
#9115=EDGE_LOOP('',(#5133,#5134,#5135,#5136));
#9116=EDGE_LOOP('',(#5137,#5138,#5139,#5140));
#9117=EDGE_LOOP('',(#5141,#5142,#5143,#5144,#5145));
#9118=EDGE_LOOP('',(#5146,#5147,#5148,#5149));
#9119=EDGE_LOOP('',(#5150,#5151,#5152,#5153,#5154));
#9120=EDGE_LOOP('',(#5155,#5156,#5157,#5158));
#9121=EDGE_LOOP('',(#5159,#5160,#5161,#5162,#5163));
#9122=EDGE_LOOP('',(#5164,#5165,#5166,#5167));
#9123=EDGE_LOOP('',(#5168,#5169,#5170,#5171));
#9124=EDGE_LOOP('',(#5172,#5173,#5174,#5175));
#9125=EDGE_LOOP('',(#5176,#5177,#5178,#5179,#5180,#5181,#5182,#5183,#5184,
#5185,#5186,#5187));
#9126=EDGE_LOOP('',(#5188,#5189,#5190,#5191,#5192));
#9127=EDGE_LOOP('',(#5193,#5194,#5195,#5196));
#9128=EDGE_LOOP('',(#5197,#5198,#5199,#5200));
#9129=EDGE_LOOP('',(#5201,#5202,#5203,#5204));
#9130=EDGE_LOOP('',(#5205,#5206,#5207,#5208));
#9131=EDGE_LOOP('',(#5209,#5210,#5211,#5212));
#9132=EDGE_LOOP('',(#5213,#5214,#5215,#5216));
#9133=EDGE_LOOP('',(#5217,#5218,#5219,#5220));
#9134=EDGE_LOOP('',(#5221,#5222,#5223,#5224));
#9135=EDGE_LOOP('',(#5225,#5226,#5227,#5228));
#9136=EDGE_LOOP('',(#5229,#5230,#5231,#5232));
#9137=EDGE_LOOP('',(#5233,#5234,#5235,#5236));
#9138=EDGE_LOOP('',(#5237,#5238,#5239,#5240));
#9139=EDGE_LOOP('',(#5241,#5242,#5243,#5244));
#9140=EDGE_LOOP('',(#5245,#5246,#5247,#5248));
#9141=EDGE_LOOP('',(#5249,#5250,#5251,#5252));
#9142=EDGE_LOOP('',(#5253,#5254,#5255,#5256));
#9143=EDGE_LOOP('',(#5257,#5258,#5259,#5260));
#9144=EDGE_LOOP('',(#5261,#5262,#5263,#5264));
#9145=EDGE_LOOP('',(#5265,#5266,#5267,#5268));
#9146=EDGE_LOOP('',(#5269,#5270,#5271,#5272,#5273,#5274,#5275,#5276));
#9147=EDGE_LOOP('',(#5277,#5278,#5279,#5280));
#9148=EDGE_LOOP('',(#5281,#5282,#5283,#5284));
#9149=EDGE_LOOP('',(#5285,#5286,#5287,#5288));
#9150=EDGE_LOOP('',(#5289,#5290,#5291,#5292));
#9151=EDGE_LOOP('',(#5293,#5294,#5295,#5296));
#9152=EDGE_LOOP('',(#5297,#5298,#5299,#5300,#5301,#5302,#5303,#5304));
#9153=EDGE_LOOP('',(#5305,#5306,#5307,#5308));
#9154=EDGE_LOOP('',(#5309,#5310,#5311,#5312));
#9155=EDGE_LOOP('',(#5313,#5314,#5315,#5316));
#9156=EDGE_LOOP('',(#5317,#5318,#5319,#5320,#5321,#5322,#5323,#5324));
#9157=EDGE_LOOP('',(#5325,#5326,#5327,#5328));
#9158=EDGE_LOOP('',(#5329,#5330,#5331,#5332,#5333,#5334,#5335,#5336));
#9159=EDGE_LOOP('',(#5337,#5338,#5339,#5340));
#9160=EDGE_LOOP('',(#5341,#5342,#5343,#5344,#5345,#5346,#5347,#5348,#5349,
#5350,#5351,#5352));
#9161=EDGE_LOOP('',(#5353,#5354,#5355,#5356,#5357,#5358,#5359,#5360,#5361,
#5362,#5363,#5364));
#9162=EDGE_LOOP('',(#5365,#5366,#5367,#5368));
#9163=EDGE_LOOP('',(#5369,#5370,#5371,#5372));
#9164=EDGE_LOOP('',(#5373,#5374,#5375,#5376));
#9165=EDGE_LOOP('',(#5377,#5378,#5379,#5380));
#9166=EDGE_LOOP('',(#5381,#5382,#5383,#5384));
#9167=EDGE_LOOP('',(#5385,#5386,#5387,#5388,#5389,#5390,#5391,#5392));
#9168=EDGE_LOOP('',(#5393,#5394,#5395,#5396,#5397,#5398,#5399,#5400));
#9169=EDGE_LOOP('',(#5401));
#9170=EDGE_LOOP('',(#5402));
#9171=EDGE_LOOP('',(#5403));
#9172=EDGE_LOOP('',(#5404));
#9173=EDGE_LOOP('',(#5405,#5406,#5407,#5408,#5409,#5410,#5411,#5412));
#9174=EDGE_LOOP('',(#5413,#5414,#5415,#5416));
#9175=EDGE_LOOP('',(#5417,#5418,#5419,#5420));
#9176=EDGE_LOOP('',(#5421,#5422,#5423,#5424));
#9177=EDGE_LOOP('',(#5425,#5426,#5427,#5428));
#9178=EDGE_LOOP('',(#5429,#5430,#5431,#5432));
#9179=EDGE_LOOP('',(#5433,#5434,#5435,#5436));
#9180=EDGE_LOOP('',(#5437,#5438,#5439,#5440));
#9181=EDGE_LOOP('',(#5441,#5442,#5443,#5444));
#9182=EDGE_LOOP('',(#5445,#5446,#5447,#5448));
#9183=EDGE_LOOP('',(#5449,#5450,#5451,#5452));
#9184=EDGE_LOOP('',(#5453,#5454,#5455,#5456));
#9185=EDGE_LOOP('',(#5457,#5458,#5459,#5460));
#9186=EDGE_LOOP('',(#5461,#5462,#5463,#5464));
#9187=EDGE_LOOP('',(#5465,#5466,#5467,#5468));
#9188=EDGE_LOOP('',(#5469,#5470,#5471,#5472));
#9189=EDGE_LOOP('',(#5473,#5474,#5475,#5476));
#9190=EDGE_LOOP('',(#5477));
#9191=EDGE_LOOP('',(#5478));
#9192=EDGE_LOOP('',(#5479));
#9193=EDGE_LOOP('',(#5480));
#9194=EDGE_LOOP('',(#5481,#5482,#5483,#5484,#5485,#5486,#5487,#5488));
#9195=EDGE_LOOP('',(#5489,#5490,#5491,#5492));
#9196=EDGE_LOOP('',(#5493,#5494,#5495,#5496));
#9197=EDGE_LOOP('',(#5497,#5498,#5499,#5500));
#9198=EDGE_LOOP('',(#5501,#5502,#5503,#5504));
#9199=EDGE_LOOP('',(#5505));
#9200=EDGE_LOOP('',(#5506));
#9201=EDGE_LOOP('',(#5507));
#9202=EDGE_LOOP('',(#5508));
#9203=EDGE_LOOP('',(#5509));
#9204=EDGE_LOOP('',(#5510));
#9205=EDGE_LOOP('',(#5511));
#9206=EDGE_LOOP('',(#5512));
#9207=EDGE_LOOP('',(#5513));
#9208=EDGE_LOOP('',(#5514));
#9209=EDGE_LOOP('',(#5515));
#9210=EDGE_LOOP('',(#5516));
#9211=EDGE_LOOP('',(#5517));
#9212=EDGE_LOOP('',(#5518));
#9213=EDGE_LOOP('',(#5519));
#9214=EDGE_LOOP('',(#5520));
#9215=EDGE_LOOP('',(#5521));
#9216=EDGE_LOOP('',(#5522));
#9217=EDGE_LOOP('',(#5523));
#9218=EDGE_LOOP('',(#5524));
#9219=EDGE_LOOP('',(#5525));
#9220=EDGE_LOOP('',(#5526));
#9221=EDGE_LOOP('',(#5527));
#9222=EDGE_LOOP('',(#5528));
#9223=EDGE_LOOP('',(#5529,#5530,#5531,#5532));
#9224=EDGE_LOOP('',(#5533,#5534,#5535,#5536));
#9225=EDGE_LOOP('',(#5537,#5538,#5539,#5540));
#9226=EDGE_LOOP('',(#5541));
#9227=EDGE_LOOP('',(#5542));
#9228=EDGE_LOOP('',(#5543));
#9229=EDGE_LOOP('',(#5544));
#9230=EDGE_LOOP('',(#5545));
#9231=EDGE_LOOP('',(#5546,#5547,#5548,#5549));
#9232=EDGE_LOOP('',(#5550,#5551,#5552,#5553));
#9233=EDGE_LOOP('',(#5554,#5555,#5556,#5557));
#9234=EDGE_LOOP('',(#5558,#5559,#5560,#5561));
#9235=EDGE_LOOP('',(#5562,#5563,#5564,#5565));
#9236=EDGE_LOOP('',(#5566));
#9237=EDGE_LOOP('',(#5567));
#9238=EDGE_LOOP('',(#5568));
#9239=EDGE_LOOP('',(#5569,#5570,#5571,#5572));
#9240=EDGE_LOOP('',(#5573,#5574,#5575,#5576));
#9241=EDGE_LOOP('',(#5577,#5578,#5579,#5580));
#9242=EDGE_LOOP('',(#5581,#5582,#5583,#5584));
#9243=EDGE_LOOP('',(#5585));
#9244=EDGE_LOOP('',(#5586));
#9245=EDGE_LOOP('',(#5587));
#9246=EDGE_LOOP('',(#5588));
#9247=EDGE_LOOP('',(#5589));
#9248=EDGE_LOOP('',(#5590));
#9249=EDGE_LOOP('',(#5591));
#9250=EDGE_LOOP('',(#5592));
#9251=EDGE_LOOP('',(#5593));
#9252=EDGE_LOOP('',(#5594));
#9253=EDGE_LOOP('',(#5595));
#9254=EDGE_LOOP('',(#5596));
#9255=EDGE_LOOP('',(#5597));
#9256=EDGE_LOOP('',(#5598));
#9257=EDGE_LOOP('',(#5599));
#9258=EDGE_LOOP('',(#5600));
#9259=EDGE_LOOP('',(#5601));
#9260=EDGE_LOOP('',(#5602));
#9261=EDGE_LOOP('',(#5603));
#9262=EDGE_LOOP('',(#5604));
#9263=EDGE_LOOP('',(#5605));
#9264=EDGE_LOOP('',(#5606));
#9265=EDGE_LOOP('',(#5607));
#9266=EDGE_LOOP('',(#5608));
#9267=EDGE_LOOP('',(#5609));
#9268=EDGE_LOOP('',(#5610));
#9269=EDGE_LOOP('',(#5611));
#9270=EDGE_LOOP('',(#5612));
#9271=EDGE_LOOP('',(#5613));
#9272=EDGE_LOOP('',(#5614));
#9273=EDGE_LOOP('',(#5615));
#9274=EDGE_LOOP('',(#5616));
#9275=EDGE_LOOP('',(#5617));
#9276=EDGE_LOOP('',(#5618));
#9277=EDGE_LOOP('',(#5619));
#9278=EDGE_LOOP('',(#5620));
#9279=EDGE_LOOP('',(#5621));
#9280=EDGE_LOOP('',(#5622));
#9281=EDGE_LOOP('',(#5623));
#9282=EDGE_LOOP('',(#5624));
#9283=EDGE_LOOP('',(#5625));
#9284=EDGE_LOOP('',(#5626));
#9285=EDGE_LOOP('',(#5627));
#9286=EDGE_LOOP('',(#5628));
#9287=EDGE_LOOP('',(#5629));
#9288=EDGE_LOOP('',(#5630));
#9289=EDGE_LOOP('',(#5631));
#9290=EDGE_LOOP('',(#5632));
#9291=EDGE_LOOP('',(#5633,#5634,#5635,#5636));
#9292=EDGE_LOOP('',(#5637));
#9293=EDGE_LOOP('',(#5638));
#9294=EDGE_LOOP('',(#5639));
#9295=EDGE_LOOP('',(#5640));
#9296=EDGE_LOOP('',(#5641));
#9297=EDGE_LOOP('',(#5642));
#9298=EDGE_LOOP('',(#5643));
#9299=EDGE_LOOP('',(#5644));
#9300=EDGE_LOOP('',(#5645));
#9301=EDGE_LOOP('',(#5646));
#9302=EDGE_LOOP('',(#5647));
#9303=EDGE_LOOP('',(#5648));
#9304=EDGE_LOOP('',(#5649));
#9305=EDGE_LOOP('',(#5650));
#9306=EDGE_LOOP('',(#5651));
#9307=EDGE_LOOP('',(#5652));
#9308=EDGE_LOOP('',(#5653));
#9309=EDGE_LOOP('',(#5654));
#9310=EDGE_LOOP('',(#5655));
#9311=EDGE_LOOP('',(#5656));
#9312=EDGE_LOOP('',(#5657));
#9313=EDGE_LOOP('',(#5658));
#9314=EDGE_LOOP('',(#5659));
#9315=EDGE_LOOP('',(#5660));
#9316=EDGE_LOOP('',(#5661));
#9317=EDGE_LOOP('',(#5662));
#9318=EDGE_LOOP('',(#5663));
#9319=EDGE_LOOP('',(#5664));
#9320=EDGE_LOOP('',(#5665));
#9321=EDGE_LOOP('',(#5666));
#9322=EDGE_LOOP('',(#5667));
#9323=EDGE_LOOP('',(#5668));
#9324=EDGE_LOOP('',(#5669));
#9325=EDGE_LOOP('',(#5670));
#9326=EDGE_LOOP('',(#5671));
#9327=EDGE_LOOP('',(#5672));
#9328=EDGE_LOOP('',(#5673));
#9329=EDGE_LOOP('',(#5674));
#9330=EDGE_LOOP('',(#5675));
#9331=EDGE_LOOP('',(#5676));
#9332=EDGE_LOOP('',(#5677));
#9333=EDGE_LOOP('',(#5678));
#9334=EDGE_LOOP('',(#5679));
#9335=EDGE_LOOP('',(#5680));
#9336=EDGE_LOOP('',(#5681));
#9337=EDGE_LOOP('',(#5682));
#9338=EDGE_LOOP('',(#5683));
#9339=EDGE_LOOP('',(#5684));
#9340=EDGE_LOOP('',(#5685,#5686,#5687,#5688));
#9341=EDGE_LOOP('',(#5689,#5690,#5691,#5692));
#9342=EDGE_LOOP('',(#5693,#5694,#5695,#5696));
#9343=EDGE_LOOP('',(#5697,#5698,#5699,#5700));
#9344=EDGE_LOOP('',(#5701,#5702,#5703,#5704));
#9345=EDGE_LOOP('',(#5705,#5706,#5707,#5708));
#9346=EDGE_LOOP('',(#5709,#5710,#5711,#5712));
#9347=EDGE_LOOP('',(#5713,#5714,#5715,#5716));
#9348=EDGE_LOOP('',(#5717,#5718,#5719,#5720));
#9349=EDGE_LOOP('',(#5721,#5722,#5723,#5724));
#9350=EDGE_LOOP('',(#5725,#5726,#5727,#5728));
#9351=EDGE_LOOP('',(#5729,#5730,#5731,#5732));
#9352=EDGE_LOOP('',(#5733,#5734,#5735,#5736));
#9353=EDGE_LOOP('',(#5737,#5738,#5739,#5740));
#9354=EDGE_LOOP('',(#5741,#5742,#5743,#5744));
#9355=EDGE_LOOP('',(#5745,#5746,#5747,#5748));
#9356=EDGE_LOOP('',(#5749,#5750,#5751,#5752));
#9357=EDGE_LOOP('',(#5753,#5754,#5755,#5756));
#9358=EDGE_LOOP('',(#5757,#5758,#5759,#5760));
#9359=EDGE_LOOP('',(#5761,#5762,#5763,#5764));
#9360=EDGE_LOOP('',(#5765,#5766,#5767,#5768));
#9361=EDGE_LOOP('',(#5769,#5770,#5771,#5772));
#9362=EDGE_LOOP('',(#5773,#5774,#5775,#5776));
#9363=EDGE_LOOP('',(#5777,#5778,#5779,#5780));
#9364=EDGE_LOOP('',(#5781,#5782,#5783,#5784));
#9365=EDGE_LOOP('',(#5785,#5786,#5787,#5788));
#9366=EDGE_LOOP('',(#5789,#5790,#5791,#5792));
#9367=EDGE_LOOP('',(#5793,#5794,#5795,#5796));
#9368=EDGE_LOOP('',(#5797,#5798,#5799,#5800));
#9369=EDGE_LOOP('',(#5801,#5802,#5803,#5804));
#9370=EDGE_LOOP('',(#5805,#5806,#5807,#5808));
#9371=EDGE_LOOP('',(#5809,#5810,#5811,#5812));
#9372=EDGE_LOOP('',(#5813,#5814,#5815,#5816));
#9373=EDGE_LOOP('',(#5817,#5818,#5819,#5820));
#9374=EDGE_LOOP('',(#5821,#5822,#5823,#5824));
#9375=EDGE_LOOP('',(#5825,#5826,#5827,#5828));
#9376=EDGE_LOOP('',(#5829,#5830,#5831,#5832));
#9377=EDGE_LOOP('',(#5833,#5834,#5835,#5836));
#9378=EDGE_LOOP('',(#5837,#5838,#5839,#5840));
#9379=EDGE_LOOP('',(#5841,#5842,#5843,#5844));
#9380=EDGE_LOOP('',(#5845,#5846,#5847,#5848));
#9381=EDGE_LOOP('',(#5849,#5850,#5851,#5852));
#9382=EDGE_LOOP('',(#5853,#5854,#5855,#5856));
#9383=EDGE_LOOP('',(#5857,#5858,#5859,#5860));
#9384=EDGE_LOOP('',(#5861,#5862,#5863,#5864));
#9385=EDGE_LOOP('',(#5865,#5866,#5867,#5868));
#9386=EDGE_LOOP('',(#5869,#5870,#5871,#5872));
#9387=EDGE_LOOP('',(#5873,#5874,#5875,#5876));
#9388=EDGE_LOOP('',(#5877,#5878,#5879,#5880));
#9389=FACE_BOUND('',#8628,.T.);
#9390=FACE_BOUND('',#8629,.T.);
#9391=FACE_BOUND('',#8630,.T.);
#9392=FACE_BOUND('',#8631,.T.);
#9393=FACE_BOUND('',#8632,.T.);
#9394=FACE_BOUND('',#8633,.T.);
#9395=FACE_BOUND('',#8634,.T.);
#9396=FACE_BOUND('',#8635,.T.);
#9397=FACE_BOUND('',#8636,.T.);
#9398=FACE_BOUND('',#8637,.T.);
#9399=FACE_BOUND('',#8638,.T.);
#9400=FACE_BOUND('',#8639,.T.);
#9401=FACE_BOUND('',#8640,.T.);
#9402=FACE_BOUND('',#8641,.T.);
#9403=FACE_BOUND('',#8642,.T.);
#9404=FACE_BOUND('',#8643,.T.);
#9405=FACE_BOUND('',#8644,.T.);
#9406=FACE_BOUND('',#8645,.T.);
#9407=FACE_BOUND('',#8646,.T.);
#9408=FACE_BOUND('',#8647,.T.);
#9409=FACE_BOUND('',#8648,.T.);
#9410=FACE_BOUND('',#8649,.T.);
#9411=FACE_BOUND('',#8650,.T.);
#9412=FACE_BOUND('',#8651,.T.);
#9413=FACE_BOUND('',#8652,.T.);
#9414=FACE_BOUND('',#8653,.T.);
#9415=FACE_BOUND('',#8654,.T.);
#9416=FACE_BOUND('',#8655,.T.);
#9417=FACE_BOUND('',#8656,.T.);
#9418=FACE_BOUND('',#8657,.T.);
#9419=FACE_BOUND('',#8658,.T.);
#9420=FACE_BOUND('',#8659,.T.);
#9421=FACE_BOUND('',#8660,.T.);
#9422=FACE_BOUND('',#8661,.T.);
#9423=FACE_BOUND('',#8662,.T.);
#9424=FACE_BOUND('',#8663,.T.);
#9425=FACE_BOUND('',#8664,.T.);
#9426=FACE_BOUND('',#8665,.T.);
#9427=FACE_BOUND('',#8666,.T.);
#9428=FACE_BOUND('',#8667,.T.);
#9429=FACE_BOUND('',#8668,.T.);
#9430=FACE_BOUND('',#8669,.T.);
#9431=FACE_BOUND('',#8670,.T.);
#9432=FACE_BOUND('',#8671,.T.);
#9433=FACE_BOUND('',#8672,.T.);
#9434=FACE_BOUND('',#8673,.T.);
#9435=FACE_BOUND('',#8674,.T.);
#9436=FACE_BOUND('',#8675,.T.);
#9437=FACE_BOUND('',#8676,.T.);
#9438=FACE_BOUND('',#8677,.T.);
#9439=FACE_BOUND('',#8678,.T.);
#9440=FACE_BOUND('',#8679,.T.);
#9441=FACE_BOUND('',#8680,.T.);
#9442=FACE_BOUND('',#8681,.T.);
#9443=FACE_BOUND('',#8682,.T.);
#9444=FACE_BOUND('',#8683,.T.);
#9445=FACE_BOUND('',#8684,.T.);
#9446=FACE_BOUND('',#8685,.T.);
#9447=FACE_BOUND('',#8686,.T.);
#9448=FACE_BOUND('',#8687,.T.);
#9449=FACE_BOUND('',#8688,.T.);
#9450=FACE_BOUND('',#8689,.T.);
#9451=FACE_BOUND('',#8690,.T.);
#9452=FACE_BOUND('',#8691,.T.);
#9453=FACE_BOUND('',#8692,.T.);
#9454=FACE_BOUND('',#8693,.T.);
#9455=FACE_BOUND('',#8694,.T.);
#9456=FACE_BOUND('',#8695,.T.);
#9457=FACE_BOUND('',#8696,.T.);
#9458=FACE_BOUND('',#8697,.T.);
#9459=FACE_BOUND('',#8698,.T.);
#9460=FACE_BOUND('',#8699,.T.);
#9461=FACE_BOUND('',#8700,.T.);
#9462=FACE_BOUND('',#8701,.T.);
#9463=FACE_BOUND('',#8702,.T.);
#9464=FACE_BOUND('',#8703,.T.);
#9465=FACE_BOUND('',#8704,.T.);
#9466=FACE_BOUND('',#8705,.T.);
#9467=FACE_BOUND('',#8706,.T.);
#9468=FACE_BOUND('',#8707,.T.);
#9469=FACE_BOUND('',#8708,.T.);
#9470=FACE_BOUND('',#8709,.T.);
#9471=FACE_BOUND('',#8710,.T.);
#9472=FACE_BOUND('',#8711,.T.);
#9473=FACE_BOUND('',#8712,.T.);
#9474=FACE_BOUND('',#8713,.T.);
#9475=FACE_BOUND('',#8714,.T.);
#9476=FACE_BOUND('',#8715,.T.);
#9477=FACE_BOUND('',#8716,.T.);
#9478=FACE_BOUND('',#8717,.T.);
#9479=FACE_BOUND('',#8718,.T.);
#9480=FACE_BOUND('',#8719,.T.);
#9481=FACE_BOUND('',#8720,.T.);
#9482=FACE_BOUND('',#8721,.T.);
#9483=FACE_BOUND('',#8722,.T.);
#9484=FACE_BOUND('',#8723,.T.);
#9485=FACE_BOUND('',#8724,.T.);
#9486=FACE_BOUND('',#8725,.T.);
#9487=FACE_BOUND('',#8726,.T.);
#9488=FACE_BOUND('',#8727,.T.);
#9489=FACE_BOUND('',#8728,.T.);
#9490=FACE_BOUND('',#8729,.T.);
#9491=FACE_BOUND('',#8730,.T.);
#9492=FACE_BOUND('',#8731,.T.);
#9493=FACE_BOUND('',#8732,.T.);
#9494=FACE_BOUND('',#8733,.T.);
#9495=FACE_BOUND('',#8734,.T.);
#9496=FACE_BOUND('',#8735,.T.);
#9497=FACE_BOUND('',#8736,.T.);
#9498=FACE_BOUND('',#8737,.T.);
#9499=FACE_BOUND('',#8738,.T.);
#9500=FACE_BOUND('',#8739,.T.);
#9501=FACE_BOUND('',#8740,.T.);
#9502=FACE_BOUND('',#8741,.T.);
#9503=FACE_BOUND('',#8742,.T.);
#9504=FACE_BOUND('',#8743,.T.);
#9505=FACE_BOUND('',#8744,.T.);
#9506=FACE_BOUND('',#8745,.T.);
#9507=FACE_BOUND('',#8746,.T.);
#9508=FACE_BOUND('',#8747,.T.);
#9509=FACE_BOUND('',#8748,.T.);
#9510=FACE_BOUND('',#8749,.T.);
#9511=FACE_BOUND('',#8750,.T.);
#9512=FACE_BOUND('',#8751,.T.);
#9513=FACE_BOUND('',#8752,.T.);
#9514=FACE_BOUND('',#8753,.T.);
#9515=FACE_BOUND('',#8754,.T.);
#9516=FACE_BOUND('',#8755,.T.);
#9517=FACE_BOUND('',#8756,.T.);
#9518=FACE_BOUND('',#8757,.T.);
#9519=FACE_BOUND('',#8758,.T.);
#9520=FACE_BOUND('',#8759,.T.);
#9521=FACE_BOUND('',#8760,.T.);
#9522=FACE_BOUND('',#8761,.T.);
#9523=FACE_BOUND('',#8762,.T.);
#9524=FACE_BOUND('',#8763,.T.);
#9525=FACE_BOUND('',#8764,.T.);
#9526=FACE_BOUND('',#8765,.T.);
#9527=FACE_BOUND('',#8766,.T.);
#9528=FACE_BOUND('',#8767,.T.);
#9529=FACE_BOUND('',#8768,.T.);
#9530=FACE_BOUND('',#8769,.T.);
#9531=FACE_BOUND('',#8770,.T.);
#9532=FACE_BOUND('',#8771,.T.);
#9533=FACE_BOUND('',#8772,.T.);
#9534=FACE_BOUND('',#8773,.T.);
#9535=FACE_BOUND('',#8774,.T.);
#9536=FACE_BOUND('',#8775,.T.);
#9537=FACE_BOUND('',#8776,.T.);
#9538=FACE_BOUND('',#8777,.T.);
#9539=FACE_BOUND('',#8778,.T.);
#9540=FACE_BOUND('',#8779,.T.);
#9541=FACE_BOUND('',#8780,.T.);
#9542=FACE_BOUND('',#8781,.T.);
#9543=FACE_BOUND('',#8782,.T.);
#9544=FACE_BOUND('',#8783,.T.);
#9545=FACE_BOUND('',#8784,.T.);
#9546=FACE_BOUND('',#8785,.T.);
#9547=FACE_BOUND('',#8786,.T.);
#9548=FACE_BOUND('',#8787,.T.);
#9549=FACE_BOUND('',#8788,.T.);
#9550=FACE_BOUND('',#8789,.T.);
#9551=FACE_BOUND('',#8790,.T.);
#9552=FACE_BOUND('',#8791,.T.);
#9553=FACE_BOUND('',#8792,.T.);
#9554=FACE_BOUND('',#8793,.T.);
#9555=FACE_BOUND('',#8794,.T.);
#9556=FACE_BOUND('',#8795,.T.);
#9557=FACE_BOUND('',#8796,.T.);
#9558=FACE_BOUND('',#8797,.T.);
#9559=FACE_BOUND('',#8798,.T.);
#9560=FACE_BOUND('',#8799,.T.);
#9561=FACE_BOUND('',#8800,.T.);
#9562=FACE_BOUND('',#8801,.T.);
#9563=FACE_BOUND('',#8802,.T.);
#9564=FACE_BOUND('',#8803,.T.);
#9565=FACE_BOUND('',#8804,.T.);
#9566=FACE_BOUND('',#8805,.T.);
#9567=FACE_BOUND('',#8806,.T.);
#9568=FACE_BOUND('',#8807,.T.);
#9569=FACE_BOUND('',#8808,.T.);
#9570=FACE_BOUND('',#8809,.T.);
#9571=FACE_BOUND('',#8810,.T.);
#9572=FACE_BOUND('',#8811,.T.);
#9573=FACE_BOUND('',#8812,.T.);
#9574=FACE_BOUND('',#8813,.T.);
#9575=FACE_BOUND('',#8814,.T.);
#9576=FACE_BOUND('',#8815,.T.);
#9577=FACE_BOUND('',#8816,.T.);
#9578=FACE_BOUND('',#8817,.T.);
#9579=FACE_BOUND('',#8818,.T.);
#9580=FACE_BOUND('',#8819,.T.);
#9581=FACE_BOUND('',#8820,.T.);
#9582=FACE_BOUND('',#8821,.T.);
#9583=FACE_BOUND('',#8822,.T.);
#9584=FACE_BOUND('',#8823,.T.);
#9585=FACE_BOUND('',#8824,.T.);
#9586=FACE_BOUND('',#8825,.T.);
#9587=FACE_BOUND('',#8826,.T.);
#9588=FACE_BOUND('',#8827,.T.);
#9589=FACE_BOUND('',#8828,.T.);
#9590=FACE_BOUND('',#8829,.T.);
#9591=FACE_BOUND('',#8830,.T.);
#9592=FACE_BOUND('',#8831,.T.);
#9593=FACE_BOUND('',#8832,.T.);
#9594=FACE_BOUND('',#8833,.T.);
#9595=FACE_BOUND('',#8834,.T.);
#9596=FACE_BOUND('',#8835,.T.);
#9597=FACE_BOUND('',#8836,.T.);
#9598=FACE_BOUND('',#8837,.T.);
#9599=FACE_BOUND('',#8838,.T.);
#9600=FACE_BOUND('',#8839,.T.);
#9601=FACE_BOUND('',#8840,.T.);
#9602=FACE_BOUND('',#8841,.T.);
#9603=FACE_BOUND('',#8842,.T.);
#9604=FACE_BOUND('',#8843,.T.);
#9605=FACE_BOUND('',#8844,.T.);
#9606=FACE_BOUND('',#8845,.T.);
#9607=FACE_BOUND('',#8846,.T.);
#9608=FACE_BOUND('',#8847,.T.);
#9609=FACE_BOUND('',#8848,.T.);
#9610=FACE_BOUND('',#8849,.T.);
#9611=FACE_BOUND('',#8850,.T.);
#9612=FACE_BOUND('',#8851,.T.);
#9613=FACE_BOUND('',#8852,.T.);
#9614=FACE_BOUND('',#8853,.T.);
#9615=FACE_BOUND('',#8854,.T.);
#9616=FACE_BOUND('',#8855,.T.);
#9617=FACE_BOUND('',#8856,.T.);
#9618=FACE_BOUND('',#8857,.T.);
#9619=FACE_BOUND('',#8858,.T.);
#9620=FACE_BOUND('',#8859,.T.);
#9621=FACE_BOUND('',#8860,.T.);
#9622=FACE_BOUND('',#8861,.T.);
#9623=FACE_BOUND('',#8862,.T.);
#9624=FACE_BOUND('',#8863,.T.);
#9625=FACE_BOUND('',#8864,.T.);
#9626=FACE_BOUND('',#8865,.T.);
#9627=FACE_BOUND('',#8866,.T.);
#9628=FACE_BOUND('',#8867,.T.);
#9629=FACE_BOUND('',#8868,.T.);
#9630=FACE_BOUND('',#8869,.T.);
#9631=FACE_BOUND('',#8870,.T.);
#9632=FACE_BOUND('',#8871,.T.);
#9633=FACE_BOUND('',#8872,.T.);
#9634=FACE_BOUND('',#8873,.T.);
#9635=FACE_BOUND('',#8874,.T.);
#9636=FACE_BOUND('',#8875,.T.);
#9637=FACE_BOUND('',#8876,.T.);
#9638=FACE_BOUND('',#8877,.T.);
#9639=FACE_BOUND('',#8878,.T.);
#9640=FACE_BOUND('',#8879,.T.);
#9641=FACE_BOUND('',#8880,.T.);
#9642=FACE_BOUND('',#8881,.T.);
#9643=FACE_BOUND('',#8882,.T.);
#9644=FACE_BOUND('',#8883,.T.);
#9645=FACE_BOUND('',#8884,.T.);
#9646=FACE_BOUND('',#8885,.T.);
#9647=FACE_BOUND('',#8886,.T.);
#9648=FACE_BOUND('',#8887,.T.);
#9649=FACE_BOUND('',#8888,.T.);
#9650=FACE_BOUND('',#8889,.T.);
#9651=FACE_BOUND('',#8890,.T.);
#9652=FACE_BOUND('',#8891,.T.);
#9653=FACE_BOUND('',#8892,.T.);
#9654=FACE_BOUND('',#8893,.T.);
#9655=FACE_BOUND('',#8894,.T.);
#9656=FACE_BOUND('',#8895,.T.);
#9657=FACE_BOUND('',#8896,.T.);
#9658=FACE_BOUND('',#8897,.T.);
#9659=FACE_BOUND('',#8898,.T.);
#9660=FACE_BOUND('',#8899,.T.);
#9661=FACE_BOUND('',#8900,.T.);
#9662=FACE_BOUND('',#8901,.T.);
#9663=FACE_BOUND('',#8902,.T.);
#9664=FACE_BOUND('',#8903,.T.);
#9665=FACE_BOUND('',#8904,.T.);
#9666=FACE_BOUND('',#8905,.T.);
#9667=FACE_BOUND('',#8906,.T.);
#9668=FACE_BOUND('',#8907,.T.);
#9669=FACE_BOUND('',#8908,.T.);
#9670=FACE_BOUND('',#8909,.T.);
#9671=FACE_BOUND('',#8910,.T.);
#9672=FACE_BOUND('',#8911,.T.);
#9673=FACE_BOUND('',#8912,.T.);
#9674=FACE_BOUND('',#8913,.T.);
#9675=FACE_BOUND('',#8914,.T.);
#9676=FACE_BOUND('',#8915,.T.);
#9677=FACE_BOUND('',#8916,.T.);
#9678=FACE_BOUND('',#8917,.T.);
#9679=FACE_BOUND('',#8918,.T.);
#9680=FACE_BOUND('',#8919,.T.);
#9681=FACE_BOUND('',#8920,.T.);
#9682=FACE_BOUND('',#8921,.T.);
#9683=FACE_BOUND('',#8922,.T.);
#9684=FACE_BOUND('',#8923,.T.);
#9685=FACE_BOUND('',#8924,.T.);
#9686=FACE_BOUND('',#8925,.T.);
#9687=FACE_BOUND('',#8926,.T.);
#9688=FACE_BOUND('',#8927,.T.);
#9689=FACE_BOUND('',#8928,.T.);
#9690=FACE_BOUND('',#8929,.T.);
#9691=FACE_BOUND('',#8930,.T.);
#9692=FACE_BOUND('',#8931,.T.);
#9693=FACE_BOUND('',#8932,.T.);
#9694=FACE_BOUND('',#8933,.T.);
#9695=FACE_BOUND('',#8934,.T.);
#9696=FACE_BOUND('',#8935,.T.);
#9697=FACE_BOUND('',#8936,.T.);
#9698=FACE_BOUND('',#8937,.T.);
#9699=FACE_BOUND('',#8938,.T.);
#9700=FACE_BOUND('',#8939,.T.);
#9701=FACE_BOUND('',#8940,.T.);
#9702=FACE_BOUND('',#8941,.T.);
#9703=FACE_BOUND('',#8942,.T.);
#9704=FACE_BOUND('',#8943,.T.);
#9705=FACE_BOUND('',#8944,.T.);
#9706=FACE_BOUND('',#8945,.T.);
#9707=FACE_BOUND('',#8946,.T.);
#9708=FACE_BOUND('',#8947,.T.);
#9709=FACE_BOUND('',#8948,.T.);
#9710=FACE_BOUND('',#8949,.T.);
#9711=FACE_BOUND('',#8950,.T.);
#9712=FACE_BOUND('',#8951,.T.);
#9713=FACE_BOUND('',#8952,.T.);
#9714=FACE_BOUND('',#8953,.T.);
#9715=FACE_BOUND('',#8954,.T.);
#9716=FACE_BOUND('',#8955,.T.);
#9717=FACE_BOUND('',#8956,.T.);
#9718=FACE_BOUND('',#8957,.T.);
#9719=FACE_BOUND('',#8958,.T.);
#9720=FACE_BOUND('',#8959,.T.);
#9721=FACE_BOUND('',#8960,.T.);
#9722=FACE_BOUND('',#8961,.T.);
#9723=FACE_BOUND('',#8962,.T.);
#9724=FACE_BOUND('',#8963,.T.);
#9725=FACE_BOUND('',#8964,.T.);
#9726=FACE_BOUND('',#8965,.T.);
#9727=FACE_BOUND('',#8966,.T.);
#9728=FACE_BOUND('',#8967,.T.);
#9729=FACE_BOUND('',#8968,.T.);
#9730=FACE_BOUND('',#8969,.T.);
#9731=FACE_BOUND('',#8970,.T.);
#9732=FACE_BOUND('',#8971,.T.);
#9733=FACE_BOUND('',#8972,.T.);
#9734=FACE_BOUND('',#8973,.T.);
#9735=FACE_BOUND('',#8974,.T.);
#9736=FACE_BOUND('',#8975,.T.);
#9737=FACE_BOUND('',#8976,.T.);
#9738=FACE_BOUND('',#8977,.T.);
#9739=FACE_BOUND('',#8978,.T.);
#9740=FACE_BOUND('',#8979,.T.);
#9741=FACE_BOUND('',#8980,.T.);
#9742=FACE_BOUND('',#8981,.T.);
#9743=FACE_BOUND('',#8982,.T.);
#9744=FACE_BOUND('',#8983,.T.);
#9745=FACE_BOUND('',#8984,.T.);
#9746=FACE_BOUND('',#8985,.T.);
#9747=FACE_BOUND('',#8986,.T.);
#9748=FACE_BOUND('',#8987,.T.);
#9749=FACE_BOUND('',#8988,.T.);
#9750=FACE_BOUND('',#8989,.T.);
#9751=FACE_BOUND('',#8990,.T.);
#9752=FACE_BOUND('',#8991,.T.);
#9753=FACE_BOUND('',#8992,.T.);
#9754=FACE_BOUND('',#8993,.T.);
#9755=FACE_BOUND('',#8994,.T.);
#9756=FACE_BOUND('',#8995,.T.);
#9757=FACE_BOUND('',#8996,.T.);
#9758=FACE_BOUND('',#8997,.T.);
#9759=FACE_BOUND('',#8998,.T.);
#9760=FACE_BOUND('',#8999,.T.);
#9761=FACE_BOUND('',#9000,.T.);
#9762=FACE_BOUND('',#9001,.T.);
#9763=FACE_BOUND('',#9002,.T.);
#9764=FACE_BOUND('',#9003,.T.);
#9765=FACE_BOUND('',#9004,.T.);
#9766=FACE_BOUND('',#9005,.T.);
#9767=FACE_BOUND('',#9006,.T.);
#9768=FACE_BOUND('',#9007,.T.);
#9769=FACE_BOUND('',#9008,.T.);
#9770=FACE_BOUND('',#9009,.T.);
#9771=FACE_BOUND('',#9010,.T.);
#9772=FACE_BOUND('',#9011,.T.);
#9773=FACE_BOUND('',#9012,.T.);
#9774=FACE_BOUND('',#9013,.T.);
#9775=FACE_BOUND('',#9014,.T.);
#9776=FACE_BOUND('',#9015,.T.);
#9777=FACE_BOUND('',#9016,.T.);
#9778=FACE_BOUND('',#9017,.T.);
#9779=FACE_BOUND('',#9018,.T.);
#9780=FACE_BOUND('',#9019,.T.);
#9781=FACE_BOUND('',#9020,.T.);
#9782=FACE_BOUND('',#9021,.T.);
#9783=FACE_BOUND('',#9022,.T.);
#9784=FACE_BOUND('',#9023,.T.);
#9785=FACE_BOUND('',#9024,.T.);
#9786=FACE_BOUND('',#9025,.T.);
#9787=FACE_BOUND('',#9026,.T.);
#9788=FACE_BOUND('',#9027,.T.);
#9789=FACE_BOUND('',#9028,.T.);
#9790=FACE_BOUND('',#9029,.T.);
#9791=FACE_BOUND('',#9030,.T.);
#9792=FACE_BOUND('',#9031,.T.);
#9793=FACE_BOUND('',#9032,.T.);
#9794=FACE_BOUND('',#9033,.T.);
#9795=FACE_BOUND('',#9034,.T.);
#9796=FACE_BOUND('',#9035,.T.);
#9797=FACE_BOUND('',#9036,.T.);
#9798=FACE_BOUND('',#9037,.T.);
#9799=FACE_BOUND('',#9038,.T.);
#9800=FACE_BOUND('',#9039,.T.);
#9801=FACE_BOUND('',#9040,.T.);
#9802=FACE_BOUND('',#9041,.T.);
#9803=FACE_BOUND('',#9042,.T.);
#9804=FACE_BOUND('',#9043,.T.);
#9805=FACE_BOUND('',#9044,.T.);
#9806=FACE_BOUND('',#9045,.T.);
#9807=FACE_BOUND('',#9046,.T.);
#9808=FACE_BOUND('',#9047,.T.);
#9809=FACE_BOUND('',#9048,.T.);
#9810=FACE_BOUND('',#9049,.T.);
#9811=FACE_BOUND('',#9050,.T.);
#9812=FACE_BOUND('',#9051,.T.);
#9813=FACE_BOUND('',#9052,.T.);
#9814=FACE_BOUND('',#9053,.T.);
#9815=FACE_BOUND('',#9054,.T.);
#9816=FACE_BOUND('',#9055,.T.);
#9817=FACE_BOUND('',#9056,.T.);
#9818=FACE_BOUND('',#9057,.T.);
#9819=FACE_BOUND('',#9058,.T.);
#9820=FACE_BOUND('',#9059,.T.);
#9821=FACE_BOUND('',#9060,.T.);
#9822=FACE_BOUND('',#9061,.T.);
#9823=FACE_BOUND('',#9062,.T.);
#9824=FACE_BOUND('',#9063,.T.);
#9825=FACE_BOUND('',#9064,.T.);
#9826=FACE_BOUND('',#9065,.T.);
#9827=FACE_BOUND('',#9066,.T.);
#9828=FACE_BOUND('',#9067,.T.);
#9829=FACE_BOUND('',#9068,.T.);
#9830=FACE_BOUND('',#9069,.T.);
#9831=FACE_BOUND('',#9070,.T.);
#9832=FACE_BOUND('',#9071,.T.);
#9833=FACE_BOUND('',#9072,.T.);
#9834=FACE_BOUND('',#9073,.T.);
#9835=FACE_BOUND('',#9074,.T.);
#9836=FACE_BOUND('',#9075,.T.);
#9837=FACE_BOUND('',#9076,.T.);
#9838=FACE_BOUND('',#9077,.T.);
#9839=FACE_BOUND('',#9078,.T.);
#9840=FACE_BOUND('',#9079,.T.);
#9841=FACE_BOUND('',#9080,.T.);
#9842=FACE_BOUND('',#9081,.T.);
#9843=FACE_BOUND('',#9082,.T.);
#9844=FACE_BOUND('',#9083,.T.);
#9845=FACE_BOUND('',#9084,.T.);
#9846=FACE_BOUND('',#9085,.T.);
#9847=FACE_BOUND('',#9086,.T.);
#9848=FACE_BOUND('',#9087,.T.);
#9849=FACE_BOUND('',#9088,.T.);
#9850=FACE_BOUND('',#9089,.T.);
#9851=FACE_BOUND('',#9090,.T.);
#9852=FACE_BOUND('',#9091,.T.);
#9853=FACE_BOUND('',#9092,.T.);
#9854=FACE_BOUND('',#9093,.T.);
#9855=FACE_BOUND('',#9094,.T.);
#9856=FACE_BOUND('',#9095,.T.);
#9857=FACE_BOUND('',#9096,.T.);
#9858=FACE_BOUND('',#9097,.T.);
#9859=FACE_BOUND('',#9098,.T.);
#9860=FACE_BOUND('',#9099,.T.);
#9861=FACE_BOUND('',#9100,.T.);
#9862=FACE_BOUND('',#9101,.T.);
#9863=FACE_BOUND('',#9102,.T.);
#9864=FACE_BOUND('',#9103,.T.);
#9865=FACE_BOUND('',#9104,.T.);
#9866=FACE_BOUND('',#9105,.T.);
#9867=FACE_BOUND('',#9106,.T.);
#9868=FACE_BOUND('',#9107,.T.);
#9869=FACE_BOUND('',#9108,.T.);
#9870=FACE_BOUND('',#9109,.T.);
#9871=FACE_BOUND('',#9110,.T.);
#9872=FACE_BOUND('',#9111,.T.);
#9873=FACE_BOUND('',#9112,.T.);
#9874=FACE_BOUND('',#9113,.T.);
#9875=FACE_BOUND('',#9114,.T.);
#9876=FACE_BOUND('',#9115,.T.);
#9877=FACE_BOUND('',#9116,.T.);
#9878=FACE_BOUND('',#9117,.T.);
#9879=FACE_BOUND('',#9118,.T.);
#9880=FACE_BOUND('',#9119,.T.);
#9881=FACE_BOUND('',#9120,.T.);
#9882=FACE_BOUND('',#9121,.T.);
#9883=FACE_BOUND('',#9122,.T.);
#9884=FACE_BOUND('',#9123,.T.);
#9885=FACE_BOUND('',#9124,.T.);
#9886=FACE_BOUND('',#9125,.T.);
#9887=FACE_BOUND('',#9126,.T.);
#9888=FACE_BOUND('',#9127,.T.);
#9889=FACE_BOUND('',#9128,.T.);
#9890=FACE_BOUND('',#9129,.T.);
#9891=FACE_BOUND('',#9130,.T.);
#9892=FACE_BOUND('',#9131,.T.);
#9893=FACE_BOUND('',#9132,.T.);
#9894=FACE_BOUND('',#9133,.T.);
#9895=FACE_BOUND('',#9134,.T.);
#9896=FACE_BOUND('',#9135,.T.);
#9897=FACE_BOUND('',#9136,.T.);
#9898=FACE_BOUND('',#9137,.T.);
#9899=FACE_BOUND('',#9138,.T.);
#9900=FACE_BOUND('',#9139,.T.);
#9901=FACE_BOUND('',#9140,.T.);
#9902=FACE_BOUND('',#9141,.T.);
#9903=FACE_BOUND('',#9142,.T.);
#9904=FACE_BOUND('',#9143,.T.);
#9905=FACE_BOUND('',#9144,.T.);
#9906=FACE_BOUND('',#9145,.T.);
#9907=FACE_BOUND('',#9146,.T.);
#9908=FACE_BOUND('',#9147,.T.);
#9909=FACE_BOUND('',#9148,.T.);
#9910=FACE_BOUND('',#9149,.T.);
#9911=FACE_BOUND('',#9150,.T.);
#9912=FACE_BOUND('',#9151,.T.);
#9913=FACE_BOUND('',#9152,.T.);
#9914=FACE_BOUND('',#9153,.T.);
#9915=FACE_BOUND('',#9154,.T.);
#9916=FACE_BOUND('',#9155,.T.);
#9917=FACE_BOUND('',#9156,.T.);
#9918=FACE_BOUND('',#9157,.T.);
#9919=FACE_BOUND('',#9158,.T.);
#9920=FACE_BOUND('',#9159,.T.);
#9921=FACE_BOUND('',#9160,.T.);
#9922=FACE_BOUND('',#9161,.T.);
#9923=FACE_BOUND('',#9162,.T.);
#9924=FACE_BOUND('',#9163,.T.);
#9925=FACE_BOUND('',#9164,.T.);
#9926=FACE_BOUND('',#9165,.T.);
#9927=FACE_BOUND('',#9166,.T.);
#9928=FACE_BOUND('',#9167,.T.);
#9929=FACE_BOUND('',#9168,.T.);
#9930=FACE_BOUND('',#9169,.T.);
#9931=FACE_BOUND('',#9170,.T.);
#9932=FACE_BOUND('',#9171,.T.);
#9933=FACE_BOUND('',#9172,.T.);
#9934=FACE_BOUND('',#9173,.T.);
#9935=FACE_BOUND('',#9174,.T.);
#9936=FACE_BOUND('',#9175,.T.);
#9937=FACE_BOUND('',#9176,.T.);
#9938=FACE_BOUND('',#9177,.T.);
#9939=FACE_BOUND('',#9178,.T.);
#9940=FACE_BOUND('',#9179,.T.);
#9941=FACE_BOUND('',#9180,.T.);
#9942=FACE_BOUND('',#9181,.T.);
#9943=FACE_BOUND('',#9182,.T.);
#9944=FACE_BOUND('',#9183,.T.);
#9945=FACE_BOUND('',#9184,.T.);
#9946=FACE_BOUND('',#9185,.T.);
#9947=FACE_BOUND('',#9186,.T.);
#9948=FACE_BOUND('',#9187,.T.);
#9949=FACE_BOUND('',#9188,.T.);
#9950=FACE_BOUND('',#9189,.T.);
#9951=FACE_BOUND('',#9190,.T.);
#9952=FACE_BOUND('',#9191,.T.);
#9953=FACE_BOUND('',#9192,.T.);
#9954=FACE_BOUND('',#9193,.T.);
#9955=FACE_BOUND('',#9194,.T.);
#9956=FACE_BOUND('',#9195,.T.);
#9957=FACE_BOUND('',#9196,.T.);
#9958=FACE_BOUND('',#9197,.T.);
#9959=FACE_BOUND('',#9198,.T.);
#9960=FACE_BOUND('',#9199,.T.);
#9961=FACE_BOUND('',#9200,.T.);
#9962=FACE_BOUND('',#9201,.T.);
#9963=FACE_BOUND('',#9202,.T.);
#9964=FACE_BOUND('',#9203,.T.);
#9965=FACE_BOUND('',#9204,.T.);
#9966=FACE_BOUND('',#9205,.T.);
#9967=FACE_BOUND('',#9206,.T.);
#9968=FACE_BOUND('',#9207,.T.);
#9969=FACE_BOUND('',#9208,.T.);
#9970=FACE_BOUND('',#9209,.T.);
#9971=FACE_BOUND('',#9210,.T.);
#9972=FACE_BOUND('',#9211,.T.);
#9973=FACE_BOUND('',#9212,.T.);
#9974=FACE_BOUND('',#9213,.T.);
#9975=FACE_BOUND('',#9214,.T.);
#9976=FACE_BOUND('',#9215,.T.);
#9977=FACE_BOUND('',#9216,.T.);
#9978=FACE_BOUND('',#9217,.T.);
#9979=FACE_BOUND('',#9218,.T.);
#9980=FACE_BOUND('',#9219,.T.);
#9981=FACE_BOUND('',#9220,.T.);
#9982=FACE_BOUND('',#9221,.T.);
#9983=FACE_BOUND('',#9222,.T.);
#9984=FACE_BOUND('',#9223,.T.);
#9985=FACE_BOUND('',#9224,.T.);
#9986=FACE_BOUND('',#9225,.T.);
#9987=FACE_BOUND('',#9226,.T.);
#9988=FACE_BOUND('',#9227,.T.);
#9989=FACE_BOUND('',#9228,.T.);
#9990=FACE_BOUND('',#9229,.T.);
#9991=FACE_BOUND('',#9230,.T.);
#9992=FACE_BOUND('',#9231,.T.);
#9993=FACE_BOUND('',#9232,.T.);
#9994=FACE_BOUND('',#9233,.T.);
#9995=FACE_BOUND('',#9234,.T.);
#9996=FACE_BOUND('',#9235,.T.);
#9997=FACE_BOUND('',#9236,.T.);
#9998=FACE_BOUND('',#9237,.T.);
#9999=FACE_BOUND('',#9238,.T.);
#10000=FACE_BOUND('',#9239,.T.);
#10001=FACE_BOUND('',#9240,.T.);
#10002=FACE_BOUND('',#9241,.T.);
#10003=FACE_BOUND('',#9242,.T.);
#10004=FACE_BOUND('',#9243,.T.);
#10005=FACE_BOUND('',#9244,.T.);
#10006=FACE_BOUND('',#9245,.T.);
#10007=FACE_BOUND('',#9246,.T.);
#10008=FACE_BOUND('',#9247,.T.);
#10009=FACE_BOUND('',#9248,.T.);
#10010=FACE_BOUND('',#9249,.T.);
#10011=FACE_BOUND('',#9250,.T.);
#10012=FACE_BOUND('',#9251,.T.);
#10013=FACE_BOUND('',#9252,.T.);
#10014=FACE_BOUND('',#9253,.T.);
#10015=FACE_BOUND('',#9254,.T.);
#10016=FACE_BOUND('',#9255,.T.);
#10017=FACE_BOUND('',#9256,.T.);
#10018=FACE_BOUND('',#9257,.T.);
#10019=FACE_BOUND('',#9258,.T.);
#10020=FACE_BOUND('',#9259,.T.);
#10021=FACE_BOUND('',#9260,.T.);
#10022=FACE_BOUND('',#9261,.T.);
#10023=FACE_BOUND('',#9262,.T.);
#10024=FACE_BOUND('',#9263,.T.);
#10025=FACE_BOUND('',#9264,.T.);
#10026=FACE_BOUND('',#9265,.T.);
#10027=FACE_BOUND('',#9266,.T.);
#10028=FACE_BOUND('',#9267,.T.);
#10029=FACE_BOUND('',#9268,.T.);
#10030=FACE_BOUND('',#9269,.T.);
#10031=FACE_BOUND('',#9270,.T.);
#10032=FACE_BOUND('',#9271,.T.);
#10033=FACE_BOUND('',#9272,.T.);
#10034=FACE_BOUND('',#9273,.T.);
#10035=FACE_BOUND('',#9274,.T.);
#10036=FACE_BOUND('',#9275,.T.);
#10037=FACE_BOUND('',#9276,.T.);
#10038=FACE_BOUND('',#9277,.T.);
#10039=FACE_BOUND('',#9278,.T.);
#10040=FACE_BOUND('',#9279,.T.);
#10041=FACE_BOUND('',#9280,.T.);
#10042=FACE_BOUND('',#9281,.T.);
#10043=FACE_BOUND('',#9282,.T.);
#10044=FACE_BOUND('',#9283,.T.);
#10045=FACE_BOUND('',#9284,.T.);
#10046=FACE_BOUND('',#9285,.T.);
#10047=FACE_BOUND('',#9286,.T.);
#10048=FACE_BOUND('',#9287,.T.);
#10049=FACE_BOUND('',#9288,.T.);
#10050=FACE_BOUND('',#9289,.T.);
#10051=FACE_BOUND('',#9290,.T.);
#10052=FACE_BOUND('',#9291,.T.);
#10053=FACE_BOUND('',#9292,.T.);
#10054=FACE_BOUND('',#9293,.T.);
#10055=FACE_BOUND('',#9294,.T.);
#10056=FACE_BOUND('',#9295,.T.);
#10057=FACE_BOUND('',#9296,.T.);
#10058=FACE_BOUND('',#9297,.T.);
#10059=FACE_BOUND('',#9298,.T.);
#10060=FACE_BOUND('',#9299,.T.);
#10061=FACE_BOUND('',#9300,.T.);
#10062=FACE_BOUND('',#9301,.T.);
#10063=FACE_BOUND('',#9302,.T.);
#10064=FACE_BOUND('',#9303,.T.);
#10065=FACE_BOUND('',#9304,.T.);
#10066=FACE_BOUND('',#9305,.T.);
#10067=FACE_BOUND('',#9306,.T.);
#10068=FACE_BOUND('',#9307,.T.);
#10069=FACE_BOUND('',#9308,.T.);
#10070=FACE_BOUND('',#9309,.T.);
#10071=FACE_BOUND('',#9310,.T.);
#10072=FACE_BOUND('',#9311,.T.);
#10073=FACE_BOUND('',#9312,.T.);
#10074=FACE_BOUND('',#9313,.T.);
#10075=FACE_BOUND('',#9314,.T.);
#10076=FACE_BOUND('',#9315,.T.);
#10077=FACE_BOUND('',#9316,.T.);
#10078=FACE_BOUND('',#9317,.T.);
#10079=FACE_BOUND('',#9318,.T.);
#10080=FACE_BOUND('',#9319,.T.);
#10081=FACE_BOUND('',#9320,.T.);
#10082=FACE_BOUND('',#9321,.T.);
#10083=FACE_BOUND('',#9322,.T.);
#10084=FACE_BOUND('',#9323,.T.);
#10085=FACE_BOUND('',#9324,.T.);
#10086=FACE_BOUND('',#9325,.T.);
#10087=FACE_BOUND('',#9326,.T.);
#10088=FACE_BOUND('',#9327,.T.);
#10089=FACE_BOUND('',#9328,.T.);
#10090=FACE_BOUND('',#9329,.T.);
#10091=FACE_BOUND('',#9330,.T.);
#10092=FACE_BOUND('',#9331,.T.);
#10093=FACE_BOUND('',#9332,.T.);
#10094=FACE_BOUND('',#9333,.T.);
#10095=FACE_BOUND('',#9334,.T.);
#10096=FACE_BOUND('',#9335,.T.);
#10097=FACE_BOUND('',#9336,.T.);
#10098=FACE_BOUND('',#9337,.T.);
#10099=FACE_BOUND('',#9338,.T.);
#10100=FACE_BOUND('',#9339,.T.);
#10101=FACE_BOUND('',#9340,.T.);
#10102=FACE_BOUND('',#9341,.T.);
#10103=FACE_BOUND('',#9342,.T.);
#10104=FACE_BOUND('',#9343,.T.);
#10105=FACE_BOUND('',#9344,.T.);
#10106=FACE_BOUND('',#9345,.T.);
#10107=FACE_BOUND('',#9346,.T.);
#10108=FACE_BOUND('',#9347,.T.);
#10109=FACE_BOUND('',#9348,.T.);
#10110=FACE_BOUND('',#9349,.T.);
#10111=FACE_BOUND('',#9350,.T.);
#10112=FACE_BOUND('',#9351,.T.);
#10113=FACE_BOUND('',#9352,.T.);
#10114=FACE_BOUND('',#9353,.T.);
#10115=FACE_BOUND('',#9354,.T.);
#10116=FACE_BOUND('',#9355,.T.);
#10117=FACE_BOUND('',#9356,.T.);
#10118=FACE_BOUND('',#9357,.T.);
#10119=FACE_BOUND('',#9358,.T.);
#10120=FACE_BOUND('',#9359,.T.);
#10121=FACE_BOUND('',#9360,.T.);
#10122=FACE_BOUND('',#9361,.T.);
#10123=FACE_BOUND('',#9362,.T.);
#10124=FACE_BOUND('',#9363,.T.);
#10125=FACE_BOUND('',#9364,.T.);
#10126=FACE_BOUND('',#9365,.T.);
#10127=FACE_BOUND('',#9366,.T.);
#10128=FACE_BOUND('',#9367,.T.);
#10129=FACE_BOUND('',#9368,.T.);
#10130=FACE_BOUND('',#9369,.T.);
#10131=FACE_BOUND('',#9370,.T.);
#10132=FACE_BOUND('',#9371,.T.);
#10133=FACE_BOUND('',#9372,.T.);
#10134=FACE_BOUND('',#9373,.T.);
#10135=FACE_BOUND('',#9374,.T.);
#10136=FACE_BOUND('',#9375,.T.);
#10137=FACE_BOUND('',#9376,.T.);
#10138=FACE_BOUND('',#9377,.T.);
#10139=FACE_BOUND('',#9378,.T.);
#10140=FACE_BOUND('',#9379,.T.);
#10141=FACE_BOUND('',#9380,.T.);
#10142=FACE_BOUND('',#9381,.T.);
#10143=FACE_BOUND('',#9382,.T.);
#10144=FACE_BOUND('',#9383,.T.);
#10145=FACE_BOUND('',#9384,.T.);
#10146=FACE_BOUND('',#9385,.T.);
#10147=FACE_BOUND('',#9386,.T.);
#10148=FACE_BOUND('',#9387,.T.);
#10149=FACE_BOUND('',#9388,.T.);
#10150=PLANE('',#12189);
#10151=PLANE('',#12215);
#10152=PLANE('',#12245);
#10153=PLANE('',#12246);
#10154=PLANE('',#12247);
#10155=PLANE('',#12248);
#10156=PLANE('',#12249);
#10157=PLANE('',#12282);
#10158=PLANE('',#12283);
#10159=PLANE('',#12284);
#10160=PLANE('',#12285);
#10161=PLANE('',#12292);
#10162=PLANE('',#12296);
#10163=PLANE('',#12300);
#10164=PLANE('',#12304);
#10165=PLANE('',#12308);
#10166=PLANE('',#12311);
#10167=PLANE('',#12314);
#10168=PLANE('',#12317);
#10169=PLANE('',#12319);
#10170=PLANE('',#12320);
#10171=PLANE('',#12321);
#10172=PLANE('',#12322);
#10173=PLANE('',#12327);
#10174=PLANE('',#12328);
#10175=PLANE('',#12329);
#10176=PLANE('',#12330);
#10177=PLANE('',#12335);
#10178=PLANE('',#12336);
#10179=PLANE('',#12337);
#10180=PLANE('',#12338);
#10181=PLANE('',#12343);
#10182=PLANE('',#12344);
#10183=PLANE('',#12345);
#10184=PLANE('',#12346);
#10185=PLANE('',#12351);
#10186=PLANE('',#12352);
#10187=PLANE('',#12353);
#10188=PLANE('',#12354);
#10189=PLANE('',#12365);
#10190=PLANE('',#12366);
#10191=PLANE('',#12367);
#10192=PLANE('',#12368);
#10193=PLANE('',#12370);
#10194=PLANE('',#12371);
#10195=PLANE('',#12372);
#10196=PLANE('',#12373);
#10197=PLANE('',#12374);
#10198=PLANE('',#12375);
#10199=PLANE('',#12376);
#10200=PLANE('',#12377);
#10201=PLANE('',#12378);
#10202=PLANE('',#12379);
#10203=PLANE('',#12380);
#10204=PLANE('',#12381);
#10205=PLANE('',#12382);
#10206=PLANE('',#12383);
#10207=PLANE('',#12384);
#10208=PLANE('',#12385);
#10209=PLANE('',#12386);
#10210=PLANE('',#12387);
#10211=PLANE('',#12388);
#10212=PLANE('',#12389);
#10213=PLANE('',#12390);
#10214=PLANE('',#12391);
#10215=PLANE('',#12392);
#10216=PLANE('',#12393);
#10217=PLANE('',#12394);
#10218=PLANE('',#12395);
#10219=PLANE('',#12396);
#10220=PLANE('',#12397);
#10221=PLANE('',#12398);
#10222=PLANE('',#12399);
#10223=PLANE('',#12400);
#10224=PLANE('',#12401);
#10225=PLANE('',#12402);
#10226=PLANE('',#12403);
#10227=PLANE('',#12404);
#10228=PLANE('',#12405);
#10229=PLANE('',#12406);
#10230=PLANE('',#12407);
#10231=PLANE('',#12408);
#10232=PLANE('',#12409);
#10233=PLANE('',#12410);
#10234=PLANE('',#12411);
#10235=PLANE('',#12412);
#10236=PLANE('',#12413);
#10237=PLANE('',#12414);
#10238=PLANE('',#12415);
#10239=PLANE('',#12416);
#10240=PLANE('',#12417);
#10241=PLANE('',#12418);
#10242=PLANE('',#12419);
#10243=PLANE('',#12420);
#10244=PLANE('',#12421);
#10245=PLANE('',#12422);
#10246=PLANE('',#12423);
#10247=PLANE('',#12424);
#10248=PLANE('',#12425);
#10249=PLANE('',#12426);
#10250=PLANE('',#12427);
#10251=PLANE('',#12428);
#10252=PLANE('',#12429);
#10253=PLANE('',#12430);
#10254=PLANE('',#12431);
#10255=PLANE('',#12432);
#10256=PLANE('',#12433);
#10257=PLANE('',#12434);
#10258=PLANE('',#12435);
#10259=PLANE('',#12436);
#10260=PLANE('',#12437);
#10261=PLANE('',#12438);
#10262=PLANE('',#12439);
#10263=PLANE('',#12440);
#10264=PLANE('',#12441);
#10265=PLANE('',#12442);
#10266=PLANE('',#12443);
#10267=PLANE('',#12444);
#10268=PLANE('',#12445);
#10269=PLANE('',#12446);
#10270=PLANE('',#12447);
#10271=PLANE('',#12448);
#10272=PLANE('',#12449);
#10273=PLANE('',#12450);
#10274=PLANE('',#12451);
#10275=PLANE('',#12452);
#10276=PLANE('',#12453);
#10277=PLANE('',#12454);
#10278=PLANE('',#12455);
#10279=PLANE('',#12456);
#10280=PLANE('',#12457);
#10281=PLANE('',#12458);
#10282=PLANE('',#12459);
#10283=PLANE('',#12460);
#10284=PLANE('',#12461);
#10285=PLANE('',#12462);
#10286=PLANE('',#12463);
#10287=PLANE('',#12464);
#10288=PLANE('',#12465);
#10289=PLANE('',#12466);
#10290=PLANE('',#12467);
#10291=PLANE('',#12468);
#10292=PLANE('',#12469);
#10293=PLANE('',#12470);
#10294=PLANE('',#12471);
#10295=PLANE('',#12472);
#10296=PLANE('',#12473);
#10297=PLANE('',#12474);
#10298=PLANE('',#12475);
#10299=PLANE('',#12476);
#10300=PLANE('',#12477);
#10301=PLANE('',#12478);
#10302=PLANE('',#12479);
#10303=PLANE('',#12480);
#10304=PLANE('',#12481);
#10305=PLANE('',#12482);
#10306=PLANE('',#12483);
#10307=PLANE('',#12484);
#10308=PLANE('',#12485);
#10309=PLANE('',#12486);
#10310=PLANE('',#12487);
#10311=PLANE('',#12488);
#10312=PLANE('',#12489);
#10313=PLANE('',#12490);
#10314=PLANE('',#12491);
#10315=PLANE('',#12492);
#10316=PLANE('',#12493);
#10317=PLANE('',#12494);
#10318=PLANE('',#12495);
#10319=PLANE('',#12496);
#10320=PLANE('',#12497);
#10321=PLANE('',#12498);
#10322=PLANE('',#12499);
#10323=PLANE('',#12500);
#10324=PLANE('',#12501);
#10325=PLANE('',#12502);
#10326=PLANE('',#12503);
#10327=PLANE('',#12504);
#10328=PLANE('',#12505);
#10329=PLANE('',#12506);
#10330=PLANE('',#12507);
#10331=PLANE('',#12508);
#10332=PLANE('',#12509);
#10333=PLANE('',#12510);
#10334=PLANE('',#12511);
#10335=PLANE('',#12512);
#10336=PLANE('',#12513);
#10337=PLANE('',#12514);
#10338=PLANE('',#12515);
#10339=PLANE('',#12516);
#10340=PLANE('',#12517);
#10341=PLANE('',#12518);
#10342=PLANE('',#12519);
#10343=PLANE('',#12520);
#10344=PLANE('',#12521);
#10345=PLANE('',#12522);
#10346=PLANE('',#12523);
#10347=PLANE('',#12524);
#10348=PLANE('',#12525);
#10349=PLANE('',#12526);
#10350=PLANE('',#12527);
#10351=PLANE('',#12528);
#10352=PLANE('',#12529);
#10353=PLANE('',#12530);
#10354=PLANE('',#12531);
#10355=PLANE('',#12532);
#10356=PLANE('',#12533);
#10357=PLANE('',#12534);
#10358=PLANE('',#12535);
#10359=PLANE('',#12536);
#10360=PLANE('',#12537);
#10361=PLANE('',#12538);
#10362=PLANE('',#12539);
#10363=PLANE('',#12540);
#10364=PLANE('',#12541);
#10365=PLANE('',#12542);
#10366=PLANE('',#12543);
#10367=PLANE('',#12544);
#10368=PLANE('',#12545);
#10369=PLANE('',#12546);
#10370=PLANE('',#12547);
#10371=PLANE('',#12548);
#10372=PLANE('',#12549);
#10373=PLANE('',#12550);
#10374=PLANE('',#12551);
#10375=PLANE('',#12552);
#10376=PLANE('',#12553);
#10377=PLANE('',#12554);
#10378=PLANE('',#12555);
#10379=PLANE('',#12556);
#10380=PLANE('',#12557);
#10381=PLANE('',#12558);
#10382=PLANE('',#12559);
#10383=PLANE('',#12560);
#10384=PLANE('',#12561);
#10385=PLANE('',#12562);
#10386=PLANE('',#12563);
#10387=PLANE('',#12564);
#10388=PLANE('',#12565);
#10389=PLANE('',#12566);
#10390=PLANE('',#12567);
#10391=PLANE('',#12568);
#10392=PLANE('',#12569);
#10393=PLANE('',#12570);
#10394=PLANE('',#12571);
#10395=PLANE('',#12572);
#10396=PLANE('',#12573);
#10397=PLANE('',#12574);
#10398=PLANE('',#12575);
#10399=PLANE('',#12576);
#10400=PLANE('',#12577);
#10401=PLANE('',#12578);
#10402=PLANE('',#12579);
#10403=PLANE('',#12580);
#10404=PLANE('',#12581);
#10405=PLANE('',#12582);
#10406=PLANE('',#12583);
#10407=PLANE('',#12584);
#10408=PLANE('',#12585);
#10409=PLANE('',#12586);
#10410=PLANE('',#12587);
#10411=PLANE('',#12590);
#10412=PLANE('',#12591);
#10413=PLANE('',#12592);
#10414=PLANE('',#12593);
#10415=PLANE('',#12594);
#10416=PLANE('',#12595);
#10417=PLANE('',#12596);
#10418=PLANE('',#12597);
#10419=PLANE('',#12598);
#10420=PLANE('',#12599);
#10421=PLANE('',#12600);
#10422=PLANE('',#12601);
#10423=PLANE('',#12602);
#10424=PLANE('',#12603);
#10425=PLANE('',#12604);
#10426=PLANE('',#12606);
#10427=PLANE('',#12607);
#10428=PLANE('',#12611);
#10429=PLANE('',#12612);
#10430=PLANE('',#12613);
#10431=PLANE('',#12614);
#10432=PLANE('',#12615);
#10433=PLANE('',#12616);
#10434=PLANE('',#12617);
#10435=PLANE('',#12618);
#10436=PLANE('',#12619);
#10437=PLANE('',#12620);
#10438=PLANE('',#12622);
#10439=PLANE('',#12623);
#10440=PLANE('',#12624);
#10441=PLANE('',#12629);
#10442=PLANE('',#12630);
#10443=PLANE('',#12631);
#10444=PLANE('',#12632);
#10445=PLANE('',#12633);
#10446=PLANE('',#12634);
#10447=PLANE('',#12637);
#10448=PLANE('',#12638);
#10449=PLANE('',#12639);
#10450=PLANE('',#12640);
#10451=PLANE('',#12641);
#10452=PLANE('',#12642);
#10453=PLANE('',#12644);
#10454=PLANE('',#12646);
#10455=PLANE('',#12648);
#10456=PLANE('',#12650);
#10457=PLANE('',#12651);
#10458=PLANE('',#12653);
#10459=PLANE('',#12654);
#10460=PLANE('',#12656);
#10461=PLANE('',#12657);
#10462=PLANE('',#12659);
#10463=PLANE('',#12660);
#10464=PLANE('',#12664);
#10465=PLANE('',#12665);
#10466=PLANE('',#12666);
#10467=PLANE('',#12670);
#10468=PLANE('',#12671);
#10469=PLANE('',#12672);
#10470=PLANE('',#12673);
#10471=PLANE('',#12674);
#10472=PLANE('',#12675);
#10473=PLANE('',#12676);
#10474=PLANE('',#12677);
#10475=PLANE('',#12678);
#10476=PLANE('',#12679);
#10477=PLANE('',#12680);
#10478=PLANE('',#12681);
#10479=PLANE('',#12682);
#10480=PLANE('',#12683);
#10481=PLANE('',#12684);
#10482=PLANE('',#12685);
#10483=PLANE('',#12686);
#10484=PLANE('',#12687);
#10485=PLANE('',#12688);
#10486=PLANE('',#12689);
#10487=PLANE('',#12690);
#10488=PLANE('',#12691);
#10489=PLANE('',#12692);
#10490=PLANE('',#12693);
#10491=PLANE('',#12694);
#10492=PLANE('',#12695);
#10493=PLANE('',#12696);
#10494=PLANE('',#12700);
#10495=PLANE('',#12701);
#10496=PLANE('',#12702);
#10497=PLANE('',#12703);
#10498=PLANE('',#12704);
#10499=PLANE('',#12705);
#10500=PLANE('',#12706);
#10501=PLANE('',#12707);
#10502=PLANE('',#12708);
#10503=PLANE('',#12713);
#10504=PLANE('',#12714);
#10505=PLANE('',#12715);
#10506=PLANE('',#12716);
#10507=PLANE('',#12722);
#10508=PLANE('',#12724);
#10509=PLANE('',#12725);
#10510=PLANE('',#12726);
#10511=PLANE('',#12727);
#10512=PLANE('',#12728);
#10513=PLANE('',#12729);
#10514=PLANE('',#12730);
#10515=PLANE('',#12731);
#10516=PLANE('',#12733);
#10517=PLANE('',#12734);
#10518=PLANE('',#12735);
#10519=PLANE('',#12736);
#10520=PLANE('',#12737);
#10521=PLANE('',#12738);
#10522=PLANE('',#12739);
#10523=PLANE('',#12740);
#10524=PLANE('',#12743);
#10525=PLANE('',#12744);
#10526=PLANE('',#12745);
#10527=PLANE('',#12746);
#10528=PLANE('',#12747);
#10529=PLANE('',#12748);
#10530=PLANE('',#12749);
#10531=PLANE('',#12750);
#10532=PLANE('',#12751);
#10533=PLANE('',#12752);
#10534=PLANE('',#12753);
#10535=PLANE('',#12754);
#10536=PLANE('',#12755);
#10537=PLANE('',#12756);
#10538=PLANE('',#12757);
#10539=PLANE('',#12758);
#10540=PLANE('',#12759);
#10541=PLANE('',#12760);
#10542=PLANE('',#12761);
#10543=PLANE('',#12762);
#10544=PLANE('',#12763);
#10545=PLANE('',#12764);
#10546=PLANE('',#12765);
#10547=PLANE('',#12766);
#10548=PLANE('',#12767);
#10549=PLANE('',#12768);
#10550=PLANE('',#12769);
#10551=PLANE('',#12770);
#10552=PLANE('',#12771);
#10553=PLANE('',#12772);
#10554=PLANE('',#12773);
#10555=PLANE('',#12774);
#10556=PLANE('',#12775);
#10557=PLANE('',#12776);
#10558=PLANE('',#12777);
#10559=PLANE('',#12778);
#10560=PLANE('',#12779);
#10561=PLANE('',#12780);
#10562=PLANE('',#12781);
#10563=PLANE('',#12782);
#10564=PLANE('',#12783);
#10565=PLANE('',#12784);
#10566=PLANE('',#12785);
#10567=PLANE('',#12786);
#10568=PLANE('',#12787);
#10569=PLANE('',#12798);
#10570=PLANE('',#12799);
#10571=PLANE('',#12800);
#10572=PLANE('',#12801);
#10573=PLANE('',#12802);
#10574=PLANE('',#12811);
#10575=PLANE('',#12844);
#10576=PLANE('',#12845);
#10577=PLANE('',#12846);
#10578=PLANE('',#12847);
#10579=PLANE('',#12848);
#10580=PLANE('',#12863);
#10581=PLANE('',#12867);
#10582=PLANE('',#12871);
#10583=PLANE('',#12875);
#10584=PLANE('',#12891);
#10585=PLANE('',#12894);
#10586=PLANE('',#12908);
#10587=PLANE('',#12909);
#10588=PLANE('',#12910);
#10589=PLANE('',#12920);
#10590=PLANE('',#12921);
#10591=PLANE('',#12922);
#10592=PLANE('',#12923);
#10593=PLANE('',#12972);
#10594=PLANE('',#13021);
#10595=ADVANCED_FACE('',(#9389,#9390,#9391,#9392,#9393,#9394,#9395),#10150,
 .T.);
#10596=ADVANCED_FACE('',(#9396,#9397,#9398,#9399,#9400,#9401,#9402,#9403,
#9404,#9405,#9406),#10151,.F.);
#10597=ADVANCED_FACE('',(#9407),#10152,.T.);
#10598=ADVANCED_FACE('',(#9408,#9409),#10153,.F.);
#10599=ADVANCED_FACE('',(#9410),#10154,.F.);
#10600=ADVANCED_FACE('',(#9411),#10155,.T.);
#10601=ADVANCED_FACE('',(#9412,#9413),#10156,.F.);
#10602=ADVANCED_FACE('',(#9414),#331,.T.);
#10603=ADVANCED_FACE('',(#9415),#332,.T.);
#10604=ADVANCED_FACE('',(#9416),#333,.T.);
#10605=ADVANCED_FACE('',(#9417),#334,.T.);
#10606=ADVANCED_FACE('',(#9418),#335,.T.);
#10607=ADVANCED_FACE('',(#9419),#319,.T.);
#10608=ADVANCED_FACE('',(#9420),#320,.T.);
#10609=ADVANCED_FACE('',(#9421),#336,.T.);
#10610=ADVANCED_FACE('',(#9422),#337,.T.);
#10611=ADVANCED_FACE('',(#9423),#321,.T.);
#10612=ADVANCED_FACE('',(#9424),#322,.T.);
#10613=ADVANCED_FACE('',(#9425),#338,.T.);
#10614=ADVANCED_FACE('',(#9426),#10157,.F.);
#10615=ADVANCED_FACE('',(#9427,#9428),#10158,.T.);
#10616=ADVANCED_FACE('',(#9429),#10159,.T.);
#10617=ADVANCED_FACE('',(#9430),#10160,.F.);
#10618=ADVANCED_FACE('',(#9431),#339,.F.);
#10619=ADVANCED_FACE('',(#9432),#340,.F.);
#10620=ADVANCED_FACE('',(#9433),#341,.F.);
#10621=ADVANCED_FACE('',(#9434),#342,.F.);
#10622=ADVANCED_FACE('',(#9435,#9436),#343,.T.);
#10623=ADVANCED_FACE('',(#9437,#9438),#10161,.F.);
#10624=ADVANCED_FACE('',(#9439,#9440),#344,.T.);
#10625=ADVANCED_FACE('',(#9441,#9442),#10162,.F.);
#10626=ADVANCED_FACE('',(#9443,#9444),#345,.T.);
#10627=ADVANCED_FACE('',(#9445,#9446),#10163,.F.);
#10628=ADVANCED_FACE('',(#9447,#9448),#346,.T.);
#10629=ADVANCED_FACE('',(#9449,#9450),#10164,.F.);
#10630=ADVANCED_FACE('',(#9451,#9452),#347,.F.);
#10631=ADVANCED_FACE('',(#9453),#10165,.F.);
#10632=ADVANCED_FACE('',(#9454,#9455),#348,.F.);
#10633=ADVANCED_FACE('',(#9456),#10166,.F.);
#10634=ADVANCED_FACE('',(#9457,#9458),#349,.F.);
#10635=ADVANCED_FACE('',(#9459),#10167,.F.);
#10636=ADVANCED_FACE('',(#9460,#9461),#350,.F.);
#10637=ADVANCED_FACE('',(#9462),#10168,.F.);
#10638=ADVANCED_FACE('',(#9463,#9464),#351,.F.);
#10639=ADVANCED_FACE('',(#9465),#10169,.F.);
#10640=ADVANCED_FACE('',(#9466),#10170,.T.);
#10641=ADVANCED_FACE('',(#9467),#10171,.T.);
#10642=ADVANCED_FACE('',(#9468),#10172,.F.);
#10643=ADVANCED_FACE('',(#9469),#352,.F.);
#10644=ADVANCED_FACE('',(#9470),#353,.F.);
#10645=ADVANCED_FACE('',(#9471),#354,.F.);
#10646=ADVANCED_FACE('',(#9472),#355,.F.);
#10647=ADVANCED_FACE('',(#9473),#10173,.F.);
#10648=ADVANCED_FACE('',(#9474),#10174,.T.);
#10649=ADVANCED_FACE('',(#9475),#10175,.T.);
#10650=ADVANCED_FACE('',(#9476),#10176,.F.);
#10651=ADVANCED_FACE('',(#9477),#356,.F.);
#10652=ADVANCED_FACE('',(#9478),#357,.F.);
#10653=ADVANCED_FACE('',(#9479),#358,.F.);
#10654=ADVANCED_FACE('',(#9480),#359,.F.);
#10655=ADVANCED_FACE('',(#9481),#10177,.F.);
#10656=ADVANCED_FACE('',(#9482),#10178,.T.);
#10657=ADVANCED_FACE('',(#9483),#10179,.T.);
#10658=ADVANCED_FACE('',(#9484),#10180,.F.);
#10659=ADVANCED_FACE('',(#9485),#360,.F.);
#10660=ADVANCED_FACE('',(#9486),#361,.F.);
#10661=ADVANCED_FACE('',(#9487),#362,.F.);
#10662=ADVANCED_FACE('',(#9488),#363,.F.);
#10663=ADVANCED_FACE('',(#9489),#10181,.F.);
#10664=ADVANCED_FACE('',(#9490),#10182,.T.);
#10665=ADVANCED_FACE('',(#9491),#10183,.T.);
#10666=ADVANCED_FACE('',(#9492),#10184,.F.);
#10667=ADVANCED_FACE('',(#9493),#364,.F.);
#10668=ADVANCED_FACE('',(#9494),#365,.F.);
#10669=ADVANCED_FACE('',(#9495),#366,.F.);
#10670=ADVANCED_FACE('',(#9496),#367,.F.);
#10671=ADVANCED_FACE('',(#9497),#10185,.F.);
#10672=ADVANCED_FACE('',(#9498),#10186,.T.);
#10673=ADVANCED_FACE('',(#9499),#10187,.T.);
#10674=ADVANCED_FACE('',(#9500),#10188,.F.);
#10675=ADVANCED_FACE('',(#9501),#368,.F.);
#10676=ADVANCED_FACE('',(#9502),#369,.F.);
#10677=ADVANCED_FACE('',(#9503),#370,.F.);
#10678=ADVANCED_FACE('',(#9504),#371,.F.);
#10679=ADVANCED_FACE('',(#9505),#372,.F.);
#10680=ADVANCED_FACE('',(#9506),#373,.F.);
#10681=ADVANCED_FACE('',(#9507),#10189,.F.);
#10682=ADVANCED_FACE('',(#9508),#10190,.T.);
#10683=ADVANCED_FACE('',(#9509),#10191,.F.);
#10684=ADVANCED_FACE('',(#9510),#10192,.T.);
#10685=ADVANCED_FACE('',(#9511),#10193,.F.);
#10686=ADVANCED_FACE('',(#9512),#10194,.F.);
#10687=ADVANCED_FACE('',(#9513),#10195,.F.);
#10688=ADVANCED_FACE('',(#9514),#10196,.F.);
#10689=ADVANCED_FACE('',(#9515,#9516,#9517,#9518,#9519,#9520,#9521,#9522,
#9523),#10197,.T.);
#10690=ADVANCED_FACE('',(#9524),#10198,.F.);
#10691=ADVANCED_FACE('',(#9525),#10199,.T.);
#10692=ADVANCED_FACE('',(#9526,#9527,#9528,#9529,#9530,#9531,#9532,#9533,
#9534),#10200,.F.);
#10693=ADVANCED_FACE('',(#9535),#10201,.T.);
#10694=ADVANCED_FACE('',(#9536),#10202,.F.);
#10695=ADVANCED_FACE('',(#9537),#10203,.T.);
#10696=ADVANCED_FACE('',(#9538),#10204,.T.);
#10697=ADVANCED_FACE('',(#9539),#10205,.T.);
#10698=ADVANCED_FACE('',(#9540),#10206,.T.);
#10699=ADVANCED_FACE('',(#9541),#10207,.T.);
#10700=ADVANCED_FACE('',(#9542),#10208,.T.);
#10701=ADVANCED_FACE('',(#9543),#10209,.T.);
#10702=ADVANCED_FACE('',(#9544),#10210,.T.);
#10703=ADVANCED_FACE('',(#9545),#10211,.T.);
#10704=ADVANCED_FACE('',(#9546),#10212,.T.);
#10705=ADVANCED_FACE('',(#9547),#10213,.T.);
#10706=ADVANCED_FACE('',(#9548),#10214,.T.);
#10707=ADVANCED_FACE('',(#9549),#10215,.T.);
#10708=ADVANCED_FACE('',(#9550),#10216,.T.);
#10709=ADVANCED_FACE('',(#9551),#10217,.T.);
#10710=ADVANCED_FACE('',(#9552),#10218,.T.);
#10711=ADVANCED_FACE('',(#9553),#10219,.T.);
#10712=ADVANCED_FACE('',(#9554),#10220,.T.);
#10713=ADVANCED_FACE('',(#9555),#10221,.T.);
#10714=ADVANCED_FACE('',(#9556),#10222,.T.);
#10715=ADVANCED_FACE('',(#9557),#10223,.T.);
#10716=ADVANCED_FACE('',(#9558),#10224,.T.);
#10717=ADVANCED_FACE('',(#9559),#10225,.T.);
#10718=ADVANCED_FACE('',(#9560),#10226,.T.);
#10719=ADVANCED_FACE('',(#9561),#10227,.T.);
#10720=ADVANCED_FACE('',(#9562),#10228,.T.);
#10721=ADVANCED_FACE('',(#9563),#10229,.T.);
#10722=ADVANCED_FACE('',(#9564),#10230,.T.);
#10723=ADVANCED_FACE('',(#9565),#10231,.T.);
#10724=ADVANCED_FACE('',(#9566),#10232,.T.);
#10725=ADVANCED_FACE('',(#9567),#10233,.T.);
#10726=ADVANCED_FACE('',(#9568),#10234,.T.);
#10727=ADVANCED_FACE('',(#9569),#10235,.T.);
#10728=ADVANCED_FACE('',(#9570),#10236,.F.);
#10729=ADVANCED_FACE('',(#9571),#10237,.T.);
#10730=ADVANCED_FACE('',(#9572),#10238,.T.);
#10731=ADVANCED_FACE('',(#9573),#10239,.T.);
#10732=ADVANCED_FACE('',(#9574),#10240,.F.);
#10733=ADVANCED_FACE('',(#9575),#10241,.T.);
#10734=ADVANCED_FACE('',(#9576),#10242,.T.);
#10735=ADVANCED_FACE('',(#9577),#10243,.T.);
#10736=ADVANCED_FACE('',(#9578),#10244,.F.);
#10737=ADVANCED_FACE('',(#9579),#10245,.T.);
#10738=ADVANCED_FACE('',(#9580),#10246,.T.);
#10739=ADVANCED_FACE('',(#9581),#10247,.T.);
#10740=ADVANCED_FACE('',(#9582),#10248,.F.);
#10741=ADVANCED_FACE('',(#9583),#10249,.T.);
#10742=ADVANCED_FACE('',(#9584),#10250,.T.);
#10743=ADVANCED_FACE('',(#9585),#10251,.T.);
#10744=ADVANCED_FACE('',(#9586),#10252,.F.);
#10745=ADVANCED_FACE('',(#9587),#10253,.T.);
#10746=ADVANCED_FACE('',(#9588),#10254,.T.);
#10747=ADVANCED_FACE('',(#9589),#10255,.T.);
#10748=ADVANCED_FACE('',(#9590),#10256,.F.);
#10749=ADVANCED_FACE('',(#9591),#10257,.T.);
#10750=ADVANCED_FACE('',(#9592),#10258,.T.);
#10751=ADVANCED_FACE('',(#9593),#10259,.T.);
#10752=ADVANCED_FACE('',(#9594),#10260,.F.);
#10753=ADVANCED_FACE('',(#9595),#10261,.T.);
#10754=ADVANCED_FACE('',(#9596),#10262,.T.);
#10755=ADVANCED_FACE('',(#9597),#10263,.T.);
#10756=ADVANCED_FACE('',(#9598),#10264,.F.);
#10757=ADVANCED_FACE('',(#9599),#10265,.T.);
#10758=ADVANCED_FACE('',(#9600),#10266,.T.);
#10759=ADVANCED_FACE('',(#9601),#10267,.F.);
#10760=ADVANCED_FACE('',(#9602),#10268,.F.);
#10761=ADVANCED_FACE('',(#9603),#10269,.F.);
#10762=ADVANCED_FACE('',(#9604),#10270,.F.);
#10763=ADVANCED_FACE('',(#9605),#10271,.F.);
#10764=ADVANCED_FACE('',(#9606),#10272,.F.);
#10765=ADVANCED_FACE('',(#9607),#10273,.F.);
#10766=ADVANCED_FACE('',(#9608),#10274,.F.);
#10767=ADVANCED_FACE('',(#9609),#10275,.F.);
#10768=ADVANCED_FACE('',(#9610),#10276,.F.);
#10769=ADVANCED_FACE('',(#9611),#10277,.F.);
#10770=ADVANCED_FACE('',(#9612),#10278,.F.);
#10771=ADVANCED_FACE('',(#9613),#10279,.F.);
#10772=ADVANCED_FACE('',(#9614),#10280,.F.);
#10773=ADVANCED_FACE('',(#9615),#10281,.F.);
#10774=ADVANCED_FACE('',(#9616),#10282,.F.);
#10775=ADVANCED_FACE('',(#9617),#10283,.F.);
#10776=ADVANCED_FACE('',(#9618),#10284,.F.);
#10777=ADVANCED_FACE('',(#9619),#10285,.F.);
#10778=ADVANCED_FACE('',(#9620),#10286,.F.);
#10779=ADVANCED_FACE('',(#9621),#10287,.F.);
#10780=ADVANCED_FACE('',(#9622),#10288,.F.);
#10781=ADVANCED_FACE('',(#9623),#10289,.F.);
#10782=ADVANCED_FACE('',(#9624),#10290,.F.);
#10783=ADVANCED_FACE('',(#9625),#10291,.F.);
#10784=ADVANCED_FACE('',(#9626),#10292,.F.);
#10785=ADVANCED_FACE('',(#9627),#10293,.F.);
#10786=ADVANCED_FACE('',(#9628),#10294,.F.);
#10787=ADVANCED_FACE('',(#9629),#10295,.F.);
#10788=ADVANCED_FACE('',(#9630),#10296,.F.);
#10789=ADVANCED_FACE('',(#9631),#10297,.F.);
#10790=ADVANCED_FACE('',(#9632),#10298,.F.);
#10791=ADVANCED_FACE('',(#9633),#10299,.T.);
#10792=ADVANCED_FACE('',(#9634),#10300,.T.);
#10793=ADVANCED_FACE('',(#9635),#10301,.T.);
#10794=ADVANCED_FACE('',(#9636),#10302,.T.);
#10795=ADVANCED_FACE('',(#9637),#10303,.T.);
#10796=ADVANCED_FACE('',(#9638),#10304,.T.);
#10797=ADVANCED_FACE('',(#9639),#10305,.T.);
#10798=ADVANCED_FACE('',(#9640),#10306,.T.);
#10799=ADVANCED_FACE('',(#9641),#10307,.T.);
#10800=ADVANCED_FACE('',(#9642),#10308,.T.);
#10801=ADVANCED_FACE('',(#9643),#10309,.T.);
#10802=ADVANCED_FACE('',(#9644),#10310,.T.);
#10803=ADVANCED_FACE('',(#9645),#10311,.T.);
#10804=ADVANCED_FACE('',(#9646),#10312,.T.);
#10805=ADVANCED_FACE('',(#9647),#10313,.T.);
#10806=ADVANCED_FACE('',(#9648),#10314,.T.);
#10807=ADVANCED_FACE('',(#9649),#10315,.T.);
#10808=ADVANCED_FACE('',(#9650),#10316,.T.);
#10809=ADVANCED_FACE('',(#9651),#10317,.T.);
#10810=ADVANCED_FACE('',(#9652),#10318,.T.);
#10811=ADVANCED_FACE('',(#9653),#10319,.T.);
#10812=ADVANCED_FACE('',(#9654),#10320,.T.);
#10813=ADVANCED_FACE('',(#9655),#10321,.T.);
#10814=ADVANCED_FACE('',(#9656),#10322,.T.);
#10815=ADVANCED_FACE('',(#9657),#10323,.T.);
#10816=ADVANCED_FACE('',(#9658),#10324,.T.);
#10817=ADVANCED_FACE('',(#9659),#10325,.T.);
#10818=ADVANCED_FACE('',(#9660),#10326,.T.);
#10819=ADVANCED_FACE('',(#9661),#10327,.T.);
#10820=ADVANCED_FACE('',(#9662),#10328,.T.);
#10821=ADVANCED_FACE('',(#9663),#10329,.T.);
#10822=ADVANCED_FACE('',(#9664),#10330,.T.);
#10823=ADVANCED_FACE('',(#9665),#10331,.T.);
#10824=ADVANCED_FACE('',(#9666),#10332,.T.);
#10825=ADVANCED_FACE('',(#9667),#10333,.T.);
#10826=ADVANCED_FACE('',(#9668),#10334,.T.);
#10827=ADVANCED_FACE('',(#9669),#10335,.T.);
#10828=ADVANCED_FACE('',(#9670),#10336,.T.);
#10829=ADVANCED_FACE('',(#9671),#10337,.T.);
#10830=ADVANCED_FACE('',(#9672),#10338,.T.);
#10831=ADVANCED_FACE('',(#9673),#10339,.T.);
#10832=ADVANCED_FACE('',(#9674),#10340,.T.);
#10833=ADVANCED_FACE('',(#9675),#10341,.T.);
#10834=ADVANCED_FACE('',(#9676),#10342,.T.);
#10835=ADVANCED_FACE('',(#9677),#10343,.F.);
#10836=ADVANCED_FACE('',(#9678),#10344,.T.);
#10837=ADVANCED_FACE('',(#9679),#10345,.T.);
#10838=ADVANCED_FACE('',(#9680),#10346,.T.);
#10839=ADVANCED_FACE('',(#9681),#10347,.T.);
#10840=ADVANCED_FACE('',(#9682),#10348,.T.);
#10841=ADVANCED_FACE('',(#9683),#10349,.F.);
#10842=ADVANCED_FACE('',(#9684),#10350,.T.);
#10843=ADVANCED_FACE('',(#9685),#10351,.T.);
#10844=ADVANCED_FACE('',(#9686),#10352,.T.);
#10845=ADVANCED_FACE('',(#9687),#10353,.T.);
#10846=ADVANCED_FACE('',(#9688),#10354,.T.);
#10847=ADVANCED_FACE('',(#9689),#10355,.F.);
#10848=ADVANCED_FACE('',(#9690),#10356,.T.);
#10849=ADVANCED_FACE('',(#9691),#10357,.T.);
#10850=ADVANCED_FACE('',(#9692),#10358,.T.);
#10851=ADVANCED_FACE('',(#9693),#10359,.T.);
#10852=ADVANCED_FACE('',(#9694),#10360,.T.);
#10853=ADVANCED_FACE('',(#9695),#10361,.F.);
#10854=ADVANCED_FACE('',(#9696),#10362,.T.);
#10855=ADVANCED_FACE('',(#9697),#10363,.T.);
#10856=ADVANCED_FACE('',(#9698),#10364,.T.);
#10857=ADVANCED_FACE('',(#9699),#10365,.T.);
#10858=ADVANCED_FACE('',(#9700),#10366,.T.);
#10859=ADVANCED_FACE('',(#9701),#10367,.F.);
#10860=ADVANCED_FACE('',(#9702),#10368,.T.);
#10861=ADVANCED_FACE('',(#9703),#10369,.T.);
#10862=ADVANCED_FACE('',(#9704),#10370,.T.);
#10863=ADVANCED_FACE('',(#9705),#10371,.T.);
#10864=ADVANCED_FACE('',(#9706),#10372,.T.);
#10865=ADVANCED_FACE('',(#9707),#10373,.F.);
#10866=ADVANCED_FACE('',(#9708),#10374,.T.);
#10867=ADVANCED_FACE('',(#9709),#10375,.T.);
#10868=ADVANCED_FACE('',(#9710),#10376,.T.);
#10869=ADVANCED_FACE('',(#9711),#10377,.T.);
#10870=ADVANCED_FACE('',(#9712),#10378,.T.);
#10871=ADVANCED_FACE('',(#9713),#10379,.F.);
#10872=ADVANCED_FACE('',(#9714),#10380,.T.);
#10873=ADVANCED_FACE('',(#9715),#10381,.T.);
#10874=ADVANCED_FACE('',(#9716),#10382,.T.);
#10875=ADVANCED_FACE('',(#9717),#10383,.T.);
#10876=ADVANCED_FACE('',(#9718),#10384,.T.);
#10877=ADVANCED_FACE('',(#9719),#10385,.F.);
#10878=ADVANCED_FACE('',(#9720),#10386,.T.);
#10879=ADVANCED_FACE('',(#9721),#10387,.T.);
#10880=ADVANCED_FACE('',(#9722),#10388,.T.);
#10881=ADVANCED_FACE('',(#9723),#10389,.T.);
#10882=ADVANCED_FACE('',(#9724),#10390,.T.);
#10883=ADVANCED_FACE('',(#9725),#10391,.T.);
#10884=ADVANCED_FACE('',(#9726),#10392,.T.);
#10885=ADVANCED_FACE('',(#9727),#10393,.T.);
#10886=ADVANCED_FACE('',(#9728),#10394,.T.);
#10887=ADVANCED_FACE('',(#9729),#10395,.T.);
#10888=ADVANCED_FACE('',(#9730),#10396,.T.);
#10889=ADVANCED_FACE('',(#9731),#10397,.T.);
#10890=ADVANCED_FACE('',(#9732),#10398,.T.);
#10891=ADVANCED_FACE('',(#9733),#10399,.T.);
#10892=ADVANCED_FACE('',(#9734),#10400,.T.);
#10893=ADVANCED_FACE('',(#9735),#10401,.T.);
#10894=ADVANCED_FACE('',(#9736),#10402,.T.);
#10895=ADVANCED_FACE('',(#9737),#10403,.T.);
#10896=ADVANCED_FACE('',(#9738),#10404,.T.);
#10897=ADVANCED_FACE('',(#9739),#10405,.T.);
#10898=ADVANCED_FACE('',(#9740),#10406,.T.);
#10899=ADVANCED_FACE('',(#9741),#10407,.T.);
#10900=ADVANCED_FACE('',(#9742),#10408,.T.);
#10901=ADVANCED_FACE('',(#9743),#10409,.T.);
#10902=ADVANCED_FACE('',(#9744),#10410,.T.);
#10903=ADVANCED_FACE('',(#9745),#10411,.F.);
#10904=ADVANCED_FACE('',(#9746),#10412,.F.);
#10905=ADVANCED_FACE('',(#9747),#10413,.F.);
#10906=ADVANCED_FACE('',(#9748),#10414,.F.);
#10907=ADVANCED_FACE('',(#9749),#10415,.T.);
#10908=ADVANCED_FACE('',(#9750),#10416,.T.);
#10909=ADVANCED_FACE('',(#9751),#10417,.T.);
#10910=ADVANCED_FACE('',(#9752),#10418,.T.);
#10911=ADVANCED_FACE('',(#9753),#10419,.T.);
#10912=ADVANCED_FACE('',(#9754),#10420,.F.);
#10913=ADVANCED_FACE('',(#9755),#10421,.F.);
#10914=ADVANCED_FACE('',(#9756),#10422,.T.);
#10915=ADVANCED_FACE('',(#9757),#10423,.T.);
#10916=ADVANCED_FACE('',(#9758),#10424,.F.);
#10917=ADVANCED_FACE('',(#9759,#9760),#10425,.T.);
#10918=ADVANCED_FACE('',(#9761),#10426,.T.);
#10919=ADVANCED_FACE('',(#9762),#10427,.F.);
#10920=ADVANCED_FACE('',(#9763),#374,.T.);
#10921=ADVANCED_FACE('',(#9764),#10428,.T.);
#10922=ADVANCED_FACE('',(#9765),#10429,.F.);
#10923=ADVANCED_FACE('',(#9766),#10430,.F.);
#10924=ADVANCED_FACE('',(#9767),#10431,.F.);
#10925=ADVANCED_FACE('',(#9768),#10432,.F.);
#10926=ADVANCED_FACE('',(#9769),#10433,.F.);
#10927=ADVANCED_FACE('',(#9770),#10434,.F.);
#10928=ADVANCED_FACE('',(#9771),#10435,.F.);
#10929=ADVANCED_FACE('',(#9772),#10436,.T.);
#10930=ADVANCED_FACE('',(#9773),#10437,.F.);
#10931=ADVANCED_FACE('',(#9774),#10438,.T.);
#10932=ADVANCED_FACE('',(#9775),#10439,.T.);
#10933=ADVANCED_FACE('',(#9776,#9777),#10440,.T.);
#10934=ADVANCED_FACE('',(#9778),#10441,.F.);
#10935=ADVANCED_FACE('',(#9779),#10442,.F.);
#10936=ADVANCED_FACE('',(#9780),#10443,.T.);
#10937=ADVANCED_FACE('',(#9781),#10444,.F.);
#10938=ADVANCED_FACE('',(#9782),#10445,.F.);
#10939=ADVANCED_FACE('',(#9783),#10446,.T.);
#10940=ADVANCED_FACE('',(#9784),#375,.F.);
#10941=ADVANCED_FACE('',(#9785),#10447,.F.);
#10942=ADVANCED_FACE('',(#9786),#10448,.F.);
#10943=ADVANCED_FACE('',(#9787),#10449,.T.);
#10944=ADVANCED_FACE('',(#9788),#10450,.F.);
#10945=ADVANCED_FACE('',(#9789),#10451,.F.);
#10946=ADVANCED_FACE('',(#9790),#10452,.F.);
#10947=ADVANCED_FACE('',(#9791),#10453,.F.);
#10948=ADVANCED_FACE('',(#9792),#10454,.F.);
#10949=ADVANCED_FACE('',(#9793),#10455,.T.);
#10950=ADVANCED_FACE('',(#9794),#376,.T.);
#10951=ADVANCED_FACE('',(#9795),#10456,.T.);
#10952=ADVANCED_FACE('',(#9796),#10457,.T.);
#10953=ADVANCED_FACE('',(#9797),#377,.T.);
#10954=ADVANCED_FACE('',(#9798),#10458,.T.);
#10955=ADVANCED_FACE('',(#9799),#10459,.T.);
#10956=ADVANCED_FACE('',(#9800),#378,.T.);
#10957=ADVANCED_FACE('',(#9801),#10460,.T.);
#10958=ADVANCED_FACE('',(#9802),#10461,.T.);
#10959=ADVANCED_FACE('',(#9803),#379,.T.);
#10960=ADVANCED_FACE('',(#9804),#10462,.F.);
#10961=ADVANCED_FACE('',(#9805),#10463,.F.);
#10962=ADVANCED_FACE('',(#9806),#380,.F.);
#10963=ADVANCED_FACE('',(#9807,#9808),#10464,.F.);
#10964=ADVANCED_FACE('',(#9809),#10465,.F.);
#10965=ADVANCED_FACE('',(#9810),#10466,.F.);
#10966=ADVANCED_FACE('',(#9811),#381,.F.);
#10967=ADVANCED_FACE('',(#9812,#9813),#10467,.F.);
#10968=ADVANCED_FACE('',(#9814),#10468,.F.);
#10969=ADVANCED_FACE('',(#9815),#10469,.F.);
#10970=ADVANCED_FACE('',(#9816),#10470,.F.);
#10971=ADVANCED_FACE('',(#9817),#10471,.T.);
#10972=ADVANCED_FACE('',(#9818),#10472,.F.);
#10973=ADVANCED_FACE('',(#9819),#10473,.F.);
#10974=ADVANCED_FACE('',(#9820),#10474,.F.);
#10975=ADVANCED_FACE('',(#9821),#10475,.F.);
#10976=ADVANCED_FACE('',(#9822),#10476,.F.);
#10977=ADVANCED_FACE('',(#9823),#10477,.F.);
#10978=ADVANCED_FACE('',(#9824),#10478,.F.);
#10979=ADVANCED_FACE('',(#9825),#10479,.F.);
#10980=ADVANCED_FACE('',(#9826),#10480,.F.);
#10981=ADVANCED_FACE('',(#9827),#10481,.F.);
#10982=ADVANCED_FACE('',(#9828,#9829),#10482,.F.);
#10983=ADVANCED_FACE('',(#9830),#10483,.F.);
#10984=ADVANCED_FACE('',(#9831),#10484,.F.);
#10985=ADVANCED_FACE('',(#9832),#10485,.F.);
#10986=ADVANCED_FACE('',(#9833),#10486,.F.);
#10987=ADVANCED_FACE('',(#9834),#10487,.F.);
#10988=ADVANCED_FACE('',(#9835),#10488,.F.);
#10989=ADVANCED_FACE('',(#9836),#10489,.F.);
#10990=ADVANCED_FACE('',(#9837),#10490,.F.);
#10991=ADVANCED_FACE('',(#9838),#10491,.F.);
#10992=ADVANCED_FACE('',(#9839),#10492,.F.);
#10993=ADVANCED_FACE('',(#9840,#9841,#9842,#9843),#10493,.F.);
#10994=ADVANCED_FACE('',(#9844),#10494,.F.);
#10995=ADVANCED_FACE('',(#9845),#10495,.T.);
#10996=ADVANCED_FACE('',(#9846),#10496,.F.);
#10997=ADVANCED_FACE('',(#9847),#10497,.T.);
#10998=ADVANCED_FACE('',(#9848),#10498,.T.);
#10999=ADVANCED_FACE('',(#9849),#10499,.T.);
#11000=ADVANCED_FACE('',(#9850),#10500,.T.);
#11001=ADVANCED_FACE('',(#9851),#10501,.T.);
#11002=ADVANCED_FACE('',(#9852),#10502,.T.);
#11003=ADVANCED_FACE('',(#9853),#382,.T.);
#11004=ADVANCED_FACE('',(#9854),#383,.T.);
#11005=ADVANCED_FACE('',(#9855),#10503,.F.);
#11006=ADVANCED_FACE('',(#9856),#10504,.F.);
#11007=ADVANCED_FACE('',(#9857),#10505,.T.);
#11008=ADVANCED_FACE('',(#9858),#10506,.T.);
#11009=ADVANCED_FACE('',(#9859),#10,.T.);
#11010=ADVANCED_FACE('',(#9860),#384,.T.);
#11011=ADVANCED_FACE('',(#9861),#10507,.F.);
#11012=ADVANCED_FACE('',(#9862),#10508,.T.);
#11013=ADVANCED_FACE('',(#9863),#10509,.T.);
#11014=ADVANCED_FACE('',(#9864),#10510,.T.);
#11015=ADVANCED_FACE('',(#9865),#10511,.T.);
#11016=ADVANCED_FACE('',(#9866),#10512,.T.);
#11017=ADVANCED_FACE('',(#9867),#10513,.T.);
#11018=ADVANCED_FACE('',(#9868),#10514,.T.);
#11019=ADVANCED_FACE('',(#9869),#10515,.F.);
#11020=ADVANCED_FACE('',(#9870),#10516,.T.);
#11021=ADVANCED_FACE('',(#9871),#10517,.T.);
#11022=ADVANCED_FACE('',(#9872),#10518,.T.);
#11023=ADVANCED_FACE('',(#9873),#10519,.T.);
#11024=ADVANCED_FACE('',(#9874),#10520,.T.);
#11025=ADVANCED_FACE('',(#9875),#10521,.T.);
#11026=ADVANCED_FACE('',(#9876),#10522,.T.);
#11027=ADVANCED_FACE('',(#9877),#10523,.F.);
#11028=ADVANCED_FACE('',(#9878),#10524,.T.);
#11029=ADVANCED_FACE('',(#9879),#10525,.T.);
#11030=ADVANCED_FACE('',(#9880),#10526,.T.);
#11031=ADVANCED_FACE('',(#9881),#10527,.T.);
#11032=ADVANCED_FACE('',(#9882),#10528,.T.);
#11033=ADVANCED_FACE('',(#9883),#10529,.T.);
#11034=ADVANCED_FACE('',(#9884),#10530,.T.);
#11035=ADVANCED_FACE('',(#9885),#10531,.T.);
#11036=ADVANCED_FACE('',(#9886),#10532,.T.);
#11037=ADVANCED_FACE('',(#9887),#10533,.T.);
#11038=ADVANCED_FACE('',(#9888),#10534,.T.);
#11039=ADVANCED_FACE('',(#9889),#10535,.T.);
#11040=ADVANCED_FACE('',(#9890),#10536,.T.);
#11041=ADVANCED_FACE('',(#9891),#10537,.T.);
#11042=ADVANCED_FACE('',(#9892),#10538,.T.);
#11043=ADVANCED_FACE('',(#9893),#10539,.T.);
#11044=ADVANCED_FACE('',(#9894),#10540,.T.);
#11045=ADVANCED_FACE('',(#9895),#10541,.T.);
#11046=ADVANCED_FACE('',(#9896),#10542,.T.);
#11047=ADVANCED_FACE('',(#9897),#10543,.T.);
#11048=ADVANCED_FACE('',(#9898),#10544,.T.);
#11049=ADVANCED_FACE('',(#9899),#10545,.T.);
#11050=ADVANCED_FACE('',(#9900),#10546,.T.);
#11051=ADVANCED_FACE('',(#9901),#10547,.T.);
#11052=ADVANCED_FACE('',(#9902),#10548,.T.);
#11053=ADVANCED_FACE('',(#9903),#10549,.T.);
#11054=ADVANCED_FACE('',(#9904),#10550,.T.);
#11055=ADVANCED_FACE('',(#9905),#10551,.T.);
#11056=ADVANCED_FACE('',(#9906),#10552,.T.);
#11057=ADVANCED_FACE('',(#9907),#10553,.T.);
#11058=ADVANCED_FACE('',(#9908),#10554,.T.);
#11059=ADVANCED_FACE('',(#9909),#10555,.T.);
#11060=ADVANCED_FACE('',(#9910),#10556,.T.);
#11061=ADVANCED_FACE('',(#9911),#10557,.T.);
#11062=ADVANCED_FACE('',(#9912),#10558,.T.);
#11063=ADVANCED_FACE('',(#9913),#10559,.T.);
#11064=ADVANCED_FACE('',(#9914),#10560,.T.);
#11065=ADVANCED_FACE('',(#9915),#10561,.T.);
#11066=ADVANCED_FACE('',(#9916),#10562,.T.);
#11067=ADVANCED_FACE('',(#9917),#10563,.T.);
#11068=ADVANCED_FACE('',(#9918),#10564,.T.);
#11069=ADVANCED_FACE('',(#9919),#10565,.T.);
#11070=ADVANCED_FACE('',(#9920),#10566,.T.);
#11071=ADVANCED_FACE('',(#9921,#9922),#10567,.T.);
#11072=ADVANCED_FACE('',(#9923),#10568,.T.);
#11073=ADVANCED_FACE('',(#9924),#10569,.T.);
#11074=ADVANCED_FACE('',(#9925),#10570,.F.);
#11075=ADVANCED_FACE('',(#9926),#10571,.F.);
#11076=ADVANCED_FACE('',(#9927),#10572,.T.);
#11077=ADVANCED_FACE('',(#9928,#9929),#10573,.T.);
#11078=ADVANCED_FACE('',(#9930,#9931,#9932,#9933,#9934),#10574,.F.);
#11079=ADVANCED_FACE('',(#9935),#385,.T.);
#11080=ADVANCED_FACE('',(#9936),#386,.T.);
#11081=ADVANCED_FACE('',(#9937),#387,.T.);
#11082=ADVANCED_FACE('',(#9938),#388,.T.);
#11083=ADVANCED_FACE('',(#9939),#389,.T.);
#11084=ADVANCED_FACE('',(#9940),#323,.T.);
#11085=ADVANCED_FACE('',(#9941),#324,.T.);
#11086=ADVANCED_FACE('',(#9942),#390,.T.);
#11087=ADVANCED_FACE('',(#9943),#391,.T.);
#11088=ADVANCED_FACE('',(#9944),#325,.T.);
#11089=ADVANCED_FACE('',(#9945),#326,.T.);
#11090=ADVANCED_FACE('',(#9946),#392,.T.);
#11091=ADVANCED_FACE('',(#9947),#10575,.F.);
#11092=ADVANCED_FACE('',(#9948),#10576,.T.);
#11093=ADVANCED_FACE('',(#9949),#10577,.T.);
#11094=ADVANCED_FACE('',(#9950),#10578,.F.);
#11095=ADVANCED_FACE('',(#9951,#9952,#9953,#9954,#9955),#10579,.T.);
#11096=ADVANCED_FACE('',(#9956),#393,.F.);
#11097=ADVANCED_FACE('',(#9957),#394,.F.);
#11098=ADVANCED_FACE('',(#9958),#395,.F.);
#11099=ADVANCED_FACE('',(#9959),#396,.F.);
#11100=ADVANCED_FACE('',(#9960,#9961),#397,.T.);
#11101=ADVANCED_FACE('',(#9962,#9963),#10580,.T.);
#11102=ADVANCED_FACE('',(#9964,#9965),#398,.T.);
#11103=ADVANCED_FACE('',(#9966,#9967),#10581,.T.);
#11104=ADVANCED_FACE('',(#9968,#9969),#399,.T.);
#11105=ADVANCED_FACE('',(#9970,#9971),#10582,.T.);
#11106=ADVANCED_FACE('',(#9972,#9973),#400,.T.);
#11107=ADVANCED_FACE('',(#9974,#9975),#10583,.T.);
#11108=ADVANCED_FACE('',(#9976,#9977),#401,.F.);
#11109=ADVANCED_FACE('',(#9978,#9979),#402,.F.);
#11110=ADVANCED_FACE('',(#9980,#9981),#403,.F.);
#11111=ADVANCED_FACE('',(#9982,#9983),#404,.F.);
#11112=ADVANCED_FACE('',(#9984),#405,.T.);
#11113=ADVANCED_FACE('',(#9985),#327,.T.);
#11114=ADVANCED_FACE('',(#9986),#328,.T.);
#11115=ADVANCED_FACE('',(#9987,#9988,#9989),#10584,.F.);
#11116=ADVANCED_FACE('',(#9990,#9991),#10585,.T.);
#11117=ADVANCED_FACE('',(#9992),#406,.T.);
#11118=ADVANCED_FACE('',(#9993),#407,.T.);
#11119=ADVANCED_FACE('',(#9994),#408,.F.);
#11120=ADVANCED_FACE('',(#9995),#329,.T.);
#11121=ADVANCED_FACE('',(#9996),#330,.T.);
#11122=ADVANCED_FACE('',(#9997),#10586,.T.);
#11123=ADVANCED_FACE('',(#9998),#10587,.F.);
#11124=ADVANCED_FACE('',(#9999),#10588,.F.);
#11125=ADVANCED_FACE('',(#10000),#10589,.T.);
#11126=ADVANCED_FACE('',(#10001),#10590,.T.);
#11127=ADVANCED_FACE('',(#10002),#10591,.T.);
#11128=ADVANCED_FACE('',(#10003,#10004,#10005,#10006,#10007,#10008,#10009,
#10010,#10011,#10012,#10013,#10014,#10015,#10016,#10017,#10018,#10019,#10020,
#10021,#10022,#10023,#10024,#10025,#10026,#10027,#10028,#10029,#10030,#10031,
#10032,#10033,#10034,#10035,#10036,#10037,#10038,#10039,#10040,#10041,#10042,
#10043,#10044,#10045,#10046,#10047,#10048,#10049,#10050,#10051),#10592,
 .F.);
#11129=ADVANCED_FACE('',(#10052,#10053,#10054,#10055,#10056,#10057,#10058,
#10059,#10060,#10061,#10062,#10063,#10064,#10065,#10066,#10067,#10068,#10069,
#10070,#10071,#10072,#10073,#10074,#10075,#10076,#10077,#10078,#10079,#10080,
#10081,#10082,#10083,#10084,#10085,#10086,#10087,#10088,#10089,#10090,#10091,
#10092,#10093,#10094,#10095,#10096,#10097,#10098,#10099,#10100),#10593,
 .T.);
#11130=ADVANCED_FACE('',(#10101),#10594,.T.);
#11131=ADVANCED_FACE('',(#10102),#409,.F.);
#11132=ADVANCED_FACE('',(#10103),#410,.F.);
#11133=ADVANCED_FACE('',(#10104),#411,.F.);
#11134=ADVANCED_FACE('',(#10105),#412,.F.);
#11135=ADVANCED_FACE('',(#10106),#413,.F.);
#11136=ADVANCED_FACE('',(#10107),#414,.F.);
#11137=ADVANCED_FACE('',(#10108),#415,.F.);
#11138=ADVANCED_FACE('',(#10109),#416,.F.);
#11139=ADVANCED_FACE('',(#10110),#417,.F.);
#11140=ADVANCED_FACE('',(#10111),#418,.F.);
#11141=ADVANCED_FACE('',(#10112),#419,.F.);
#11142=ADVANCED_FACE('',(#10113),#420,.F.);
#11143=ADVANCED_FACE('',(#10114),#421,.F.);
#11144=ADVANCED_FACE('',(#10115),#422,.F.);
#11145=ADVANCED_FACE('',(#10116),#423,.F.);
#11146=ADVANCED_FACE('',(#10117),#424,.F.);
#11147=ADVANCED_FACE('',(#10118),#425,.F.);
#11148=ADVANCED_FACE('',(#10119),#426,.F.);
#11149=ADVANCED_FACE('',(#10120),#427,.F.);
#11150=ADVANCED_FACE('',(#10121),#428,.F.);
#11151=ADVANCED_FACE('',(#10122),#429,.F.);
#11152=ADVANCED_FACE('',(#10123),#430,.F.);
#11153=ADVANCED_FACE('',(#10124),#431,.F.);
#11154=ADVANCED_FACE('',(#10125),#432,.F.);
#11155=ADVANCED_FACE('',(#10126),#433,.F.);
#11156=ADVANCED_FACE('',(#10127),#434,.F.);
#11157=ADVANCED_FACE('',(#10128),#435,.F.);
#11158=ADVANCED_FACE('',(#10129),#436,.F.);
#11159=ADVANCED_FACE('',(#10130),#437,.F.);
#11160=ADVANCED_FACE('',(#10131),#438,.F.);
#11161=ADVANCED_FACE('',(#10132),#439,.F.);
#11162=ADVANCED_FACE('',(#10133),#440,.F.);
#11163=ADVANCED_FACE('',(#10134),#441,.F.);
#11164=ADVANCED_FACE('',(#10135),#442,.F.);
#11165=ADVANCED_FACE('',(#10136),#443,.F.);
#11166=ADVANCED_FACE('',(#10137),#444,.F.);
#11167=ADVANCED_FACE('',(#10138),#445,.F.);
#11168=ADVANCED_FACE('',(#10139),#446,.F.);
#11169=ADVANCED_FACE('',(#10140),#447,.F.);
#11170=ADVANCED_FACE('',(#10141),#448,.F.);
#11171=ADVANCED_FACE('',(#10142),#449,.F.);
#11172=ADVANCED_FACE('',(#10143),#450,.F.);
#11173=ADVANCED_FACE('',(#10144),#451,.F.);
#11174=ADVANCED_FACE('',(#10145),#452,.F.);
#11175=ADVANCED_FACE('',(#10146),#453,.F.);
#11176=ADVANCED_FACE('',(#10147),#454,.F.);
#11177=ADVANCED_FACE('',(#10148),#455,.F.);
#11178=ADVANCED_FACE('',(#10149),#456,.F.);
#11179=CLOSED_SHELL('',(#10595,#10596,#10597,#10598,#10599,#10600,#10601,
#10602,#10603,#10604,#10605,#10606,#10607,#10608,#10609,#10610,#10611,#10612,
#10613,#10614,#10615,#10616,#10617,#10618,#10619,#10620,#10621,#10622,#10623,
#10624,#10625,#10626,#10627,#10628,#10629,#10630,#10631,#10632,#10633,#10634,
#10635,#10636,#10637,#10638,#10639,#10640,#10641,#10642,#10643,#10644,#10645,
#10646,#10647,#10648,#10649,#10650,#10651,#10652,#10653,#10654,#10655,#10656,
#10657,#10658,#10659,#10660,#10661,#10662,#10663,#10664,#10665,#10666,#10667,
#10668,#10669,#10670,#10671,#10672,#10673,#10674,#10675,#10676,#10677,#10678,
#10679,#10680,#10681,#10682,#10683,#10684));
#11180=CLOSED_SHELL('',(#10685,#10686,#10687,#10688,#10689,#10690,#10691,
#10692,#10693,#10694,#10695,#10696,#10697,#10698,#10699,#10700,#10701,#10702,
#10703,#10704,#10705,#10706,#10707,#10708,#10709,#10710,#10711,#10712,#10713,
#10714,#10715,#10716,#10717,#10718,#10719,#10720,#10721,#10722,#10723,#10724,
#10725,#10726,#10727,#10728,#10729,#10730,#10731,#10732,#10733,#10734,#10735,
#10736,#10737,#10738,#10739,#10740,#10741,#10742,#10743,#10744,#10745,#10746,
#10747,#10748,#10749,#10750,#10751,#10752,#10753,#10754,#10755,#10756,#10757,
#10758,#10759,#10760,#10761,#10762,#10763,#10764,#10765,#10766,#10767,#10768,
#10769,#10770,#10771,#10772,#10773,#10774,#10775,#10776,#10777,#10778,#10779,
#10780,#10781,#10782,#10783,#10784,#10785,#10786,#10787,#10788,#10789,#10790,
#10791,#10792,#10793,#10794,#10795,#10796,#10797,#10798,#10799,#10800,#10801,
#10802,#10803,#10804,#10805,#10806,#10807,#10808,#10809,#10810,#10811,#10812,
#10813,#10814,#10815,#10816,#10817,#10818,#10819,#10820,#10821,#10822,#10823,
#10824,#10825,#10826,#10827,#10828,#10829,#10830,#10831,#10832,#10833,#10834,
#10835,#10836,#10837,#10838,#10839,#10840,#10841,#10842,#10843,#10844,#10845,
#10846,#10847,#10848,#10849,#10850,#10851,#10852,#10853,#10854,#10855,#10856,
#10857,#10858,#10859,#10860,#10861,#10862,#10863,#10864,#10865,#10866,#10867,
#10868,#10869,#10870,#10871,#10872,#10873,#10874,#10875,#10876,#10877,#10878,
#10879,#10880,#10881,#10882,#10883,#10884,#10885,#10886,#10887,#10888,#10889,
#10890,#10891,#10892,#10893,#10894,#10895,#10896,#10897,#10898,#10899,#10900,
#10901,#10902));
#11181=CLOSED_SHELL('',(#10903,#10904,#10905,#10906,#10907,#10908,#10909,
#10910,#10911,#10912,#10913,#10914,#10915,#10916,#10917,#10918,#10919,#10920,
#10921,#10922,#10923,#10924,#10925,#10926,#10927,#10928,#10929,#10930,#10931,
#10932,#10933,#10934,#10935,#10936,#10937,#10938,#10939,#10940,#10941,#10942,
#10943,#10944,#10945,#10946,#10947,#10948,#10949,#10950,#10951,#10952,#10953,
#10954,#10955,#10956,#10957,#10958,#10959,#10960,#10961,#10962,#10963,#10964,
#10965,#10966,#10967,#10968,#10969,#10970,#10971,#10972,#10973,#10974,#10975,
#10976,#10977,#10978,#10979,#10980,#10981,#10982,#10983,#10984,#10985,#10986,
#10987,#10988,#10989,#10990,#10991,#10992,#10993,#10994,#10995,#10996,#10997,
#10998,#10999,#11000,#11001,#11002,#11003,#11004,#11005,#11006,#11007,#11008,
#11009,#11010,#11011));
#11182=CLOSED_SHELL('',(#11012,#11013,#11014,#11015,#11016,#11017,#11018,
#11019));
#11183=CLOSED_SHELL('',(#11020,#11021,#11022,#11023,#11024,#11025,#11026,
#11027));
#11184=CLOSED_SHELL('',(#11028,#11029,#11030,#11031,#11032,#11033,#11034,
#11035,#11036,#11037,#11038,#11039,#11040,#11041,#11042,#11043,#11044,#11045,
#11046,#11047,#11048,#11049,#11050,#11051,#11052,#11053,#11054,#11055,#11056,
#11057,#11058,#11059,#11060,#11061,#11062,#11063,#11064,#11065,#11066,#11067,
#11068,#11069,#11070,#11071,#11072));
#11185=CLOSED_SHELL('',(#11073,#11074,#11075,#11076,#11077,#11078,#11079,
#11080,#11081,#11082,#11083,#11084,#11085,#11086,#11087,#11088,#11089,#11090,
#11091,#11092,#11093,#11094,#11095,#11096,#11097,#11098,#11099,#11100,#11101,
#11102,#11103,#11104,#11105,#11106,#11107,#11108,#11109,#11110,#11111));
#11186=CLOSED_SHELL('',(#11112,#11113,#11114,#11115,#11116,#11117,#11118,
#11119,#11120,#11121,#11122,#11123,#11124));
#11187=CLOSED_SHELL('',(#11125,#11126,#11127,#11128,#11129,#11130,#11131,
#11132,#11133,#11134,#11135,#11136,#11137,#11138,#11139,#11140,#11141,#11142,
#11143,#11144,#11145,#11146,#11147,#11148,#11149,#11150,#11151,#11152,#11153,
#11154,#11155,#11156,#11157,#11158,#11159,#11160,#11161,#11162,#11163,#11164,
#11165,#11166,#11167,#11168,#11169,#11170,#11171,#11172,#11173,#11174,#11175,
#11176,#11177,#11178));
#11188=STYLED_ITEM('',(#11197),#12131);
#11189=STYLED_ITEM('',(#11198),#12132);
#11190=STYLED_ITEM('',(#11289),#12133);
#11191=STYLED_ITEM('',(#11338),#12134);
#11192=STYLED_ITEM('',(#11339),#12135);
#11193=STYLED_ITEM('',(#11340),#12136);
#11194=STYLED_ITEM('',(#11341),#12137);
#11195=STYLED_ITEM('',(#11342),#12138);
#11196=STYLED_ITEM('',(#11350),#12139);
#11197=PRESENTATION_STYLE_ASSIGNMENT((#11351));
#11198=PRESENTATION_STYLE_ASSIGNMENT((#11352));
#11199=PRESENTATION_STYLE_ASSIGNMENT((#11353));
#11200=PRESENTATION_STYLE_ASSIGNMENT((#11354));
#11201=PRESENTATION_STYLE_ASSIGNMENT((#11355));
#11202=PRESENTATION_STYLE_ASSIGNMENT((#11356));
#11203=PRESENTATION_STYLE_ASSIGNMENT((#11357));
#11204=PRESENTATION_STYLE_ASSIGNMENT((#11358));
#11205=PRESENTATION_STYLE_ASSIGNMENT((#11359));
#11206=PRESENTATION_STYLE_ASSIGNMENT((#11360));
#11207=PRESENTATION_STYLE_ASSIGNMENT((#11361));
#11208=PRESENTATION_STYLE_ASSIGNMENT((#11362));
#11209=PRESENTATION_STYLE_ASSIGNMENT((#11363));
#11210=PRESENTATION_STYLE_ASSIGNMENT((#11364));
#11211=PRESENTATION_STYLE_ASSIGNMENT((#11365));
#11212=PRESENTATION_STYLE_ASSIGNMENT((#11366));
#11213=PRESENTATION_STYLE_ASSIGNMENT((#11367));
#11214=PRESENTATION_STYLE_ASSIGNMENT((#11368));
#11215=PRESENTATION_STYLE_ASSIGNMENT((#11369));
#11216=PRESENTATION_STYLE_ASSIGNMENT((#11370));
#11217=PRESENTATION_STYLE_ASSIGNMENT((#11371));
#11218=PRESENTATION_STYLE_ASSIGNMENT((#11372));
#11219=PRESENTATION_STYLE_ASSIGNMENT((#11373));
#11220=PRESENTATION_STYLE_ASSIGNMENT((#11374));
#11221=PRESENTATION_STYLE_ASSIGNMENT((#11375));
#11222=PRESENTATION_STYLE_ASSIGNMENT((#11376));
#11223=PRESENTATION_STYLE_ASSIGNMENT((#11377));
#11224=PRESENTATION_STYLE_ASSIGNMENT((#11378));
#11225=PRESENTATION_STYLE_ASSIGNMENT((#11379));
#11226=PRESENTATION_STYLE_ASSIGNMENT((#11380));
#11227=PRESENTATION_STYLE_ASSIGNMENT((#11381));
#11228=PRESENTATION_STYLE_ASSIGNMENT((#11382));
#11229=PRESENTATION_STYLE_ASSIGNMENT((#11383));
#11230=PRESENTATION_STYLE_ASSIGNMENT((#11384));
#11231=PRESENTATION_STYLE_ASSIGNMENT((#11385));
#11232=PRESENTATION_STYLE_ASSIGNMENT((#11386));
#11233=PRESENTATION_STYLE_ASSIGNMENT((#11387));
#11234=PRESENTATION_STYLE_ASSIGNMENT((#11388));
#11235=PRESENTATION_STYLE_ASSIGNMENT((#11389));
#11236=PRESENTATION_STYLE_ASSIGNMENT((#11390));
#11237=PRESENTATION_STYLE_ASSIGNMENT((#11391));
#11238=PRESENTATION_STYLE_ASSIGNMENT((#11392));
#11239=PRESENTATION_STYLE_ASSIGNMENT((#11393));
#11240=PRESENTATION_STYLE_ASSIGNMENT((#11394));
#11241=PRESENTATION_STYLE_ASSIGNMENT((#11395));
#11242=PRESENTATION_STYLE_ASSIGNMENT((#11396));
#11243=PRESENTATION_STYLE_ASSIGNMENT((#11397));
#11244=PRESENTATION_STYLE_ASSIGNMENT((#11398));
#11245=PRESENTATION_STYLE_ASSIGNMENT((#11399));
#11246=PRESENTATION_STYLE_ASSIGNMENT((#11400));
#11247=PRESENTATION_STYLE_ASSIGNMENT((#11401));
#11248=PRESENTATION_STYLE_ASSIGNMENT((#11402));
#11249=PRESENTATION_STYLE_ASSIGNMENT((#11403));
#11250=PRESENTATION_STYLE_ASSIGNMENT((#11404));
#11251=PRESENTATION_STYLE_ASSIGNMENT((#11405));
#11252=PRESENTATION_STYLE_ASSIGNMENT((#11406));
#11253=PRESENTATION_STYLE_ASSIGNMENT((#11407));
#11254=PRESENTATION_STYLE_ASSIGNMENT((#11408));
#11255=PRESENTATION_STYLE_ASSIGNMENT((#11409));
#11256=PRESENTATION_STYLE_ASSIGNMENT((#11410));
#11257=PRESENTATION_STYLE_ASSIGNMENT((#11411));
#11258=PRESENTATION_STYLE_ASSIGNMENT((#11412));
#11259=PRESENTATION_STYLE_ASSIGNMENT((#11413));
#11260=PRESENTATION_STYLE_ASSIGNMENT((#11414));
#11261=PRESENTATION_STYLE_ASSIGNMENT((#11415));
#11262=PRESENTATION_STYLE_ASSIGNMENT((#11416));
#11263=PRESENTATION_STYLE_ASSIGNMENT((#11417));
#11264=PRESENTATION_STYLE_ASSIGNMENT((#11418));
#11265=PRESENTATION_STYLE_ASSIGNMENT((#11419));
#11266=PRESENTATION_STYLE_ASSIGNMENT((#11420));
#11267=PRESENTATION_STYLE_ASSIGNMENT((#11421));
#11268=PRESENTATION_STYLE_ASSIGNMENT((#11422));
#11269=PRESENTATION_STYLE_ASSIGNMENT((#11423));
#11270=PRESENTATION_STYLE_ASSIGNMENT((#11424));
#11271=PRESENTATION_STYLE_ASSIGNMENT((#11425));
#11272=PRESENTATION_STYLE_ASSIGNMENT((#11426));
#11273=PRESENTATION_STYLE_ASSIGNMENT((#11427));
#11274=PRESENTATION_STYLE_ASSIGNMENT((#11428));
#11275=PRESENTATION_STYLE_ASSIGNMENT((#11429));
#11276=PRESENTATION_STYLE_ASSIGNMENT((#11430));
#11277=PRESENTATION_STYLE_ASSIGNMENT((#11431));
#11278=PRESENTATION_STYLE_ASSIGNMENT((#11432));
#11279=PRESENTATION_STYLE_ASSIGNMENT((#11433));
#11280=PRESENTATION_STYLE_ASSIGNMENT((#11434));
#11281=PRESENTATION_STYLE_ASSIGNMENT((#11435));
#11282=PRESENTATION_STYLE_ASSIGNMENT((#11436));
#11283=PRESENTATION_STYLE_ASSIGNMENT((#11437));
#11284=PRESENTATION_STYLE_ASSIGNMENT((#11438));
#11285=PRESENTATION_STYLE_ASSIGNMENT((#11439));
#11286=PRESENTATION_STYLE_ASSIGNMENT((#11440));
#11287=PRESENTATION_STYLE_ASSIGNMENT((#11441));
#11288=PRESENTATION_STYLE_ASSIGNMENT((#11442));
#11289=PRESENTATION_STYLE_ASSIGNMENT((#11443));
#11290=PRESENTATION_STYLE_ASSIGNMENT((#11444));
#11291=PRESENTATION_STYLE_ASSIGNMENT((#11445));
#11292=PRESENTATION_STYLE_ASSIGNMENT((#11446));
#11293=PRESENTATION_STYLE_ASSIGNMENT((#11447));
#11294=PRESENTATION_STYLE_ASSIGNMENT((#11448));
#11295=PRESENTATION_STYLE_ASSIGNMENT((#11449));
#11296=PRESENTATION_STYLE_ASSIGNMENT((#11450));
#11297=PRESENTATION_STYLE_ASSIGNMENT((#11451));
#11298=PRESENTATION_STYLE_ASSIGNMENT((#11452));
#11299=PRESENTATION_STYLE_ASSIGNMENT((#11453));
#11300=PRESENTATION_STYLE_ASSIGNMENT((#11454));
#11301=PRESENTATION_STYLE_ASSIGNMENT((#11455));
#11302=PRESENTATION_STYLE_ASSIGNMENT((#11456));
#11303=PRESENTATION_STYLE_ASSIGNMENT((#11457));
#11304=PRESENTATION_STYLE_ASSIGNMENT((#11458));
#11305=PRESENTATION_STYLE_ASSIGNMENT((#11459));
#11306=PRESENTATION_STYLE_ASSIGNMENT((#11460));
#11307=PRESENTATION_STYLE_ASSIGNMENT((#11461));
#11308=PRESENTATION_STYLE_ASSIGNMENT((#11462));
#11309=PRESENTATION_STYLE_ASSIGNMENT((#11463));
#11310=PRESENTATION_STYLE_ASSIGNMENT((#11464));
#11311=PRESENTATION_STYLE_ASSIGNMENT((#11465));
#11312=PRESENTATION_STYLE_ASSIGNMENT((#11466));
#11313=PRESENTATION_STYLE_ASSIGNMENT((#11467));
#11314=PRESENTATION_STYLE_ASSIGNMENT((#11468));
#11315=PRESENTATION_STYLE_ASSIGNMENT((#11469));
#11316=PRESENTATION_STYLE_ASSIGNMENT((#11470));
#11317=PRESENTATION_STYLE_ASSIGNMENT((#11471));
#11318=PRESENTATION_STYLE_ASSIGNMENT((#11472));
#11319=PRESENTATION_STYLE_ASSIGNMENT((#11473));
#11320=PRESENTATION_STYLE_ASSIGNMENT((#11474));
#11321=PRESENTATION_STYLE_ASSIGNMENT((#11475));
#11322=PRESENTATION_STYLE_ASSIGNMENT((#11476));
#11323=PRESENTATION_STYLE_ASSIGNMENT((#11477));
#11324=PRESENTATION_STYLE_ASSIGNMENT((#11478));
#11325=PRESENTATION_STYLE_ASSIGNMENT((#11479));
#11326=PRESENTATION_STYLE_ASSIGNMENT((#11480));
#11327=PRESENTATION_STYLE_ASSIGNMENT((#11481));
#11328=PRESENTATION_STYLE_ASSIGNMENT((#11482));
#11329=PRESENTATION_STYLE_ASSIGNMENT((#11483));
#11330=PRESENTATION_STYLE_ASSIGNMENT((#11484));
#11331=PRESENTATION_STYLE_ASSIGNMENT((#11485));
#11332=PRESENTATION_STYLE_ASSIGNMENT((#11486));
#11333=PRESENTATION_STYLE_ASSIGNMENT((#11487));
#11334=PRESENTATION_STYLE_ASSIGNMENT((#11488));
#11335=PRESENTATION_STYLE_ASSIGNMENT((#11489));
#11336=PRESENTATION_STYLE_ASSIGNMENT((#11490));
#11337=PRESENTATION_STYLE_ASSIGNMENT((#11491));
#11338=PRESENTATION_STYLE_ASSIGNMENT((#11492));
#11339=PRESENTATION_STYLE_ASSIGNMENT((#11493));
#11340=PRESENTATION_STYLE_ASSIGNMENT((#11494));
#11341=PRESENTATION_STYLE_ASSIGNMENT((#11495));
#11342=PRESENTATION_STYLE_ASSIGNMENT((#11496));
#11343=PRESENTATION_STYLE_ASSIGNMENT((#11497));
#11344=PRESENTATION_STYLE_ASSIGNMENT((#11498));
#11345=PRESENTATION_STYLE_ASSIGNMENT((#11499));
#11346=PRESENTATION_STYLE_ASSIGNMENT((#11500));
#11347=PRESENTATION_STYLE_ASSIGNMENT((#11501));
#11348=PRESENTATION_STYLE_ASSIGNMENT((#11502));
#11349=PRESENTATION_STYLE_ASSIGNMENT((#11503));
#11350=PRESENTATION_STYLE_ASSIGNMENT((#11504));
#11351=SURFACE_STYLE_USAGE(.BOTH.,#11505);
#11352=SURFACE_STYLE_USAGE(.BOTH.,#11506);
#11353=SURFACE_STYLE_USAGE(.BOTH.,#11507);
#11354=SURFACE_STYLE_USAGE(.BOTH.,#11508);
#11355=SURFACE_STYLE_USAGE(.BOTH.,#11509);
#11356=SURFACE_STYLE_USAGE(.BOTH.,#11510);
#11357=SURFACE_STYLE_USAGE(.BOTH.,#11511);
#11358=SURFACE_STYLE_USAGE(.BOTH.,#11512);
#11359=SURFACE_STYLE_USAGE(.BOTH.,#11513);
#11360=SURFACE_STYLE_USAGE(.BOTH.,#11514);
#11361=SURFACE_STYLE_USAGE(.BOTH.,#11515);
#11362=SURFACE_STYLE_USAGE(.BOTH.,#11516);
#11363=SURFACE_STYLE_USAGE(.BOTH.,#11517);
#11364=SURFACE_STYLE_USAGE(.BOTH.,#11518);
#11365=SURFACE_STYLE_USAGE(.BOTH.,#11519);
#11366=SURFACE_STYLE_USAGE(.BOTH.,#11520);
#11367=SURFACE_STYLE_USAGE(.BOTH.,#11521);
#11368=SURFACE_STYLE_USAGE(.BOTH.,#11522);
#11369=SURFACE_STYLE_USAGE(.BOTH.,#11523);
#11370=SURFACE_STYLE_USAGE(.BOTH.,#11524);
#11371=SURFACE_STYLE_USAGE(.BOTH.,#11525);
#11372=SURFACE_STYLE_USAGE(.BOTH.,#11526);
#11373=SURFACE_STYLE_USAGE(.BOTH.,#11527);
#11374=SURFACE_STYLE_USAGE(.BOTH.,#11528);
#11375=SURFACE_STYLE_USAGE(.BOTH.,#11529);
#11376=SURFACE_STYLE_USAGE(.BOTH.,#11530);
#11377=SURFACE_STYLE_USAGE(.BOTH.,#11531);
#11378=SURFACE_STYLE_USAGE(.BOTH.,#11532);
#11379=SURFACE_STYLE_USAGE(.BOTH.,#11533);
#11380=SURFACE_STYLE_USAGE(.BOTH.,#11534);
#11381=SURFACE_STYLE_USAGE(.BOTH.,#11535);
#11382=SURFACE_STYLE_USAGE(.BOTH.,#11536);
#11383=SURFACE_STYLE_USAGE(.BOTH.,#11537);
#11384=SURFACE_STYLE_USAGE(.BOTH.,#11538);
#11385=SURFACE_STYLE_USAGE(.BOTH.,#11539);
#11386=SURFACE_STYLE_USAGE(.BOTH.,#11540);
#11387=SURFACE_STYLE_USAGE(.BOTH.,#11541);
#11388=SURFACE_STYLE_USAGE(.BOTH.,#11542);
#11389=SURFACE_STYLE_USAGE(.BOTH.,#11543);
#11390=SURFACE_STYLE_USAGE(.BOTH.,#11544);
#11391=SURFACE_STYLE_USAGE(.BOTH.,#11545);
#11392=SURFACE_STYLE_USAGE(.BOTH.,#11546);
#11393=SURFACE_STYLE_USAGE(.BOTH.,#11547);
#11394=SURFACE_STYLE_USAGE(.BOTH.,#11548);
#11395=SURFACE_STYLE_USAGE(.BOTH.,#11549);
#11396=SURFACE_STYLE_USAGE(.BOTH.,#11550);
#11397=SURFACE_STYLE_USAGE(.BOTH.,#11551);
#11398=SURFACE_STYLE_USAGE(.BOTH.,#11552);
#11399=SURFACE_STYLE_USAGE(.BOTH.,#11553);
#11400=SURFACE_STYLE_USAGE(.BOTH.,#11554);
#11401=SURFACE_STYLE_USAGE(.BOTH.,#11555);
#11402=SURFACE_STYLE_USAGE(.BOTH.,#11556);
#11403=SURFACE_STYLE_USAGE(.BOTH.,#11557);
#11404=SURFACE_STYLE_USAGE(.BOTH.,#11558);
#11405=SURFACE_STYLE_USAGE(.BOTH.,#11559);
#11406=SURFACE_STYLE_USAGE(.BOTH.,#11560);
#11407=SURFACE_STYLE_USAGE(.BOTH.,#11561);
#11408=SURFACE_STYLE_USAGE(.BOTH.,#11562);
#11409=SURFACE_STYLE_USAGE(.BOTH.,#11563);
#11410=SURFACE_STYLE_USAGE(.BOTH.,#11564);
#11411=SURFACE_STYLE_USAGE(.BOTH.,#11565);
#11412=SURFACE_STYLE_USAGE(.BOTH.,#11566);
#11413=SURFACE_STYLE_USAGE(.BOTH.,#11567);
#11414=SURFACE_STYLE_USAGE(.BOTH.,#11568);
#11415=SURFACE_STYLE_USAGE(.BOTH.,#11569);
#11416=SURFACE_STYLE_USAGE(.BOTH.,#11570);
#11417=SURFACE_STYLE_USAGE(.BOTH.,#11571);
#11418=SURFACE_STYLE_USAGE(.BOTH.,#11572);
#11419=SURFACE_STYLE_USAGE(.BOTH.,#11573);
#11420=SURFACE_STYLE_USAGE(.BOTH.,#11574);
#11421=SURFACE_STYLE_USAGE(.BOTH.,#11575);
#11422=SURFACE_STYLE_USAGE(.BOTH.,#11576);
#11423=SURFACE_STYLE_USAGE(.BOTH.,#11577);
#11424=SURFACE_STYLE_USAGE(.BOTH.,#11578);
#11425=SURFACE_STYLE_USAGE(.BOTH.,#11579);
#11426=SURFACE_STYLE_USAGE(.BOTH.,#11580);
#11427=SURFACE_STYLE_USAGE(.BOTH.,#11581);
#11428=SURFACE_STYLE_USAGE(.BOTH.,#11582);
#11429=SURFACE_STYLE_USAGE(.BOTH.,#11583);
#11430=SURFACE_STYLE_USAGE(.BOTH.,#11584);
#11431=SURFACE_STYLE_USAGE(.BOTH.,#11585);
#11432=SURFACE_STYLE_USAGE(.BOTH.,#11586);
#11433=SURFACE_STYLE_USAGE(.BOTH.,#11587);
#11434=SURFACE_STYLE_USAGE(.BOTH.,#11588);
#11435=SURFACE_STYLE_USAGE(.BOTH.,#11589);
#11436=SURFACE_STYLE_USAGE(.BOTH.,#11590);
#11437=SURFACE_STYLE_USAGE(.BOTH.,#11591);
#11438=SURFACE_STYLE_USAGE(.BOTH.,#11592);
#11439=SURFACE_STYLE_USAGE(.BOTH.,#11593);
#11440=SURFACE_STYLE_USAGE(.BOTH.,#11594);
#11441=SURFACE_STYLE_USAGE(.BOTH.,#11595);
#11442=SURFACE_STYLE_USAGE(.BOTH.,#11596);
#11443=SURFACE_STYLE_USAGE(.BOTH.,#11597);
#11444=SURFACE_STYLE_USAGE(.BOTH.,#11598);
#11445=SURFACE_STYLE_USAGE(.BOTH.,#11599);
#11446=SURFACE_STYLE_USAGE(.BOTH.,#11600);
#11447=SURFACE_STYLE_USAGE(.BOTH.,#11601);
#11448=SURFACE_STYLE_USAGE(.BOTH.,#11602);
#11449=SURFACE_STYLE_USAGE(.BOTH.,#11603);
#11450=SURFACE_STYLE_USAGE(.BOTH.,#11604);
#11451=SURFACE_STYLE_USAGE(.BOTH.,#11605);
#11452=SURFACE_STYLE_USAGE(.BOTH.,#11606);
#11453=SURFACE_STYLE_USAGE(.BOTH.,#11607);
#11454=SURFACE_STYLE_USAGE(.BOTH.,#11608);
#11455=SURFACE_STYLE_USAGE(.BOTH.,#11609);
#11456=SURFACE_STYLE_USAGE(.BOTH.,#11610);
#11457=SURFACE_STYLE_USAGE(.BOTH.,#11611);
#11458=SURFACE_STYLE_USAGE(.BOTH.,#11612);
#11459=SURFACE_STYLE_USAGE(.BOTH.,#11613);
#11460=SURFACE_STYLE_USAGE(.BOTH.,#11614);
#11461=SURFACE_STYLE_USAGE(.BOTH.,#11615);
#11462=SURFACE_STYLE_USAGE(.BOTH.,#11616);
#11463=SURFACE_STYLE_USAGE(.BOTH.,#11617);
#11464=SURFACE_STYLE_USAGE(.BOTH.,#11618);
#11465=SURFACE_STYLE_USAGE(.BOTH.,#11619);
#11466=SURFACE_STYLE_USAGE(.BOTH.,#11620);
#11467=SURFACE_STYLE_USAGE(.BOTH.,#11621);
#11468=SURFACE_STYLE_USAGE(.BOTH.,#11622);
#11469=SURFACE_STYLE_USAGE(.BOTH.,#11623);
#11470=SURFACE_STYLE_USAGE(.BOTH.,#11624);
#11471=SURFACE_STYLE_USAGE(.BOTH.,#11625);
#11472=SURFACE_STYLE_USAGE(.BOTH.,#11626);
#11473=SURFACE_STYLE_USAGE(.BOTH.,#11627);
#11474=SURFACE_STYLE_USAGE(.BOTH.,#11628);
#11475=SURFACE_STYLE_USAGE(.BOTH.,#11629);
#11476=SURFACE_STYLE_USAGE(.BOTH.,#11630);
#11477=SURFACE_STYLE_USAGE(.BOTH.,#11631);
#11478=SURFACE_STYLE_USAGE(.BOTH.,#11632);
#11479=SURFACE_STYLE_USAGE(.BOTH.,#11633);
#11480=SURFACE_STYLE_USAGE(.BOTH.,#11634);
#11481=SURFACE_STYLE_USAGE(.BOTH.,#11635);
#11482=SURFACE_STYLE_USAGE(.BOTH.,#11636);
#11483=SURFACE_STYLE_USAGE(.BOTH.,#11637);
#11484=SURFACE_STYLE_USAGE(.BOTH.,#11638);
#11485=SURFACE_STYLE_USAGE(.BOTH.,#11639);
#11486=SURFACE_STYLE_USAGE(.BOTH.,#11640);
#11487=SURFACE_STYLE_USAGE(.BOTH.,#11641);
#11488=SURFACE_STYLE_USAGE(.BOTH.,#11642);
#11489=SURFACE_STYLE_USAGE(.BOTH.,#11643);
#11490=SURFACE_STYLE_USAGE(.BOTH.,#11644);
#11491=SURFACE_STYLE_USAGE(.BOTH.,#11645);
#11492=SURFACE_STYLE_USAGE(.BOTH.,#11646);
#11493=SURFACE_STYLE_USAGE(.BOTH.,#11647);
#11494=SURFACE_STYLE_USAGE(.BOTH.,#11648);
#11495=SURFACE_STYLE_USAGE(.BOTH.,#11649);
#11496=SURFACE_STYLE_USAGE(.BOTH.,#11650);
#11497=SURFACE_STYLE_USAGE(.BOTH.,#11651);
#11498=SURFACE_STYLE_USAGE(.BOTH.,#11652);
#11499=SURFACE_STYLE_USAGE(.BOTH.,#11653);
#11500=SURFACE_STYLE_USAGE(.BOTH.,#11654);
#11501=SURFACE_STYLE_USAGE(.BOTH.,#11655);
#11502=SURFACE_STYLE_USAGE(.BOTH.,#11656);
#11503=SURFACE_STYLE_USAGE(.BOTH.,#11657);
#11504=SURFACE_STYLE_USAGE(.BOTH.,#11658);
#11505=SURFACE_SIDE_STYLE('',(#11659));
#11506=SURFACE_SIDE_STYLE('',(#11660));
#11507=SURFACE_SIDE_STYLE('',(#11661));
#11508=SURFACE_SIDE_STYLE('',(#11662));
#11509=SURFACE_SIDE_STYLE('',(#11663));
#11510=SURFACE_SIDE_STYLE('',(#11664));
#11511=SURFACE_SIDE_STYLE('',(#11665));
#11512=SURFACE_SIDE_STYLE('',(#11666));
#11513=SURFACE_SIDE_STYLE('',(#11667));
#11514=SURFACE_SIDE_STYLE('',(#11668));
#11515=SURFACE_SIDE_STYLE('',(#11669));
#11516=SURFACE_SIDE_STYLE('',(#11670));
#11517=SURFACE_SIDE_STYLE('',(#11671));
#11518=SURFACE_SIDE_STYLE('',(#11672));
#11519=SURFACE_SIDE_STYLE('',(#11673));
#11520=SURFACE_SIDE_STYLE('',(#11674));
#11521=SURFACE_SIDE_STYLE('',(#11675));
#11522=SURFACE_SIDE_STYLE('',(#11676));
#11523=SURFACE_SIDE_STYLE('',(#11677));
#11524=SURFACE_SIDE_STYLE('',(#11678));
#11525=SURFACE_SIDE_STYLE('',(#11679));
#11526=SURFACE_SIDE_STYLE('',(#11680));
#11527=SURFACE_SIDE_STYLE('',(#11681));
#11528=SURFACE_SIDE_STYLE('',(#11682));
#11529=SURFACE_SIDE_STYLE('',(#11683));
#11530=SURFACE_SIDE_STYLE('',(#11684));
#11531=SURFACE_SIDE_STYLE('',(#11685));
#11532=SURFACE_SIDE_STYLE('',(#11686));
#11533=SURFACE_SIDE_STYLE('',(#11687));
#11534=SURFACE_SIDE_STYLE('',(#11688));
#11535=SURFACE_SIDE_STYLE('',(#11689));
#11536=SURFACE_SIDE_STYLE('',(#11690));
#11537=SURFACE_SIDE_STYLE('',(#11691));
#11538=SURFACE_SIDE_STYLE('',(#11692));
#11539=SURFACE_SIDE_STYLE('',(#11693));
#11540=SURFACE_SIDE_STYLE('',(#11694));
#11541=SURFACE_SIDE_STYLE('',(#11695));
#11542=SURFACE_SIDE_STYLE('',(#11696));
#11543=SURFACE_SIDE_STYLE('',(#11697));
#11544=SURFACE_SIDE_STYLE('',(#11698));
#11545=SURFACE_SIDE_STYLE('',(#11699));
#11546=SURFACE_SIDE_STYLE('',(#11700));
#11547=SURFACE_SIDE_STYLE('',(#11701));
#11548=SURFACE_SIDE_STYLE('',(#11702));
#11549=SURFACE_SIDE_STYLE('',(#11703));
#11550=SURFACE_SIDE_STYLE('',(#11704));
#11551=SURFACE_SIDE_STYLE('',(#11705));
#11552=SURFACE_SIDE_STYLE('',(#11706));
#11553=SURFACE_SIDE_STYLE('',(#11707));
#11554=SURFACE_SIDE_STYLE('',(#11708));
#11555=SURFACE_SIDE_STYLE('',(#11709));
#11556=SURFACE_SIDE_STYLE('',(#11710));
#11557=SURFACE_SIDE_STYLE('',(#11711));
#11558=SURFACE_SIDE_STYLE('',(#11712));
#11559=SURFACE_SIDE_STYLE('',(#11713));
#11560=SURFACE_SIDE_STYLE('',(#11714));
#11561=SURFACE_SIDE_STYLE('',(#11715));
#11562=SURFACE_SIDE_STYLE('',(#11716));
#11563=SURFACE_SIDE_STYLE('',(#11717));
#11564=SURFACE_SIDE_STYLE('',(#11718));
#11565=SURFACE_SIDE_STYLE('',(#11719));
#11566=SURFACE_SIDE_STYLE('',(#11720));
#11567=SURFACE_SIDE_STYLE('',(#11721));
#11568=SURFACE_SIDE_STYLE('',(#11722));
#11569=SURFACE_SIDE_STYLE('',(#11723));
#11570=SURFACE_SIDE_STYLE('',(#11724));
#11571=SURFACE_SIDE_STYLE('',(#11725));
#11572=SURFACE_SIDE_STYLE('',(#11726));
#11573=SURFACE_SIDE_STYLE('',(#11727));
#11574=SURFACE_SIDE_STYLE('',(#11728));
#11575=SURFACE_SIDE_STYLE('',(#11729));
#11576=SURFACE_SIDE_STYLE('',(#11730));
#11577=SURFACE_SIDE_STYLE('',(#11731));
#11578=SURFACE_SIDE_STYLE('',(#11732));
#11579=SURFACE_SIDE_STYLE('',(#11733));
#11580=SURFACE_SIDE_STYLE('',(#11734));
#11581=SURFACE_SIDE_STYLE('',(#11735));
#11582=SURFACE_SIDE_STYLE('',(#11736));
#11583=SURFACE_SIDE_STYLE('',(#11737));
#11584=SURFACE_SIDE_STYLE('',(#11738));
#11585=SURFACE_SIDE_STYLE('',(#11739));
#11586=SURFACE_SIDE_STYLE('',(#11740));
#11587=SURFACE_SIDE_STYLE('',(#11741));
#11588=SURFACE_SIDE_STYLE('',(#11742));
#11589=SURFACE_SIDE_STYLE('',(#11743));
#11590=SURFACE_SIDE_STYLE('',(#11744));
#11591=SURFACE_SIDE_STYLE('',(#11745));
#11592=SURFACE_SIDE_STYLE('',(#11746));
#11593=SURFACE_SIDE_STYLE('',(#11747));
#11594=SURFACE_SIDE_STYLE('',(#11748));
#11595=SURFACE_SIDE_STYLE('',(#11749));
#11596=SURFACE_SIDE_STYLE('',(#11750));
#11597=SURFACE_SIDE_STYLE('',(#11751));
#11598=SURFACE_SIDE_STYLE('',(#11752));
#11599=SURFACE_SIDE_STYLE('',(#11753));
#11600=SURFACE_SIDE_STYLE('',(#11754));
#11601=SURFACE_SIDE_STYLE('',(#11755));
#11602=SURFACE_SIDE_STYLE('',(#11756));
#11603=SURFACE_SIDE_STYLE('',(#11757));
#11604=SURFACE_SIDE_STYLE('',(#11758));
#11605=SURFACE_SIDE_STYLE('',(#11759));
#11606=SURFACE_SIDE_STYLE('',(#11760));
#11607=SURFACE_SIDE_STYLE('',(#11761));
#11608=SURFACE_SIDE_STYLE('',(#11762));
#11609=SURFACE_SIDE_STYLE('',(#11763));
#11610=SURFACE_SIDE_STYLE('',(#11764));
#11611=SURFACE_SIDE_STYLE('',(#11765));
#11612=SURFACE_SIDE_STYLE('',(#11766));
#11613=SURFACE_SIDE_STYLE('',(#11767));
#11614=SURFACE_SIDE_STYLE('',(#11768));
#11615=SURFACE_SIDE_STYLE('',(#11769));
#11616=SURFACE_SIDE_STYLE('',(#11770));
#11617=SURFACE_SIDE_STYLE('',(#11771));
#11618=SURFACE_SIDE_STYLE('',(#11772));
#11619=SURFACE_SIDE_STYLE('',(#11773));
#11620=SURFACE_SIDE_STYLE('',(#11774));
#11621=SURFACE_SIDE_STYLE('',(#11775));
#11622=SURFACE_SIDE_STYLE('',(#11776));
#11623=SURFACE_SIDE_STYLE('',(#11777));
#11624=SURFACE_SIDE_STYLE('',(#11778));
#11625=SURFACE_SIDE_STYLE('',(#11779));
#11626=SURFACE_SIDE_STYLE('',(#11780));
#11627=SURFACE_SIDE_STYLE('',(#11781));
#11628=SURFACE_SIDE_STYLE('',(#11782));
#11629=SURFACE_SIDE_STYLE('',(#11783));
#11630=SURFACE_SIDE_STYLE('',(#11784));
#11631=SURFACE_SIDE_STYLE('',(#11785));
#11632=SURFACE_SIDE_STYLE('',(#11786));
#11633=SURFACE_SIDE_STYLE('',(#11787));
#11634=SURFACE_SIDE_STYLE('',(#11788));
#11635=SURFACE_SIDE_STYLE('',(#11789));
#11636=SURFACE_SIDE_STYLE('',(#11790));
#11637=SURFACE_SIDE_STYLE('',(#11791));
#11638=SURFACE_SIDE_STYLE('',(#11792));
#11639=SURFACE_SIDE_STYLE('',(#11793));
#11640=SURFACE_SIDE_STYLE('',(#11794));
#11641=SURFACE_SIDE_STYLE('',(#11795));
#11642=SURFACE_SIDE_STYLE('',(#11796));
#11643=SURFACE_SIDE_STYLE('',(#11797));
#11644=SURFACE_SIDE_STYLE('',(#11798));
#11645=SURFACE_SIDE_STYLE('',(#11799));
#11646=SURFACE_SIDE_STYLE('',(#11800));
#11647=SURFACE_SIDE_STYLE('',(#11801));
#11648=SURFACE_SIDE_STYLE('',(#11802));
#11649=SURFACE_SIDE_STYLE('',(#11803));
#11650=SURFACE_SIDE_STYLE('',(#11804));
#11651=SURFACE_SIDE_STYLE('',(#11805));
#11652=SURFACE_SIDE_STYLE('',(#11806));
#11653=SURFACE_SIDE_STYLE('',(#11807));
#11654=SURFACE_SIDE_STYLE('',(#11808));
#11655=SURFACE_SIDE_STYLE('',(#11809));
#11656=SURFACE_SIDE_STYLE('',(#11810));
#11657=SURFACE_SIDE_STYLE('',(#11811));
#11658=SURFACE_SIDE_STYLE('',(#11812));
#11659=SURFACE_STYLE_FILL_AREA(#11813);
#11660=SURFACE_STYLE_FILL_AREA(#11814);
#11661=SURFACE_STYLE_FILL_AREA(#11815);
#11662=SURFACE_STYLE_FILL_AREA(#11816);
#11663=SURFACE_STYLE_FILL_AREA(#11817);
#11664=SURFACE_STYLE_FILL_AREA(#11818);
#11665=SURFACE_STYLE_FILL_AREA(#11819);
#11666=SURFACE_STYLE_FILL_AREA(#11820);
#11667=SURFACE_STYLE_FILL_AREA(#11821);
#11668=SURFACE_STYLE_FILL_AREA(#11822);
#11669=SURFACE_STYLE_FILL_AREA(#11823);
#11670=SURFACE_STYLE_FILL_AREA(#11824);
#11671=SURFACE_STYLE_FILL_AREA(#11825);
#11672=SURFACE_STYLE_FILL_AREA(#11826);
#11673=SURFACE_STYLE_FILL_AREA(#11827);
#11674=SURFACE_STYLE_FILL_AREA(#11828);
#11675=SURFACE_STYLE_FILL_AREA(#11829);
#11676=SURFACE_STYLE_FILL_AREA(#11830);
#11677=SURFACE_STYLE_FILL_AREA(#11831);
#11678=SURFACE_STYLE_FILL_AREA(#11832);
#11679=SURFACE_STYLE_FILL_AREA(#11833);
#11680=SURFACE_STYLE_FILL_AREA(#11834);
#11681=SURFACE_STYLE_FILL_AREA(#11835);
#11682=SURFACE_STYLE_FILL_AREA(#11836);
#11683=SURFACE_STYLE_FILL_AREA(#11837);
#11684=SURFACE_STYLE_FILL_AREA(#11838);
#11685=SURFACE_STYLE_FILL_AREA(#11839);
#11686=SURFACE_STYLE_FILL_AREA(#11840);
#11687=SURFACE_STYLE_FILL_AREA(#11841);
#11688=SURFACE_STYLE_FILL_AREA(#11842);
#11689=SURFACE_STYLE_FILL_AREA(#11843);
#11690=SURFACE_STYLE_FILL_AREA(#11844);
#11691=SURFACE_STYLE_FILL_AREA(#11845);
#11692=SURFACE_STYLE_FILL_AREA(#11846);
#11693=SURFACE_STYLE_FILL_AREA(#11847);
#11694=SURFACE_STYLE_FILL_AREA(#11848);
#11695=SURFACE_STYLE_FILL_AREA(#11849);
#11696=SURFACE_STYLE_FILL_AREA(#11850);
#11697=SURFACE_STYLE_FILL_AREA(#11851);
#11698=SURFACE_STYLE_FILL_AREA(#11852);
#11699=SURFACE_STYLE_FILL_AREA(#11853);
#11700=SURFACE_STYLE_FILL_AREA(#11854);
#11701=SURFACE_STYLE_FILL_AREA(#11855);
#11702=SURFACE_STYLE_FILL_AREA(#11856);
#11703=SURFACE_STYLE_FILL_AREA(#11857);
#11704=SURFACE_STYLE_FILL_AREA(#11858);
#11705=SURFACE_STYLE_FILL_AREA(#11859);
#11706=SURFACE_STYLE_FILL_AREA(#11860);
#11707=SURFACE_STYLE_FILL_AREA(#11861);
#11708=SURFACE_STYLE_FILL_AREA(#11862);
#11709=SURFACE_STYLE_FILL_AREA(#11863);
#11710=SURFACE_STYLE_FILL_AREA(#11864);
#11711=SURFACE_STYLE_FILL_AREA(#11865);
#11712=SURFACE_STYLE_FILL_AREA(#11866);
#11713=SURFACE_STYLE_FILL_AREA(#11867);
#11714=SURFACE_STYLE_FILL_AREA(#11868);
#11715=SURFACE_STYLE_FILL_AREA(#11869);
#11716=SURFACE_STYLE_FILL_AREA(#11870);
#11717=SURFACE_STYLE_FILL_AREA(#11871);
#11718=SURFACE_STYLE_FILL_AREA(#11872);
#11719=SURFACE_STYLE_FILL_AREA(#11873);
#11720=SURFACE_STYLE_FILL_AREA(#11874);
#11721=SURFACE_STYLE_FILL_AREA(#11875);
#11722=SURFACE_STYLE_FILL_AREA(#11876);
#11723=SURFACE_STYLE_FILL_AREA(#11877);
#11724=SURFACE_STYLE_FILL_AREA(#11878);
#11725=SURFACE_STYLE_FILL_AREA(#11879);
#11726=SURFACE_STYLE_FILL_AREA(#11880);
#11727=SURFACE_STYLE_FILL_AREA(#11881);
#11728=SURFACE_STYLE_FILL_AREA(#11882);
#11729=SURFACE_STYLE_FILL_AREA(#11883);
#11730=SURFACE_STYLE_FILL_AREA(#11884);
#11731=SURFACE_STYLE_FILL_AREA(#11885);
#11732=SURFACE_STYLE_FILL_AREA(#11886);
#11733=SURFACE_STYLE_FILL_AREA(#11887);
#11734=SURFACE_STYLE_FILL_AREA(#11888);
#11735=SURFACE_STYLE_FILL_AREA(#11889);
#11736=SURFACE_STYLE_FILL_AREA(#11890);
#11737=SURFACE_STYLE_FILL_AREA(#11891);
#11738=SURFACE_STYLE_FILL_AREA(#11892);
#11739=SURFACE_STYLE_FILL_AREA(#11893);
#11740=SURFACE_STYLE_FILL_AREA(#11894);
#11741=SURFACE_STYLE_FILL_AREA(#11895);
#11742=SURFACE_STYLE_FILL_AREA(#11896);
#11743=SURFACE_STYLE_FILL_AREA(#11897);
#11744=SURFACE_STYLE_FILL_AREA(#11898);
#11745=SURFACE_STYLE_FILL_AREA(#11899);
#11746=SURFACE_STYLE_FILL_AREA(#11900);
#11747=SURFACE_STYLE_FILL_AREA(#11901);
#11748=SURFACE_STYLE_FILL_AREA(#11902);
#11749=SURFACE_STYLE_FILL_AREA(#11903);
#11750=SURFACE_STYLE_FILL_AREA(#11904);
#11751=SURFACE_STYLE_FILL_AREA(#11905);
#11752=SURFACE_STYLE_FILL_AREA(#11906);
#11753=SURFACE_STYLE_FILL_AREA(#11907);
#11754=SURFACE_STYLE_FILL_AREA(#11908);
#11755=SURFACE_STYLE_FILL_AREA(#11909);
#11756=SURFACE_STYLE_FILL_AREA(#11910);
#11757=SURFACE_STYLE_FILL_AREA(#11911);
#11758=SURFACE_STYLE_FILL_AREA(#11912);
#11759=SURFACE_STYLE_FILL_AREA(#11913);
#11760=SURFACE_STYLE_FILL_AREA(#11914);
#11761=SURFACE_STYLE_FILL_AREA(#11915);
#11762=SURFACE_STYLE_FILL_AREA(#11916);
#11763=SURFACE_STYLE_FILL_AREA(#11917);
#11764=SURFACE_STYLE_FILL_AREA(#11918);
#11765=SURFACE_STYLE_FILL_AREA(#11919);
#11766=SURFACE_STYLE_FILL_AREA(#11920);
#11767=SURFACE_STYLE_FILL_AREA(#11921);
#11768=SURFACE_STYLE_FILL_AREA(#11922);
#11769=SURFACE_STYLE_FILL_AREA(#11923);
#11770=SURFACE_STYLE_FILL_AREA(#11924);
#11771=SURFACE_STYLE_FILL_AREA(#11925);
#11772=SURFACE_STYLE_FILL_AREA(#11926);
#11773=SURFACE_STYLE_FILL_AREA(#11927);
#11774=SURFACE_STYLE_FILL_AREA(#11928);
#11775=SURFACE_STYLE_FILL_AREA(#11929);
#11776=SURFACE_STYLE_FILL_AREA(#11930);
#11777=SURFACE_STYLE_FILL_AREA(#11931);
#11778=SURFACE_STYLE_FILL_AREA(#11932);
#11779=SURFACE_STYLE_FILL_AREA(#11933);
#11780=SURFACE_STYLE_FILL_AREA(#11934);
#11781=SURFACE_STYLE_FILL_AREA(#11935);
#11782=SURFACE_STYLE_FILL_AREA(#11936);
#11783=SURFACE_STYLE_FILL_AREA(#11937);
#11784=SURFACE_STYLE_FILL_AREA(#11938);
#11785=SURFACE_STYLE_FILL_AREA(#11939);
#11786=SURFACE_STYLE_FILL_AREA(#11940);
#11787=SURFACE_STYLE_FILL_AREA(#11941);
#11788=SURFACE_STYLE_FILL_AREA(#11942);
#11789=SURFACE_STYLE_FILL_AREA(#11943);
#11790=SURFACE_STYLE_FILL_AREA(#11944);
#11791=SURFACE_STYLE_FILL_AREA(#11945);
#11792=SURFACE_STYLE_FILL_AREA(#11946);
#11793=SURFACE_STYLE_FILL_AREA(#11947);
#11794=SURFACE_STYLE_FILL_AREA(#11948);
#11795=SURFACE_STYLE_FILL_AREA(#11949);
#11796=SURFACE_STYLE_FILL_AREA(#11950);
#11797=SURFACE_STYLE_FILL_AREA(#11951);
#11798=SURFACE_STYLE_FILL_AREA(#11952);
#11799=SURFACE_STYLE_FILL_AREA(#11953);
#11800=SURFACE_STYLE_FILL_AREA(#11954);
#11801=SURFACE_STYLE_FILL_AREA(#11955);
#11802=SURFACE_STYLE_FILL_AREA(#11956);
#11803=SURFACE_STYLE_FILL_AREA(#11957);
#11804=SURFACE_STYLE_FILL_AREA(#11958);
#11805=SURFACE_STYLE_FILL_AREA(#11959);
#11806=SURFACE_STYLE_FILL_AREA(#11960);
#11807=SURFACE_STYLE_FILL_AREA(#11961);
#11808=SURFACE_STYLE_FILL_AREA(#11962);
#11809=SURFACE_STYLE_FILL_AREA(#11963);
#11810=SURFACE_STYLE_FILL_AREA(#11964);
#11811=SURFACE_STYLE_FILL_AREA(#11965);
#11812=SURFACE_STYLE_FILL_AREA(#11966);
#11813=FILL_AREA_STYLE('',(#11967));
#11814=FILL_AREA_STYLE('',(#11968));
#11815=FILL_AREA_STYLE('',(#11969));
#11816=FILL_AREA_STYLE('',(#11970));
#11817=FILL_AREA_STYLE('',(#11971));
#11818=FILL_AREA_STYLE('',(#11972));
#11819=FILL_AREA_STYLE('',(#11973));
#11820=FILL_AREA_STYLE('',(#11974));
#11821=FILL_AREA_STYLE('',(#11975));
#11822=FILL_AREA_STYLE('',(#11976));
#11823=FILL_AREA_STYLE('',(#11977));
#11824=FILL_AREA_STYLE('',(#11978));
#11825=FILL_AREA_STYLE('',(#11979));
#11826=FILL_AREA_STYLE('',(#11980));
#11827=FILL_AREA_STYLE('',(#11981));
#11828=FILL_AREA_STYLE('',(#11982));
#11829=FILL_AREA_STYLE('',(#11983));
#11830=FILL_AREA_STYLE('',(#11984));
#11831=FILL_AREA_STYLE('',(#11985));
#11832=FILL_AREA_STYLE('',(#11986));
#11833=FILL_AREA_STYLE('',(#11987));
#11834=FILL_AREA_STYLE('',(#11988));
#11835=FILL_AREA_STYLE('',(#11989));
#11836=FILL_AREA_STYLE('',(#11990));
#11837=FILL_AREA_STYLE('',(#11991));
#11838=FILL_AREA_STYLE('',(#11992));
#11839=FILL_AREA_STYLE('',(#11993));
#11840=FILL_AREA_STYLE('',(#11994));
#11841=FILL_AREA_STYLE('',(#11995));
#11842=FILL_AREA_STYLE('',(#11996));
#11843=FILL_AREA_STYLE('',(#11997));
#11844=FILL_AREA_STYLE('',(#11998));
#11845=FILL_AREA_STYLE('',(#11999));
#11846=FILL_AREA_STYLE('',(#12000));
#11847=FILL_AREA_STYLE('',(#12001));
#11848=FILL_AREA_STYLE('',(#12002));
#11849=FILL_AREA_STYLE('',(#12003));
#11850=FILL_AREA_STYLE('',(#12004));
#11851=FILL_AREA_STYLE('',(#12005));
#11852=FILL_AREA_STYLE('',(#12006));
#11853=FILL_AREA_STYLE('',(#12007));
#11854=FILL_AREA_STYLE('',(#12008));
#11855=FILL_AREA_STYLE('',(#12009));
#11856=FILL_AREA_STYLE('',(#12010));
#11857=FILL_AREA_STYLE('',(#12011));
#11858=FILL_AREA_STYLE('',(#12012));
#11859=FILL_AREA_STYLE('',(#12013));
#11860=FILL_AREA_STYLE('',(#12014));
#11861=FILL_AREA_STYLE('',(#12015));
#11862=FILL_AREA_STYLE('',(#12016));
#11863=FILL_AREA_STYLE('',(#12017));
#11864=FILL_AREA_STYLE('',(#12018));
#11865=FILL_AREA_STYLE('',(#12019));
#11866=FILL_AREA_STYLE('',(#12020));
#11867=FILL_AREA_STYLE('',(#12021));
#11868=FILL_AREA_STYLE('',(#12022));
#11869=FILL_AREA_STYLE('',(#12023));
#11870=FILL_AREA_STYLE('',(#12024));
#11871=FILL_AREA_STYLE('',(#12025));
#11872=FILL_AREA_STYLE('',(#12026));
#11873=FILL_AREA_STYLE('',(#12027));
#11874=FILL_AREA_STYLE('',(#12028));
#11875=FILL_AREA_STYLE('',(#12029));
#11876=FILL_AREA_STYLE('',(#12030));
#11877=FILL_AREA_STYLE('',(#12031));
#11878=FILL_AREA_STYLE('',(#12032));
#11879=FILL_AREA_STYLE('',(#12033));
#11880=FILL_AREA_STYLE('',(#12034));
#11881=FILL_AREA_STYLE('',(#12035));
#11882=FILL_AREA_STYLE('',(#12036));
#11883=FILL_AREA_STYLE('',(#12037));
#11884=FILL_AREA_STYLE('',(#12038));
#11885=FILL_AREA_STYLE('',(#12039));
#11886=FILL_AREA_STYLE('',(#12040));
#11887=FILL_AREA_STYLE('',(#12041));
#11888=FILL_AREA_STYLE('',(#12042));
#11889=FILL_AREA_STYLE('',(#12043));
#11890=FILL_AREA_STYLE('',(#12044));
#11891=FILL_AREA_STYLE('',(#12045));
#11892=FILL_AREA_STYLE('',(#12046));
#11893=FILL_AREA_STYLE('',(#12047));
#11894=FILL_AREA_STYLE('',(#12048));
#11895=FILL_AREA_STYLE('',(#12049));
#11896=FILL_AREA_STYLE('',(#12050));
#11897=FILL_AREA_STYLE('',(#12051));
#11898=FILL_AREA_STYLE('',(#12052));
#11899=FILL_AREA_STYLE('',(#12053));
#11900=FILL_AREA_STYLE('',(#12054));
#11901=FILL_AREA_STYLE('',(#12055));
#11902=FILL_AREA_STYLE('',(#12056));
#11903=FILL_AREA_STYLE('',(#12057));
#11904=FILL_AREA_STYLE('',(#12058));
#11905=FILL_AREA_STYLE('',(#12059));
#11906=FILL_AREA_STYLE('',(#12060));
#11907=FILL_AREA_STYLE('',(#12061));
#11908=FILL_AREA_STYLE('',(#12062));
#11909=FILL_AREA_STYLE('',(#12063));
#11910=FILL_AREA_STYLE('',(#12064));
#11911=FILL_AREA_STYLE('',(#12065));
#11912=FILL_AREA_STYLE('',(#12066));
#11913=FILL_AREA_STYLE('',(#12067));
#11914=FILL_AREA_STYLE('',(#12068));
#11915=FILL_AREA_STYLE('',(#12069));
#11916=FILL_AREA_STYLE('',(#12070));
#11917=FILL_AREA_STYLE('',(#12071));
#11918=FILL_AREA_STYLE('',(#12072));
#11919=FILL_AREA_STYLE('',(#12073));
#11920=FILL_AREA_STYLE('',(#12074));
#11921=FILL_AREA_STYLE('',(#12075));
#11922=FILL_AREA_STYLE('',(#12076));
#11923=FILL_AREA_STYLE('',(#12077));
#11924=FILL_AREA_STYLE('',(#12078));
#11925=FILL_AREA_STYLE('',(#12079));
#11926=FILL_AREA_STYLE('',(#12080));
#11927=FILL_AREA_STYLE('',(#12081));
#11928=FILL_AREA_STYLE('',(#12082));
#11929=FILL_AREA_STYLE('',(#12083));
#11930=FILL_AREA_STYLE('',(#12084));
#11931=FILL_AREA_STYLE('',(#12085));
#11932=FILL_AREA_STYLE('',(#12086));
#11933=FILL_AREA_STYLE('',(#12087));
#11934=FILL_AREA_STYLE('',(#12088));
#11935=FILL_AREA_STYLE('',(#12089));
#11936=FILL_AREA_STYLE('',(#12090));
#11937=FILL_AREA_STYLE('',(#12091));
#11938=FILL_AREA_STYLE('',(#12092));
#11939=FILL_AREA_STYLE('',(#12093));
#11940=FILL_AREA_STYLE('',(#12094));
#11941=FILL_AREA_STYLE('',(#12095));
#11942=FILL_AREA_STYLE('',(#12096));
#11943=FILL_AREA_STYLE('',(#12097));
#11944=FILL_AREA_STYLE('',(#12098));
#11945=FILL_AREA_STYLE('',(#12099));
#11946=FILL_AREA_STYLE('',(#12100));
#11947=FILL_AREA_STYLE('',(#12101));
#11948=FILL_AREA_STYLE('',(#12102));
#11949=FILL_AREA_STYLE('',(#12103));
#11950=FILL_AREA_STYLE('',(#12104));
#11951=FILL_AREA_STYLE('',(#12105));
#11952=FILL_AREA_STYLE('',(#12106));
#11953=FILL_AREA_STYLE('',(#12107));
#11954=FILL_AREA_STYLE('',(#12108));
#11955=FILL_AREA_STYLE('',(#12109));
#11956=FILL_AREA_STYLE('',(#12110));
#11957=FILL_AREA_STYLE('',(#12111));
#11958=FILL_AREA_STYLE('',(#12112));
#11959=FILL_AREA_STYLE('',(#12113));
#11960=FILL_AREA_STYLE('',(#12114));
#11961=FILL_AREA_STYLE('',(#12115));
#11962=FILL_AREA_STYLE('',(#12116));
#11963=FILL_AREA_STYLE('',(#12117));
#11964=FILL_AREA_STYLE('',(#12118));
#11965=FILL_AREA_STYLE('',(#12119));
#11966=FILL_AREA_STYLE('',(#12120));
#11967=FILL_AREA_STYLE_COLOUR('',#12121);
#11968=FILL_AREA_STYLE_COLOUR('',#12122);
#11969=FILL_AREA_STYLE_COLOUR('',#12123);
#11970=FILL_AREA_STYLE_COLOUR('',#12123);
#11971=FILL_AREA_STYLE_COLOUR('',#12123);
#11972=FILL_AREA_STYLE_COLOUR('',#12123);
#11973=FILL_AREA_STYLE_COLOUR('',#12123);
#11974=FILL_AREA_STYLE_COLOUR('',#12123);
#11975=FILL_AREA_STYLE_COLOUR('',#12123);
#11976=FILL_AREA_STYLE_COLOUR('',#12123);
#11977=FILL_AREA_STYLE_COLOUR('',#12123);
#11978=FILL_AREA_STYLE_COLOUR('',#12123);
#11979=FILL_AREA_STYLE_COLOUR('',#12123);
#11980=FILL_AREA_STYLE_COLOUR('',#12123);
#11981=FILL_AREA_STYLE_COLOUR('',#12123);
#11982=FILL_AREA_STYLE_COLOUR('',#12123);
#11983=FILL_AREA_STYLE_COLOUR('',#12123);
#11984=FILL_AREA_STYLE_COLOUR('',#12123);
#11985=FILL_AREA_STYLE_COLOUR('',#12123);
#11986=FILL_AREA_STYLE_COLOUR('',#12123);
#11987=FILL_AREA_STYLE_COLOUR('',#12123);
#11988=FILL_AREA_STYLE_COLOUR('',#12123);
#11989=FILL_AREA_STYLE_COLOUR('',#12123);
#11990=FILL_AREA_STYLE_COLOUR('',#12123);
#11991=FILL_AREA_STYLE_COLOUR('',#12123);
#11992=FILL_AREA_STYLE_COLOUR('',#12123);
#11993=FILL_AREA_STYLE_COLOUR('',#12123);
#11994=FILL_AREA_STYLE_COLOUR('',#12123);
#11995=FILL_AREA_STYLE_COLOUR('',#12123);
#11996=FILL_AREA_STYLE_COLOUR('',#12123);
#11997=FILL_AREA_STYLE_COLOUR('',#12123);
#11998=FILL_AREA_STYLE_COLOUR('',#12123);
#11999=FILL_AREA_STYLE_COLOUR('',#12123);
#12000=FILL_AREA_STYLE_COLOUR('',#12123);
#12001=FILL_AREA_STYLE_COLOUR('',#12123);
#12002=FILL_AREA_STYLE_COLOUR('',#12123);
#12003=FILL_AREA_STYLE_COLOUR('',#12123);
#12004=FILL_AREA_STYLE_COLOUR('',#12123);
#12005=FILL_AREA_STYLE_COLOUR('',#12123);
#12006=FILL_AREA_STYLE_COLOUR('',#12123);
#12007=FILL_AREA_STYLE_COLOUR('',#12123);
#12008=FILL_AREA_STYLE_COLOUR('',#12123);
#12009=FILL_AREA_STYLE_COLOUR('',#12123);
#12010=FILL_AREA_STYLE_COLOUR('',#12123);
#12011=FILL_AREA_STYLE_COLOUR('',#12123);
#12012=FILL_AREA_STYLE_COLOUR('',#12123);
#12013=FILL_AREA_STYLE_COLOUR('',#12123);
#12014=FILL_AREA_STYLE_COLOUR('',#12123);
#12015=FILL_AREA_STYLE_COLOUR('',#12123);
#12016=FILL_AREA_STYLE_COLOUR('',#12123);
#12017=FILL_AREA_STYLE_COLOUR('',#12123);
#12018=FILL_AREA_STYLE_COLOUR('',#12123);
#12019=FILL_AREA_STYLE_COLOUR('',#12123);
#12020=FILL_AREA_STYLE_COLOUR('',#12123);
#12021=FILL_AREA_STYLE_COLOUR('',#12123);
#12022=FILL_AREA_STYLE_COLOUR('',#12123);
#12023=FILL_AREA_STYLE_COLOUR('',#12123);
#12024=FILL_AREA_STYLE_COLOUR('',#12123);
#12025=FILL_AREA_STYLE_COLOUR('',#12123);
#12026=FILL_AREA_STYLE_COLOUR('',#12123);
#12027=FILL_AREA_STYLE_COLOUR('',#12123);
#12028=FILL_AREA_STYLE_COLOUR('',#12123);
#12029=FILL_AREA_STYLE_COLOUR('',#12123);
#12030=FILL_AREA_STYLE_COLOUR('',#12123);
#12031=FILL_AREA_STYLE_COLOUR('',#12123);
#12032=FILL_AREA_STYLE_COLOUR('',#12123);
#12033=FILL_AREA_STYLE_COLOUR('',#12123);
#12034=FILL_AREA_STYLE_COLOUR('',#12123);
#12035=FILL_AREA_STYLE_COLOUR('',#12123);
#12036=FILL_AREA_STYLE_COLOUR('',#12123);
#12037=FILL_AREA_STYLE_COLOUR('',#12123);
#12038=FILL_AREA_STYLE_COLOUR('',#12123);
#12039=FILL_AREA_STYLE_COLOUR('',#12123);
#12040=FILL_AREA_STYLE_COLOUR('',#12123);
#12041=FILL_AREA_STYLE_COLOUR('',#12123);
#12042=FILL_AREA_STYLE_COLOUR('',#12123);
#12043=FILL_AREA_STYLE_COLOUR('',#12123);
#12044=FILL_AREA_STYLE_COLOUR('',#12123);
#12045=FILL_AREA_STYLE_COLOUR('',#12123);
#12046=FILL_AREA_STYLE_COLOUR('',#12123);
#12047=FILL_AREA_STYLE_COLOUR('',#12123);
#12048=FILL_AREA_STYLE_COLOUR('',#12123);
#12049=FILL_AREA_STYLE_COLOUR('',#12123);
#12050=FILL_AREA_STYLE_COLOUR('',#12123);
#12051=FILL_AREA_STYLE_COLOUR('',#12123);
#12052=FILL_AREA_STYLE_COLOUR('',#12123);
#12053=FILL_AREA_STYLE_COLOUR('',#12123);
#12054=FILL_AREA_STYLE_COLOUR('',#12123);
#12055=FILL_AREA_STYLE_COLOUR('',#12123);
#12056=FILL_AREA_STYLE_COLOUR('',#12123);
#12057=FILL_AREA_STYLE_COLOUR('',#12123);
#12058=FILL_AREA_STYLE_COLOUR('',#12123);
#12059=FILL_AREA_STYLE_COLOUR('',#15);
#12060=FILL_AREA_STYLE_COLOUR('',#12124);
#12061=FILL_AREA_STYLE_COLOUR('',#12124);
#12062=FILL_AREA_STYLE_COLOUR('',#12124);
#12063=FILL_AREA_STYLE_COLOUR('',#12124);
#12064=FILL_AREA_STYLE_COLOUR('',#12125);
#12065=FILL_AREA_STYLE_COLOUR('',#12125);
#12066=FILL_AREA_STYLE_COLOUR('',#12125);
#12067=FILL_AREA_STYLE_COLOUR('',#12125);
#12068=FILL_AREA_STYLE_COLOUR('',#12125);
#12069=FILL_AREA_STYLE_COLOUR('',#12125);
#12070=FILL_AREA_STYLE_COLOUR('',#12125);
#12071=FILL_AREA_STYLE_COLOUR('',#12125);
#12072=FILL_AREA_STYLE_COLOUR('',#12125);
#12073=FILL_AREA_STYLE_COLOUR('',#12125);
#12074=FILL_AREA_STYLE_COLOUR('',#12125);
#12075=FILL_AREA_STYLE_COLOUR('',#12125);
#12076=FILL_AREA_STYLE_COLOUR('',#12125);
#12077=FILL_AREA_STYLE_COLOUR('',#12125);
#12078=FILL_AREA_STYLE_COLOUR('',#12125);
#12079=FILL_AREA_STYLE_COLOUR('',#12125);
#12080=FILL_AREA_STYLE_COLOUR('',#12125);
#12081=FILL_AREA_STYLE_COLOUR('',#12125);
#12082=FILL_AREA_STYLE_COLOUR('',#12125);
#12083=FILL_AREA_STYLE_COLOUR('',#12125);
#12084=FILL_AREA_STYLE_COLOUR('',#12125);
#12085=FILL_AREA_STYLE_COLOUR('',#12125);
#12086=FILL_AREA_STYLE_COLOUR('',#12125);
#12087=FILL_AREA_STYLE_COLOUR('',#12125);
#12088=FILL_AREA_STYLE_COLOUR('',#12125);
#12089=FILL_AREA_STYLE_COLOUR('',#12125);
#12090=FILL_AREA_STYLE_COLOUR('',#12125);
#12091=FILL_AREA_STYLE_COLOUR('',#12125);
#12092=FILL_AREA_STYLE_COLOUR('',#12125);
#12093=FILL_AREA_STYLE_COLOUR('',#12125);
#12094=FILL_AREA_STYLE_COLOUR('',#12125);
#12095=FILL_AREA_STYLE_COLOUR('',#12125);
#12096=FILL_AREA_STYLE_COLOUR('',#12125);
#12097=FILL_AREA_STYLE_COLOUR('',#12125);
#12098=FILL_AREA_STYLE_COLOUR('',#12125);
#12099=FILL_AREA_STYLE_COLOUR('',#12125);
#12100=FILL_AREA_STYLE_COLOUR('',#12125);
#12101=FILL_AREA_STYLE_COLOUR('',#12125);
#12102=FILL_AREA_STYLE_COLOUR('',#12125);
#12103=FILL_AREA_STYLE_COLOUR('',#12125);
#12104=FILL_AREA_STYLE_COLOUR('',#12125);
#12105=FILL_AREA_STYLE_COLOUR('',#12125);
#12106=FILL_AREA_STYLE_COLOUR('',#12125);
#12107=FILL_AREA_STYLE_COLOUR('',#12125);
#12108=FILL_AREA_STYLE_COLOUR('',#12126);
#12109=FILL_AREA_STYLE_COLOUR('',#12126);
#12110=FILL_AREA_STYLE_COLOUR('',#12127);
#12111=FILL_AREA_STYLE_COLOUR('',#12121);
#12112=FILL_AREA_STYLE_COLOUR('',#12123);
#12113=FILL_AREA_STYLE_COLOUR('',#12128);
#12114=FILL_AREA_STYLE_COLOUR('',#12128);
#12115=FILL_AREA_STYLE_COLOUR('',#12128);
#12116=FILL_AREA_STYLE_COLOUR('',#12128);
#12117=FILL_AREA_STYLE_COLOUR('',#12129);
#12118=FILL_AREA_STYLE_COLOUR('',#12128);
#12119=FILL_AREA_STYLE_COLOUR('',#12128);
#12120=FILL_AREA_STYLE_COLOUR('',#12130);
#12121=COLOUR_RGB('',0.513725490196078,0.737254901960784,0.407843137254902);
#12122=COLOUR_RGB('',0.858823529411765,0.737254901960784,0.494117647058824);
#12123=COLOUR_RGB('',0.149019607843137,0.145098039215686,0.145098039215686);
#12124=COLOUR_RGB('',0.749019607843137,0.749019607843137,0.749019607843137);
#12125=COLOUR_RGB('',0.6,0.6,0.6);
#12126=COLOUR_RGB('',0.749019607843137,0.6,0.0588235294117647);
#12127=COLOUR_RGB('',0.188235294117647,0.529411764705882,0.890196078431373);
#12128=COLOUR_RGB('',0.823529411764706,0.819607843137255,0.780392156862745);
#12129=COLOUR_RGB('',0.807843137254902,0.427450980392157,0.149019607843137);
#12130=COLOUR_RGB('',0.313725490196078,0.486274509803922,0.411764705882353);
#12131=MANIFOLD_SOLID_BREP('Case Top',#11179);
#12132=MANIFOLD_SOLID_BREP('PinSocket_1x08_P2.54mm_Vertical',#11180);
#12133=MANIFOLD_SOLID_BREP('Body',#11181);
#12134=MANIFOLD_SOLID_BREP('Pins',#11182);
#12135=MANIFOLD_SOLID_BREP('Pins',#11183);
#12136=MANIFOLD_SOLID_BREP('Button',#11184);
#12137=MANIFOLD_SOLID_BREP('Case Base',#11185);
#12138=MANIFOLD_SOLID_BREP('Buzzer_12x95RM76',#11186);
#12139=MANIFOLD_SOLID_BREP('YourClock_PCB',#11187);
#12140=SHAPE_DEFINITION_REPRESENTATION(#19234,#12164);
#12141=SHAPE_DEFINITION_REPRESENTATION(#19235,#12165);
#12142=SHAPE_DEFINITION_REPRESENTATION(#19237,#12166);
#12143=SHAPE_DEFINITION_REPRESENTATION(#19238,#12167);
#12144=SHAPE_DEFINITION_REPRESENTATION(#19241,#12168);
#12145=SHAPE_DEFINITION_REPRESENTATION(#19242,#12169);
#12146=SHAPE_DEFINITION_REPRESENTATION(#19243,#12170);
#12147=SHAPE_DEFINITION_REPRESENTATION(#19245,#12171);
#12148=SHAPE_DEFINITION_REPRESENTATION(#19246,#12172);
#12149=SHAPE_DEFINITION_REPRESENTATION(#19248,#12173);
#12150=SHAPE_DEFINITION_REPRESENTATION(#19251,#12174);
#12151=SHAPE_DEFINITION_REPRESENTATION(#19255,#12175);
#12152=SHAPE_DEFINITION_REPRESENTATION(#19256,#12176);
#12153=SHAPE_DEFINITION_REPRESENTATION(#19257,#12177);
#12154=SHAPE_DEFINITION_REPRESENTATION(#19265,#12178);
#12155=SHAPE_DEFINITION_REPRESENTATION(#19267,#12179);
#12156=SHAPE_DEFINITION_REPRESENTATION(#19268,#12180);
#12157=SHAPE_DEFINITION_REPRESENTATION(#19271,#12181);
#12158=SHAPE_DEFINITION_REPRESENTATION(#19272,#12182);
#12159=SHAPE_DEFINITION_REPRESENTATION(#19275,#12183);
#12160=SHAPE_DEFINITION_REPRESENTATION(#19281,#12184);
#12161=SHAPE_DEFINITION_REPRESENTATION(#19283,#12185);
#12162=SHAPE_DEFINITION_REPRESENTATION(#19284,#12186);
#12163=SHAPE_DEFINITION_REPRESENTATION(#19286,#12187);
#12164=SHAPE_REPRESENTATION('YourClock 1',(#12188,#12369,#12589,#12790,
#12797,#12881,#12912,#12919,#13070,#13077),#19183);
#12165=SHAPE_REPRESENTATION('Case Top',(#12188),#19184);
#12166=SHAPE_REPRESENTATION('PinSocket_1x08_P2.54mm_Vertical <1>',(#12188,
#12588),#19185);
#12167=SHAPE_REPRESENTATION('PinSocket_1x08_P2.54mm_Vertical',(#12188),
#19186);
#12168=SHAPE_REPRESENTATION('REDragon-MX-ZT02 (1) <3>',(#12188,#12789),
#19187);
#12169=SHAPE_REPRESENTATION('REDragon-MX-ZT02 <1>',(#12188,#12723,#12742,
#12788),#19188);
#12170=SHAPE_REPRESENTATION('Body',(#12188),#19189);
#12171=SHAPE_REPRESENTATION('Pins <1>',(#12188,#12732,#12741),#19190);
#12172=SHAPE_REPRESENTATION('Pins',(#12188),#19191);
#12173=SHAPE_REPRESENTATION('Pins',(#12188),#19192);
#12174=SHAPE_REPRESENTATION('Button',(#12188),#19193);
#12175=SHAPE_REPRESENTATION('REDragon-MX-ZT02 (1) <2>',(#12188,#12796),
#19194);
#12176=SHAPE_REPRESENTATION('REDragon-MX-ZT02 <1>',(#12188,#12793,#12794,
#12795),#19195);
#12177=SHAPE_REPRESENTATION('Pins <1>',(#12188,#12791,#12792),#19196);
#12178=SHAPE_REPRESENTATION('Case Base',(#12188),#19197);
#12179=SHAPE_REPRESENTATION('Buzzer_12x9.5RM7.6 <1>',(#12188,#12911),#19198);
#12180=SHAPE_REPRESENTATION('Buzzer_12x95RM76',(#12188),#19199);
#12181=SHAPE_REPRESENTATION('REDragon-MX-ZT02 (1) <1>',(#12188,#12918),
#19200);
#12182=SHAPE_REPRESENTATION('REDragon-MX-ZT02 <1>',(#12188,#12913,#12914,
#12917),#19201);
#12183=SHAPE_REPRESENTATION('Pins <1>',(#12188,#12915,#12916),#19202);
#12184=SHAPE_REPRESENTATION('YourClock_PCB',(#12188),#19203);
#12185=SHAPE_REPRESENTATION('REDragon-MX-ZT02 (1) <4>',(#12188,#13076),
#19204);
#12186=SHAPE_REPRESENTATION('REDragon-MX-ZT02 <1>',(#12188,#13071,#13074,
#13075),#19205);
#12187=SHAPE_REPRESENTATION('Pins <1>',(#12188,#13072,#13073),#19206);
#12188=AXIS2_PLACEMENT_3D('',#16077,#13078,#13079);
#12189=AXIS2_PLACEMENT_3D('',#16078,#13080,#13081);
#12190=AXIS2_PLACEMENT_3D('',#16079,#13082,#13083);
#12191=AXIS2_PLACEMENT_3D('',#16084,#13085,#13086);
#12192=AXIS2_PLACEMENT_3D('',#16088,#13088,#13089);
#12193=AXIS2_PLACEMENT_3D('',#16092,#13091,#13092);
#12194=AXIS2_PLACEMENT_3D('',#16095,#13094,#13095);
#12195=AXIS2_PLACEMENT_3D('',#16100,#13097,#13098);
#12196=AXIS2_PLACEMENT_3D('',#16104,#13100,#13101);
#12197=AXIS2_PLACEMENT_3D('',#16108,#13103,#13104);
#12198=AXIS2_PLACEMENT_3D('',#16114,#13107,#13108);
#12199=AXIS2_PLACEMENT_3D('',#16118,#13110,#13111);
#12200=AXIS2_PLACEMENT_3D('',#16122,#13113,#13114);
#12201=AXIS2_PLACEMENT_3D('',#16126,#13116,#13117);
#12202=AXIS2_PLACEMENT_3D('',#16127,#13118,#13119);
#12203=AXIS2_PLACEMENT_3D('',#16129,#13120,#13121);
#12204=AXIS2_PLACEMENT_3D('',#16134,#13123,#13124);
#12205=AXIS2_PLACEMENT_3D('',#16138,#13126,#13127);
#12206=AXIS2_PLACEMENT_3D('',#16142,#13129,#13130);
#12207=AXIS2_PLACEMENT_3D('',#16145,#13132,#13133);
#12208=AXIS2_PLACEMENT_3D('',#16150,#13135,#13136);
#12209=AXIS2_PLACEMENT_3D('',#16154,#13138,#13139);
#12210=AXIS2_PLACEMENT_3D('',#16158,#13141,#13142);
#12211=AXIS2_PLACEMENT_3D('',#16161,#13144,#13145);
#12212=AXIS2_PLACEMENT_3D('',#16166,#13147,#13148);
#12213=AXIS2_PLACEMENT_3D('',#16170,#13150,#13151);
#12214=AXIS2_PLACEMENT_3D('',#16174,#13153,#13154);
#12215=AXIS2_PLACEMENT_3D('',#16177,#13156,#13157);
#12216=AXIS2_PLACEMENT_3D('',#16178,#13158,#13159);
#12217=AXIS2_PLACEMENT_3D('',#16180,#13160,#13161);
#12218=AXIS2_PLACEMENT_3D('',#16182,#13162,#13163);
#12219=AXIS2_PLACEMENT_3D('',#16184,#13164,#13165);
#12220=AXIS2_PLACEMENT_3D('',#16186,#13166,#13167);
#12221=AXIS2_PLACEMENT_3D('',#16191,#13169,#13170);
#12222=AXIS2_PLACEMENT_3D('',#16195,#13172,#13173);
#12223=AXIS2_PLACEMENT_3D('',#16199,#13175,#13176);
#12224=AXIS2_PLACEMENT_3D('',#16203,#13178,#13179);
#12225=AXIS2_PLACEMENT_3D('',#16207,#13181,#13182);
#12226=AXIS2_PLACEMENT_3D('',#16211,#13184,#13185);
#12227=AXIS2_PLACEMENT_3D('',#16215,#13187,#13188);
#12228=AXIS2_PLACEMENT_3D('',#16219,#13190,#13191);
#12229=AXIS2_PLACEMENT_3D('',#16223,#13193,#13194);
#12230=AXIS2_PLACEMENT_3D('',#16227,#13196,#13197);
#12231=AXIS2_PLACEMENT_3D('',#16231,#13199,#13200);
#12232=AXIS2_PLACEMENT_3D('',#16235,#13202,#13203);
#12233=AXIS2_PLACEMENT_3D('',#16239,#13205,#13206);
#12234=AXIS2_PLACEMENT_3D('',#16243,#13208,#13209);
#12235=AXIS2_PLACEMENT_3D('',#16247,#13211,#13212);
#12236=AXIS2_PLACEMENT_3D('',#16251,#13214,#13215);
#12237=AXIS2_PLACEMENT_3D('',#16255,#13217,#13218);
#12238=AXIS2_PLACEMENT_3D('',#16259,#13220,#13221);
#12239=AXIS2_PLACEMENT_3D('',#16263,#13223,#13224);
#12240=AXIS2_PLACEMENT_3D('',#16267,#13226,#13227);
#12241=AXIS2_PLACEMENT_3D('',#16271,#13229,#13230);
#12242=AXIS2_PLACEMENT_3D('',#16275,#13232,#13233);
#12243=AXIS2_PLACEMENT_3D('',#16279,#13235,#13236);
#12244=AXIS2_PLACEMENT_3D('',#16283,#13238,#13239);
#12245=AXIS2_PLACEMENT_3D('',#16284,#13240,#13241);
#12246=AXIS2_PLACEMENT_3D('',#16293,#13246,#13247);
#12247=AXIS2_PLACEMENT_3D('',#16310,#13256,#13257);
#12248=AXIS2_PLACEMENT_3D('',#16319,#13262,#13263);
#12249=AXIS2_PLACEMENT_3D('',#16328,#13268,#13269);
#12250=AXIS2_PLACEMENT_3D('',#16332,#13271,#13272);
#12251=AXIS2_PLACEMENT_3D('',#16336,#13274,#13275);
#12252=AXIS2_PLACEMENT_3D('',#16340,#13277,#13278);
#12253=AXIS2_PLACEMENT_3D('',#16344,#13280,#13281);
#12254=AXIS2_PLACEMENT_3D('',#16345,#13282,#13283);
#12255=AXIS2_PLACEMENT_3D('',#16346,#13284,#13285);
#12256=AXIS2_PLACEMENT_3D('',#16347,#13286,#13287);
#12257=AXIS2_PLACEMENT_3D('',#16348,#13288,#13289);
#12258=AXIS2_PLACEMENT_3D('',#16349,#13290,#13291);
#12259=AXIS2_PLACEMENT_3D('',#16350,#13292,#13293);
#12260=AXIS2_PLACEMENT_3D('',#16351,#13294,#13295);
#12261=AXIS2_PLACEMENT_3D('',#16352,#13296,#13297);
#12262=AXIS2_PLACEMENT_3D('',#16353,#13298,#13299);
#12263=AXIS2_PLACEMENT_3D('',#16354,#13300,#13301);
#12264=AXIS2_PLACEMENT_3D('',#16355,#13302,#13303);
#12265=AXIS2_PLACEMENT_3D('',#16356,#13304,#13305);
#12266=AXIS2_PLACEMENT_3D('',#16357,#13306,#13307);
#12267=AXIS2_PLACEMENT_3D('',#16358,#13308,#13309);
#12268=AXIS2_PLACEMENT_3D('',#16359,#13310,#13311);
#12269=AXIS2_PLACEMENT_3D('',#16360,#13312,#13313);
#12270=AXIS2_PLACEMENT_3D('',#16361,#13314,#13315);
#12271=AXIS2_PLACEMENT_3D('',#16362,#13316,#13317);
#12272=AXIS2_PLACEMENT_3D('',#16363,#13318,#13319);
#12273=AXIS2_PLACEMENT_3D('',#16364,#13320,#13321);
#12274=AXIS2_PLACEMENT_3D('',#16365,#13322,#13323);
#12275=AXIS2_PLACEMENT_3D('',#16366,#13324,#13325);
#12276=AXIS2_PLACEMENT_3D('',#16367,#13326,#13327);
#12277=AXIS2_PLACEMENT_3D('',#16368,#13328,#13329);
#12278=AXIS2_PLACEMENT_3D('',#16369,#13330,#13331);
#12279=AXIS2_PLACEMENT_3D('',#16370,#13332,#13333);
#12280=AXIS2_PLACEMENT_3D('',#16371,#13334,#13335);
#12281=AXIS2_PLACEMENT_3D('',#16372,#13336,#13337);
#12282=AXIS2_PLACEMENT_3D('',#16373,#13338,#13339);
#12283=AXIS2_PLACEMENT_3D('',#16376,#13342,#13343);
#12284=AXIS2_PLACEMENT_3D('',#16387,#13350,#13351);
#12285=AXIS2_PLACEMENT_3D('',#16390,#13354,#13355);
#12286=AXIS2_PLACEMENT_3D('',#16393,#13358,#13359);
#12287=AXIS2_PLACEMENT_3D('',#16394,#13360,#13361);
#12288=AXIS2_PLACEMENT_3D('',#16395,#13362,#13363);
#12289=AXIS2_PLACEMENT_3D('',#16396,#13364,#13365);
#12290=AXIS2_PLACEMENT_3D('',#16397,#13366,#13367);
#12291=AXIS2_PLACEMENT_3D('',#16398,#13368,#13369);
#12292=AXIS2_PLACEMENT_3D('',#16400,#13370,#13371);
#12293=AXIS2_PLACEMENT_3D('',#16401,#13372,#13373);
#12294=AXIS2_PLACEMENT_3D('',#16403,#13374,#13375);
#12295=AXIS2_PLACEMENT_3D('',#16404,#13376,#13377);
#12296=AXIS2_PLACEMENT_3D('',#16406,#13378,#13379);
#12297=AXIS2_PLACEMENT_3D('',#16407,#13380,#13381);
#12298=AXIS2_PLACEMENT_3D('',#16409,#13382,#13383);
#12299=AXIS2_PLACEMENT_3D('',#16410,#13384,#13385);
#12300=AXIS2_PLACEMENT_3D('',#16412,#13386,#13387);
#12301=AXIS2_PLACEMENT_3D('',#16413,#13388,#13389);
#12302=AXIS2_PLACEMENT_3D('',#16415,#13390,#13391);
#12303=AXIS2_PLACEMENT_3D('',#16416,#13392,#13393);
#12304=AXIS2_PLACEMENT_3D('',#16418,#13394,#13395);
#12305=AXIS2_PLACEMENT_3D('',#16419,#13396,#13397);
#12306=AXIS2_PLACEMENT_3D('',#16421,#13398,#13399);
#12307=AXIS2_PLACEMENT_3D('',#16422,#13400,#13401);
#12308=AXIS2_PLACEMENT_3D('',#16424,#13402,#13403);
#12309=AXIS2_PLACEMENT_3D('',#16425,#13404,#13405);
#12310=AXIS2_PLACEMENT_3D('',#16426,#13406,#13407);
#12311=AXIS2_PLACEMENT_3D('',#16428,#13408,#13409);
#12312=AXIS2_PLACEMENT_3D('',#16429,#13410,#13411);
#12313=AXIS2_PLACEMENT_3D('',#16430,#13412,#13413);
#12314=AXIS2_PLACEMENT_3D('',#16432,#13414,#13415);
#12315=AXIS2_PLACEMENT_3D('',#16433,#13416,#13417);
#12316=AXIS2_PLACEMENT_3D('',#16434,#13418,#13419);
#12317=AXIS2_PLACEMENT_3D('',#16436,#13420,#13421);
#12318=AXIS2_PLACEMENT_3D('',#16437,#13422,#13423);
#12319=AXIS2_PLACEMENT_3D('',#16438,#13424,#13425);
#12320=AXIS2_PLACEMENT_3D('',#16441,#13428,#13429);
#12321=AXIS2_PLACEMENT_3D('',#16444,#13432,#13433);
#12322=AXIS2_PLACEMENT_3D('',#16447,#13436,#13437);
#12323=AXIS2_PLACEMENT_3D('',#16450,#13440,#13441);
#12324=AXIS2_PLACEMENT_3D('',#16451,#13442,#13443);
#12325=AXIS2_PLACEMENT_3D('',#16452,#13444,#13445);
#12326=AXIS2_PLACEMENT_3D('',#16453,#13446,#13447);
#12327=AXIS2_PLACEMENT_3D('',#16454,#13448,#13449);
#12328=AXIS2_PLACEMENT_3D('',#16457,#13452,#13453);
#12329=AXIS2_PLACEMENT_3D('',#16460,#13456,#13457);
#12330=AXIS2_PLACEMENT_3D('',#16463,#13460,#13461);
#12331=AXIS2_PLACEMENT_3D('',#16466,#13464,#13465);
#12332=AXIS2_PLACEMENT_3D('',#16467,#13466,#13467);
#12333=AXIS2_PLACEMENT_3D('',#16468,#13468,#13469);
#12334=AXIS2_PLACEMENT_3D('',#16469,#13470,#13471);
#12335=AXIS2_PLACEMENT_3D('',#16470,#13472,#13473);
#12336=AXIS2_PLACEMENT_3D('',#16473,#13476,#13477);
#12337=AXIS2_PLACEMENT_3D('',#16476,#13480,#13481);
#12338=AXIS2_PLACEMENT_3D('',#16479,#13484,#13485);
#12339=AXIS2_PLACEMENT_3D('',#16482,#13488,#13489);
#12340=AXIS2_PLACEMENT_3D('',#16483,#13490,#13491);
#12341=AXIS2_PLACEMENT_3D('',#16484,#13492,#13493);
#12342=AXIS2_PLACEMENT_3D('',#16485,#13494,#13495);
#12343=AXIS2_PLACEMENT_3D('',#16486,#13496,#13497);
#12344=AXIS2_PLACEMENT_3D('',#16489,#13500,#13501);
#12345=AXIS2_PLACEMENT_3D('',#16492,#13504,#13505);
#12346=AXIS2_PLACEMENT_3D('',#16495,#13508,#13509);
#12347=AXIS2_PLACEMENT_3D('',#16498,#13512,#13513);
#12348=AXIS2_PLACEMENT_3D('',#16499,#13514,#13515);
#12349=AXIS2_PLACEMENT_3D('',#16500,#13516,#13517);
#12350=AXIS2_PLACEMENT_3D('',#16501,#13518,#13519);
#12351=AXIS2_PLACEMENT_3D('',#16502,#13520,#13521);
#12352=AXIS2_PLACEMENT_3D('',#16505,#13524,#13525);
#12353=AXIS2_PLACEMENT_3D('',#16508,#13528,#13529);
#12354=AXIS2_PLACEMENT_3D('',#16511,#13532,#13533);
#12355=AXIS2_PLACEMENT_3D('',#16514,#13536,#13537);
#12356=AXIS2_PLACEMENT_3D('',#16515,#13538,#13539);
#12357=AXIS2_PLACEMENT_3D('',#16516,#13540,#13541);
#12358=AXIS2_PLACEMENT_3D('',#16517,#13542,#13543);
#12359=AXIS2_PLACEMENT_3D('',#16518,#13544,#13545);
#12360=AXIS2_PLACEMENT_3D('',#16519,#13546,#13547);
#12361=AXIS2_PLACEMENT_3D('',#16523,#13549,#13550);
#12362=AXIS2_PLACEMENT_3D('',#16524,#13551,#13552);
#12363=AXIS2_PLACEMENT_3D('',#16525,#13553,#13554);
#12364=AXIS2_PLACEMENT_3D('',#16529,#13556,#13557);
#12365=AXIS2_PLACEMENT_3D('',#16530,#13558,#13559);
#12366=AXIS2_PLACEMENT_3D('',#16533,#13562,#13563);
#12367=AXIS2_PLACEMENT_3D('',#16536,#13566,#13567);
#12368=AXIS2_PLACEMENT_3D('',#16537,#13568,#13569);
#12369=AXIS2_PLACEMENT_3D('',#16538,#13570,#13571);
#12370=AXIS2_PLACEMENT_3D('',#16539,#13572,#13573);
#12371=AXIS2_PLACEMENT_3D('',#16548,#13578,#13579);
#12372=AXIS2_PLACEMENT_3D('',#16562,#13587,#13588);
#12373=AXIS2_PLACEMENT_3D('',#16576,#13596,#13597);
#12374=AXIS2_PLACEMENT_3D('',#16578,#13599,#13600);
#12375=AXIS2_PLACEMENT_3D('',#16644,#13634,#13635);
#12376=AXIS2_PLACEMENT_3D('',#16647,#13638,#13639);
#12377=AXIS2_PLACEMENT_3D('',#16649,#13641,#13642);
#12378=AXIS2_PLACEMENT_3D('',#16779,#13708,#13709);
#12379=AXIS2_PLACEMENT_3D('',#16780,#13710,#13711);
#12380=AXIS2_PLACEMENT_3D('',#16781,#13712,#13713);
#12381=AXIS2_PLACEMENT_3D('',#16787,#13717,#13718);
#12382=AXIS2_PLACEMENT_3D('',#16791,#13721,#13722);
#12383=AXIS2_PLACEMENT_3D('',#16795,#13725,#13726);
#12384=AXIS2_PLACEMENT_3D('',#16797,#13728,#13729);
#12385=AXIS2_PLACEMENT_3D('',#16803,#13733,#13734);
#12386=AXIS2_PLACEMENT_3D('',#16807,#13737,#13738);
#12387=AXIS2_PLACEMENT_3D('',#16811,#13741,#13742);
#12388=AXIS2_PLACEMENT_3D('',#16813,#13744,#13745);
#12389=AXIS2_PLACEMENT_3D('',#16819,#13749,#13750);
#12390=AXIS2_PLACEMENT_3D('',#16823,#13753,#13754);
#12391=AXIS2_PLACEMENT_3D('',#16827,#13757,#13758);
#12392=AXIS2_PLACEMENT_3D('',#16829,#13760,#13761);
#12393=AXIS2_PLACEMENT_3D('',#16835,#13765,#13766);
#12394=AXIS2_PLACEMENT_3D('',#16839,#13769,#13770);
#12395=AXIS2_PLACEMENT_3D('',#16843,#13773,#13774);
#12396=AXIS2_PLACEMENT_3D('',#16845,#13776,#13777);
#12397=AXIS2_PLACEMENT_3D('',#16851,#13781,#13782);
#12398=AXIS2_PLACEMENT_3D('',#16855,#13785,#13786);
#12399=AXIS2_PLACEMENT_3D('',#16859,#13789,#13790);
#12400=AXIS2_PLACEMENT_3D('',#16861,#13792,#13793);
#12401=AXIS2_PLACEMENT_3D('',#16867,#13797,#13798);
#12402=AXIS2_PLACEMENT_3D('',#16871,#13801,#13802);
#12403=AXIS2_PLACEMENT_3D('',#16875,#13805,#13806);
#12404=AXIS2_PLACEMENT_3D('',#16877,#13808,#13809);
#12405=AXIS2_PLACEMENT_3D('',#16883,#13813,#13814);
#12406=AXIS2_PLACEMENT_3D('',#16887,#13817,#13818);
#12407=AXIS2_PLACEMENT_3D('',#16891,#13821,#13822);
#12408=AXIS2_PLACEMENT_3D('',#16893,#13824,#13825);
#12409=AXIS2_PLACEMENT_3D('',#16899,#13829,#13830);
#12410=AXIS2_PLACEMENT_3D('',#16903,#13833,#13834);
#12411=AXIS2_PLACEMENT_3D('',#16907,#13837,#13838);
#12412=AXIS2_PLACEMENT_3D('',#16909,#13840,#13841);
#12413=AXIS2_PLACEMENT_3D('',#16911,#13843,#13844);
#12414=AXIS2_PLACEMENT_3D('',#16921,#13850,#13851);
#12415=AXIS2_PLACEMENT_3D('',#16923,#13853,#13854);
#12416=AXIS2_PLACEMENT_3D('',#16933,#13860,#13861);
#12417=AXIS2_PLACEMENT_3D('',#16935,#13863,#13864);
#12418=AXIS2_PLACEMENT_3D('',#16945,#13870,#13871);
#12419=AXIS2_PLACEMENT_3D('',#16947,#13873,#13874);
#12420=AXIS2_PLACEMENT_3D('',#16957,#13880,#13881);
#12421=AXIS2_PLACEMENT_3D('',#16959,#13883,#13884);
#12422=AXIS2_PLACEMENT_3D('',#16969,#13890,#13891);
#12423=AXIS2_PLACEMENT_3D('',#16971,#13893,#13894);
#12424=AXIS2_PLACEMENT_3D('',#16981,#13900,#13901);
#12425=AXIS2_PLACEMENT_3D('',#16983,#13903,#13904);
#12426=AXIS2_PLACEMENT_3D('',#16993,#13910,#13911);
#12427=AXIS2_PLACEMENT_3D('',#16995,#13913,#13914);
#12428=AXIS2_PLACEMENT_3D('',#17005,#13920,#13921);
#12429=AXIS2_PLACEMENT_3D('',#17007,#13923,#13924);
#12430=AXIS2_PLACEMENT_3D('',#17017,#13930,#13931);
#12431=AXIS2_PLACEMENT_3D('',#17019,#13933,#13934);
#12432=AXIS2_PLACEMENT_3D('',#17029,#13940,#13941);
#12433=AXIS2_PLACEMENT_3D('',#17031,#13943,#13944);
#12434=AXIS2_PLACEMENT_3D('',#17041,#13950,#13951);
#12435=AXIS2_PLACEMENT_3D('',#17043,#13953,#13954);
#12436=AXIS2_PLACEMENT_3D('',#17053,#13960,#13961);
#12437=AXIS2_PLACEMENT_3D('',#17055,#13963,#13964);
#12438=AXIS2_PLACEMENT_3D('',#17065,#13970,#13971);
#12439=AXIS2_PLACEMENT_3D('',#17067,#13973,#13974);
#12440=AXIS2_PLACEMENT_3D('',#17077,#13980,#13981);
#12441=AXIS2_PLACEMENT_3D('',#17079,#13983,#13984);
#12442=AXIS2_PLACEMENT_3D('',#17089,#13990,#13991);
#12443=AXIS2_PLACEMENT_3D('',#17091,#13993,#13994);
#12444=AXIS2_PLACEMENT_3D('',#17101,#14000,#14001);
#12445=AXIS2_PLACEMENT_3D('',#17107,#14005,#14006);
#12446=AXIS2_PLACEMENT_3D('',#17119,#14013,#14014);
#12447=AXIS2_PLACEMENT_3D('',#17123,#14017,#14018);
#12448=AXIS2_PLACEMENT_3D('',#17133,#14024,#14025);
#12449=AXIS2_PLACEMENT_3D('',#17139,#14029,#14030);
#12450=AXIS2_PLACEMENT_3D('',#17151,#14037,#14038);
#12451=AXIS2_PLACEMENT_3D('',#17155,#14041,#14042);
#12452=AXIS2_PLACEMENT_3D('',#17165,#14048,#14049);
#12453=AXIS2_PLACEMENT_3D('',#17171,#14053,#14054);
#12454=AXIS2_PLACEMENT_3D('',#17183,#14061,#14062);
#12455=AXIS2_PLACEMENT_3D('',#17187,#14065,#14066);
#12456=AXIS2_PLACEMENT_3D('',#17197,#14072,#14073);
#12457=AXIS2_PLACEMENT_3D('',#17203,#14077,#14078);
#12458=AXIS2_PLACEMENT_3D('',#17215,#14085,#14086);
#12459=AXIS2_PLACEMENT_3D('',#17219,#14089,#14090);
#12460=AXIS2_PLACEMENT_3D('',#17229,#14096,#14097);
#12461=AXIS2_PLACEMENT_3D('',#17235,#14101,#14102);
#12462=AXIS2_PLACEMENT_3D('',#17247,#14109,#14110);
#12463=AXIS2_PLACEMENT_3D('',#17251,#14113,#14114);
#12464=AXIS2_PLACEMENT_3D('',#17261,#14120,#14121);
#12465=AXIS2_PLACEMENT_3D('',#17267,#14125,#14126);
#12466=AXIS2_PLACEMENT_3D('',#17279,#14133,#14134);
#12467=AXIS2_PLACEMENT_3D('',#17283,#14137,#14138);
#12468=AXIS2_PLACEMENT_3D('',#17293,#14144,#14145);
#12469=AXIS2_PLACEMENT_3D('',#17299,#14149,#14150);
#12470=AXIS2_PLACEMENT_3D('',#17311,#14157,#14158);
#12471=AXIS2_PLACEMENT_3D('',#17315,#14161,#14162);
#12472=AXIS2_PLACEMENT_3D('',#17325,#14168,#14169);
#12473=AXIS2_PLACEMENT_3D('',#17331,#14173,#14174);
#12474=AXIS2_PLACEMENT_3D('',#17343,#14181,#14182);
#12475=AXIS2_PLACEMENT_3D('',#17347,#14185,#14186);
#12476=AXIS2_PLACEMENT_3D('',#17357,#14192,#14193);
#12477=AXIS2_PLACEMENT_3D('',#17359,#14195,#14196);
#12478=AXIS2_PLACEMENT_3D('',#17361,#14198,#14199);
#12479=AXIS2_PLACEMENT_3D('',#17363,#14201,#14202);
#12480=AXIS2_PLACEMENT_3D('',#17365,#14204,#14205);
#12481=AXIS2_PLACEMENT_3D('',#17366,#14206,#14207);
#12482=AXIS2_PLACEMENT_3D('',#17368,#14209,#14210);
#12483=AXIS2_PLACEMENT_3D('',#17370,#14212,#14213);
#12484=AXIS2_PLACEMENT_3D('',#17372,#14215,#14216);
#12485=AXIS2_PLACEMENT_3D('',#17374,#14218,#14219);
#12486=AXIS2_PLACEMENT_3D('',#17375,#14220,#14221);
#12487=AXIS2_PLACEMENT_3D('',#17377,#14223,#14224);
#12488=AXIS2_PLACEMENT_3D('',#17379,#14226,#14227);
#12489=AXIS2_PLACEMENT_3D('',#17381,#14229,#14230);
#12490=AXIS2_PLACEMENT_3D('',#17383,#14232,#14233);
#12491=AXIS2_PLACEMENT_3D('',#17384,#14234,#14235);
#12492=AXIS2_PLACEMENT_3D('',#17386,#14237,#14238);
#12493=AXIS2_PLACEMENT_3D('',#17388,#14240,#14241);
#12494=AXIS2_PLACEMENT_3D('',#17390,#14243,#14244);
#12495=AXIS2_PLACEMENT_3D('',#17392,#14246,#14247);
#12496=AXIS2_PLACEMENT_3D('',#17393,#14248,#14249);
#12497=AXIS2_PLACEMENT_3D('',#17395,#14251,#14252);
#12498=AXIS2_PLACEMENT_3D('',#17397,#14254,#14255);
#12499=AXIS2_PLACEMENT_3D('',#17399,#14257,#14258);
#12500=AXIS2_PLACEMENT_3D('',#17401,#14260,#14261);
#12501=AXIS2_PLACEMENT_3D('',#17402,#14262,#14263);
#12502=AXIS2_PLACEMENT_3D('',#17404,#14265,#14266);
#12503=AXIS2_PLACEMENT_3D('',#17406,#14268,#14269);
#12504=AXIS2_PLACEMENT_3D('',#17408,#14271,#14272);
#12505=AXIS2_PLACEMENT_3D('',#17410,#14274,#14275);
#12506=AXIS2_PLACEMENT_3D('',#17411,#14276,#14277);
#12507=AXIS2_PLACEMENT_3D('',#17413,#14279,#14280);
#12508=AXIS2_PLACEMENT_3D('',#17415,#14282,#14283);
#12509=AXIS2_PLACEMENT_3D('',#17417,#14285,#14286);
#12510=AXIS2_PLACEMENT_3D('',#17419,#14288,#14289);
#12511=AXIS2_PLACEMENT_3D('',#17420,#14290,#14291);
#12512=AXIS2_PLACEMENT_3D('',#17422,#14293,#14294);
#12513=AXIS2_PLACEMENT_3D('',#17424,#14296,#14297);
#12514=AXIS2_PLACEMENT_3D('',#17426,#14299,#14300);
#12515=AXIS2_PLACEMENT_3D('',#17428,#14302,#14303);
#12516=AXIS2_PLACEMENT_3D('',#17429,#14304,#14305);
#12517=AXIS2_PLACEMENT_3D('',#17431,#14307,#14308);
#12518=AXIS2_PLACEMENT_3D('',#17433,#14310,#14311);
#12519=AXIS2_PLACEMENT_3D('',#17443,#14317,#14318);
#12520=AXIS2_PLACEMENT_3D('',#17447,#14321,#14322);
#12521=AXIS2_PLACEMENT_3D('',#17455,#14327,#14328);
#12522=AXIS2_PLACEMENT_3D('',#17457,#14330,#14331);
#12523=AXIS2_PLACEMENT_3D('',#17459,#14333,#14334);
#12524=AXIS2_PLACEMENT_3D('',#17461,#14336,#14337);
#12525=AXIS2_PLACEMENT_3D('',#17471,#14343,#14344);
#12526=AXIS2_PLACEMENT_3D('',#17475,#14347,#14348);
#12527=AXIS2_PLACEMENT_3D('',#17483,#14353,#14354);
#12528=AXIS2_PLACEMENT_3D('',#17485,#14356,#14357);
#12529=AXIS2_PLACEMENT_3D('',#17487,#14359,#14360);
#12530=AXIS2_PLACEMENT_3D('',#17489,#14362,#14363);
#12531=AXIS2_PLACEMENT_3D('',#17499,#14369,#14370);
#12532=AXIS2_PLACEMENT_3D('',#17503,#14373,#14374);
#12533=AXIS2_PLACEMENT_3D('',#17511,#14379,#14380);
#12534=AXIS2_PLACEMENT_3D('',#17513,#14382,#14383);
#12535=AXIS2_PLACEMENT_3D('',#17515,#14385,#14386);
#12536=AXIS2_PLACEMENT_3D('',#17517,#14388,#14389);
#12537=AXIS2_PLACEMENT_3D('',#17527,#14395,#14396);
#12538=AXIS2_PLACEMENT_3D('',#17531,#14399,#14400);
#12539=AXIS2_PLACEMENT_3D('',#17539,#14405,#14406);
#12540=AXIS2_PLACEMENT_3D('',#17541,#14408,#14409);
#12541=AXIS2_PLACEMENT_3D('',#17543,#14411,#14412);
#12542=AXIS2_PLACEMENT_3D('',#17545,#14414,#14415);
#12543=AXIS2_PLACEMENT_3D('',#17555,#14421,#14422);
#12544=AXIS2_PLACEMENT_3D('',#17559,#14425,#14426);
#12545=AXIS2_PLACEMENT_3D('',#17567,#14431,#14432);
#12546=AXIS2_PLACEMENT_3D('',#17569,#14434,#14435);
#12547=AXIS2_PLACEMENT_3D('',#17571,#14437,#14438);
#12548=AXIS2_PLACEMENT_3D('',#17573,#14440,#14441);
#12549=AXIS2_PLACEMENT_3D('',#17583,#14447,#14448);
#12550=AXIS2_PLACEMENT_3D('',#17587,#14451,#14452);
#12551=AXIS2_PLACEMENT_3D('',#17595,#14457,#14458);
#12552=AXIS2_PLACEMENT_3D('',#17597,#14460,#14461);
#12553=AXIS2_PLACEMENT_3D('',#17599,#14463,#14464);
#12554=AXIS2_PLACEMENT_3D('',#17601,#14466,#14467);
#12555=AXIS2_PLACEMENT_3D('',#17611,#14473,#14474);
#12556=AXIS2_PLACEMENT_3D('',#17615,#14477,#14478);
#12557=AXIS2_PLACEMENT_3D('',#17623,#14483,#14484);
#12558=AXIS2_PLACEMENT_3D('',#17625,#14486,#14487);
#12559=AXIS2_PLACEMENT_3D('',#17627,#14489,#14490);
#12560=AXIS2_PLACEMENT_3D('',#17629,#14492,#14493);
#12561=AXIS2_PLACEMENT_3D('',#17639,#14499,#14500);
#12562=AXIS2_PLACEMENT_3D('',#17643,#14503,#14504);
#12563=AXIS2_PLACEMENT_3D('',#17651,#14509,#14510);
#12564=AXIS2_PLACEMENT_3D('',#17653,#14512,#14513);
#12565=AXIS2_PLACEMENT_3D('',#17655,#14515,#14516);
#12566=AXIS2_PLACEMENT_3D('',#17657,#14518,#14519);
#12567=AXIS2_PLACEMENT_3D('',#17658,#14520,#14521);
#12568=AXIS2_PLACEMENT_3D('',#17660,#14523,#14524);
#12569=AXIS2_PLACEMENT_3D('',#17662,#14526,#14527);
#12570=AXIS2_PLACEMENT_3D('',#17663,#14528,#14529);
#12571=AXIS2_PLACEMENT_3D('',#17665,#14531,#14532);
#12572=AXIS2_PLACEMENT_3D('',#17667,#14534,#14535);
#12573=AXIS2_PLACEMENT_3D('',#17668,#14536,#14537);
#12574=AXIS2_PLACEMENT_3D('',#17670,#14539,#14540);
#12575=AXIS2_PLACEMENT_3D('',#17672,#14542,#14543);
#12576=AXIS2_PLACEMENT_3D('',#17673,#14544,#14545);
#12577=AXIS2_PLACEMENT_3D('',#17675,#14547,#14548);
#12578=AXIS2_PLACEMENT_3D('',#17677,#14550,#14551);
#12579=AXIS2_PLACEMENT_3D('',#17678,#14552,#14553);
#12580=AXIS2_PLACEMENT_3D('',#17680,#14555,#14556);
#12581=AXIS2_PLACEMENT_3D('',#17682,#14558,#14559);
#12582=AXIS2_PLACEMENT_3D('',#17683,#14560,#14561);
#12583=AXIS2_PLACEMENT_3D('',#17685,#14563,#14564);
#12584=AXIS2_PLACEMENT_3D('',#17687,#14566,#14567);
#12585=AXIS2_PLACEMENT_3D('',#17688,#14568,#14569);
#12586=AXIS2_PLACEMENT_3D('',#17690,#14571,#14572);
#12587=AXIS2_PLACEMENT_3D('',#17692,#14574,#14575);
#12588=AXIS2_PLACEMENT_3D('',#17693,#14576,#14577);
#12589=AXIS2_PLACEMENT_3D('',#17694,#14578,#14579);
#12590=AXIS2_PLACEMENT_3D('',#17695,#14580,#14581);
#12591=AXIS2_PLACEMENT_3D('',#17704,#14586,#14587);
#12592=AXIS2_PLACEMENT_3D('',#17713,#14592,#14593);
#12593=AXIS2_PLACEMENT_3D('',#17722,#14598,#14599);
#12594=AXIS2_PLACEMENT_3D('',#17731,#14604,#14605);
#12595=AXIS2_PLACEMENT_3D('',#17742,#14612,#14613);
#12596=AXIS2_PLACEMENT_3D('',#17748,#14617,#14618);
#12597=AXIS2_PLACEMENT_3D('',#17754,#14622,#14623);
#12598=AXIS2_PLACEMENT_3D('',#17760,#14627,#14628);
#12599=AXIS2_PLACEMENT_3D('',#17766,#14632,#14633);
#12600=AXIS2_PLACEMENT_3D('',#17771,#14637,#14638);
#12601=AXIS2_PLACEMENT_3D('',#17776,#14642,#14643);
#12602=AXIS2_PLACEMENT_3D('',#17783,#14648,#14649);
#12603=AXIS2_PLACEMENT_3D('',#17792,#14654,#14655);
#12604=AXIS2_PLACEMENT_3D('',#17800,#14660,#14661);
#12605=AXIS2_PLACEMENT_3D('',#17807,#14665,#14666);
#12606=AXIS2_PLACEMENT_3D('',#17832,#14679,#14680);
#12607=AXIS2_PLACEMENT_3D('',#17838,#14684,#14685);
#12608=AXIS2_PLACEMENT_3D('',#17844,#14689,#14690);
#12609=AXIS2_PLACEMENT_3D('',#17845,#14691,#14692);
#12610=AXIS2_PLACEMENT_3D('',#17847,#14693,#14694);
#12611=AXIS2_PLACEMENT_3D('',#17850,#14696,#14697);
#12612=AXIS2_PLACEMENT_3D('',#17858,#14702,#14703);
#12613=AXIS2_PLACEMENT_3D('',#17862,#14706,#14707);
#12614=AXIS2_PLACEMENT_3D('',#17868,#14711,#14712);
#12615=AXIS2_PLACEMENT_3D('',#17872,#14715,#14716);
#12616=AXIS2_PLACEMENT_3D('',#17876,#14719,#14720);
#12617=AXIS2_PLACEMENT_3D('',#17878,#14722,#14723);
#12618=AXIS2_PLACEMENT_3D('',#17879,#14724,#14725);
#12619=AXIS2_PLACEMENT_3D('',#17922,#14740,#14741);
#12620=AXIS2_PLACEMENT_3D('',#17930,#14746,#14747);
#12621=AXIS2_PLACEMENT_3D('',#17937,#14751,#14752);
#12622=AXIS2_PLACEMENT_3D('',#17938,#14753,#14754);
#12623=AXIS2_PLACEMENT_3D('',#17942,#14757,#14758);
#12624=AXIS2_PLACEMENT_3D('',#17944,#14760,#14761);
#12625=AXIS2_PLACEMENT_3D('',#17949,#14765,#14766);
#12626=AXIS2_PLACEMENT_3D('',#17953,#14768,#14769);
#12627=AXIS2_PLACEMENT_3D('',#17960,#14773,#14774);
#12628=AXIS2_PLACEMENT_3D('',#17964,#14776,#14777);
#12629=AXIS2_PLACEMENT_3D('',#17967,#14779,#14780);
#12630=AXIS2_PLACEMENT_3D('',#17973,#14784,#14785);
#12631=AXIS2_PLACEMENT_3D('',#17983,#14791,#14792);
#12632=AXIS2_PLACEMENT_3D('',#17987,#14795,#14796);
#12633=AXIS2_PLACEMENT_3D('',#17997,#14802,#14803);
#12634=AXIS2_PLACEMENT_3D('',#18001,#14806,#14807);
#12635=AXIS2_PLACEMENT_3D('',#18003,#14809,#14810);
#12636=AXIS2_PLACEMENT_3D('',#18004,#14811,#14812);
#12637=AXIS2_PLACEMENT_3D('',#18005,#14813,#14814);
#12638=AXIS2_PLACEMENT_3D('',#18007,#14816,#14817);
#12639=AXIS2_PLACEMENT_3D('',#18010,#14820,#14821);
#12640=AXIS2_PLACEMENT_3D('',#18011,#14822,#14823);
#12641=AXIS2_PLACEMENT_3D('',#18013,#14825,#14826);
#12642=AXIS2_PLACEMENT_3D('',#18017,#14829,#14830);
#12643=AXIS2_PLACEMENT_3D('',#18018,#14831,#14832);
#12644=AXIS2_PLACEMENT_3D('',#18023,#14835,#14836);
#12645=AXIS2_PLACEMENT_3D('',#18024,#14837,#14838);
#12646=AXIS2_PLACEMENT_3D('',#18029,#14841,#14842);
#12647=AXIS2_PLACEMENT_3D('',#18030,#14843,#14844);
#12648=AXIS2_PLACEMENT_3D('',#18033,#14846,#14847);
#12649=AXIS2_PLACEMENT_3D('',#18036,#14850,#14851);
#12650=AXIS2_PLACEMENT_3D('',#18038,#14853,#14854);
#12651=AXIS2_PLACEMENT_3D('',#18039,#14855,#14856);
#12652=AXIS2_PLACEMENT_3D('',#18042,#14859,#14860);
#12653=AXIS2_PLACEMENT_3D('',#18044,#14862,#14863);
#12654=AXIS2_PLACEMENT_3D('',#18046,#14865,#14866);
#12655=AXIS2_PLACEMENT_3D('',#18048,#14868,#14869);
#12656=AXIS2_PLACEMENT_3D('',#18049,#14870,#14871);
#12657=AXIS2_PLACEMENT_3D('',#18050,#14872,#14873);
#12658=AXIS2_PLACEMENT_3D('',#18052,#14875,#14876);
#12659=AXIS2_PLACEMENT_3D('',#18053,#14877,#14878);
#12660=AXIS2_PLACEMENT_3D('',#18062,#14883,#14884);
#12661=AXIS2_PLACEMENT_3D('',#18071,#14889,#14890);
#12662=AXIS2_PLACEMENT_3D('',#18072,#14891,#14892);
#12663=AXIS2_PLACEMENT_3D('',#18073,#14893,#14894);
#12664=AXIS2_PLACEMENT_3D('',#18074,#14895,#14896);
#12665=AXIS2_PLACEMENT_3D('',#18086,#14903,#14904);
#12666=AXIS2_PLACEMENT_3D('',#18095,#14909,#14910);
#12667=AXIS2_PLACEMENT_3D('',#18104,#14915,#14916);
#12668=AXIS2_PLACEMENT_3D('',#18105,#14917,#14918);
#12669=AXIS2_PLACEMENT_3D('',#18106,#14919,#14920);
#12670=AXIS2_PLACEMENT_3D('',#18107,#14921,#14922);
#12671=AXIS2_PLACEMENT_3D('',#18117,#14928,#14929);
#12672=AXIS2_PLACEMENT_3D('',#18127,#14935,#14936);
#12673=AXIS2_PLACEMENT_3D('',#18133,#14940,#14941);
#12674=AXIS2_PLACEMENT_3D('',#18137,#14944,#14945);
#12675=AXIS2_PLACEMENT_3D('',#18147,#14951,#14952);
#12676=AXIS2_PLACEMENT_3D('',#18153,#14956,#14957);
#12677=AXIS2_PLACEMENT_3D('',#18157,#14960,#14961);
#12678=AXIS2_PLACEMENT_3D('',#18161,#14964,#14965);
#12679=AXIS2_PLACEMENT_3D('',#18163,#14967,#14968);
#12680=AXIS2_PLACEMENT_3D('',#18164,#14969,#14970);
#12681=AXIS2_PLACEMENT_3D('',#18168,#14973,#14974);
#12682=AXIS2_PLACEMENT_3D('',#18170,#14976,#14977);
#12683=AXIS2_PLACEMENT_3D('',#18171,#14978,#14979);
#12684=AXIS2_PLACEMENT_3D('',#18180,#14984,#14985);
#12685=AXIS2_PLACEMENT_3D('',#18186,#14989,#14990);
#12686=AXIS2_PLACEMENT_3D('',#18192,#14994,#14995);
#12687=AXIS2_PLACEMENT_3D('',#18198,#14999,#15000);
#12688=AXIS2_PLACEMENT_3D('',#18204,#15004,#15005);
#12689=AXIS2_PLACEMENT_3D('',#18214,#15011,#15012);
#12690=AXIS2_PLACEMENT_3D('',#18220,#15016,#15017);
#12691=AXIS2_PLACEMENT_3D('',#18226,#15021,#15022);
#12692=AXIS2_PLACEMENT_3D('',#18229,#15025,#15026);
#12693=AXIS2_PLACEMENT_3D('',#18230,#15027,#15028);
#12694=AXIS2_PLACEMENT_3D('',#18239,#15035,#15036);
#12695=AXIS2_PLACEMENT_3D('',#18247,#15042,#15043);
#12696=AXIS2_PLACEMENT_3D('',#18253,#15047,#15048);
#12697=AXIS2_PLACEMENT_3D('',#18266,#15056,#15057);
#12698=AXIS2_PLACEMENT_3D('',#18268,#15058,#15059);
#12699=AXIS2_PLACEMENT_3D('',#18270,#15060,#15061);
#12700=AXIS2_PLACEMENT_3D('',#18272,#15062,#15063);
#12701=AXIS2_PLACEMENT_3D('',#18274,#15065,#15066);
#12702=AXIS2_PLACEMENT_3D('',#18275,#15067,#15068);
#12703=AXIS2_PLACEMENT_3D('',#18277,#15070,#15071);
#12704=AXIS2_PLACEMENT_3D('',#18278,#15072,#15073);
#12705=AXIS2_PLACEMENT_3D('',#18280,#15075,#15076);
#12706=AXIS2_PLACEMENT_3D('',#18281,#15077,#15078);
#12707=AXIS2_PLACEMENT_3D('',#18283,#15080,#15081);
#12708=AXIS2_PLACEMENT_3D('',#18285,#15083,#15084);
#12709=AXIS2_PLACEMENT_3D('',#18286,#15085,#15086);
#12710=AXIS2_PLACEMENT_3D('',#18289,#15088,#15089);
#12711=AXIS2_PLACEMENT_3D('',#18290,#15090,#15091);
#12712=AXIS2_PLACEMENT_3D('',#18293,#15093,#15094);
#12713=AXIS2_PLACEMENT_3D('',#18294,#15095,#15096);
#12714=AXIS2_PLACEMENT_3D('',#18295,#15097,#15098);
#12715=AXIS2_PLACEMENT_3D('',#18296,#15099,#15100);
#12716=AXIS2_PLACEMENT_3D('',#18297,#15101,#15102);
#12717=AXIS2_PLACEMENT_3D('',#18298,#15103,#15104);
#12718=AXIS2_PLACEMENT_3D('',#18299,#15105,#15106);
#12719=AXIS2_PLACEMENT_3D('',#18302,#15107,#15108);
#12720=AXIS2_PLACEMENT_3D('',#18305,#15110,#15111);
#12721=AXIS2_PLACEMENT_3D('',#18306,#15112,#15113);
#12722=AXIS2_PLACEMENT_3D('',#18308,#15115,#15116);
#12723=AXIS2_PLACEMENT_3D('',#18309,#15117,#15118);
#12724=AXIS2_PLACEMENT_3D('',#18310,#15119,#15120);
#12725=AXIS2_PLACEMENT_3D('',#18319,#15125,#15126);
#12726=AXIS2_PLACEMENT_3D('',#18325,#15130,#15131);
#12727=AXIS2_PLACEMENT_3D('',#18333,#15136,#15137);
#12728=AXIS2_PLACEMENT_3D('',#18337,#15140,#15141);
#12729=AXIS2_PLACEMENT_3D('',#18343,#15145,#15146);
#12730=AXIS2_PLACEMENT_3D('',#18345,#15148,#15149);
#12731=AXIS2_PLACEMENT_3D('',#18347,#15151,#15152);
#12732=AXIS2_PLACEMENT_3D('',#18348,#15153,#15154);
#12733=AXIS2_PLACEMENT_3D('',#18349,#15155,#15156);
#12734=AXIS2_PLACEMENT_3D('',#18358,#15161,#15162);
#12735=AXIS2_PLACEMENT_3D('',#18368,#15168,#15169);
#12736=AXIS2_PLACEMENT_3D('',#18372,#15172,#15173);
#12737=AXIS2_PLACEMENT_3D('',#18376,#15176,#15177);
#12738=AXIS2_PLACEMENT_3D('',#18380,#15180,#15181);
#12739=AXIS2_PLACEMENT_3D('',#18384,#15184,#15185);
#12740=AXIS2_PLACEMENT_3D('',#18386,#15187,#15188);
#12741=AXIS2_PLACEMENT_3D('',#18387,#15189,#15190);
#12742=AXIS2_PLACEMENT_3D('',#18388,#15191,#15192);
#12743=AXIS2_PLACEMENT_3D('',#18389,#15193,#15194);
#12744=AXIS2_PLACEMENT_3D('',#18400,#15200,#15201);
#12745=AXIS2_PLACEMENT_3D('',#18406,#15205,#15206);
#12746=AXIS2_PLACEMENT_3D('',#18414,#15211,#15212);
#12747=AXIS2_PLACEMENT_3D('',#18420,#15216,#15217);
#12748=AXIS2_PLACEMENT_3D('',#18428,#15222,#15223);
#12749=AXIS2_PLACEMENT_3D('',#18434,#15227,#15228);
#12750=AXIS2_PLACEMENT_3D('',#18440,#15232,#15233);
#12751=AXIS2_PLACEMENT_3D('',#18446,#15237,#15238);
#12752=AXIS2_PLACEMENT_3D('',#18454,#15243,#15244);
#12753=AXIS2_PLACEMENT_3D('',#18460,#15248,#15249);
#12754=AXIS2_PLACEMENT_3D('',#18462,#15251,#15252);
#12755=AXIS2_PLACEMENT_3D('',#18468,#15256,#15257);
#12756=AXIS2_PLACEMENT_3D('',#18472,#15260,#15261);
#12757=AXIS2_PLACEMENT_3D('',#18476,#15264,#15265);
#12758=AXIS2_PLACEMENT_3D('',#18478,#15267,#15268);
#12759=AXIS2_PLACEMENT_3D('',#18484,#15272,#15273);
#12760=AXIS2_PLACEMENT_3D('',#18488,#15276,#15277);
#12761=AXIS2_PLACEMENT_3D('',#18492,#15280,#15281);
#12762=AXIS2_PLACEMENT_3D('',#18498,#15285,#15286);
#12763=AXIS2_PLACEMENT_3D('',#18502,#15289,#15290);
#12764=AXIS2_PLACEMENT_3D('',#18504,#15292,#15293);
#12765=AXIS2_PLACEMENT_3D('',#18508,#15296,#15297);
#12766=AXIS2_PLACEMENT_3D('',#18512,#15300,#15301);
#12767=AXIS2_PLACEMENT_3D('',#18514,#15303,#15304);
#12768=AXIS2_PLACEMENT_3D('',#18523,#15309,#15310);
#12769=AXIS2_PLACEMENT_3D('',#18529,#15314,#15315);
#12770=AXIS2_PLACEMENT_3D('',#18535,#15319,#15320);
#12771=AXIS2_PLACEMENT_3D('',#18541,#15324,#15325);
#12772=AXIS2_PLACEMENT_3D('',#18547,#15329,#15330);
#12773=AXIS2_PLACEMENT_3D('',#18553,#15334,#15335);
#12774=AXIS2_PLACEMENT_3D('',#18562,#15340,#15341);
#12775=AXIS2_PLACEMENT_3D('',#18568,#15345,#15346);
#12776=AXIS2_PLACEMENT_3D('',#18574,#15350,#15351);
#12777=AXIS2_PLACEMENT_3D('',#18580,#15355,#15356);
#12778=AXIS2_PLACEMENT_3D('',#18586,#15360,#15361);
#12779=AXIS2_PLACEMENT_3D('',#18592,#15365,#15366);
#12780=AXIS2_PLACEMENT_3D('',#18594,#15368,#15369);
#12781=AXIS2_PLACEMENT_3D('',#18598,#15372,#15373);
#12782=AXIS2_PLACEMENT_3D('',#18600,#15375,#15376);
#12783=AXIS2_PLACEMENT_3D('',#18607,#15381,#15382);
#12784=AXIS2_PLACEMENT_3D('',#18611,#15385,#15386);
#12785=AXIS2_PLACEMENT_3D('',#18616,#15390,#15391);
#12786=AXIS2_PLACEMENT_3D('',#18618,#15393,#15394);
#12787=AXIS2_PLACEMENT_3D('',#18619,#15395,#15396);
#12788=AXIS2_PLACEMENT_3D('',#18620,#15397,#15398);
#12789=AXIS2_PLACEMENT_3D('',#18621,#15399,#15400);
#12790=AXIS2_PLACEMENT_3D('',#18622,#15401,#15402);
#12791=AXIS2_PLACEMENT_3D('',#18623,#15403,#15404);
#12792=AXIS2_PLACEMENT_3D('',#18624,#15405,#15406);
#12793=AXIS2_PLACEMENT_3D('',#18625,#15407,#15408);
#12794=AXIS2_PLACEMENT_3D('',#18626,#15409,#15410);
#12795=AXIS2_PLACEMENT_3D('',#18627,#15411,#15412);
#12796=AXIS2_PLACEMENT_3D('',#18628,#15413,#15414);
#12797=AXIS2_PLACEMENT_3D('',#18629,#15415,#15416);
#12798=AXIS2_PLACEMENT_3D('',#18630,#15417,#15418);
#12799=AXIS2_PLACEMENT_3D('',#18639,#15423,#15424);
#12800=AXIS2_PLACEMENT_3D('',#18648,#15429,#15430);
#12801=AXIS2_PLACEMENT_3D('',#18657,#15435,#15436);
#12802=AXIS2_PLACEMENT_3D('',#18666,#15441,#15442);
#12803=AXIS2_PLACEMENT_3D('',#18667,#15443,#15444);
#12804=AXIS2_PLACEMENT_3D('',#18672,#15446,#15447);
#12805=AXIS2_PLACEMENT_3D('',#18676,#15449,#15450);
#12806=AXIS2_PLACEMENT_3D('',#18680,#15452,#15453);
#12807=AXIS2_PLACEMENT_3D('',#18683,#15455,#15456);
#12808=AXIS2_PLACEMENT_3D('',#18684,#15457,#15458);
#12809=AXIS2_PLACEMENT_3D('',#18685,#15459,#15460);
#12810=AXIS2_PLACEMENT_3D('',#18686,#15461,#15462);
#12811=AXIS2_PLACEMENT_3D('',#18687,#15463,#15464);
#12812=AXIS2_PLACEMENT_3D('',#18688,#15465,#15466);
#12813=AXIS2_PLACEMENT_3D('',#18690,#15467,#15468);
#12814=AXIS2_PLACEMENT_3D('',#18692,#15469,#15470);
#12815=AXIS2_PLACEMENT_3D('',#18694,#15471,#15472);
#12816=AXIS2_PLACEMENT_3D('',#18699,#15474,#15475);
#12817=AXIS2_PLACEMENT_3D('',#18703,#15477,#15478);
#12818=AXIS2_PLACEMENT_3D('',#18707,#15480,#15481);
#12819=AXIS2_PLACEMENT_3D('',#18711,#15483,#15484);
#12820=AXIS2_PLACEMENT_3D('',#18712,#15485,#15486);
#12821=AXIS2_PLACEMENT_3D('',#18713,#15487,#15488);
#12822=AXIS2_PLACEMENT_3D('',#18714,#15489,#15490);
#12823=AXIS2_PLACEMENT_3D('',#18715,#15491,#15492);
#12824=AXIS2_PLACEMENT_3D('',#18716,#15493,#15494);
#12825=AXIS2_PLACEMENT_3D('',#18717,#15495,#15496);
#12826=AXIS2_PLACEMENT_3D('',#18718,#15497,#15498);
#12827=AXIS2_PLACEMENT_3D('',#18719,#15499,#15500);
#12828=AXIS2_PLACEMENT_3D('',#18720,#15501,#15502);
#12829=AXIS2_PLACEMENT_3D('',#18721,#15503,#15504);
#12830=AXIS2_PLACEMENT_3D('',#18722,#15505,#15506);
#12831=AXIS2_PLACEMENT_3D('',#18723,#15507,#15508);
#12832=AXIS2_PLACEMENT_3D('',#18724,#15509,#15510);
#12833=AXIS2_PLACEMENT_3D('',#18725,#15511,#15512);
#12834=AXIS2_PLACEMENT_3D('',#18726,#15513,#15514);
#12835=AXIS2_PLACEMENT_3D('',#18727,#15515,#15516);
#12836=AXIS2_PLACEMENT_3D('',#18728,#15517,#15518);
#12837=AXIS2_PLACEMENT_3D('',#18729,#15519,#15520);
#12838=AXIS2_PLACEMENT_3D('',#18730,#15521,#15522);
#12839=AXIS2_PLACEMENT_3D('',#18731,#15523,#15524);
#12840=AXIS2_PLACEMENT_3D('',#18732,#15525,#15526);
#12841=AXIS2_PLACEMENT_3D('',#18733,#15527,#15528);
#12842=AXIS2_PLACEMENT_3D('',#18734,#15529,#15530);
#12843=AXIS2_PLACEMENT_3D('',#18735,#15531,#15532);
#12844=AXIS2_PLACEMENT_3D('',#18736,#15533,#15534);
#12845=AXIS2_PLACEMENT_3D('',#18742,#15538,#15539);
#12846=AXIS2_PLACEMENT_3D('',#18748,#15543,#15544);
#12847=AXIS2_PLACEMENT_3D('',#18754,#15548,#15549);
#12848=AXIS2_PLACEMENT_3D('',#18760,#15553,#15554);
#12849=AXIS2_PLACEMENT_3D('',#18761,#15555,#15556);
#12850=AXIS2_PLACEMENT_3D('',#18763,#15557,#15558);
#12851=AXIS2_PLACEMENT_3D('',#18765,#15559,#15560);
#12852=AXIS2_PLACEMENT_3D('',#18767,#15561,#15562);
#12853=AXIS2_PLACEMENT_3D('',#18769,#15563,#15564);
#12854=AXIS2_PLACEMENT_3D('',#18770,#15565,#15566);
#12855=AXIS2_PLACEMENT_3D('',#18771,#15567,#15568);
#12856=AXIS2_PLACEMENT_3D('',#18772,#15569,#15570);
#12857=AXIS2_PLACEMENT_3D('',#18773,#15571,#15572);
#12858=AXIS2_PLACEMENT_3D('',#18774,#15573,#15574);
#12859=AXIS2_PLACEMENT_3D('',#18775,#15575,#15576);
#12860=AXIS2_PLACEMENT_3D('',#18776,#15577,#15578);
#12861=AXIS2_PLACEMENT_3D('',#18777,#15579,#15580);
#12862=AXIS2_PLACEMENT_3D('',#18778,#15581,#15582);
#12863=AXIS2_PLACEMENT_3D('',#18780,#15583,#15584);
#12864=AXIS2_PLACEMENT_3D('',#18781,#15585,#15586);
#12865=AXIS2_PLACEMENT_3D('',#18783,#15587,#15588);
#12866=AXIS2_PLACEMENT_3D('',#18784,#15589,#15590);
#12867=AXIS2_PLACEMENT_3D('',#18786,#15591,#15592);
#12868=AXIS2_PLACEMENT_3D('',#18787,#15593,#15594);
#12869=AXIS2_PLACEMENT_3D('',#18789,#15595,#15596);
#12870=AXIS2_PLACEMENT_3D('',#18790,#15597,#15598);
#12871=AXIS2_PLACEMENT_3D('',#18792,#15599,#15600);
#12872=AXIS2_PLACEMENT_3D('',#18793,#15601,#15602);
#12873=AXIS2_PLACEMENT_3D('',#18795,#15603,#15604);
#12874=AXIS2_PLACEMENT_3D('',#18796,#15605,#15606);
#12875=AXIS2_PLACEMENT_3D('',#18798,#15607,#15608);
#12876=AXIS2_PLACEMENT_3D('',#18799,#15609,#15610);
#12877=AXIS2_PLACEMENT_3D('',#18801,#15611,#15612);
#12878=AXIS2_PLACEMENT_3D('',#18802,#15613,#15614);
#12879=AXIS2_PLACEMENT_3D('',#18803,#15615,#15616);
#12880=AXIS2_PLACEMENT_3D('',#18804,#15617,#15618);
#12881=AXIS2_PLACEMENT_3D('',#18805,#15619,#15620);
#12882=AXIS2_PLACEMENT_3D('',#18806,#15621,#15622);
#12883=AXIS2_PLACEMENT_3D('',#18807,#15623,#15624);
#12884=AXIS2_PLACEMENT_3D('',#18811,#15626,#15627);
#12885=AXIS2_PLACEMENT_3D('',#18812,#15628,#15629);
#12886=AXIS2_PLACEMENT_3D('',#18813,#15630,#15631);
#12887=AXIS2_PLACEMENT_3D('',#18815,#15632,#15633);
#12888=AXIS2_PLACEMENT_3D('',#18816,#15634,#15635);
#12889=AXIS2_PLACEMENT_3D('',#18817,#15636,#15637);
#12890=AXIS2_PLACEMENT_3D('',#18819,#15638,#15639);
#12891=AXIS2_PLACEMENT_3D('',#18820,#15640,#15641);
#12892=AXIS2_PLACEMENT_3D('',#18821,#15642,#15643);
#12893=AXIS2_PLACEMENT_3D('',#18823,#15644,#15645);
#12894=AXIS2_PLACEMENT_3D('',#18825,#15646,#15647);
#12895=AXIS2_PLACEMENT_3D('',#18826,#15648,#15649);
#12896=AXIS2_PLACEMENT_3D('',#18828,#15650,#15651);
#12897=AXIS2_PLACEMENT_3D('',#18831,#15653,#15654);
#12898=AXIS2_PLACEMENT_3D('',#18832,#15655,#15656);
#12899=AXIS2_PLACEMENT_3D('',#18835,#15658,#15659);
#12900=AXIS2_PLACEMENT_3D('',#18836,#15660,#15661);
#12901=AXIS2_PLACEMENT_3D('',#18837,#15662,#15663);
#12902=AXIS2_PLACEMENT_3D('',#18840,#15665,#15666);
#12903=AXIS2_PLACEMENT_3D('',#18841,#15667,#15668);
#12904=AXIS2_PLACEMENT_3D('',#18843,#15669,#15670);
#12905=AXIS2_PLACEMENT_3D('',#18844,#15671,#15672);
#12906=AXIS2_PLACEMENT_3D('',#18845,#15673,#15674);
#12907=AXIS2_PLACEMENT_3D('',#18847,#15675,#15676);
#12908=AXIS2_PLACEMENT_3D('',#18848,#15677,#15678);
#12909=AXIS2_PLACEMENT_3D('',#18849,#15679,#15680);
#12910=AXIS2_PLACEMENT_3D('',#18850,#15681,#15682);
#12911=AXIS2_PLACEMENT_3D('',#18851,#15683,#15684);
#12912=AXIS2_PLACEMENT_3D('',#18852,#15685,#15686);
#12913=AXIS2_PLACEMENT_3D('',#18853,#15687,#15688);
#12914=AXIS2_PLACEMENT_3D('',#18854,#15689,#15690);
#12915=AXIS2_PLACEMENT_3D('',#18855,#15691,#15692);
#12916=AXIS2_PLACEMENT_3D('',#18856,#15693,#15694);
#12917=AXIS2_PLACEMENT_3D('',#18857,#15695,#15696);
#12918=AXIS2_PLACEMENT_3D('',#18858,#15697,#15698);
#12919=AXIS2_PLACEMENT_3D('',#18859,#15699,#15700);
#12920=AXIS2_PLACEMENT_3D('',#18860,#15701,#15702);
#12921=AXIS2_PLACEMENT_3D('',#18869,#15707,#15708);
#12922=AXIS2_PLACEMENT_3D('',#18875,#15712,#15713);
#12923=AXIS2_PLACEMENT_3D('',#18881,#15717,#15718);
#12924=AXIS2_PLACEMENT_3D('',#18883,#15720,#15721);
#12925=AXIS2_PLACEMENT_3D('',#18885,#15722,#15723);
#12926=AXIS2_PLACEMENT_3D('',#18887,#15724,#15725);
#12927=AXIS2_PLACEMENT_3D('',#18889,#15726,#15727);
#12928=AXIS2_PLACEMENT_3D('',#18891,#15728,#15729);
#12929=AXIS2_PLACEMENT_3D('',#18893,#15730,#15731);
#12930=AXIS2_PLACEMENT_3D('',#18895,#15732,#15733);
#12931=AXIS2_PLACEMENT_3D('',#18897,#15734,#15735);
#12932=AXIS2_PLACEMENT_3D('',#18899,#15736,#15737);
#12933=AXIS2_PLACEMENT_3D('',#18901,#15738,#15739);
#12934=AXIS2_PLACEMENT_3D('',#18903,#15740,#15741);
#12935=AXIS2_PLACEMENT_3D('',#18905,#15742,#15743);
#12936=AXIS2_PLACEMENT_3D('',#18907,#15744,#15745);
#12937=AXIS2_PLACEMENT_3D('',#18909,#15746,#15747);
#12938=AXIS2_PLACEMENT_3D('',#18911,#15748,#15749);
#12939=AXIS2_PLACEMENT_3D('',#18913,#15750,#15751);
#12940=AXIS2_PLACEMENT_3D('',#18915,#15752,#15753);
#12941=AXIS2_PLACEMENT_3D('',#18917,#15754,#15755);
#12942=AXIS2_PLACEMENT_3D('',#18919,#15756,#15757);
#12943=AXIS2_PLACEMENT_3D('',#18921,#15758,#15759);
#12944=AXIS2_PLACEMENT_3D('',#18923,#15760,#15761);
#12945=AXIS2_PLACEMENT_3D('',#18925,#15762,#15763);
#12946=AXIS2_PLACEMENT_3D('',#18927,#15764,#15765);
#12947=AXIS2_PLACEMENT_3D('',#18929,#15766,#15767);
#12948=AXIS2_PLACEMENT_3D('',#18931,#15768,#15769);
#12949=AXIS2_PLACEMENT_3D('',#18933,#15770,#15771);
#12950=AXIS2_PLACEMENT_3D('',#18935,#15772,#15773);
#12951=AXIS2_PLACEMENT_3D('',#18937,#15774,#15775);
#12952=AXIS2_PLACEMENT_3D('',#18939,#15776,#15777);
#12953=AXIS2_PLACEMENT_3D('',#18941,#15778,#15779);
#12954=AXIS2_PLACEMENT_3D('',#18943,#15780,#15781);
#12955=AXIS2_PLACEMENT_3D('',#18945,#15782,#15783);
#12956=AXIS2_PLACEMENT_3D('',#18947,#15784,#15785);
#12957=AXIS2_PLACEMENT_3D('',#18949,#15786,#15787);
#12958=AXIS2_PLACEMENT_3D('',#18951,#15788,#15789);
#12959=AXIS2_PLACEMENT_3D('',#18953,#15790,#15791);
#12960=AXIS2_PLACEMENT_3D('',#18955,#15792,#15793);
#12961=AXIS2_PLACEMENT_3D('',#18957,#15794,#15795);
#12962=AXIS2_PLACEMENT_3D('',#18959,#15796,#15797);
#12963=AXIS2_PLACEMENT_3D('',#18961,#15798,#15799);
#12964=AXIS2_PLACEMENT_3D('',#18963,#15800,#15801);
#12965=AXIS2_PLACEMENT_3D('',#18965,#15802,#15803);
#12966=AXIS2_PLACEMENT_3D('',#18967,#15804,#15805);
#12967=AXIS2_PLACEMENT_3D('',#18969,#15806,#15807);
#12968=AXIS2_PLACEMENT_3D('',#18971,#15808,#15809);
#12969=AXIS2_PLACEMENT_3D('',#18973,#15810,#15811);
#12970=AXIS2_PLACEMENT_3D('',#18975,#15812,#15813);
#12971=AXIS2_PLACEMENT_3D('',#18977,#15814,#15815);
#12972=AXIS2_PLACEMENT_3D('',#18979,#15816,#15817);
#12973=AXIS2_PLACEMENT_3D('',#18981,#15819,#15820);
#12974=AXIS2_PLACEMENT_3D('',#18983,#15821,#15822);
#12975=AXIS2_PLACEMENT_3D('',#18985,#15823,#15824);
#12976=AXIS2_PLACEMENT_3D('',#18987,#15825,#15826);
#12977=AXIS2_PLACEMENT_3D('',#18989,#15827,#15828);
#12978=AXIS2_PLACEMENT_3D('',#18991,#15829,#15830);
#12979=AXIS2_PLACEMENT_3D('',#18993,#15831,#15832);
#12980=AXIS2_PLACEMENT_3D('',#18995,#15833,#15834);
#12981=AXIS2_PLACEMENT_3D('',#18997,#15835,#15836);
#12982=AXIS2_PLACEMENT_3D('',#18999,#15837,#15838);
#12983=AXIS2_PLACEMENT_3D('',#19001,#15839,#15840);
#12984=AXIS2_PLACEMENT_3D('',#19003,#15841,#15842);
#12985=AXIS2_PLACEMENT_3D('',#19005,#15843,#15844);
#12986=AXIS2_PLACEMENT_3D('',#19007,#15845,#15846);
#12987=AXIS2_PLACEMENT_3D('',#19009,#15847,#15848);
#12988=AXIS2_PLACEMENT_3D('',#19011,#15849,#15850);
#12989=AXIS2_PLACEMENT_3D('',#19013,#15851,#15852);
#12990=AXIS2_PLACEMENT_3D('',#19015,#15853,#15854);
#12991=AXIS2_PLACEMENT_3D('',#19017,#15855,#15856);
#12992=AXIS2_PLACEMENT_3D('',#19019,#15857,#15858);
#12993=AXIS2_PLACEMENT_3D('',#19021,#15859,#15860);
#12994=AXIS2_PLACEMENT_3D('',#19023,#15861,#15862);
#12995=AXIS2_PLACEMENT_3D('',#19025,#15863,#15864);
#12996=AXIS2_PLACEMENT_3D('',#19027,#15865,#15866);
#12997=AXIS2_PLACEMENT_3D('',#19029,#15867,#15868);
#12998=AXIS2_PLACEMENT_3D('',#19031,#15869,#15870);
#12999=AXIS2_PLACEMENT_3D('',#19033,#15871,#15872);
#13000=AXIS2_PLACEMENT_3D('',#19035,#15873,#15874);
#13001=AXIS2_PLACEMENT_3D('',#19037,#15875,#15876);
#13002=AXIS2_PLACEMENT_3D('',#19039,#15877,#15878);
#13003=AXIS2_PLACEMENT_3D('',#19041,#15879,#15880);
#13004=AXIS2_PLACEMENT_3D('',#19043,#15881,#15882);
#13005=AXIS2_PLACEMENT_3D('',#19045,#15883,#15884);
#13006=AXIS2_PLACEMENT_3D('',#19047,#15885,#15886);
#13007=AXIS2_PLACEMENT_3D('',#19049,#15887,#15888);
#13008=AXIS2_PLACEMENT_3D('',#19051,#15889,#15890);
#13009=AXIS2_PLACEMENT_3D('',#19053,#15891,#15892);
#13010=AXIS2_PLACEMENT_3D('',#19055,#15893,#15894);
#13011=AXIS2_PLACEMENT_3D('',#19057,#15895,#15896);
#13012=AXIS2_PLACEMENT_3D('',#19059,#15897,#15898);
#13013=AXIS2_PLACEMENT_3D('',#19061,#15899,#15900);
#13014=AXIS2_PLACEMENT_3D('',#19063,#15901,#15902);
#13015=AXIS2_PLACEMENT_3D('',#19065,#15903,#15904);
#13016=AXIS2_PLACEMENT_3D('',#19067,#15905,#15906);
#13017=AXIS2_PLACEMENT_3D('',#19069,#15907,#15908);
#13018=AXIS2_PLACEMENT_3D('',#19071,#15909,#15910);
#13019=AXIS2_PLACEMENT_3D('',#19073,#15911,#15912);
#13020=AXIS2_PLACEMENT_3D('',#19075,#15913,#15914);
#13021=AXIS2_PLACEMENT_3D('',#19077,#15915,#15916);
#13022=AXIS2_PLACEMENT_3D('',#19078,#15917,#15918);
#13023=AXIS2_PLACEMENT_3D('',#19080,#15920,#15921);
#13024=AXIS2_PLACEMENT_3D('',#19082,#15923,#15924);
#13025=AXIS2_PLACEMENT_3D('',#19084,#15926,#15927);
#13026=AXIS2_PLACEMENT_3D('',#19086,#15929,#15930);
#13027=AXIS2_PLACEMENT_3D('',#19088,#15932,#15933);
#13028=AXIS2_PLACEMENT_3D('',#19090,#15935,#15936);
#13029=AXIS2_PLACEMENT_3D('',#19092,#15938,#15939);
#13030=AXIS2_PLACEMENT_3D('',#19094,#15941,#15942);
#13031=AXIS2_PLACEMENT_3D('',#19096,#15944,#15945);
#13032=AXIS2_PLACEMENT_3D('',#19098,#15947,#15948);
#13033=AXIS2_PLACEMENT_3D('',#19100,#15950,#15951);
#13034=AXIS2_PLACEMENT_3D('',#19102,#15953,#15954);
#13035=AXIS2_PLACEMENT_3D('',#19104,#15956,#15957);
#13036=AXIS2_PLACEMENT_3D('',#19106,#15959,#15960);
#13037=AXIS2_PLACEMENT_3D('',#19108,#15962,#15963);
#13038=AXIS2_PLACEMENT_3D('',#19110,#15965,#15966);
#13039=AXIS2_PLACEMENT_3D('',#19112,#15968,#15969);
#13040=AXIS2_PLACEMENT_3D('',#19114,#15971,#15972);
#13041=AXIS2_PLACEMENT_3D('',#19116,#15974,#15975);
#13042=AXIS2_PLACEMENT_3D('',#19118,#15977,#15978);
#13043=AXIS2_PLACEMENT_3D('',#19120,#15980,#15981);
#13044=AXIS2_PLACEMENT_3D('',#19122,#15983,#15984);
#13045=AXIS2_PLACEMENT_3D('',#19124,#15986,#15987);
#13046=AXIS2_PLACEMENT_3D('',#19126,#15989,#15990);
#13047=AXIS2_PLACEMENT_3D('',#19128,#15992,#15993);
#13048=AXIS2_PLACEMENT_3D('',#19130,#15995,#15996);
#13049=AXIS2_PLACEMENT_3D('',#19132,#15998,#15999);
#13050=AXIS2_PLACEMENT_3D('',#19134,#16001,#16002);
#13051=AXIS2_PLACEMENT_3D('',#19136,#16004,#16005);
#13052=AXIS2_PLACEMENT_3D('',#19138,#16007,#16008);
#13053=AXIS2_PLACEMENT_3D('',#19140,#16010,#16011);
#13054=AXIS2_PLACEMENT_3D('',#19142,#16013,#16014);
#13055=AXIS2_PLACEMENT_3D('',#19144,#16016,#16017);
#13056=AXIS2_PLACEMENT_3D('',#19146,#16019,#16020);
#13057=AXIS2_PLACEMENT_3D('',#19148,#16022,#16023);
#13058=AXIS2_PLACEMENT_3D('',#19150,#16025,#16026);
#13059=AXIS2_PLACEMENT_3D('',#19152,#16028,#16029);
#13060=AXIS2_PLACEMENT_3D('',#19154,#16031,#16032);
#13061=AXIS2_PLACEMENT_3D('',#19156,#16034,#16035);
#13062=AXIS2_PLACEMENT_3D('',#19158,#16037,#16038);
#13063=AXIS2_PLACEMENT_3D('',#19160,#16040,#16041);
#13064=AXIS2_PLACEMENT_3D('',#19162,#16043,#16044);
#13065=AXIS2_PLACEMENT_3D('',#19164,#16046,#16047);
#13066=AXIS2_PLACEMENT_3D('',#19166,#16049,#16050);
#13067=AXIS2_PLACEMENT_3D('',#19168,#16052,#16053);
#13068=AXIS2_PLACEMENT_3D('',#19170,#16055,#16056);
#13069=AXIS2_PLACEMENT_3D('',#19172,#16058,#16059);
#13070=AXIS2_PLACEMENT_3D('',#19174,#16061,#16062);
#13071=AXIS2_PLACEMENT_3D('',#19175,#16063,#16064);
#13072=AXIS2_PLACEMENT_3D('',#19176,#16065,#16066);
#13073=AXIS2_PLACEMENT_3D('',#19177,#16067,#16068);
#13074=AXIS2_PLACEMENT_3D('',#19178,#16069,#16070);
#13075=AXIS2_PLACEMENT_3D('',#19179,#16071,#16072);
#13076=AXIS2_PLACEMENT_3D('',#19180,#16073,#16074);
#13077=AXIS2_PLACEMENT_3D('',#19181,#16075,#16076);
#13078=DIRECTION('',(0.,0.,1.));
#13079=DIRECTION('',(1.,0.,0.));
#13080=DIRECTION('',(0.,0.,1.));
#13081=DIRECTION('',(1.,0.,0.));
#13082=DIRECTION('',(0.,0.,1.));
#13083=DIRECTION('',(1.,0.,0.));
#13084=DIRECTION('',(0.,-1.,0.));
#13085=DIRECTION('',(0.,0.,1.));
#13086=DIRECTION('',(1.,0.,0.));
#13087=DIRECTION('',(-1.,0.,0.));
#13088=DIRECTION('',(0.,0.,1.));
#13089=DIRECTION('',(1.,0.,0.));
#13090=DIRECTION('',(0.,-1.,0.));
#13091=DIRECTION('',(0.,0.,1.));
#13092=DIRECTION('',(1.,0.,0.));
#13093=DIRECTION('',(-1.,0.,0.));
#13094=DIRECTION('',(0.,0.,1.));
#13095=DIRECTION('',(1.,0.,0.));
#13096=DIRECTION('',(0.,-1.,0.));
#13097=DIRECTION('',(0.,0.,1.));
#13098=DIRECTION('',(1.,0.,0.));
#13099=DIRECTION('',(-1.,0.,0.));
#13100=DIRECTION('',(0.,0.,1.));
#13101=DIRECTION('',(1.,0.,0.));
#13102=DIRECTION('',(0.,-1.,0.));
#13103=DIRECTION('',(0.,0.,1.));
#13104=DIRECTION('',(1.,0.,0.));
#13105=DIRECTION('',(-1.,0.,0.));
#13106=DIRECTION('',(0.,1.,0.));
#13107=DIRECTION('',(0.,0.,1.));
#13108=DIRECTION('',(1.,0.,0.));
#13109=DIRECTION('',(1.,0.,0.));
#13110=DIRECTION('',(0.,0.,1.));
#13111=DIRECTION('',(1.,0.,0.));
#13112=DIRECTION('',(0.,1.,0.));
#13113=DIRECTION('',(0.,0.,1.));
#13114=DIRECTION('',(1.,0.,0.));
#13115=DIRECTION('',(1.,0.,0.));
#13116=DIRECTION('',(0.,0.,1.));
#13117=DIRECTION('',(1.,0.,0.));
#13118=DIRECTION('',(0.,0.,1.));
#13119=DIRECTION('',(1.,0.,0.));
#13120=DIRECTION('',(0.,0.,1.));
#13121=DIRECTION('',(1.,0.,0.));
#13122=DIRECTION('',(0.,-1.,0.));
#13123=DIRECTION('',(0.,0.,1.));
#13124=DIRECTION('',(1.,0.,0.));
#13125=DIRECTION('',(-1.,0.,0.));
#13126=DIRECTION('',(0.,0.,1.));
#13127=DIRECTION('',(1.,0.,0.));
#13128=DIRECTION('',(0.,-1.,0.));
#13129=DIRECTION('',(0.,0.,1.));
#13130=DIRECTION('',(1.,0.,0.));
#13131=DIRECTION('',(-1.,0.,0.));
#13132=DIRECTION('',(0.,0.,1.));
#13133=DIRECTION('',(1.,0.,0.));
#13134=DIRECTION('',(0.,-1.,0.));
#13135=DIRECTION('',(0.,0.,1.));
#13136=DIRECTION('',(1.,0.,0.));
#13137=DIRECTION('',(-1.,0.,0.));
#13138=DIRECTION('',(0.,0.,1.));
#13139=DIRECTION('',(1.,0.,0.));
#13140=DIRECTION('',(0.,-1.,0.));
#13141=DIRECTION('',(0.,0.,1.));
#13142=DIRECTION('',(1.,0.,0.));
#13143=DIRECTION('',(-1.,0.,0.));
#13144=DIRECTION('',(0.,0.,1.));
#13145=DIRECTION('',(1.,0.,0.));
#13146=DIRECTION('',(0.,-1.,0.));
#13147=DIRECTION('',(0.,0.,1.));
#13148=DIRECTION('',(1.,0.,0.));
#13149=DIRECTION('',(-1.,0.,0.));
#13150=DIRECTION('',(0.,0.,1.));
#13151=DIRECTION('',(1.,0.,0.));
#13152=DIRECTION('',(0.,-1.,0.));
#13153=DIRECTION('',(0.,0.,1.));
#13154=DIRECTION('',(1.,0.,0.));
#13155=DIRECTION('',(-1.,0.,0.));
#13156=DIRECTION('',(0.,0.,1.));
#13157=DIRECTION('',(1.,0.,0.));
#13158=DIRECTION('',(0.,0.,1.));
#13159=DIRECTION('',(1.,0.,0.));
#13160=DIRECTION('',(0.,0.,1.));
#13161=DIRECTION('',(1.,0.,0.));
#13162=DIRECTION('',(0.,0.,1.));
#13163=DIRECTION('',(1.,0.,0.));
#13164=DIRECTION('',(0.,0.,1.));
#13165=DIRECTION('',(1.,0.,0.));
#13166=DIRECTION('',(0.,0.,1.));
#13167=DIRECTION('',(1.,0.,0.));
#13168=DIRECTION('',(0.,1.,0.));
#13169=DIRECTION('',(0.,0.,1.));
#13170=DIRECTION('',(1.,0.,0.));
#13171=DIRECTION('',(1.,0.,0.));
#13172=DIRECTION('',(0.,0.,1.));
#13173=DIRECTION('',(1.,0.,0.));
#13174=DIRECTION('',(0.,1.,0.));
#13175=DIRECTION('',(0.,0.,1.));
#13176=DIRECTION('',(1.,0.,0.));
#13177=DIRECTION('',(1.,0.,0.));
#13178=DIRECTION('',(0.,0.,1.));
#13179=DIRECTION('',(1.,0.,0.));
#13180=DIRECTION('',(0.,-1.,0.));
#13181=DIRECTION('',(0.,0.,1.));
#13182=DIRECTION('',(1.,0.,0.));
#13183=DIRECTION('',(-1.,0.,0.));
#13184=DIRECTION('',(0.,0.,1.));
#13185=DIRECTION('',(1.,0.,0.));
#13186=DIRECTION('',(0.,-1.,0.));
#13187=DIRECTION('',(0.,0.,1.));
#13188=DIRECTION('',(1.,0.,0.));
#13189=DIRECTION('',(-1.,0.,0.));
#13190=DIRECTION('',(0.,0.,1.));
#13191=DIRECTION('',(1.,0.,0.));
#13192=DIRECTION('',(0.,-1.,0.));
#13193=DIRECTION('',(0.,0.,1.));
#13194=DIRECTION('',(1.,0.,0.));
#13195=DIRECTION('',(-1.,0.,0.));
#13196=DIRECTION('',(0.,0.,1.));
#13197=DIRECTION('',(1.,0.,0.));
#13198=DIRECTION('',(0.,-1.,0.));
#13199=DIRECTION('',(0.,0.,1.));
#13200=DIRECTION('',(1.,0.,0.));
#13201=DIRECTION('',(-1.,0.,0.));
#13202=DIRECTION('',(0.,0.,1.));
#13203=DIRECTION('',(1.,0.,0.));
#13204=DIRECTION('',(0.,-1.,0.));
#13205=DIRECTION('',(0.,0.,1.));
#13206=DIRECTION('',(1.,0.,0.));
#13207=DIRECTION('',(-1.,0.,0.));
#13208=DIRECTION('',(0.,0.,1.));
#13209=DIRECTION('',(1.,0.,0.));
#13210=DIRECTION('',(0.,-1.,0.));
#13211=DIRECTION('',(0.,0.,1.));
#13212=DIRECTION('',(1.,0.,0.));
#13213=DIRECTION('',(-1.,0.,0.));
#13214=DIRECTION('',(0.,0.,1.));
#13215=DIRECTION('',(1.,0.,0.));
#13216=DIRECTION('',(0.,-1.,0.));
#13217=DIRECTION('',(0.,0.,1.));
#13218=DIRECTION('',(1.,0.,0.));
#13219=DIRECTION('',(-1.,0.,0.));
#13220=DIRECTION('',(0.,0.,1.));
#13221=DIRECTION('',(1.,0.,0.));
#13222=DIRECTION('',(0.,-1.,0.));
#13223=DIRECTION('',(0.,0.,1.));
#13224=DIRECTION('',(1.,0.,0.));
#13225=DIRECTION('',(-1.,0.,0.));
#13226=DIRECTION('',(0.,0.,1.));
#13227=DIRECTION('',(1.,0.,0.));
#13228=DIRECTION('',(0.,-1.,0.));
#13229=DIRECTION('',(0.,0.,1.));
#13230=DIRECTION('',(1.,0.,0.));
#13231=DIRECTION('',(-1.,0.,0.));
#13232=DIRECTION('',(0.,0.,1.));
#13233=DIRECTION('',(1.,0.,0.));
#13234=DIRECTION('',(0.,-1.,0.));
#13235=DIRECTION('',(0.,0.,1.));
#13236=DIRECTION('',(1.,0.,0.));
#13237=DIRECTION('',(-1.,0.,0.));
#13238=DIRECTION('',(0.,0.,1.));
#13239=DIRECTION('',(1.,0.,0.));
#13240=DIRECTION('',(-1.,0.,0.));
#13241=DIRECTION('',(0.,0.,1.));
#13242=DIRECTION('',(0.,0.,-1.));
#13243=DIRECTION('',(0.,1.,0.));
#13244=DIRECTION('',(0.,0.,-1.));
#13245=DIRECTION('',(0.,1.,0.));
#13246=DIRECTION('',(0.,1.,0.));
#13247=DIRECTION('',(0.,0.,1.));
#13248=DIRECTION('',(1.,0.,0.));
#13249=DIRECTION('',(0.,0.,-1.));
#13250=DIRECTION('',(1.,0.,0.));
#13251=DIRECTION('',(0.,0.,1.));
#13252=DIRECTION('',(0.,0.,-1.));
#13253=DIRECTION('',(1.,0.,0.));
#13254=DIRECTION('',(0.,0.,-1.));
#13255=DIRECTION('',(1.,0.,0.));
#13256=DIRECTION('',(-1.,0.,0.));
#13257=DIRECTION('',(0.,0.,1.));
#13258=DIRECTION('',(0.,0.,-1.));
#13259=DIRECTION('',(0.,1.,0.));
#13260=DIRECTION('',(0.,0.,-1.));
#13261=DIRECTION('',(0.,1.,0.));
#13262=DIRECTION('',(0.,1.,0.));
#13263=DIRECTION('',(0.,0.,1.));
#13264=DIRECTION('',(0.,0.,-1.));
#13265=DIRECTION('',(1.,0.,0.));
#13266=DIRECTION('',(0.,0.,-1.));
#13267=DIRECTION('',(1.,0.,0.));
#13268=DIRECTION('',(0.,0.,1.));
#13269=DIRECTION('',(1.,0.,0.));
#13270=DIRECTION('',(0.,-1.,0.));
#13271=DIRECTION('',(0.,0.,1.));
#13272=DIRECTION('',(1.,0.,0.));
#13273=DIRECTION('',(-1.,0.,0.));
#13274=DIRECTION('',(0.,0.,1.));
#13275=DIRECTION('',(1.,0.,0.));
#13276=DIRECTION('',(0.,-1.,0.));
#13277=DIRECTION('',(0.,0.,1.));
#13278=DIRECTION('',(1.,0.,0.));
#13279=DIRECTION('',(-1.,0.,0.));
#13280=DIRECTION('',(0.,0.,1.));
#13281=DIRECTION('',(1.,0.,0.));
#13282=DIRECTION('',(0.,0.,1.));
#13283=DIRECTION('',(1.,0.,0.));
#13284=DIRECTION('',(0.,0.,1.));
#13285=DIRECTION('',(1.,0.,0.));
#13286=DIRECTION('',(0.,0.,1.));
#13287=DIRECTION('',(1.,0.,0.));
#13288=DIRECTION('',(0.,0.,1.));
#13289=DIRECTION('',(1.,0.,0.));
#13290=DIRECTION('',(0.,0.,1.));
#13291=DIRECTION('',(1.,0.,0.));
#13292=DIRECTION('',(0.,0.,1.));
#13293=DIRECTION('',(1.,0.,0.));
#13294=DIRECTION('',(0.,0.,-1.));
#13295=DIRECTION('',(-1.,0.,0.));
#13296=DIRECTION('',(0.,0.,1.));
#13297=DIRECTION('',(1.,0.,0.));
#13298=DIRECTION('',(0.,0.,-1.));
#13299=DIRECTION('',(-1.,0.,0.));
#13300=DIRECTION('',(0.,0.,1.));
#13301=DIRECTION('',(1.,0.,0.));
#13302=DIRECTION('',(0.,0.,1.));
#13303=DIRECTION('',(1.,0.,0.));
#13304=DIRECTION('',(0.,0.,1.));
#13305=DIRECTION('',(1.,0.,0.));
#13306=DIRECTION('',(-1.,0.,0.));
#13307=DIRECTION('',(0.,0.,1.));
#13308=DIRECTION('',(1.,0.,0.));
#13309=DIRECTION('',(0.,0.,-1.));
#13310=DIRECTION('',(-1.,0.,0.));
#13311=DIRECTION('',(0.,0.,1.));
#13312=DIRECTION('',(0.,0.,1.));
#13313=DIRECTION('',(1.,0.,0.));
#13314=DIRECTION('',(0.,1.,0.));
#13315=DIRECTION('',(0.,0.,1.));
#13316=DIRECTION('',(0.,0.,1.));
#13317=DIRECTION('',(1.,0.,0.));
#13318=DIRECTION('',(0.,1.,0.));
#13319=DIRECTION('',(0.,0.,1.));
#13320=DIRECTION('',(0.,1.,0.));
#13321=DIRECTION('',(0.,0.,1.));
#13322=DIRECTION('',(0.,1.,0.));
#13323=DIRECTION('',(0.,0.,1.));
#13324=DIRECTION('',(0.,-1.,0.));
#13325=DIRECTION('',(0.,0.,-1.));
#13326=DIRECTION('',(0.,1.,0.));
#13327=DIRECTION('',(0.,0.,1.));
#13328=DIRECTION('',(0.,0.,1.));
#13329=DIRECTION('',(1.,0.,0.));
#13330=DIRECTION('',(1.,0.,0.));
#13331=DIRECTION('',(0.,0.,-1.));
#13332=DIRECTION('',(0.,0.,1.));
#13333=DIRECTION('',(1.,0.,0.));
#13334=DIRECTION('',(-1.,0.,0.));
#13335=DIRECTION('',(0.,0.,1.));
#13336=DIRECTION('',(1.,0.,0.));
#13337=DIRECTION('',(0.,0.,-1.));
#13338=DIRECTION('',(-1.,0.,0.));
#13339=DIRECTION('',(0.,0.,1.));
#13340=DIRECTION('',(0.,0.,-1.));
#13341=DIRECTION('',(0.,0.,-1.));
#13342=DIRECTION('',(0.,1.,0.));
#13343=DIRECTION('',(0.,0.,1.));
#13344=DIRECTION('',(1.,0.,0.));
#13345=DIRECTION('',(0.,0.,1.));
#13346=DIRECTION('',(1.,0.,0.));
#13347=DIRECTION('',(0.,0.,1.));
#13348=DIRECTION('',(0.,0.,-1.));
#13349=DIRECTION('',(0.,0.,-1.));
#13350=DIRECTION('',(-1.,0.,0.));
#13351=DIRECTION('',(0.,0.,1.));
#13352=DIRECTION('',(0.,0.,-1.));
#13353=DIRECTION('',(0.,0.,-1.));
#13354=DIRECTION('',(0.,1.,0.));
#13355=DIRECTION('',(0.,0.,1.));
#13356=DIRECTION('',(0.,0.,-1.));
#13357=DIRECTION('',(0.,0.,-1.));
#13358=DIRECTION('',(0.,0.,1.));
#13359=DIRECTION('',(1.,0.,0.));
#13360=DIRECTION('',(0.,0.,-1.));
#13361=DIRECTION('',(-1.,0.,0.));
#13362=DIRECTION('',(0.,0.,-1.));
#13363=DIRECTION('',(-1.,0.,0.));
#13364=DIRECTION('',(0.,0.,1.));
#13365=DIRECTION('',(1.,0.,0.));
#13366=DIRECTION('',(0.,0.,-1.));
#13367=DIRECTION('',(-1.,0.,0.));
#13368=DIRECTION('',(0.,0.,1.));
#13369=DIRECTION('',(1.,0.,0.));
#13370=DIRECTION('',(0.,0.,1.));
#13371=DIRECTION('',(1.,0.,0.));
#13372=DIRECTION('',(0.,0.,1.));
#13373=DIRECTION('',(1.,0.,0.));
#13374=DIRECTION('',(0.,0.,-1.));
#13375=DIRECTION('',(-1.,0.,0.));
#13376=DIRECTION('',(0.,0.,1.));
#13377=DIRECTION('',(1.,0.,0.));
#13378=DIRECTION('',(0.,0.,1.));
#13379=DIRECTION('',(1.,0.,0.));
#13380=DIRECTION('',(0.,0.,1.));
#13381=DIRECTION('',(1.,0.,0.));
#13382=DIRECTION('',(0.,0.,-1.));
#13383=DIRECTION('',(-1.,0.,0.));
#13384=DIRECTION('',(0.,0.,1.));
#13385=DIRECTION('',(1.,0.,0.));
#13386=DIRECTION('',(0.,0.,1.));
#13387=DIRECTION('',(1.,0.,0.));
#13388=DIRECTION('',(0.,0.,1.));
#13389=DIRECTION('',(1.,0.,0.));
#13390=DIRECTION('',(0.,0.,-1.));
#13391=DIRECTION('',(-1.,0.,0.));
#13392=DIRECTION('',(0.,0.,1.));
#13393=DIRECTION('',(1.,0.,0.));
#13394=DIRECTION('',(0.,0.,1.));
#13395=DIRECTION('',(1.,0.,0.));
#13396=DIRECTION('',(0.,0.,1.));
#13397=DIRECTION('',(1.,0.,0.));
#13398=DIRECTION('',(0.,0.,-1.));
#13399=DIRECTION('',(-1.,0.,0.));
#13400=DIRECTION('',(0.,0.,1.));
#13401=DIRECTION('',(1.,0.,0.));
#13402=DIRECTION('',(0.,0.,1.));
#13403=DIRECTION('',(1.,0.,0.));
#13404=DIRECTION('',(0.,0.,-1.));
#13405=DIRECTION('',(-1.,0.,0.));
#13406=DIRECTION('',(0.,0.,1.));
#13407=DIRECTION('',(1.,0.,0.));
#13408=DIRECTION('',(0.,0.,1.));
#13409=DIRECTION('',(1.,0.,0.));
#13410=DIRECTION('',(0.,0.,-1.));
#13411=DIRECTION('',(-1.,0.,0.));
#13412=DIRECTION('',(0.,0.,1.));
#13413=DIRECTION('',(1.,0.,0.));
#13414=DIRECTION('',(0.,0.,1.));
#13415=DIRECTION('',(1.,0.,0.));
#13416=DIRECTION('',(0.,0.,-1.));
#13417=DIRECTION('',(-1.,0.,0.));
#13418=DIRECTION('',(0.,0.,1.));
#13419=DIRECTION('',(1.,0.,0.));
#13420=DIRECTION('',(0.,0.,1.));
#13421=DIRECTION('',(1.,0.,0.));
#13422=DIRECTION('',(0.,0.,-1.));
#13423=DIRECTION('',(-1.,0.,0.));
#13424=DIRECTION('',(-1.,0.,0.));
#13425=DIRECTION('',(0.,0.,1.));
#13426=DIRECTION('',(0.,0.,-1.));
#13427=DIRECTION('',(0.,0.,-1.));
#13428=DIRECTION('',(0.,1.,0.));
#13429=DIRECTION('',(0.,0.,1.));
#13430=DIRECTION('',(0.,0.,-1.));
#13431=DIRECTION('',(0.,0.,-1.));
#13432=DIRECTION('',(-1.,0.,0.));
#13433=DIRECTION('',(0.,0.,1.));
#13434=DIRECTION('',(0.,0.,-1.));
#13435=DIRECTION('',(0.,0.,-1.));
#13436=DIRECTION('',(0.,1.,0.));
#13437=DIRECTION('',(0.,0.,1.));
#13438=DIRECTION('',(0.,0.,-1.));
#13439=DIRECTION('',(0.,0.,-1.));
#13440=DIRECTION('',(0.,0.,1.));
#13441=DIRECTION('',(1.,0.,0.));
#13442=DIRECTION('',(0.,0.,-1.));
#13443=DIRECTION('',(-1.,0.,0.));
#13444=DIRECTION('',(0.,0.,-1.));
#13445=DIRECTION('',(-1.,0.,0.));
#13446=DIRECTION('',(0.,0.,1.));
#13447=DIRECTION('',(1.,0.,0.));
#13448=DIRECTION('',(-1.,0.,0.));
#13449=DIRECTION('',(0.,0.,1.));
#13450=DIRECTION('',(0.,0.,-1.));
#13451=DIRECTION('',(0.,0.,-1.));
#13452=DIRECTION('',(0.,1.,0.));
#13453=DIRECTION('',(0.,0.,1.));
#13454=DIRECTION('',(0.,0.,-1.));
#13455=DIRECTION('',(0.,0.,-1.));
#13456=DIRECTION('',(-1.,0.,0.));
#13457=DIRECTION('',(0.,0.,1.));
#13458=DIRECTION('',(0.,0.,-1.));
#13459=DIRECTION('',(0.,0.,-1.));
#13460=DIRECTION('',(0.,1.,0.));
#13461=DIRECTION('',(0.,0.,1.));
#13462=DIRECTION('',(0.,0.,-1.));
#13463=DIRECTION('',(0.,0.,-1.));
#13464=DIRECTION('',(0.,0.,1.));
#13465=DIRECTION('',(1.,0.,0.));
#13466=DIRECTION('',(0.,0.,-1.));
#13467=DIRECTION('',(-1.,0.,0.));
#13468=DIRECTION('',(0.,0.,-1.));
#13469=DIRECTION('',(-1.,0.,0.));
#13470=DIRECTION('',(0.,0.,1.));
#13471=DIRECTION('',(1.,0.,0.));
#13472=DIRECTION('',(-1.,0.,0.));
#13473=DIRECTION('',(0.,0.,1.));
#13474=DIRECTION('',(0.,0.,-1.));
#13475=DIRECTION('',(0.,0.,-1.));
#13476=DIRECTION('',(0.,1.,0.));
#13477=DIRECTION('',(0.,0.,1.));
#13478=DIRECTION('',(0.,0.,-1.));
#13479=DIRECTION('',(0.,0.,-1.));
#13480=DIRECTION('',(-1.,0.,0.));
#13481=DIRECTION('',(0.,0.,1.));
#13482=DIRECTION('',(0.,0.,-1.));
#13483=DIRECTION('',(0.,0.,-1.));
#13484=DIRECTION('',(0.,1.,0.));
#13485=DIRECTION('',(0.,0.,1.));
#13486=DIRECTION('',(0.,0.,-1.));
#13487=DIRECTION('',(0.,0.,-1.));
#13488=DIRECTION('',(0.,0.,1.));
#13489=DIRECTION('',(1.,0.,0.));
#13490=DIRECTION('',(0.,0.,-1.));
#13491=DIRECTION('',(-1.,0.,0.));
#13492=DIRECTION('',(0.,0.,-1.));
#13493=DIRECTION('',(-1.,0.,0.));
#13494=DIRECTION('',(0.,0.,1.));
#13495=DIRECTION('',(1.,0.,0.));
#13496=DIRECTION('',(-1.,0.,0.));
#13497=DIRECTION('',(0.,0.,1.));
#13498=DIRECTION('',(0.,0.,-1.));
#13499=DIRECTION('',(0.,0.,-1.));
#13500=DIRECTION('',(0.,1.,0.));
#13501=DIRECTION('',(0.,0.,1.));
#13502=DIRECTION('',(0.,0.,-1.));
#13503=DIRECTION('',(0.,0.,-1.));
#13504=DIRECTION('',(-1.,0.,0.));
#13505=DIRECTION('',(0.,0.,1.));
#13506=DIRECTION('',(0.,0.,-1.));
#13507=DIRECTION('',(0.,0.,-1.));
#13508=DIRECTION('',(0.,1.,0.));
#13509=DIRECTION('',(0.,0.,1.));
#13510=DIRECTION('',(0.,0.,-1.));
#13511=DIRECTION('',(0.,0.,-1.));
#13512=DIRECTION('',(0.,0.,1.));
#13513=DIRECTION('',(1.,0.,0.));
#13514=DIRECTION('',(0.,0.,-1.));
#13515=DIRECTION('',(-1.,0.,0.));
#13516=DIRECTION('',(0.,0.,-1.));
#13517=DIRECTION('',(-1.,0.,0.));
#13518=DIRECTION('',(0.,0.,1.));
#13519=DIRECTION('',(1.,0.,0.));
#13520=DIRECTION('',(-1.,0.,0.));
#13521=DIRECTION('',(0.,0.,1.));
#13522=DIRECTION('',(0.,0.,-1.));
#13523=DIRECTION('',(0.,0.,-1.));
#13524=DIRECTION('',(0.,1.,0.));
#13525=DIRECTION('',(0.,0.,1.));
#13526=DIRECTION('',(0.,0.,-1.));
#13527=DIRECTION('',(0.,0.,-1.));
#13528=DIRECTION('',(-1.,0.,0.));
#13529=DIRECTION('',(0.,0.,1.));
#13530=DIRECTION('',(0.,0.,-1.));
#13531=DIRECTION('',(0.,0.,-1.));
#13532=DIRECTION('',(0.,1.,0.));
#13533=DIRECTION('',(0.,0.,1.));
#13534=DIRECTION('',(0.,0.,-1.));
#13535=DIRECTION('',(0.,0.,-1.));
#13536=DIRECTION('',(0.,0.,1.));
#13537=DIRECTION('',(1.,0.,0.));
#13538=DIRECTION('',(0.,0.,-1.));
#13539=DIRECTION('',(-1.,0.,0.));
#13540=DIRECTION('',(0.,0.,-1.));
#13541=DIRECTION('',(-1.,0.,0.));
#13542=DIRECTION('',(0.,0.,1.));
#13543=DIRECTION('',(1.,0.,0.));
#13544=DIRECTION('',(0.,0.,-1.));
#13545=DIRECTION('',(-1.,0.,0.));
#13546=DIRECTION('',(0.,0.,1.));
#13547=DIRECTION('',(1.,0.,0.));
#13548=DIRECTION('',(0.,0.,-1.));
#13549=DIRECTION('',(0.,0.,1.));
#13550=DIRECTION('',(1.,0.,0.));
#13551=DIRECTION('',(0.,0.,1.));
#13552=DIRECTION('',(1.,0.,0.));
#13553=DIRECTION('',(0.,0.,1.));
#13554=DIRECTION('',(1.,0.,0.));
#13555=DIRECTION('',(0.,0.,-1.));
#13556=DIRECTION('',(0.,0.,1.));
#13557=DIRECTION('',(1.,0.,0.));
#13558=DIRECTION('',(0.,0.,1.));
#13559=DIRECTION('',(1.,0.,0.));
#13560=DIRECTION('',(0.,1.,0.));
#13561=DIRECTION('',(0.,1.,0.));
#13562=DIRECTION('',(0.,0.,1.));
#13563=DIRECTION('',(1.,0.,0.));
#13564=DIRECTION('',(0.,1.,0.));
#13565=DIRECTION('',(0.,1.,0.));
#13566=DIRECTION('',(-1.,0.,0.));
#13567=DIRECTION('',(0.,0.,1.));
#13568=DIRECTION('',(-1.,0.,0.));
#13569=DIRECTION('',(0.,0.,1.));
#13570=DIRECTION('',(0.,0.,1.));
#13571=DIRECTION('',(1.,0.,0.));
#13572=DIRECTION('',(-1.,1.110223024625E-16,0.));
#13573=DIRECTION('',(1.110223024625E-16,1.,0.));
#13574=DIRECTION('',(1.110223024625E-16,1.,0.));
#13575=DIRECTION('',(0.,0.,-1.));
#13576=DIRECTION('',(1.110223024625E-16,1.,0.));
#13577=DIRECTION('',(0.,0.,-1.));
#13578=DIRECTION('',(1.110223024625E-16,1.,0.));
#13579=DIRECTION('',(1.,-1.110223024625E-16,0.));
#13580=DIRECTION('',(0.,0.,-1.));
#13581=DIRECTION('',(1.,-1.110223024625E-16,0.));
#13582=DIRECTION('',(0.,0.,-1.));
#13583=DIRECTION('',(1.,-1.110223024625E-16,0.));
#13584=DIRECTION('',(-1.,1.110223024625E-16,0.));
#13585=DIRECTION('',(0.,0.,-1.));
#13586=DIRECTION('',(1.,-1.110223024625E-16,0.));
#13587=DIRECTION('',(-1.110223024625E-16,-1.,0.));
#13588=DIRECTION('',(-1.,1.110223024625E-16,0.));
#13589=DIRECTION('',(0.,0.,-1.));
#13590=DIRECTION('',(-1.,1.110223024625E-16,0.));
#13591=DIRECTION('',(0.,0.,-1.));
#13592=DIRECTION('',(-1.,1.110223024625E-16,0.));
#13593=DIRECTION('',(0.,0.,-1.));
#13594=DIRECTION('',(-1.,1.110223024625E-16,0.));
#13595=DIRECTION('',(-1.,1.110223024625E-16,0.));
#13596=DIRECTION('',(0.,0.,1.));
#13597=DIRECTION('',(1.110223024625E-16,1.,0.));
#13598=DIRECTION('',(1.110223024625E-16,1.,0.));
#13599=DIRECTION('',(0.,0.,1.));
#13600=DIRECTION('',(1.110223024625E-16,1.,0.));
#13601=DIRECTION('',(1.110223024625E-16,1.,0.));
#13602=DIRECTION('',(1.11022302462451E-16,1.,7.55704095298441E-29));
#13603=DIRECTION('',(1.,-1.11022302462451E-16,7.55704095298441E-29));
#13604=DIRECTION('',(-1.11022302462451E-16,-1.,7.55704095298441E-29));
#13605=DIRECTION('',(-1.,1.11022302462451E-16,7.55704095298441E-29));
#13606=DIRECTION('',(1.11022302462451E-16,1.,7.55704095298441E-29));
#13607=DIRECTION('',(1.,-1.11022302462451E-16,7.55704095298441E-29));
#13608=DIRECTION('',(-1.11022302462451E-16,-1.,7.55704095298441E-29));
#13609=DIRECTION('',(-1.,1.11022302462451E-16,7.55704095298441E-29));
#13610=DIRECTION('',(1.11022302462451E-16,1.,7.55704095298441E-29));
#13611=DIRECTION('',(1.,-1.11022302462451E-16,7.55704095298441E-29));
#13612=DIRECTION('',(-1.11022302462451E-16,-1.,7.55704095298441E-29));
#13613=DIRECTION('',(-1.,1.11022302462451E-16,7.55704095298441E-29));
#13614=DIRECTION('',(1.11022302462451E-16,1.,7.55704095298441E-29));
#13615=DIRECTION('',(1.,-1.11022302462451E-16,7.55704095298441E-29));
#13616=DIRECTION('',(-1.11022302462451E-16,-1.,7.55704095298441E-29));
#13617=DIRECTION('',(-1.,1.11022302462451E-16,7.55704095298441E-29));
#13618=DIRECTION('',(1.11022302462451E-16,1.,7.55704095298441E-29));
#13619=DIRECTION('',(1.,-1.11022302462451E-16,7.55704095298441E-29));
#13620=DIRECTION('',(-1.11022302462451E-16,-1.,7.55704095298441E-29));
#13621=DIRECTION('',(-1.,1.11022302462451E-16,7.55704095298441E-29));
#13622=DIRECTION('',(1.11022302462451E-16,1.,7.55704095298441E-29));
#13623=DIRECTION('',(1.,-1.11022302462451E-16,7.55704095298441E-29));
#13624=DIRECTION('',(-1.11022302462451E-16,-1.,7.55704095298441E-29));
#13625=DIRECTION('',(-1.,1.11022302462451E-16,7.55704095298441E-29));
#13626=DIRECTION('',(1.11022302462451E-16,1.,7.55704095298441E-29));
#13627=DIRECTION('',(1.,-1.11022302462451E-16,7.55704095298441E-29));
#13628=DIRECTION('',(-1.11022302462451E-16,-1.,7.55704095298441E-29));
#13629=DIRECTION('',(-1.,1.11022302462451E-16,7.55704095298441E-29));
#13630=DIRECTION('',(1.11022302462451E-16,1.,7.55704095298441E-29));
#13631=DIRECTION('',(1.,-1.11022302462451E-16,7.55704095298441E-29));
#13632=DIRECTION('',(-1.11022302462451E-16,-1.,7.55704095298441E-29));
#13633=DIRECTION('',(-1.,1.11022302462451E-16,7.55704095298441E-29));
#13634=DIRECTION('',(0.,0.,1.));
#13635=DIRECTION('',(1.110223024625E-16,1.,0.));
#13636=DIRECTION('',(-1.110223024625E-16,-1.,0.));
#13637=DIRECTION('',(1.110223024625E-16,1.,0.));
#13638=DIRECTION('',(1.,-1.110223024625E-16,0.));
#13639=DIRECTION('',(-1.110223024625E-16,-1.,0.));
#13640=DIRECTION('',(-1.110223024625E-16,-1.,0.));
#13641=DIRECTION('',(0.,0.,1.));
#13642=DIRECTION('',(1.110223024625E-16,1.,0.));
#13643=DIRECTION('',(1.110223024625E-16,1.,0.));
#13644=DIRECTION('',(-1.110223024625E-16,-1.,0.));
#13645=DIRECTION('',(1.110223024625E-16,1.,0.));
#13646=DIRECTION('',(-1.110223024625E-16,-1.,0.));
#13647=DIRECTION('',(-1.,1.110223024625E-16,0.));
#13648=DIRECTION('',(-1.110223024625E-16,-1.,0.));
#13649=DIRECTION('',(1.110223024625E-16,1.,0.));
#13650=DIRECTION('',(-1.110223024625E-16,-1.,0.));
#13651=DIRECTION('',(-1.,1.110223024625E-16,0.));
#13652=DIRECTION('',(-1.110223024625E-16,-1.,0.));
#13653=DIRECTION('',(1.110223024625E-16,1.,0.));
#13654=DIRECTION('',(-1.110223024625E-16,-1.,0.));
#13655=DIRECTION('',(-1.,1.110223024625E-16,0.));
#13656=DIRECTION('',(-1.110223024625E-16,-1.,0.));
#13657=DIRECTION('',(1.110223024625E-16,1.,0.));
#13658=DIRECTION('',(-1.110223024625E-16,-1.,0.));
#13659=DIRECTION('',(-1.,1.110223024625E-16,0.));
#13660=DIRECTION('',(-1.110223024625E-16,-1.,0.));
#13661=DIRECTION('',(1.110223024625E-16,1.,0.));
#13662=DIRECTION('',(-1.110223024625E-16,-1.,0.));
#13663=DIRECTION('',(-1.,1.110223024625E-16,0.));
#13664=DIRECTION('',(-1.110223024625E-16,-1.,0.));
#13665=DIRECTION('',(1.110223024625E-16,1.,0.));
#13666=DIRECTION('',(-1.110223024625E-16,-1.,0.));
#13667=DIRECTION('',(-1.,1.110223024625E-16,0.));
#13668=DIRECTION('',(-1.110223024625E-16,-1.,0.));
#13669=DIRECTION('',(1.110223024625E-16,1.,0.));
#13670=DIRECTION('',(-1.110223024625E-16,-1.,0.));
#13671=DIRECTION('',(-1.,1.110223024625E-16,0.));
#13672=DIRECTION('',(-1.110223024625E-16,-1.,0.));
#13673=DIRECTION('',(1.110223024625E-16,1.,0.));
#13674=DIRECTION('',(-1.110223024625E-16,-1.,0.));
#13675=DIRECTION('',(-1.,1.110223024625E-16,0.));
#13676=DIRECTION('',(-1.110223024625E-16,-1.,0.));
#13677=DIRECTION('',(1.110223024625E-16,1.,0.));
#13678=DIRECTION('',(-1.110223024625E-16,-1.,0.));
#13679=DIRECTION('',(-1.,1.110223024625E-16,0.));
#13680=DIRECTION('',(-1.110223024625E-16,-1.,0.));
#13681=DIRECTION('',(1.110223024625E-16,1.,0.));
#13682=DIRECTION('',(-1.110223024625E-16,-1.,0.));
#13683=DIRECTION('',(-1.,1.110223024625E-16,0.));
#13684=DIRECTION('',(-1.110223024625E-16,-1.,0.));
#13685=DIRECTION('',(1.110223024625E-16,1.,0.));
#13686=DIRECTION('',(-1.110223024625E-16,-1.,0.));
#13687=DIRECTION('',(-1.,1.110223024625E-16,0.));
#13688=DIRECTION('',(-1.110223024625E-16,-1.,0.));
#13689=DIRECTION('',(1.110223024625E-16,1.,0.));
#13690=DIRECTION('',(-1.110223024625E-16,-1.,0.));
#13691=DIRECTION('',(-1.,1.110223024625E-16,0.));
#13692=DIRECTION('',(-1.110223024625E-16,-1.,0.));
#13693=DIRECTION('',(1.110223024625E-16,1.,0.));
#13694=DIRECTION('',(-1.110223024625E-16,-1.,0.));
#13695=DIRECTION('',(-1.,1.110223024625E-16,0.));
#13696=DIRECTION('',(-1.110223024625E-16,-1.,0.));
#13697=DIRECTION('',(1.110223024625E-16,1.,0.));
#13698=DIRECTION('',(-1.110223024625E-16,-1.,0.));
#13699=DIRECTION('',(-1.,1.110223024625E-16,0.));
#13700=DIRECTION('',(-1.110223024625E-16,-1.,0.));
#13701=DIRECTION('',(1.110223024625E-16,1.,0.));
#13702=DIRECTION('',(-1.110223024625E-16,-1.,0.));
#13703=DIRECTION('',(-1.,1.110223024625E-16,0.));
#13704=DIRECTION('',(-1.110223024625E-16,-1.,0.));
#13705=DIRECTION('',(1.110223024625E-16,1.,0.));
#13706=DIRECTION('',(-1.110223024625E-16,-1.,0.));
#13707=DIRECTION('',(-1.,1.110223024625E-16,0.));
#13708=DIRECTION('',(-1.,1.110223024625E-16,0.));
#13709=DIRECTION('',(1.110223024625E-16,1.,0.));
#13710=DIRECTION('',(1.,-1.110223024625E-16,0.));
#13711=DIRECTION('',(-1.110223024625E-16,-1.,0.));
#13712=DIRECTION('',(-0.707106781186548,7.85046229340898E-17,0.707106781186548));
#13713=DIRECTION('',(1.11022302462451E-16,1.,7.55704095298441E-29));
#13714=DIRECTION('',(-0.577350269189625,0.577350269189628,-0.577350269189625));
#13715=DIRECTION('',(-0.577350269189624,-0.577350269189627,-0.577350269189627));
#13716=DIRECTION('',(1.110223024625E-16,1.,0.));
#13717=DIRECTION('',(-7.85046229340898E-17,-0.707106781186548,0.707106781186548));
#13718=DIRECTION('',(-1.,1.11022302462451E-16,7.55704095298441E-29));
#13719=DIRECTION('',(0.577350269189625,-0.577350269189628,-0.577350269189625));
#13720=DIRECTION('',(-1.,1.110223024625E-16,0.));
#13721=DIRECTION('',(0.707106781186548,-7.85046229340898E-17,0.707106781186548));
#13722=DIRECTION('',(-1.11022302462451E-16,-1.,7.55704095298441E-29));
#13723=DIRECTION('',(0.577350269189624,0.577350269189627,-0.577350269189627));
#13724=DIRECTION('',(-1.110223024625E-16,-1.,0.));
#13725=DIRECTION('',(7.85046229340898E-17,0.707106781186548,0.707106781186548));
#13726=DIRECTION('',(1.,-1.11022302462451E-16,7.55704095298441E-29));
#13727=DIRECTION('',(1.,-1.110223024625E-16,0.));
#13728=DIRECTION('',(-0.707106781186548,7.85046229340898E-17,0.707106781186548));
#13729=DIRECTION('',(1.11022302462451E-16,1.,7.55704095298441E-29));
#13730=DIRECTION('',(-0.577350269189624,0.577350269189627,-0.577350269189627));
#13731=DIRECTION('',(-0.577350269189626,-0.577350269189624,-0.577350269189628));
#13732=DIRECTION('',(1.110223024625E-16,1.,0.));
#13733=DIRECTION('',(-7.85046229340898E-17,-0.707106781186548,0.707106781186548));
#13734=DIRECTION('',(-1.,1.11022302462451E-16,7.55704095298441E-29));
#13735=DIRECTION('',(0.577350269189626,-0.577350269189626,-0.577350269189626));
#13736=DIRECTION('',(-1.,1.110223024625E-16,0.));
#13737=DIRECTION('',(0.707106781186548,-7.85046229340898E-17,0.707106781186548));
#13738=DIRECTION('',(-1.11022302462451E-16,-1.,7.55704095298441E-29));
#13739=DIRECTION('',(0.577350269189624,0.577350269189627,-0.577350269189627));
#13740=DIRECTION('',(-1.110223024625E-16,-1.,0.));
#13741=DIRECTION('',(7.85046229340898E-17,0.707106781186548,0.707106781186548));
#13742=DIRECTION('',(1.,-1.11022302462451E-16,7.55704095298441E-29));
#13743=DIRECTION('',(1.,-1.110223024625E-16,0.));
#13744=DIRECTION('',(-0.707106781186548,7.85046229340898E-17,0.707106781186548));
#13745=DIRECTION('',(1.11022302462451E-16,1.,7.55704095298441E-29));
#13746=DIRECTION('',(-0.577350269189624,0.577350269189627,-0.577350269189627));
#13747=DIRECTION('',(-0.577350269189626,-0.577350269189624,-0.577350269189628));
#13748=DIRECTION('',(1.110223024625E-16,1.,0.));
#13749=DIRECTION('',(-7.85046229340898E-17,-0.707106781186548,0.707106781186548));
#13750=DIRECTION('',(-1.,1.11022302462451E-16,7.55704095298441E-29));
#13751=DIRECTION('',(0.577350269189624,-0.577350269189627,-0.577350269189627));
#13752=DIRECTION('',(-1.,1.110223024625E-16,0.));
#13753=DIRECTION('',(0.707106781186548,-7.85046229340898E-17,0.707106781186548));
#13754=DIRECTION('',(-1.11022302462451E-16,-1.,7.55704095298441E-29));
#13755=DIRECTION('',(0.577350269189626,0.577350269189624,-0.577350269189628));
#13756=DIRECTION('',(-1.110223024625E-16,-1.,0.));
#13757=DIRECTION('',(7.85046229340898E-17,0.707106781186548,0.707106781186548));
#13758=DIRECTION('',(1.,-1.11022302462451E-16,7.55704095298441E-29));
#13759=DIRECTION('',(1.,-1.110223024625E-16,0.));
#13760=DIRECTION('',(-0.707106781186548,7.85046229340898E-17,0.707106781186548));
#13761=DIRECTION('',(1.11022302462451E-16,1.,7.55704095298441E-29));
#13762=DIRECTION('',(-0.577350269189626,0.577350269189626,-0.577350269189626));
#13763=DIRECTION('',(-0.577350269189627,-0.577350269189622,-0.577350269189629));
#13764=DIRECTION('',(1.110223024625E-16,1.,0.));
#13765=DIRECTION('',(-7.85046229340898E-17,-0.707106781186548,0.707106781186548));
#13766=DIRECTION('',(-1.,1.11022302462451E-16,7.55704095298441E-29));
#13767=DIRECTION('',(0.577350269189626,-0.577350269189626,-0.577350269189626));
#13768=DIRECTION('',(-1.,1.110223024625E-16,0.));
#13769=DIRECTION('',(0.707106781186548,-7.85046229340898E-17,0.707106781186548));
#13770=DIRECTION('',(-1.11022302462451E-16,-1.,7.55704095298441E-29));
#13771=DIRECTION('',(0.577350269189627,0.577350269189622,-0.577350269189629));
#13772=DIRECTION('',(-1.110223024625E-16,-1.,0.));
#13773=DIRECTION('',(7.85046229340898E-17,0.707106781186548,0.707106781186548));
#13774=DIRECTION('',(1.,-1.11022302462451E-16,7.55704095298441E-29));
#13775=DIRECTION('',(1.,-1.110223024625E-16,0.));
#13776=DIRECTION('',(-0.707106781186548,7.85046229340898E-17,0.707106781186548));
#13777=DIRECTION('',(1.11022302462451E-16,1.,7.55704095298441E-29));
#13778=DIRECTION('',(-0.577350269189624,0.577350269189627,-0.577350269189627));
#13779=DIRECTION('',(-0.577350269189626,-0.577350269189623,-0.577350269189628));
#13780=DIRECTION('',(1.110223024625E-16,1.,0.));
#13781=DIRECTION('',(-7.85046229340898E-17,-0.707106781186548,0.707106781186548));
#13782=DIRECTION('',(-1.,1.11022302462451E-16,7.55704095298441E-29));
#13783=DIRECTION('',(0.577350269189624,-0.577350269189626,-0.577350269189627));
#13784=DIRECTION('',(-1.,1.110223024625E-16,0.));
#13785=DIRECTION('',(0.707106781186548,-7.85046229340898E-17,0.707106781186548));
#13786=DIRECTION('',(-1.11022302462451E-16,-1.,7.55704095298441E-29));
#13787=DIRECTION('',(0.577350269189626,0.577350269189624,-0.577350269189628));
#13788=DIRECTION('',(-1.110223024625E-16,-1.,0.));
#13789=DIRECTION('',(7.85046229340898E-17,0.707106781186548,0.707106781186548));
#13790=DIRECTION('',(1.,-1.11022302462451E-16,7.55704095298441E-29));
#13791=DIRECTION('',(1.,-1.110223024625E-16,0.));
#13792=DIRECTION('',(-0.707106781186548,7.85046229340898E-17,0.707106781186548));
#13793=DIRECTION('',(1.11022302462451E-16,1.,7.55704095298441E-29));
#13794=DIRECTION('',(-0.577350269189625,0.577350269189627,-0.577350269189625));
#13795=DIRECTION('',(-0.577350269189626,-0.577350269189623,-0.577350269189628));
#13796=DIRECTION('',(1.110223024625E-16,1.,0.));
#13797=DIRECTION('',(-7.85046229340898E-17,-0.707106781186548,0.707106781186548));
#13798=DIRECTION('',(-1.,1.11022302462451E-16,7.55704095298441E-29));
#13799=DIRECTION('',(0.577350269189625,-0.577350269189627,-0.577350269189625));
#13800=DIRECTION('',(-1.,1.110223024625E-16,0.));
#13801=DIRECTION('',(0.707106781186548,-7.85046229340898E-17,0.707106781186548));
#13802=DIRECTION('',(-1.11022302462451E-16,-1.,7.55704095298441E-29));
#13803=DIRECTION('',(0.577350269189626,0.577350269189623,-0.577350269189628));
#13804=DIRECTION('',(-1.110223024625E-16,-1.,0.));
#13805=DIRECTION('',(7.85046229340898E-17,0.707106781186548,0.707106781186548));
#13806=DIRECTION('',(1.,-1.11022302462451E-16,7.55704095298441E-29));
#13807=DIRECTION('',(1.,-1.110223024625E-16,0.));
#13808=DIRECTION('',(-0.707106781186548,7.85046229340898E-17,0.707106781186548));
#13809=DIRECTION('',(1.11022302462451E-16,1.,7.55704095298441E-29));
#13810=DIRECTION('',(-0.577350269189624,0.577350269189625,-0.577350269189628));
#13811=DIRECTION('',(-0.577350269189626,-0.577350269189624,-0.577350269189628));
#13812=DIRECTION('',(1.110223024625E-16,1.,0.));
#13813=DIRECTION('',(-7.85046229340898E-17,-0.707106781186548,0.707106781186548));
#13814=DIRECTION('',(-1.,1.11022302462451E-16,7.55704095298441E-29));
#13815=DIRECTION('',(0.577350269189624,-0.577350269189626,-0.577350269189628));
#13816=DIRECTION('',(-1.,1.110223024625E-16,0.));
#13817=DIRECTION('',(0.707106781186548,-7.85046229340898E-17,0.707106781186548));
#13818=DIRECTION('',(-1.11022302462451E-16,-1.,7.55704095298441E-29));
#13819=DIRECTION('',(0.577350269189626,0.577350269189624,-0.577350269189628));
#13820=DIRECTION('',(-1.110223024625E-16,-1.,0.));
#13821=DIRECTION('',(7.85046229340898E-17,0.707106781186548,0.707106781186548));
#13822=DIRECTION('',(1.,-1.11022302462451E-16,7.55704095298441E-29));
#13823=DIRECTION('',(1.,-1.110223024625E-16,0.));
#13824=DIRECTION('',(-0.707106781186548,7.85046229340898E-17,0.707106781186548));
#13825=DIRECTION('',(1.11022302462451E-16,1.,7.55704095298441E-29));
#13826=DIRECTION('',(-0.577350269189624,0.577350269189626,-0.577350269189628));
#13827=DIRECTION('',(-0.577350269189626,-0.577350269189624,-0.577350269189628));
#13828=DIRECTION('',(1.110223024625E-16,1.,0.));
#13829=DIRECTION('',(-7.85046229340898E-17,-0.707106781186548,0.707106781186548));
#13830=DIRECTION('',(-1.,1.11022302462451E-16,7.55704095298441E-29));
#13831=DIRECTION('',(0.577350269189624,-0.577350269189626,-0.577350269189628));
#13832=DIRECTION('',(-1.,1.110223024625E-16,0.));
#13833=DIRECTION('',(0.707106781186548,-7.85046229340898E-17,0.707106781186548));
#13834=DIRECTION('',(-1.11022302462451E-16,-1.,7.55704095298441E-29));
#13835=DIRECTION('',(0.577350269189626,0.577350269189624,-0.577350269189628));
#13836=DIRECTION('',(-1.110223024625E-16,-1.,0.));
#13837=DIRECTION('',(7.85046229340898E-17,0.707106781186548,0.707106781186548));
#13838=DIRECTION('',(1.,-1.11022302462451E-16,7.55704095298441E-29));
#13839=DIRECTION('',(1.,-1.110223024625E-16,0.));
#13840=DIRECTION('',(0.,0.,-1.));
#13841=DIRECTION('',(-1.110223024625E-16,-1.,0.));
#13842=DIRECTION('',(-1.,1.110223024625E-16,0.));
#13843=DIRECTION('',(-1.,1.110223024625E-16,0.));
#13844=DIRECTION('',(0.,0.,1.));
#13845=DIRECTION('',(-2.69268635207408E-17,-0.242535625036098,0.970142500145391));
#13846=DIRECTION('',(-1.110223024625E-16,-1.,0.));
#13847=DIRECTION('',(-2.69268635207408E-17,-0.242535625036098,-0.970142500145391));
#13848=DIRECTION('',(0.,0.,-1.));
#13849=DIRECTION('',(0.,0.,1.));
#13850=DIRECTION('',(0.,0.,-1.));
#13851=DIRECTION('',(-1.110223024625E-16,-1.,0.));
#13852=DIRECTION('',(-1.,1.110223024625E-16,0.));
#13853=DIRECTION('',(-1.,1.110223024625E-16,0.));
#13854=DIRECTION('',(0.,0.,1.));
#13855=DIRECTION('',(0.,0.,1.));
#13856=DIRECTION('',(0.,0.,1.));
#13857=DIRECTION('',(-2.19131376307935E-17,-0.242535625036334,-0.970142500145332));
#13858=DIRECTION('',(-1.110223024625E-16,-1.,0.));
#13859=DIRECTION('',(-2.19131376307935E-17,-0.242535625036334,0.970142500145332));
#13860=DIRECTION('',(0.,0.,-1.));
#13861=DIRECTION('',(-1.110223024625E-16,-1.,0.));
#13862=DIRECTION('',(-1.,1.110223024625E-16,0.));
#13863=DIRECTION('',(-1.,1.110223024625E-16,0.));
#13864=DIRECTION('',(0.,0.,1.));
#13865=DIRECTION('',(-2.69268635207408E-17,-0.242535625036098,0.970142500145391));
#13866=DIRECTION('',(-1.110223024625E-16,-1.,0.));
#13867=DIRECTION('',(-2.69268635207408E-17,-0.242535625036098,-0.970142500145391));
#13868=DIRECTION('',(0.,0.,-1.));
#13869=DIRECTION('',(0.,0.,1.));
#13870=DIRECTION('',(0.,0.,-1.));
#13871=DIRECTION('',(-1.110223024625E-16,-1.,0.));
#13872=DIRECTION('',(-1.,1.110223024625E-16,0.));
#13873=DIRECTION('',(-1.,1.110223024625E-16,0.));
#13874=DIRECTION('',(0.,0.,1.));
#13875=DIRECTION('',(0.,0.,1.));
#13876=DIRECTION('',(0.,0.,1.));
#13877=DIRECTION('',(-2.19131376307935E-17,-0.242535625036331,-0.970142500145332));
#13878=DIRECTION('',(-1.110223024625E-16,-1.,0.));
#13879=DIRECTION('',(-2.19131376307935E-17,-0.242535625036329,0.970142500145333));
#13880=DIRECTION('',(0.,0.,-1.));
#13881=DIRECTION('',(-1.110223024625E-16,-1.,0.));
#13882=DIRECTION('',(-1.,1.110223024625E-16,0.));
#13883=DIRECTION('',(-1.,1.110223024625E-16,0.));
#13884=DIRECTION('',(0.,0.,1.));
#13885=DIRECTION('',(-2.69268635207408E-17,-0.242535625036098,0.970142500145391));
#13886=DIRECTION('',(-1.110223024625E-16,-1.,0.));
#13887=DIRECTION('',(-2.69268635207408E-17,-0.242535625036098,-0.970142500145391));
#13888=DIRECTION('',(0.,0.,-1.));
#13889=DIRECTION('',(0.,0.,1.));
#13890=DIRECTION('',(0.,0.,-1.));
#13891=DIRECTION('',(-1.110223024625E-16,-1.,0.));
#13892=DIRECTION('',(-1.,1.110223024625E-16,0.));
#13893=DIRECTION('',(-1.,1.110223024625E-16,0.));
#13894=DIRECTION('',(0.,0.,1.));
#13895=DIRECTION('',(0.,0.,1.));
#13896=DIRECTION('',(0.,0.,1.));
#13897=DIRECTION('',(-2.19131376307935E-17,-0.242535625036331,-0.970142500145332));
#13898=DIRECTION('',(-1.110223024625E-16,-1.,0.));
#13899=DIRECTION('',(-2.19131376307935E-17,-0.242535625036331,0.970142500145332));
#13900=DIRECTION('',(0.,0.,-1.));
#13901=DIRECTION('',(-1.110223024625E-16,-1.,0.));
#13902=DIRECTION('',(-1.,1.110223024625E-16,0.));
#13903=DIRECTION('',(-1.,1.110223024625E-16,0.));
#13904=DIRECTION('',(0.,0.,1.));
#13905=DIRECTION('',(-2.69268635207408E-17,-0.242535625036098,0.970142500145391));
#13906=DIRECTION('',(-1.110223024625E-16,-1.,0.));
#13907=DIRECTION('',(-2.69268635207408E-17,-0.242535625036098,-0.970142500145391));
#13908=DIRECTION('',(0.,0.,-1.));
#13909=DIRECTION('',(0.,0.,1.));
#13910=DIRECTION('',(0.,0.,-1.));
#13911=DIRECTION('',(-1.110223024625E-16,-1.,0.));
#13912=DIRECTION('',(-1.,1.110223024625E-16,0.));
#13913=DIRECTION('',(-1.,1.110223024625E-16,0.));
#13914=DIRECTION('',(0.,0.,1.));
#13915=DIRECTION('',(0.,0.,1.));
#13916=DIRECTION('',(0.,0.,1.));
#13917=DIRECTION('',(-2.19131376307935E-17,-0.242535625036331,-0.970142500145332));
#13918=DIRECTION('',(-1.110223024625E-16,-1.,0.));
#13919=DIRECTION('',(-2.19131376307935E-17,-0.242535625036331,0.970142500145332));
#13920=DIRECTION('',(0.,0.,-1.));
#13921=DIRECTION('',(-1.110223024625E-16,-1.,0.));
#13922=DIRECTION('',(-1.,1.110223024625E-16,0.));
#13923=DIRECTION('',(-1.,1.110223024625E-16,0.));
#13924=DIRECTION('',(0.,0.,1.));
#13925=DIRECTION('',(-2.69268635207408E-17,-0.242535625036098,0.970142500145391));
#13926=DIRECTION('',(-1.110223024625E-16,-1.,0.));
#13927=DIRECTION('',(-2.69268635207408E-17,-0.242535625036098,-0.970142500145391));
#13928=DIRECTION('',(0.,0.,-1.));
#13929=DIRECTION('',(0.,0.,1.));
#13930=DIRECTION('',(0.,0.,-1.));
#13931=DIRECTION('',(-1.110223024625E-16,-1.,0.));
#13932=DIRECTION('',(-1.,1.110223024625E-16,0.));
#13933=DIRECTION('',(-1.,1.110223024625E-16,0.));
#13934=DIRECTION('',(0.,0.,1.));
#13935=DIRECTION('',(0.,0.,1.));
#13936=DIRECTION('',(0.,0.,1.));
#13937=DIRECTION('',(-2.19131376307935E-17,-0.242535625036331,-0.970142500145332));
#13938=DIRECTION('',(-1.110223024625E-16,-1.,0.));
#13939=DIRECTION('',(-2.19131376307935E-17,-0.242535625036334,0.970142500145332));
#13940=DIRECTION('',(0.,0.,-1.));
#13941=DIRECTION('',(-1.110223024625E-16,-1.,0.));
#13942=DIRECTION('',(-1.,1.110223024625E-16,0.));
#13943=DIRECTION('',(-1.,1.110223024625E-16,0.));
#13944=DIRECTION('',(0.,0.,1.));
#13945=DIRECTION('',(-2.69268635207408E-17,-0.242535625036098,0.970142500145391));
#13946=DIRECTION('',(-1.110223024625E-16,-1.,0.));
#13947=DIRECTION('',(-2.69268635207408E-17,-0.242535625036098,-0.970142500145391));
#13948=DIRECTION('',(0.,0.,-1.));
#13949=DIRECTION('',(0.,0.,1.));
#13950=DIRECTION('',(0.,0.,-1.));
#13951=DIRECTION('',(-1.110223024625E-16,-1.,0.));
#13952=DIRECTION('',(-1.,1.110223024625E-16,0.));
#13953=DIRECTION('',(-1.,1.110223024625E-16,0.));
#13954=DIRECTION('',(0.,0.,1.));
#13955=DIRECTION('',(0.,0.,1.));
#13956=DIRECTION('',(0.,0.,1.));
#13957=DIRECTION('',(-2.19131376307935E-17,-0.242535625036333,-0.970142500145332));
#13958=DIRECTION('',(-1.110223024625E-16,-1.,0.));
#13959=DIRECTION('',(-2.19131376307935E-17,-0.242535625036333,0.970142500145332));
#13960=DIRECTION('',(0.,0.,-1.));
#13961=DIRECTION('',(-1.110223024625E-16,-1.,0.));
#13962=DIRECTION('',(-1.,1.110223024625E-16,0.));
#13963=DIRECTION('',(-1.,1.110223024625E-16,0.));
#13964=DIRECTION('',(0.,0.,1.));
#13965=DIRECTION('',(-2.69268635207408E-17,-0.242535625036098,0.970142500145391));
#13966=DIRECTION('',(-1.110223024625E-16,-1.,0.));
#13967=DIRECTION('',(-2.69268635207408E-17,-0.242535625036098,-0.970142500145391));
#13968=DIRECTION('',(0.,0.,-1.));
#13969=DIRECTION('',(0.,0.,1.));
#13970=DIRECTION('',(0.,0.,-1.));
#13971=DIRECTION('',(-1.110223024625E-16,-1.,0.));
#13972=DIRECTION('',(-1.,1.110223024625E-16,0.));
#13973=DIRECTION('',(-1.,1.110223024625E-16,0.));
#13974=DIRECTION('',(0.,0.,1.));
#13975=DIRECTION('',(0.,0.,1.));
#13976=DIRECTION('',(0.,0.,1.));
#13977=DIRECTION('',(-2.19131376307935E-17,-0.242535625036333,-0.970142500145332));
#13978=DIRECTION('',(-1.110223024625E-16,-1.,0.));
#13979=DIRECTION('',(-2.19131376307935E-17,-0.242535625036333,0.970142500145332));
#13980=DIRECTION('',(0.,0.,-1.));
#13981=DIRECTION('',(-1.110223024625E-16,-1.,0.));
#13982=DIRECTION('',(-1.,1.110223024625E-16,0.));
#13983=DIRECTION('',(-1.,1.110223024625E-16,0.));
#13984=DIRECTION('',(0.,0.,1.));
#13985=DIRECTION('',(-2.69268635207408E-17,-0.242535625036098,0.970142500145391));
#13986=DIRECTION('',(-1.110223024625E-16,-1.,0.));
#13987=DIRECTION('',(-2.69268635207408E-17,-0.242535625036098,-0.970142500145391));
#13988=DIRECTION('',(0.,0.,-1.));
#13989=DIRECTION('',(0.,0.,1.));
#13990=DIRECTION('',(0.,0.,-1.));
#13991=DIRECTION('',(-1.110223024625E-16,-1.,0.));
#13992=DIRECTION('',(-1.,1.110223024625E-16,0.));
#13993=DIRECTION('',(-1.,1.110223024625E-16,0.));
#13994=DIRECTION('',(0.,0.,1.));
#13995=DIRECTION('',(0.,0.,1.));
#13996=DIRECTION('',(0.,0.,1.));
#13997=DIRECTION('',(-2.19131376307935E-17,-0.242535625036333,-0.970142500145332));
#13998=DIRECTION('',(-1.110223024625E-16,-1.,0.));
#13999=DIRECTION('',(-2.19131376307935E-17,-0.242535625036333,0.970142500145332));
#14000=DIRECTION('',(1.,-1.110223024625E-16,0.));
#14001=DIRECTION('',(1.110223024625E-16,1.,0.));
#14002=DIRECTION('',(0.,0.,1.));
#14003=DIRECTION('',(1.110223024625E-16,1.,0.));
#14004=DIRECTION('',(0.,0.,1.));
#14005=DIRECTION('',(1.110223024625E-16,1.,0.));
#14006=DIRECTION('',(-1.,1.110223024625E-16,0.));
#14007=DIRECTION('',(0.,0.,1.));
#14008=DIRECTION('',(-1.,1.110223024625E-16,0.));
#14009=DIRECTION('',(0.,0.,1.));
#14010=DIRECTION('',(-1.,1.110223024625E-16,0.));
#14011=DIRECTION('',(0.,0.,1.));
#14012=DIRECTION('',(-1.,1.110223024625E-16,0.));
#14013=DIRECTION('',(-1.,1.110223024625E-16,0.));
#14014=DIRECTION('',(-1.110223024625E-16,-1.,0.));
#14015=DIRECTION('',(0.,0.,1.));
#14016=DIRECTION('',(1.110223024625E-16,1.,0.));
#14017=DIRECTION('',(-1.110223024625E-16,-1.,0.));
#14018=DIRECTION('',(1.,-1.110223024625E-16,0.));
#14019=DIRECTION('',(-1.,1.110223024625E-16,0.));
#14020=DIRECTION('',(0.,0.,1.));
#14021=DIRECTION('',(-1.,1.11022302462376E-16,0.));
#14022=DIRECTION('',(0.,0.,1.));
#14023=DIRECTION('',(-1.,1.110223024625E-16,0.));
#14024=DIRECTION('',(1.,-1.110223024625E-16,0.));
#14025=DIRECTION('',(1.110223024625E-16,1.,0.));
#14026=DIRECTION('',(0.,0.,1.));
#14027=DIRECTION('',(1.110223024625E-16,1.,0.));
#14028=DIRECTION('',(0.,0.,1.));
#14029=DIRECTION('',(1.110223024625E-16,1.,0.));
#14030=DIRECTION('',(-1.,1.110223024625E-16,0.));
#14031=DIRECTION('',(0.,0.,1.));
#14032=DIRECTION('',(-1.,1.110223024625E-16,0.));
#14033=DIRECTION('',(0.,0.,1.));
#14034=DIRECTION('',(-1.,1.110223024625E-16,0.));
#14035=DIRECTION('',(0.,0.,1.));
#14036=DIRECTION('',(-1.,1.110223024625E-16,0.));
#14037=DIRECTION('',(-1.,1.110223024625E-16,0.));
#14038=DIRECTION('',(-1.110223024625E-16,-1.,0.));
#14039=DIRECTION('',(0.,0.,1.));
#14040=DIRECTION('',(1.110223024625E-16,1.,0.));
#14041=DIRECTION('',(-1.110223024625E-16,-1.,0.));
#14042=DIRECTION('',(1.,-1.110223024625E-16,0.));
#14043=DIRECTION('',(-1.,1.110223024625E-16,0.));
#14044=DIRECTION('',(0.,0.,1.));
#14045=DIRECTION('',(-1.,1.11022302462376E-16,0.));
#14046=DIRECTION('',(0.,0.,1.));
#14047=DIRECTION('',(-1.,1.110223024625E-16,0.));
#14048=DIRECTION('',(1.,-1.110223024625E-16,0.));
#14049=DIRECTION('',(1.110223024625E-16,1.,0.));
#14050=DIRECTION('',(0.,0.,1.));
#14051=DIRECTION('',(1.110223024625E-16,1.,0.));
#14052=DIRECTION('',(0.,0.,1.));
#14053=DIRECTION('',(1.110223024625E-16,1.,0.));
#14054=DIRECTION('',(-1.,1.110223024625E-16,0.));
#14055=DIRECTION('',(0.,0.,1.));
#14056=DIRECTION('',(-1.,1.110223024625E-16,0.));
#14057=DIRECTION('',(0.,0.,1.));
#14058=DIRECTION('',(-1.,1.110223024625E-16,0.));
#14059=DIRECTION('',(0.,0.,1.));
#14060=DIRECTION('',(-1.,1.110223024625E-16,0.));
#14061=DIRECTION('',(-1.,1.110223024625E-16,0.));
#14062=DIRECTION('',(-1.110223024625E-16,-1.,0.));
#14063=DIRECTION('',(0.,0.,1.));
#14064=DIRECTION('',(1.110223024625E-16,1.,0.));
#14065=DIRECTION('',(-1.110223024625E-16,-1.,0.));
#14066=DIRECTION('',(1.,-1.110223024625E-16,0.));
#14067=DIRECTION('',(-1.,1.110223024625E-16,0.));
#14068=DIRECTION('',(0.,0.,1.));
#14069=DIRECTION('',(-1.,1.11022302462376E-16,0.));
#14070=DIRECTION('',(0.,0.,1.));
#14071=DIRECTION('',(-1.,1.110223024625E-16,0.));
#14072=DIRECTION('',(1.,-1.110223024625E-16,0.));
#14073=DIRECTION('',(1.110223024625E-16,1.,0.));
#14074=DIRECTION('',(0.,0.,1.));
#14075=DIRECTION('',(1.110223024625E-16,1.,0.));
#14076=DIRECTION('',(0.,0.,1.));
#14077=DIRECTION('',(1.110223024625E-16,1.,0.));
#14078=DIRECTION('',(-1.,1.110223024625E-16,0.));
#14079=DIRECTION('',(0.,0.,1.));
#14080=DIRECTION('',(-1.,1.110223024625E-16,0.));
#14081=DIRECTION('',(0.,0.,1.));
#14082=DIRECTION('',(-1.,1.110223024625E-16,0.));
#14083=DIRECTION('',(0.,0.,1.));
#14084=DIRECTION('',(-1.,1.110223024625E-16,0.));
#14085=DIRECTION('',(-1.,1.110223024625E-16,0.));
#14086=DIRECTION('',(-1.110223024625E-16,-1.,0.));
#14087=DIRECTION('',(0.,0.,1.));
#14088=DIRECTION('',(1.110223024625E-16,1.,0.));
#14089=DIRECTION('',(-1.110223024625E-16,-1.,0.));
#14090=DIRECTION('',(1.,-1.110223024625E-16,0.));
#14091=DIRECTION('',(-1.,1.110223024625E-16,0.));
#14092=DIRECTION('',(0.,0.,1.));
#14093=DIRECTION('',(-1.,1.11022302462376E-16,0.));
#14094=DIRECTION('',(0.,0.,1.));
#14095=DIRECTION('',(-1.,1.110223024625E-16,0.));
#14096=DIRECTION('',(1.,-1.110223024625E-16,0.));
#14097=DIRECTION('',(1.110223024625E-16,1.,0.));
#14098=DIRECTION('',(0.,0.,1.));
#14099=DIRECTION('',(1.110223024625E-16,1.,0.));
#14100=DIRECTION('',(0.,0.,1.));
#14101=DIRECTION('',(1.110223024625E-16,1.,0.));
#14102=DIRECTION('',(-1.,1.110223024625E-16,0.));
#14103=DIRECTION('',(0.,0.,1.));
#14104=DIRECTION('',(-1.,1.110223024625E-16,0.));
#14105=DIRECTION('',(0.,0.,1.));
#14106=DIRECTION('',(-1.,1.110223024625E-16,0.));
#14107=DIRECTION('',(0.,0.,1.));
#14108=DIRECTION('',(-1.,1.110223024625E-16,0.));
#14109=DIRECTION('',(-1.,1.110223024625E-16,0.));
#14110=DIRECTION('',(-1.110223024625E-16,-1.,0.));
#14111=DIRECTION('',(0.,0.,1.));
#14112=DIRECTION('',(1.110223024625E-16,1.,0.));
#14113=DIRECTION('',(-1.110223024625E-16,-1.,0.));
#14114=DIRECTION('',(1.,-1.110223024625E-16,0.));
#14115=DIRECTION('',(-1.,1.110223024625E-16,0.));
#14116=DIRECTION('',(0.,0.,1.));
#14117=DIRECTION('',(-1.,1.11022302462376E-16,0.));
#14118=DIRECTION('',(0.,0.,1.));
#14119=DIRECTION('',(-1.,1.110223024625E-16,0.));
#14120=DIRECTION('',(1.,-1.110223024625E-16,0.));
#14121=DIRECTION('',(1.110223024625E-16,1.,0.));
#14122=DIRECTION('',(0.,0.,1.));
#14123=DIRECTION('',(1.110223024625E-16,1.,0.));
#14124=DIRECTION('',(0.,0.,1.));
#14125=DIRECTION('',(1.110223024625E-16,1.,0.));
#14126=DIRECTION('',(-1.,1.110223024625E-16,0.));
#14127=DIRECTION('',(0.,0.,1.));
#14128=DIRECTION('',(-1.,1.110223024625E-16,0.));
#14129=DIRECTION('',(0.,0.,1.));
#14130=DIRECTION('',(-1.,1.110223024625E-16,0.));
#14131=DIRECTION('',(0.,0.,1.));
#14132=DIRECTION('',(-1.,1.110223024625E-16,0.));
#14133=DIRECTION('',(-1.,1.110223024625E-16,0.));
#14134=DIRECTION('',(-1.110223024625E-16,-1.,0.));
#14135=DIRECTION('',(0.,0.,1.));
#14136=DIRECTION('',(1.110223024625E-16,1.,0.));
#14137=DIRECTION('',(-1.110223024625E-16,-1.,0.));
#14138=DIRECTION('',(1.,-1.110223024625E-16,0.));
#14139=DIRECTION('',(-1.,1.110223024625E-16,0.));
#14140=DIRECTION('',(0.,0.,1.));
#14141=DIRECTION('',(-1.,1.11022302462376E-16,0.));
#14142=DIRECTION('',(0.,0.,1.));
#14143=DIRECTION('',(-1.,1.110223024625E-16,0.));
#14144=DIRECTION('',(1.,-1.110223024625E-16,0.));
#14145=DIRECTION('',(1.110223024625E-16,1.,0.));
#14146=DIRECTION('',(0.,0.,1.));
#14147=DIRECTION('',(1.110223024625E-16,1.,0.));
#14148=DIRECTION('',(0.,0.,1.));
#14149=DIRECTION('',(1.110223024625E-16,1.,0.));
#14150=DIRECTION('',(-1.,1.110223024625E-16,0.));
#14151=DIRECTION('',(0.,0.,1.));
#14152=DIRECTION('',(-1.,1.110223024625E-16,0.));
#14153=DIRECTION('',(0.,0.,1.));
#14154=DIRECTION('',(-1.,1.110223024625E-16,0.));
#14155=DIRECTION('',(0.,0.,1.));
#14156=DIRECTION('',(-1.,1.110223024625E-16,0.));
#14157=DIRECTION('',(-1.,1.110223024625E-16,0.));
#14158=DIRECTION('',(-1.110223024625E-16,-1.,0.));
#14159=DIRECTION('',(0.,0.,1.));
#14160=DIRECTION('',(1.110223024625E-16,1.,0.));
#14161=DIRECTION('',(-1.110223024625E-16,-1.,0.));
#14162=DIRECTION('',(1.,-1.110223024625E-16,0.));
#14163=DIRECTION('',(-1.,1.110223024625E-16,0.));
#14164=DIRECTION('',(0.,0.,1.));
#14165=DIRECTION('',(-1.,1.11022302462376E-16,0.));
#14166=DIRECTION('',(0.,0.,1.));
#14167=DIRECTION('',(-1.,1.110223024625E-16,0.));
#14168=DIRECTION('',(1.,-1.110223024625E-16,0.));
#14169=DIRECTION('',(1.110223024625E-16,1.,0.));
#14170=DIRECTION('',(0.,0.,1.));
#14171=DIRECTION('',(1.110223024625E-16,1.,0.));
#14172=DIRECTION('',(0.,0.,1.));
#14173=DIRECTION('',(1.110223024625E-16,1.,0.));
#14174=DIRECTION('',(-1.,1.110223024625E-16,0.));
#14175=DIRECTION('',(0.,0.,1.));
#14176=DIRECTION('',(-1.,1.110223024625E-16,0.));
#14177=DIRECTION('',(0.,0.,1.));
#14178=DIRECTION('',(-1.,1.110223024625E-16,0.));
#14179=DIRECTION('',(0.,0.,1.));
#14180=DIRECTION('',(-1.,1.110223024625E-16,0.));
#14181=DIRECTION('',(-1.,1.110223024625E-16,0.));
#14182=DIRECTION('',(-1.110223024625E-16,-1.,0.));
#14183=DIRECTION('',(0.,0.,1.));
#14184=DIRECTION('',(1.110223024625E-16,1.,0.));
#14185=DIRECTION('',(-1.110223024625E-16,-1.,0.));
#14186=DIRECTION('',(1.,-1.110223024625E-16,0.));
#14187=DIRECTION('',(-1.,1.110223024625E-16,0.));
#14188=DIRECTION('',(0.,0.,1.));
#14189=DIRECTION('',(-1.,1.11022302462376E-16,0.));
#14190=DIRECTION('',(0.,0.,1.));
#14191=DIRECTION('',(-1.,1.110223024625E-16,0.));
#14192=DIRECTION('',(-1.110223024625E-16,-1.,0.));
#14193=DIRECTION('',(0.,0.,1.));
#14194=DIRECTION('',(-1.,1.110223024625E-16,0.));
#14195=DIRECTION('',(-1.07707454082943E-16,-0.970142500145391,-0.242535625036098));
#14196=DIRECTION('',(-2.69268635207408E-17,-0.242535625036098,0.970142500145391));
#14197=DIRECTION('',(-1.,1.11022302462586E-16,-3.17793848263449E-29));
#14198=DIRECTION('',(0.,0.,-1.));
#14199=DIRECTION('',(-1.110223024625E-16,-1.,0.));
#14200=DIRECTION('',(-1.,1.110223024625E-16,0.));
#14201=DIRECTION('',(1.07707454082943E-16,0.970142500145391,-0.242535625036098));
#14202=DIRECTION('',(-2.69268635207408E-17,-0.242535625036098,-0.970142500145391));
#14203=DIRECTION('',(-1.,1.11022302462586E-16,3.17793848263449E-29));
#14204=DIRECTION('',(1.110223024625E-16,1.,0.));
#14205=DIRECTION('',(0.,0.,-1.));
#14206=DIRECTION('',(-1.110223024625E-16,-1.,0.));
#14207=DIRECTION('',(0.,0.,1.));
#14208=DIRECTION('',(-1.,1.110223024625E-16,0.));
#14209=DIRECTION('',(-1.07707454082943E-16,-0.970142500145391,-0.242535625036098));
#14210=DIRECTION('',(-2.69268635207408E-17,-0.242535625036098,0.970142500145391));
#14211=DIRECTION('',(-1.,1.11022302462586E-16,-3.17793848263449E-29));
#14212=DIRECTION('',(0.,0.,-1.));
#14213=DIRECTION('',(-1.110223024625E-16,-1.,0.));
#14214=DIRECTION('',(-1.,1.110223024625E-16,0.));
#14215=DIRECTION('',(1.07707454082943E-16,0.970142500145391,-0.242535625036098));
#14216=DIRECTION('',(-2.69268635207408E-17,-0.242535625036098,-0.970142500145391));
#14217=DIRECTION('',(-1.,1.11022302462586E-16,3.17793848263449E-29));
#14218=DIRECTION('',(1.110223024625E-16,1.,0.));
#14219=DIRECTION('',(0.,0.,-1.));
#14220=DIRECTION('',(-1.110223024625E-16,-1.,0.));
#14221=DIRECTION('',(0.,0.,1.));
#14222=DIRECTION('',(-1.,1.110223024625E-16,0.));
#14223=DIRECTION('',(-1.07707454082943E-16,-0.970142500145391,-0.242535625036098));
#14224=DIRECTION('',(-2.69268635207408E-17,-0.242535625036098,0.970142500145391));
#14225=DIRECTION('',(-1.,1.11022302462586E-16,-3.17793848263449E-29));
#14226=DIRECTION('',(0.,0.,-1.));
#14227=DIRECTION('',(-1.110223024625E-16,-1.,0.));
#14228=DIRECTION('',(-1.,1.110223024625E-16,0.));
#14229=DIRECTION('',(1.07707454082943E-16,0.970142500145391,-0.242535625036098));
#14230=DIRECTION('',(-2.69268635207408E-17,-0.242535625036098,-0.970142500145391));
#14231=DIRECTION('',(-1.,1.11022302462586E-16,3.17793848263449E-29));
#14232=DIRECTION('',(1.110223024625E-16,1.,0.));
#14233=DIRECTION('',(0.,0.,-1.));
#14234=DIRECTION('',(-1.110223024625E-16,-1.,0.));
#14235=DIRECTION('',(0.,0.,1.));
#14236=DIRECTION('',(-1.,1.110223024625E-16,0.));
#14237=DIRECTION('',(-1.07707454082943E-16,-0.970142500145391,-0.242535625036098));
#14238=DIRECTION('',(-2.69268635207408E-17,-0.242535625036098,0.970142500145391));
#14239=DIRECTION('',(-1.,1.11022302462586E-16,-3.17793848263449E-29));
#14240=DIRECTION('',(0.,0.,-1.));
#14241=DIRECTION('',(-1.110223024625E-16,-1.,0.));
#14242=DIRECTION('',(-1.,1.110223024625E-16,0.));
#14243=DIRECTION('',(1.07707454082943E-16,0.970142500145391,-0.242535625036098));
#14244=DIRECTION('',(-2.69268635207408E-17,-0.242535625036098,-0.970142500145391));
#14245=DIRECTION('',(-1.,1.11022302462586E-16,3.17793848263449E-29));
#14246=DIRECTION('',(1.110223024625E-16,1.,0.));
#14247=DIRECTION('',(0.,0.,-1.));
#14248=DIRECTION('',(-1.110223024625E-16,-1.,0.));
#14249=DIRECTION('',(0.,0.,1.));
#14250=DIRECTION('',(-1.,1.110223024625E-16,0.));
#14251=DIRECTION('',(-1.07707454082943E-16,-0.970142500145391,-0.242535625036098));
#14252=DIRECTION('',(-2.69268635207408E-17,-0.242535625036098,0.970142500145391));
#14253=DIRECTION('',(-1.,1.11022302462586E-16,-3.17793848263449E-29));
#14254=DIRECTION('',(0.,0.,-1.));
#14255=DIRECTION('',(-1.110223024625E-16,-1.,0.));
#14256=DIRECTION('',(-1.,1.110223024625E-16,0.));
#14257=DIRECTION('',(1.07707454082943E-16,0.970142500145391,-0.242535625036098));
#14258=DIRECTION('',(-2.69268635207408E-17,-0.242535625036098,-0.970142500145391));
#14259=DIRECTION('',(-1.,1.11022302462586E-16,3.17793848263449E-29));
#14260=DIRECTION('',(1.110223024625E-16,1.,0.));
#14261=DIRECTION('',(0.,0.,-1.));
#14262=DIRECTION('',(-1.110223024625E-16,-1.,0.));
#14263=DIRECTION('',(0.,0.,1.));
#14264=DIRECTION('',(-1.,1.110223024625E-16,0.));
#14265=DIRECTION('',(-1.07707454082943E-16,-0.970142500145391,-0.242535625036098));
#14266=DIRECTION('',(-2.69268635207408E-17,-0.242535625036098,0.970142500145391));
#14267=DIRECTION('',(-1.,1.11022302462586E-16,-3.17793848263449E-29));
#14268=DIRECTION('',(0.,0.,-1.));
#14269=DIRECTION('',(-1.110223024625E-16,-1.,0.));
#14270=DIRECTION('',(-1.,1.110223024625E-16,0.));
#14271=DIRECTION('',(1.07707454082943E-16,0.970142500145391,-0.242535625036098));
#14272=DIRECTION('',(-2.69268635207408E-17,-0.242535625036098,-0.970142500145391));
#14273=DIRECTION('',(-1.,1.11022302462586E-16,3.17793848263449E-29));
#14274=DIRECTION('',(1.110223024625E-16,1.,0.));
#14275=DIRECTION('',(0.,0.,-1.));
#14276=DIRECTION('',(-1.110223024625E-16,-1.,0.));
#14277=DIRECTION('',(0.,0.,1.));
#14278=DIRECTION('',(-1.,1.110223024625E-16,0.));
#14279=DIRECTION('',(-1.07707454082943E-16,-0.970142500145391,-0.242535625036098));
#14280=DIRECTION('',(-2.69268635207408E-17,-0.242535625036098,0.970142500145391));
#14281=DIRECTION('',(-1.,1.11022302462586E-16,-3.17793848263449E-29));
#14282=DIRECTION('',(0.,0.,-1.));
#14283=DIRECTION('',(-1.110223024625E-16,-1.,0.));
#14284=DIRECTION('',(-1.,1.110223024625E-16,0.));
#14285=DIRECTION('',(1.07707454082943E-16,0.970142500145391,-0.242535625036098));
#14286=DIRECTION('',(-2.69268635207408E-17,-0.242535625036098,-0.970142500145391));
#14287=DIRECTION('',(-1.,1.11022302462586E-16,3.17793848263449E-29));
#14288=DIRECTION('',(1.110223024625E-16,1.,0.));
#14289=DIRECTION('',(0.,0.,-1.));
#14290=DIRECTION('',(-1.110223024625E-16,-1.,0.));
#14291=DIRECTION('',(0.,0.,1.));
#14292=DIRECTION('',(-1.,1.110223024625E-16,0.));
#14293=DIRECTION('',(-1.07707454082943E-16,-0.970142500145391,-0.242535625036098));
#14294=DIRECTION('',(-2.69268635207408E-17,-0.242535625036098,0.970142500145391));
#14295=DIRECTION('',(-1.,1.11022302462586E-16,-3.17793848263449E-29));
#14296=DIRECTION('',(0.,0.,-1.));
#14297=DIRECTION('',(-1.110223024625E-16,-1.,0.));
#14298=DIRECTION('',(-1.,1.110223024625E-16,0.));
#14299=DIRECTION('',(1.07707454082943E-16,0.970142500145391,-0.242535625036098));
#14300=DIRECTION('',(-2.69268635207408E-17,-0.242535625036098,-0.970142500145391));
#14301=DIRECTION('',(-1.,1.11022302462586E-16,3.17793848263449E-29));
#14302=DIRECTION('',(1.110223024625E-16,1.,0.));
#14303=DIRECTION('',(0.,0.,-1.));
#14304=DIRECTION('',(0.,0.,1.));
#14305=DIRECTION('',(1.110223024625E-16,1.,0.));
#14306=DIRECTION('',(1.110223024625E-16,1.,0.));
#14307=DIRECTION('',(0.,0.,1.));
#14308=DIRECTION('',(1.110223024625E-16,1.,0.));
#14309=DIRECTION('',(1.110223024625E-16,1.,0.));
#14310=DIRECTION('',(-1.,1.110223024625E-16,0.));
#14311=DIRECTION('',(0.,0.,1.));
#14312=DIRECTION('',(0.,0.707106781186535,-0.70710678118656));
#14313=DIRECTION('',(0.,0.,1.));
#14314=DIRECTION('',(1.110223024625E-16,1.,0.));
#14315=DIRECTION('',(0.,0.,1.));
#14316=DIRECTION('',(0.,0.70710678118656,0.707106781186535));
#14317=DIRECTION('',(-7.85046229340898E-17,-0.707106781186548,0.707106781186548));
#14318=DIRECTION('',(7.85046229340898E-17,0.707106781186548,0.707106781186548));
#14319=DIRECTION('',(-1.,1.11022302462376E-16,0.));
#14320=DIRECTION('',(7.85046229340898E-17,0.707106781186548,0.707106781186548));
#14321=DIRECTION('',(-1.,1.110223024625E-16,0.));
#14322=DIRECTION('',(0.,0.,1.));
#14323=DIRECTION('',(0.,0.,1.));
#14324=DIRECTION('',(1.110223024625E-16,1.,0.));
#14325=DIRECTION('',(0.,0.,-1.));
#14326=DIRECTION('',(7.85046229340898E-17,0.707106781186548,-0.707106781186548));
#14327=DIRECTION('',(7.85046229340898E-17,0.707106781186548,0.707106781186548));
#14328=DIRECTION('',(7.85046229340898E-17,0.707106781186548,-0.707106781186548));
#14329=DIRECTION('',(-1.,1.110223024625E-16,0.));
#14330=DIRECTION('',(0.,0.,1.));
#14331=DIRECTION('',(1.110223024625E-16,1.,0.));
#14332=DIRECTION('',(1.110223024625E-16,1.,0.));
#14333=DIRECTION('',(0.,0.,1.));
#14334=DIRECTION('',(1.110223024625E-16,1.,0.));
#14335=DIRECTION('',(1.110223024625E-16,1.,0.));
#14336=DIRECTION('',(-1.,1.110223024625E-16,0.));
#14337=DIRECTION('',(0.,0.,1.));
#14338=DIRECTION('',(0.,0.707106781186535,-0.70710678118656));
#14339=DIRECTION('',(0.,0.,1.));
#14340=DIRECTION('',(1.110223024625E-16,1.,0.));
#14341=DIRECTION('',(0.,0.,1.));
#14342=DIRECTION('',(0.,0.707106781186548,0.707106781186548));
#14343=DIRECTION('',(-7.85046229340898E-17,-0.707106781186548,0.707106781186548));
#14344=DIRECTION('',(7.85046229340898E-17,0.707106781186548,0.707106781186548));
#14345=DIRECTION('',(-1.,1.11022302462376E-16,0.));
#14346=DIRECTION('',(7.85046229340898E-17,0.707106781186548,0.707106781186548));
#14347=DIRECTION('',(-1.,1.110223024625E-16,0.));
#14348=DIRECTION('',(0.,0.,1.));
#14349=DIRECTION('',(0.,0.,1.));
#14350=DIRECTION('',(1.110223024625E-16,1.,0.));
#14351=DIRECTION('',(0.,0.,-1.));
#14352=DIRECTION('',(7.85046229340898E-17,0.707106781186548,-0.707106781186548));
#14353=DIRECTION('',(7.85046229340898E-17,0.707106781186548,0.707106781186548));
#14354=DIRECTION('',(7.85046229340898E-17,0.707106781186548,-0.707106781186548));
#14355=DIRECTION('',(-1.,1.110223024625E-16,0.));
#14356=DIRECTION('',(0.,0.,1.));
#14357=DIRECTION('',(1.110223024625E-16,1.,0.));
#14358=DIRECTION('',(1.110223024625E-16,1.,0.));
#14359=DIRECTION('',(0.,0.,1.));
#14360=DIRECTION('',(1.110223024625E-16,1.,0.));
#14361=DIRECTION('',(1.110223024625E-16,1.,0.));
#14362=DIRECTION('',(-1.,1.110223024625E-16,0.));
#14363=DIRECTION('',(0.,0.,1.));
#14364=DIRECTION('',(0.,0.707106781186548,-0.707106781186548));
#14365=DIRECTION('',(0.,0.,1.));
#14366=DIRECTION('',(1.110223024625E-16,1.,0.));
#14367=DIRECTION('',(0.,0.,1.));
#14368=DIRECTION('',(0.,0.707106781186535,0.70710678118656));
#14369=DIRECTION('',(-7.85046229340898E-17,-0.707106781186548,0.707106781186548));
#14370=DIRECTION('',(7.85046229340898E-17,0.707106781186548,0.707106781186548));
#14371=DIRECTION('',(-1.,1.11022302462376E-16,0.));
#14372=DIRECTION('',(7.85046229340898E-17,0.707106781186548,0.707106781186548));
#14373=DIRECTION('',(-1.,1.110223024625E-16,0.));
#14374=DIRECTION('',(0.,0.,1.));
#14375=DIRECTION('',(0.,0.,1.));
#14376=DIRECTION('',(1.110223024625E-16,1.,0.));
#14377=DIRECTION('',(0.,0.,-1.));
#14378=DIRECTION('',(7.85046229340898E-17,0.707106781186548,-0.707106781186548));
#14379=DIRECTION('',(7.85046229340898E-17,0.707106781186548,0.707106781186548));
#14380=DIRECTION('',(7.85046229340898E-17,0.707106781186548,-0.707106781186548));
#14381=DIRECTION('',(-1.,1.110223024625E-16,0.));
#14382=DIRECTION('',(0.,0.,1.));
#14383=DIRECTION('',(1.110223024625E-16,1.,0.));
#14384=DIRECTION('',(1.110223024625E-16,1.,0.));
#14385=DIRECTION('',(0.,0.,1.));
#14386=DIRECTION('',(1.110223024625E-16,1.,0.));
#14387=DIRECTION('',(1.110223024625E-16,1.,0.));
#14388=DIRECTION('',(-1.,1.110223024625E-16,0.));
#14389=DIRECTION('',(0.,0.,1.));
#14390=DIRECTION('',(0.,0.707106781186548,-0.707106781186548));
#14391=DIRECTION('',(0.,0.,1.));
#14392=DIRECTION('',(1.110223024625E-16,1.,0.));
#14393=DIRECTION('',(0.,0.,1.));
#14394=DIRECTION('',(0.,0.707106781186548,0.707106781186548));
#14395=DIRECTION('',(-7.85046229340898E-17,-0.707106781186548,0.707106781186548));
#14396=DIRECTION('',(7.85046229340898E-17,0.707106781186548,0.707106781186548));
#14397=DIRECTION('',(-1.,1.11022302462376E-16,0.));
#14398=DIRECTION('',(7.85046229340898E-17,0.707106781186548,0.707106781186548));
#14399=DIRECTION('',(-1.,1.110223024625E-16,0.));
#14400=DIRECTION('',(0.,0.,1.));
#14401=DIRECTION('',(0.,0.,1.));
#14402=DIRECTION('',(1.110223024625E-16,1.,0.));
#14403=DIRECTION('',(0.,0.,-1.));
#14404=DIRECTION('',(7.85046229340898E-17,0.707106781186548,-0.707106781186548));
#14405=DIRECTION('',(7.85046229340898E-17,0.707106781186548,0.707106781186548));
#14406=DIRECTION('',(7.85046229340898E-17,0.707106781186548,-0.707106781186548));
#14407=DIRECTION('',(-1.,1.110223024625E-16,0.));
#14408=DIRECTION('',(0.,0.,1.));
#14409=DIRECTION('',(1.110223024625E-16,1.,0.));
#14410=DIRECTION('',(1.110223024625E-16,1.,0.));
#14411=DIRECTION('',(0.,0.,1.));
#14412=DIRECTION('',(1.110223024625E-16,1.,0.));
#14413=DIRECTION('',(1.110223024625E-16,1.,0.));
#14414=DIRECTION('',(-1.,1.110223024625E-16,0.));
#14415=DIRECTION('',(0.,0.,1.));
#14416=DIRECTION('',(0.,0.707106781186548,-0.707106781186548));
#14417=DIRECTION('',(0.,0.,1.));
#14418=DIRECTION('',(1.110223024625E-16,1.,0.));
#14419=DIRECTION('',(0.,0.,1.));
#14420=DIRECTION('',(0.,0.707106781186548,0.707106781186548));
#14421=DIRECTION('',(-7.85046229340898E-17,-0.707106781186548,0.707106781186548));
#14422=DIRECTION('',(7.85046229340898E-17,0.707106781186548,0.707106781186548));
#14423=DIRECTION('',(-1.,1.11022302462376E-16,0.));
#14424=DIRECTION('',(7.85046229340898E-17,0.707106781186548,0.707106781186548));
#14425=DIRECTION('',(-1.,1.110223024625E-16,0.));
#14426=DIRECTION('',(0.,0.,1.));
#14427=DIRECTION('',(0.,0.,1.));
#14428=DIRECTION('',(1.110223024625E-16,1.,0.));
#14429=DIRECTION('',(0.,0.,-1.));
#14430=DIRECTION('',(7.85046229340898E-17,0.707106781186548,-0.707106781186548));
#14431=DIRECTION('',(7.85046229340898E-17,0.707106781186548,0.707106781186548));
#14432=DIRECTION('',(7.85046229340898E-17,0.707106781186548,-0.707106781186548));
#14433=DIRECTION('',(-1.,1.110223024625E-16,0.));
#14434=DIRECTION('',(0.,0.,1.));
#14435=DIRECTION('',(1.110223024625E-16,1.,0.));
#14436=DIRECTION('',(1.110223024625E-16,1.,0.));
#14437=DIRECTION('',(0.,0.,1.));
#14438=DIRECTION('',(1.110223024625E-16,1.,0.));
#14439=DIRECTION('',(1.110223024625E-16,1.,0.));
#14440=DIRECTION('',(-1.,1.110223024625E-16,0.));
#14441=DIRECTION('',(0.,0.,1.));
#14442=DIRECTION('',(0.,0.707106781186548,-0.707106781186548));
#14443=DIRECTION('',(0.,0.,1.));
#14444=DIRECTION('',(1.110223024625E-16,1.,0.));
#14445=DIRECTION('',(0.,0.,1.));
#14446=DIRECTION('',(0.,0.707106781186548,0.707106781186548));
#14447=DIRECTION('',(-7.85046229340898E-17,-0.707106781186548,0.707106781186548));
#14448=DIRECTION('',(7.85046229340898E-17,0.707106781186548,0.707106781186548));
#14449=DIRECTION('',(-1.,1.11022302462376E-16,0.));
#14450=DIRECTION('',(7.85046229340898E-17,0.707106781186548,0.707106781186548));
#14451=DIRECTION('',(-1.,1.110223024625E-16,0.));
#14452=DIRECTION('',(0.,0.,1.));
#14453=DIRECTION('',(0.,0.,1.));
#14454=DIRECTION('',(1.110223024625E-16,1.,0.));
#14455=DIRECTION('',(0.,0.,-1.));
#14456=DIRECTION('',(7.85046229340898E-17,0.707106781186548,-0.707106781186548));
#14457=DIRECTION('',(7.85046229340898E-17,0.707106781186548,0.707106781186548));
#14458=DIRECTION('',(7.85046229340898E-17,0.707106781186548,-0.707106781186548));
#14459=DIRECTION('',(-1.,1.110223024625E-16,0.));
#14460=DIRECTION('',(0.,0.,1.));
#14461=DIRECTION('',(1.110223024625E-16,1.,0.));
#14462=DIRECTION('',(1.110223024625E-16,1.,0.));
#14463=DIRECTION('',(0.,0.,1.));
#14464=DIRECTION('',(1.110223024625E-16,1.,0.));
#14465=DIRECTION('',(1.110223024625E-16,1.,0.));
#14466=DIRECTION('',(-1.,1.110223024625E-16,0.));
#14467=DIRECTION('',(0.,0.,1.));
#14468=DIRECTION('',(0.,0.707106781186551,-0.707106781186545));
#14469=DIRECTION('',(0.,0.,1.));
#14470=DIRECTION('',(1.110223024625E-16,1.,0.));
#14471=DIRECTION('',(0.,0.,1.));
#14472=DIRECTION('',(0.,0.707106781186551,0.707106781186545));
#14473=DIRECTION('',(-7.85046229340898E-17,-0.707106781186548,0.707106781186548));
#14474=DIRECTION('',(7.85046229340898E-17,0.707106781186548,0.707106781186548));
#14475=DIRECTION('',(-1.,1.11022302462376E-16,0.));
#14476=DIRECTION('',(7.85046229340898E-17,0.707106781186548,0.707106781186548));
#14477=DIRECTION('',(-1.,1.110223024625E-16,0.));
#14478=DIRECTION('',(0.,0.,1.));
#14479=DIRECTION('',(0.,0.,1.));
#14480=DIRECTION('',(1.110223024625E-16,1.,0.));
#14481=DIRECTION('',(0.,0.,-1.));
#14482=DIRECTION('',(7.85046229340898E-17,0.707106781186548,-0.707106781186548));
#14483=DIRECTION('',(7.85046229340898E-17,0.707106781186548,0.707106781186548));
#14484=DIRECTION('',(7.85046229340898E-17,0.707106781186548,-0.707106781186548));
#14485=DIRECTION('',(-1.,1.110223024625E-16,0.));
#14486=DIRECTION('',(0.,0.,1.));
#14487=DIRECTION('',(1.110223024625E-16,1.,0.));
#14488=DIRECTION('',(1.110223024625E-16,1.,0.));
#14489=DIRECTION('',(0.,0.,1.));
#14490=DIRECTION('',(1.110223024625E-16,1.,0.));
#14491=DIRECTION('',(1.110223024625E-16,1.,0.));
#14492=DIRECTION('',(-1.,1.110223024625E-16,0.));
#14493=DIRECTION('',(0.,0.,1.));
#14494=DIRECTION('',(0.,0.707106781186549,-0.707106781186546));
#14495=DIRECTION('',(0.,0.,1.));
#14496=DIRECTION('',(1.110223024625E-16,1.,0.));
#14497=DIRECTION('',(0.,0.,1.));
#14498=DIRECTION('',(0.,0.707106781186549,0.707106781186546));
#14499=DIRECTION('',(-7.85046229340898E-17,-0.707106781186548,0.707106781186548));
#14500=DIRECTION('',(7.85046229340898E-17,0.707106781186548,0.707106781186548));
#14501=DIRECTION('',(-1.,1.11022302462376E-16,0.));
#14502=DIRECTION('',(7.85046229340898E-17,0.707106781186548,0.707106781186548));
#14503=DIRECTION('',(-1.,1.110223024625E-16,0.));
#14504=DIRECTION('',(0.,0.,1.));
#14505=DIRECTION('',(0.,0.,1.));
#14506=DIRECTION('',(1.110223024625E-16,1.,0.));
#14507=DIRECTION('',(0.,0.,-1.));
#14508=DIRECTION('',(7.85046229340898E-17,0.707106781186548,-0.707106781186548));
#14509=DIRECTION('',(7.85046229340898E-17,0.707106781186548,0.707106781186548));
#14510=DIRECTION('',(7.85046229340898E-17,0.707106781186548,-0.707106781186548));
#14511=DIRECTION('',(-1.,1.110223024625E-16,0.));
#14512=DIRECTION('',(-1.110223024625E-16,-1.,0.));
#14513=DIRECTION('',(0.,0.,1.));
#14514=DIRECTION('',(-1.,1.110223024625E-16,0.));
#14515=DIRECTION('',(0.,0.,1.));
#14516=DIRECTION('',(1.110223024625E-16,1.,0.));
#14517=DIRECTION('',(-1.,1.110223024625E-16,0.));
#14518=DIRECTION('',(1.110223024625E-16,1.,0.));
#14519=DIRECTION('',(0.,0.,-1.));
#14520=DIRECTION('',(-1.110223024625E-16,-1.,0.));
#14521=DIRECTION('',(0.,0.,1.));
#14522=DIRECTION('',(-1.,1.110223024625E-16,0.));
#14523=DIRECTION('',(0.,0.,1.));
#14524=DIRECTION('',(1.110223024625E-16,1.,0.));
#14525=DIRECTION('',(-1.,1.110223024625E-16,0.));
#14526=DIRECTION('',(1.110223024625E-16,1.,0.));
#14527=DIRECTION('',(0.,0.,-1.));
#14528=DIRECTION('',(-1.110223024625E-16,-1.,0.));
#14529=DIRECTION('',(0.,0.,1.));
#14530=DIRECTION('',(-1.,1.110223024625E-16,0.));
#14531=DIRECTION('',(0.,0.,1.));
#14532=DIRECTION('',(1.110223024625E-16,1.,0.));
#14533=DIRECTION('',(-1.,1.110223024625E-16,0.));
#14534=DIRECTION('',(1.110223024625E-16,1.,0.));
#14535=DIRECTION('',(0.,0.,-1.));
#14536=DIRECTION('',(-1.110223024625E-16,-1.,0.));
#14537=DIRECTION('',(0.,0.,1.));
#14538=DIRECTION('',(-1.,1.110223024625E-16,0.));
#14539=DIRECTION('',(0.,0.,1.));
#14540=DIRECTION('',(1.110223024625E-16,1.,0.));
#14541=DIRECTION('',(-1.,1.110223024625E-16,0.));
#14542=DIRECTION('',(1.110223024625E-16,1.,0.));
#14543=DIRECTION('',(0.,0.,-1.));
#14544=DIRECTION('',(-1.110223024625E-16,-1.,0.));
#14545=DIRECTION('',(0.,0.,1.));
#14546=DIRECTION('',(-1.,1.110223024625E-16,0.));
#14547=DIRECTION('',(0.,0.,1.));
#14548=DIRECTION('',(1.110223024625E-16,1.,0.));
#14549=DIRECTION('',(-1.,1.110223024625E-16,0.));
#14550=DIRECTION('',(1.110223024625E-16,1.,0.));
#14551=DIRECTION('',(0.,0.,-1.));
#14552=DIRECTION('',(-1.110223024625E-16,-1.,0.));
#14553=DIRECTION('',(0.,0.,1.));
#14554=DIRECTION('',(-1.,1.110223024625E-16,0.));
#14555=DIRECTION('',(0.,0.,1.));
#14556=DIRECTION('',(1.110223024625E-16,1.,0.));
#14557=DIRECTION('',(-1.,1.110223024625E-16,0.));
#14558=DIRECTION('',(1.110223024625E-16,1.,0.));
#14559=DIRECTION('',(0.,0.,-1.));
#14560=DIRECTION('',(-1.110223024625E-16,-1.,0.));
#14561=DIRECTION('',(0.,0.,1.));
#14562=DIRECTION('',(-1.,1.110223024625E-16,0.));
#14563=DIRECTION('',(0.,0.,1.));
#14564=DIRECTION('',(1.110223024625E-16,1.,0.));
#14565=DIRECTION('',(-1.,1.110223024625E-16,0.));
#14566=DIRECTION('',(1.110223024625E-16,1.,0.));
#14567=DIRECTION('',(0.,0.,-1.));
#14568=DIRECTION('',(-1.110223024625E-16,-1.,0.));
#14569=DIRECTION('',(0.,0.,1.));
#14570=DIRECTION('',(-1.,1.110223024625E-16,0.));
#14571=DIRECTION('',(0.,0.,1.));
#14572=DIRECTION('',(1.110223024625E-16,1.,0.));
#14573=DIRECTION('',(-1.,1.110223024625E-16,0.));
#14574=DIRECTION('',(1.110223024625E-16,1.,0.));
#14575=DIRECTION('',(0.,0.,-1.));
#14576=DIRECTION('',(0.,0.,1.));
#14577=DIRECTION('',(1.110223024625E-16,1.,0.));
#14578=DIRECTION('',(0.,0.,1.));
#14579=DIRECTION('',(1.,0.,0.));
#14580=DIRECTION('',(0.,1.,0.));
#14581=DIRECTION('',(1.,0.,0.));
#14582=DIRECTION('',(1.,0.,0.));
#14583=DIRECTION('',(0.,0.,1.));
#14584=DIRECTION('',(1.,0.,0.));
#14585=DIRECTION('',(0.,0.,1.));
#14586=DIRECTION('',(0.,-1.,0.));
#14587=DIRECTION('',(-1.,0.,0.));
#14588=DIRECTION('',(1.,0.,0.));
#14589=DIRECTION('',(0.,0.,1.));
#14590=DIRECTION('',(1.,0.,0.));
#14591=DIRECTION('',(0.,0.,-1.));
#14592=DIRECTION('',(0.,1.,0.));
#14593=DIRECTION('',(1.,0.,0.));
#14594=DIRECTION('',(1.,0.,0.));
#14595=DIRECTION('',(0.,0.,1.));
#14596=DIRECTION('',(1.,0.,0.));
#14597=DIRECTION('',(0.,0.,-1.));
#14598=DIRECTION('',(0.,-1.,0.));
#14599=DIRECTION('',(-1.,0.,0.));
#14600=DIRECTION('',(1.,0.,0.));
#14601=DIRECTION('',(0.,0.,1.));
#14602=DIRECTION('',(1.,0.,0.));
#14603=DIRECTION('',(0.,0.,1.));
#14604=DIRECTION('',(-1.,-3.172065784643E-16,0.));
#14605=DIRECTION('',(3.172065784643E-16,-1.,0.));
#14606=DIRECTION('',(0.,1.,0.));
#14607=DIRECTION('',(0.,0.,1.));
#14608=DIRECTION('',(3.172065784643E-16,-1.,0.));
#14609=DIRECTION('',(0.,0.,1.));
#14610=DIRECTION('',(0.,1.,0.));
#14611=DIRECTION('',(0.,1.,0.));
#14612=DIRECTION('',(-1.,0.,0.));
#14613=DIRECTION('',(0.,-1.,0.));
#14614=DIRECTION('',(0.,1.,0.));
#14615=DIRECTION('',(0.,0.,1.));
#14616=DIRECTION('',(0.,1.,0.));
#14617=DIRECTION('',(-1.,0.,0.));
#14618=DIRECTION('',(0.,-1.,0.));
#14619=DIRECTION('',(0.,1.,0.));
#14620=DIRECTION('',(0.,0.,1.));
#14621=DIRECTION('',(0.,1.,0.));
#14622=DIRECTION('',(1.,0.,0.));
#14623=DIRECTION('',(0.,1.,0.));
#14624=DIRECTION('',(0.,1.,0.));
#14625=DIRECTION('',(0.,0.,1.));
#14626=DIRECTION('',(0.,1.,0.));
#14627=DIRECTION('',(1.,0.,0.));
#14628=DIRECTION('',(0.,1.,0.));
#14629=DIRECTION('',(0.,1.,0.));
#14630=DIRECTION('',(0.,0.,1.));
#14631=DIRECTION('',(0.,1.,0.));
#14632=DIRECTION('',(0.,0.,1.));
#14633=DIRECTION('',(1.,0.,0.));
#14634=DIRECTION('',(1.,0.,0.));
#14635=DIRECTION('',(0.,1.,0.));
#14636=DIRECTION('',(1.,0.,0.));
#14637=DIRECTION('',(0.,0.,1.));
#14638=DIRECTION('',(1.,0.,0.));
#14639=DIRECTION('',(1.,0.,0.));
#14640=DIRECTION('',(0.,1.,0.));
#14641=DIRECTION('',(1.,0.,0.));
#14642=DIRECTION('',(1.,1.586032892322E-16,0.));
#14643=DIRECTION('',(-1.586032892322E-16,1.,0.));
#14644=DIRECTION('',(0.,0.,1.));
#14645=DIRECTION('',(-1.586032892322E-16,1.,0.));
#14646=DIRECTION('',(0.,0.,1.));
#14647=DIRECTION('',(0.,1.,0.));
#14648=DIRECTION('',(-0.894427190999916,0.,0.447213595499958));
#14649=DIRECTION('',(0.447213595499958,0.,0.894427190999916));
#14650=DIRECTION('',(0.447213595499958,0.,0.894427190999916));
#14651=DIRECTION('',(0.,1.,0.));
#14652=DIRECTION('',(0.447213595499958,0.,0.894427190999916));
#14653=DIRECTION('',(0.,1.,0.));
#14654=DIRECTION('',(0.,-1.,0.));
#14655=DIRECTION('',(-1.,0.,0.));
#14656=DIRECTION('',(1.,0.,0.));
#14657=DIRECTION('',(0.,0.,-1.));
#14658=DIRECTION('',(-1.,0.,0.));
#14659=DIRECTION('',(0.,0.,1.));
#14660=DIRECTION('',(0.,0.,1.));
#14661=DIRECTION('',(1.,0.,0.));
#14662=DIRECTION('',(1.,0.,0.));
#14663=DIRECTION('',(0.,1.,0.));
#14664=DIRECTION('',(1.,0.,0.));
#14665=DIRECTION('',(0.,0.,-1.));
#14666=DIRECTION('',(-1.,0.,0.));
#14667=DIRECTION('',(1.,0.,0.));
#14668=DIRECTION('',(0.,1.,0.));
#14669=DIRECTION('',(1.,0.,0.));
#14670=DIRECTION('',(0.,1.,0.));
#14671=DIRECTION('',(1.,0.,0.));
#14672=DIRECTION('',(0.,1.,0.));
#14673=DIRECTION('',(-1.,0.,0.));
#14674=DIRECTION('',(0.,1.,0.));
#14675=DIRECTION('',(0.,1.,0.));
#14676=DIRECTION('',(1.,0.,0.));
#14677=DIRECTION('',(0.,1.,0.));
#14678=DIRECTION('',(1.,0.,0.));
#14679=DIRECTION('',(0.894427190999916,0.,0.447213595499958));
#14680=DIRECTION('',(0.447213595499958,0.,-0.894427190999916));
#14681=DIRECTION('',(0.447213595499958,0.,-0.894427190999916));
#14682=DIRECTION('',(0.447213595499958,0.,-0.894427190999916));
#14683=DIRECTION('',(0.,1.,0.));
#14684=DIRECTION('',(0.,1.,0.));
#14685=DIRECTION('',(1.,0.,0.));
#14686=DIRECTION('',(0.,0.,-1.));
#14687=DIRECTION('',(1.,0.,0.));
#14688=DIRECTION('',(0.,0.,1.));
#14689=DIRECTION('',(-1.,0.,0.));
#14690=DIRECTION('',(0.,0.602712451703266,0.797958457917352));
#14691=DIRECTION('',(-1.,0.,0.));
#14692=DIRECTION('',(0.,0.,1.));
#14693=DIRECTION('',(-1.,0.,0.));
#14694=DIRECTION('',(0.,0.,1.));
#14695=DIRECTION('',(-1.,0.,0.));
#14696=DIRECTION('',(-1.,5.843279076974E-16,0.));
#14697=DIRECTION('',(-5.843279076974E-16,-1.,0.));
#14698=DIRECTION('',(1.90762942992151E-16,0.273475401124144,-0.961878997057316));
#14699=DIRECTION('',(0.,1.,0.));
#14700=DIRECTION('',(0.,0.,1.));
#14701=DIRECTION('',(-5.843279076974E-16,-1.,0.));
#14702=DIRECTION('',(0.,-0.96187899705733,-0.273475401124094));
#14703=DIRECTION('',(0.,-0.273475401124094,0.96187899705733));
#14704=DIRECTION('',(2.28915531590581E-15,-0.273475401124145,0.961878997057316));
#14705=DIRECTION('',(1.,0.,0.));
#14706=DIRECTION('',(1.,0.,0.));
#14707=DIRECTION('',(0.,-1.,0.));
#14708=DIRECTION('',(0.,0.,-1.));
#14709=DIRECTION('',(0.,-1.,0.));
#14710=DIRECTION('',(0.,0.,-1.));
#14711=DIRECTION('',(0.,1.,0.));
#14712=DIRECTION('',(1.,0.,0.));
#14713=DIRECTION('',(0.,0.,-1.));
#14714=DIRECTION('',(1.,0.,0.));
#14715=DIRECTION('',(-1.,0.,0.));
#14716=DIRECTION('',(0.,1.,0.));
#14717=DIRECTION('',(0.,0.,-1.));
#14718=DIRECTION('',(0.,1.,0.));
#14719=DIRECTION('',(0.,-1.,0.));
#14720=DIRECTION('',(-1.,0.,0.));
#14721=DIRECTION('',(-1.,0.,0.));
#14722=DIRECTION('',(0.,0.,-1.));
#14723=DIRECTION('',(-1.,0.,0.));
#14724=DIRECTION('',(0.,0.813194439676095,-0.581992098984068));
#14725=DIRECTION('',(0.,-0.581992098984068,-0.813194439676095));
#14726=DIRECTION('',(0.,0.581992098983895,0.81319443967622));
#14727=DIRECTION('',(-1.,0.,0.));
#14728=DIRECTION('',(1.,1.00929365875E-15,0.));
#14729=DIRECTION('',(0.,0.581992098983931,0.813194439676194));
#14730=DIRECTION('',(1.,0.,0.));
#14731=DIRECTION('',(-5.31365977337075E-16,-0.581992098983931,-0.813194439676194));
#14732=DIRECTION('',(1.,0.,0.));
#14733=DIRECTION('',(-1.,0.,0.));
#14734=DIRECTION('',(-1.95926039588909E-16,-0.581992098983895,-0.813194439676219));
#14735=DIRECTION('',(1.,0.,0.));
#14736=DIRECTION('',(0.,0.581992098983947,0.813194439676182));
#14737=DIRECTION('',(1.,0.,0.));
#14738=DIRECTION('',(0.,-0.581992098983948,-0.813194439676182));
#14739=DIRECTION('',(1.,0.,0.));
#14740=DIRECTION('',(1.,8.180590707764E-15,0.));
#14741=DIRECTION('',(-8.180590707764E-15,1.,0.));
#14742=DIRECTION('',(0.,0.,1.));
#14743=DIRECTION('',(-8.180590707764E-15,1.,0.));
#14744=DIRECTION('',(0.,0.,1.));
#14745=DIRECTION('',(0.,1.,0.));
#14746=DIRECTION('',(0.,0.,-1.));
#14747=DIRECTION('',(-1.,0.,0.));
#14748=DIRECTION('',(0.,-1.,0.));
#14749=DIRECTION('',(1.,0.,0.));
#14750=DIRECTION('',(0.,-1.,0.));
#14751=DIRECTION('',(0.,0.,1.));
#14752=DIRECTION('',(1.,0.,0.));
#14753=DIRECTION('',(-1.,0.,0.));
#14754=DIRECTION('',(0.,-1.,0.));
#14755=DIRECTION('',(0.,0.,1.));
#14756=DIRECTION('',(0.,1.,0.));
#14757=DIRECTION('',(-1.,0.,0.));
#14758=DIRECTION('',(0.,-1.,0.));
#14759=DIRECTION('',(0.,0.,1.));
#14760=DIRECTION('',(0.,0.,1.));
#14761=DIRECTION('',(1.,0.,0.));
#14762=DIRECTION('',(1.,0.,0.));
#14763=DIRECTION('',(1.,0.,0.));
#14764=DIRECTION('',(1.,0.,0.));
#14765=DIRECTION('',(0.,0.,1.));
#14766=DIRECTION('',(1.,0.,0.));
#14767=DIRECTION('',(0.,1.,0.));
#14768=DIRECTION('',(0.,0.,1.));
#14769=DIRECTION('',(1.,0.,0.));
#14770=DIRECTION('',(1.,0.,0.));
#14771=DIRECTION('',(0.,1.,0.));
#14772=DIRECTION('',(1.,0.,0.));
#14773=DIRECTION('',(0.,0.,1.));
#14774=DIRECTION('',(1.,0.,0.));
#14775=DIRECTION('',(0.,1.,0.));
#14776=DIRECTION('',(0.,0.,1.));
#14777=DIRECTION('',(1.,0.,0.));
#14778=DIRECTION('',(1.,0.,0.));
#14779=DIRECTION('',(0.,1.,0.));
#14780=DIRECTION('',(1.,0.,0.));
#14781=DIRECTION('',(0.,0.,-1.));
#14782=DIRECTION('',(1.,0.,0.));
#14783=DIRECTION('',(0.,0.,-1.));
#14784=DIRECTION('',(-1.,0.,0.));
#14785=DIRECTION('',(0.,1.,0.));
#14786=DIRECTION('',(0.,1.,0.));
#14787=DIRECTION('',(0.,0.,-1.));
#14788=DIRECTION('',(0.,1.,0.));
#14789=DIRECTION('',(0.,0.,-1.));
#14790=DIRECTION('',(0.,1.,0.));
#14791=DIRECTION('',(0.,0.,1.));
#14792=DIRECTION('',(1.,0.,0.));
#14793=DIRECTION('',(0.,-1.,0.));
#14794=DIRECTION('',(1.,0.,0.));
#14795=DIRECTION('',(1.,0.,0.));
#14796=DIRECTION('',(0.,-1.,0.));
#14797=DIRECTION('',(0.,0.,-1.));
#14798=DIRECTION('',(0.,-1.,0.));
#14799=DIRECTION('',(0.,0.,-1.));
#14800=DIRECTION('',(0.,1.,0.));
#14801=DIRECTION('',(0.,0.,-1.));
#14802=DIRECTION('',(0.,1.,0.));
#14803=DIRECTION('',(1.,0.,0.));
#14804=DIRECTION('',(0.,0.,-1.));
#14805=DIRECTION('',(1.,0.,0.));
#14806=DIRECTION('',(1.,-5.843279076974E-16,0.));
#14807=DIRECTION('',(5.843279076974E-16,1.,0.));
#14808=DIRECTION('',(5.843279076974E-16,1.,0.));
#14809=DIRECTION('',(0.,0.,-1.));
#14810=DIRECTION('',(0.8,0.6,0.));
#14811=DIRECTION('',(0.,0.,-1.));
#14812=DIRECTION('',(-1.,0.,0.));
#14813=DIRECTION('',(0.,-1.,0.));
#14814=DIRECTION('',(-1.,0.,0.));
#14815=DIRECTION('',(1.,0.,0.));
#14816=DIRECTION('',(0.,1.,0.));
#14817=DIRECTION('',(1.,0.,0.));
#14818=DIRECTION('',(1.,0.,0.));
#14819=DIRECTION('',(1.,0.,0.));
#14820=DIRECTION('',(0.,0.,1.));
#14821=DIRECTION('',(1.,0.,0.));
#14822=DIRECTION('',(0.,1.,0.));
#14823=DIRECTION('',(1.,0.,0.));
#14824=DIRECTION('',(0.,0.,1.));
#14825=DIRECTION('',(0.,-1.,0.));
#14826=DIRECTION('',(-1.,0.,0.));
#14827=DIRECTION('',(0.,0.,1.));
#14828=DIRECTION('',(-1.,0.,0.));
#14829=DIRECTION('',(0.,0.,-1.));
#14830=DIRECTION('',(-1.,0.,0.));
#14831=DIRECTION('',(0.,0.,1.));
#14832=DIRECTION('',(1.,0.,0.));
#14833=DIRECTION('',(-1.,-1.00929365875E-15,0.));
#14834=DIRECTION('',(0.,1.,0.));
#14835=DIRECTION('',(0.,0.,-1.));
#14836=DIRECTION('',(-1.,0.,0.));
#14837=DIRECTION('',(0.,0.,1.));
#14838=DIRECTION('',(1.,0.,0.));
#14839=DIRECTION('',(0.,-1.,0.));
#14840=DIRECTION('',(-1.,3.02788097625E-15,0.));
#14841=DIRECTION('',(0.,0.,-1.));
#14842=DIRECTION('',(-1.,0.,0.));
#14843=DIRECTION('',(0.,0.,1.));
#14844=DIRECTION('',(1.,0.,0.));
#14845=DIRECTION('',(0.,1.,0.));
#14846=DIRECTION('',(-1.,0.,0.));
#14847=DIRECTION('',(0.,-1.,0.));
#14848=DIRECTION('',(0.,0.,1.));
#14849=DIRECTION('',(0.,0.,1.));
#14850=DIRECTION('',(0.,0.,1.));
#14851=DIRECTION('',(4.93432455389E-15,1.,0.));
#14852=DIRECTION('',(0.,0.,1.));
#14853=DIRECTION('',(3.02788097625E-15,1.,0.));
#14854=DIRECTION('',(-1.,3.02788097625E-15,0.));
#14855=DIRECTION('',(1.,0.,0.));
#14856=DIRECTION('',(0.,1.,0.));
#14857=DIRECTION('',(0.,0.,1.));
#14858=DIRECTION('',(0.,0.,1.));
#14859=DIRECTION('',(0.,0.,1.));
#14860=DIRECTION('',(-3.700743415417E-15,-1.,0.));
#14861=DIRECTION('',(0.,0.,1.));
#14862=DIRECTION('',(0.,-1.,0.));
#14863=DIRECTION('',(1.,0.,0.));
#14864=DIRECTION('',(0.,0.,1.));
#14865=DIRECTION('',(-1.00929365875E-15,1.,0.));
#14866=DIRECTION('',(-1.,-1.00929365875E-15,0.));
#14867=DIRECTION('',(0.,0.,1.));
#14868=DIRECTION('',(0.,0.,1.));
#14869=DIRECTION('',(1.,-4.93432455389E-15,0.));
#14870=DIRECTION('',(1.,-5.843279076974E-16,0.));
#14871=DIRECTION('',(5.843279076974E-16,1.,0.));
#14872=DIRECTION('',(1.00929365875E-15,-1.,0.));
#14873=DIRECTION('',(1.,1.00929365875E-15,0.));
#14874=DIRECTION('',(0.,0.,1.));
#14875=DIRECTION('',(0.,0.,1.));
#14876=DIRECTION('',(-1.,0.,0.));
#14877=DIRECTION('',(1.,1.02798428206E-15,0.));
#14878=DIRECTION('',(-1.02798428206E-15,1.,0.));
#14879=DIRECTION('',(0.,0.,1.));
#14880=DIRECTION('',(-1.02798428206E-15,1.,0.));
#14881=DIRECTION('',(0.,0.,1.));
#14882=DIRECTION('',(0.,1.,0.));
#14883=DIRECTION('',(-1.,-2.055968564121E-15,0.));
#14884=DIRECTION('',(2.055968564121E-15,-1.,0.));
#14885=DIRECTION('',(0.,1.,0.));
#14886=DIRECTION('',(0.,0.,1.));
#14887=DIRECTION('',(2.055968564121E-15,-1.,0.));
#14888=DIRECTION('',(0.,0.,1.));
#14889=DIRECTION('',(0.,0.,1.));
#14890=DIRECTION('',(-1.,0.,0.));
#14891=DIRECTION('',(0.,0.,1.));
#14892=DIRECTION('',(1.,0.,0.));
#14893=DIRECTION('',(0.,0.,1.));
#14894=DIRECTION('',(1.,0.,0.));
#14895=DIRECTION('',(0.,0.,1.));
#14896=DIRECTION('',(1.,0.,0.));
#14897=DIRECTION('',(0.707106781186548,0.707106781186548,0.));
#14898=DIRECTION('',(1.,0.,0.));
#14899=DIRECTION('',(0.,1.,0.));
#14900=DIRECTION('',(-1.,0.,0.));
#14901=DIRECTION('',(0.,-1.,0.));
#14902=DIRECTION('',(1.,-3.469446951954E-16,0.));
#14903=DIRECTION('',(0.,-1.,0.));
#14904=DIRECTION('',(1.,0.,0.));
#14905=DIRECTION('',(1.,0.,0.));
#14906=DIRECTION('',(0.,0.,1.));
#14907=DIRECTION('',(1.,0.,0.));
#14908=DIRECTION('',(0.,0.,1.));
#14909=DIRECTION('',(0.,1.,0.));
#14910=DIRECTION('',(-1.,0.,0.));
#14911=DIRECTION('',(1.,0.,0.));
#14912=DIRECTION('',(0.,0.,1.));
#14913=DIRECTION('',(-1.,0.,0.));
#14914=DIRECTION('',(0.,0.,1.));
#14915=DIRECTION('',(0.,0.,1.));
#14916=DIRECTION('',(0.,1.,0.));
#14917=DIRECTION('',(0.,0.,1.));
#14918=DIRECTION('',(1.,0.,0.));
#14919=DIRECTION('',(0.,0.,1.));
#14920=DIRECTION('',(1.,0.,0.));
#14921=DIRECTION('',(0.,0.,1.));
#14922=DIRECTION('',(1.,0.,0.));
#14923=DIRECTION('',(6.938893903907E-17,-1.,0.));
#14924=DIRECTION('',(1.850371707709E-15,1.,0.));
#14925=DIRECTION('',(-1.,0.,0.));
#14926=DIRECTION('',(0.,-1.,0.));
#14927=DIRECTION('',(1.,0.,0.));
#14928=DIRECTION('',(0.,0.,1.));
#14929=DIRECTION('',(1.,0.,0.));
#14930=DIRECTION('',(1.,0.,0.));
#14931=DIRECTION('',(0.,1.,0.));
#14932=DIRECTION('',(1.,0.,0.));
#14933=DIRECTION('',(0.,1.,0.));
#14934=DIRECTION('',(-0.707106781186548,-0.707106781186548,0.));
#14935=DIRECTION('',(-1.,0.,0.));
#14936=DIRECTION('',(0.,-1.,0.));
#14937=DIRECTION('',(0.,0.,1.));
#14938=DIRECTION('',(0.,-1.,0.));
#14939=DIRECTION('',(0.,0.,1.));
#14940=DIRECTION('',(0.,1.,0.));
#14941=DIRECTION('',(-1.,0.,0.));
#14942=DIRECTION('',(0.,0.,1.));
#14943=DIRECTION('',(-1.,0.,0.));
#14944=DIRECTION('',(-1.,-6.938893903907E-17,0.));
#14945=DIRECTION('',(6.938893903907E-17,-1.,0.));
#14946=DIRECTION('',(0.,1.,0.));
#14947=DIRECTION('',(0.,0.,1.));
#14948=DIRECTION('',(6.938893903907E-17,-1.,0.));
#14949=DIRECTION('',(0.,-0.0674138579927538,-0.997725098286363));
#14950=DIRECTION('',(0.,1.,0.));
#14951=DIRECTION('',(-1.,0.,0.));
#14952=DIRECTION('',(0.,-1.,0.));
#14953=DIRECTION('',(0.,0.,1.));
#14954=DIRECTION('',(0.,-1.,0.));
#14955=DIRECTION('',(0.,0.,1.));
#14956=DIRECTION('',(0.,1.,0.));
#14957=DIRECTION('',(-1.,0.,0.));
#14958=DIRECTION('',(0.,0.,1.));
#14959=DIRECTION('',(-1.,0.,0.));
#14960=DIRECTION('',(1.,-1.850371707709E-15,0.));
#14961=DIRECTION('',(1.850371707709E-15,1.,0.));
#14962=DIRECTION('',(0.,0.,1.));
#14963=DIRECTION('',(1.850371707709E-15,1.,0.));
#14964=DIRECTION('',(0.,-1.,0.));
#14965=DIRECTION('',(1.,0.,0.));
#14966=DIRECTION('',(1.,0.,0.));
#14967=DIRECTION('',(0.,0.,1.));
#14968=DIRECTION('',(1.,0.,0.));
#14969=DIRECTION('',(1.,0.,0.));
#14970=DIRECTION('',(0.,1.,0.));
#14971=DIRECTION('',(0.,0.,1.));
#14972=DIRECTION('',(0.,1.,0.));
#14973=DIRECTION('',(-3.469446951954E-16,-1.,0.));
#14974=DIRECTION('',(1.,-3.469446951954E-16,0.));
#14975=DIRECTION('',(1.,-3.469446951954E-16,0.));
#14976=DIRECTION('',(0.,0.,1.));
#14977=DIRECTION('',(1.,0.,0.));
#14978=DIRECTION('',(0.,0.,1.));
#14979=DIRECTION('',(1.,0.,0.));
#14980=DIRECTION('',(-1.,-1.50069100246113E-16,5.76634390947617E-19));
#14981=DIRECTION('',(2.135044278125E-16,-1.,0.));
#14982=DIRECTION('',(1.,2.362176648139E-16,0.));
#14983=DIRECTION('',(-2.135044278125E-16,1.,0.));
#14984=DIRECTION('',(2.362176648139E-16,-1.,0.));
#14985=DIRECTION('',(1.,2.362176648139E-16,0.));
#14986=DIRECTION('',(0.,0.,1.));
#14987=DIRECTION('',(1.,2.362176648139E-16,0.));
#14988=DIRECTION('',(0.,0.,1.));
#14989=DIRECTION('',(0.,0.,1.));
#14990=DIRECTION('',(1.,0.,0.));
#14991=DIRECTION('',(-1.,0.,0.));
#14992=DIRECTION('',(-2.135044278125E-16,1.,0.));
#14993=DIRECTION('',(2.135044278125E-16,-1.,0.));
#14994=DIRECTION('',(1.,2.135044278125E-16,0.));
#14995=DIRECTION('',(-2.135044278125E-16,1.,0.));
#14996=DIRECTION('',(0.,1.,0.));
#14997=DIRECTION('',(-1.06920596174142E-17,0.0674138579923464,-0.997725098286391));
#14998=DIRECTION('',(0.,0.,1.));
#14999=DIRECTION('',(-1.,-2.135044278125E-16,0.));
#15000=DIRECTION('',(2.135044278125E-16,-1.,0.));
#15001=DIRECTION('',(0.,1.,0.));
#15002=DIRECTION('',(0.,0.,1.));
#15003=DIRECTION('',(-1.06920596174142E-17,0.0674138579923464,-0.997725098286391));
#15004=DIRECTION('',(0.,1.,0.));
#15005=DIRECTION('',(-1.,0.,0.));
#15006=DIRECTION('',(1.,0.,0.));
#15007=DIRECTION('',(0.,0.,1.));
#15008=DIRECTION('',(1.,0.,0.));
#15009=DIRECTION('',(0.,0.,1.));
#15010=DIRECTION('',(1.,0.,0.));
#15011=DIRECTION('',(-1.,-1.850371707709E-16,0.));
#15012=DIRECTION('',(1.850371707709E-16,-1.,0.));
#15013=DIRECTION('',(0.,1.,0.));
#15014=DIRECTION('',(0.,0.,1.));
#15015=DIRECTION('',(1.850371707709E-16,-1.,0.));
#15016=DIRECTION('',(0.,1.,0.));
#15017=DIRECTION('',(-1.,0.,0.));
#15018=DIRECTION('',(1.,0.,0.));
#15019=DIRECTION('',(0.,0.,1.));
#15020=DIRECTION('',(-1.,0.,0.));
#15021=DIRECTION('',(1.,0.,0.));
#15022=DIRECTION('',(0.,1.,0.));
#15023=DIRECTION('',(0.,1.,0.));
#15024=DIRECTION('',(0.,1.,0.));
#15025=DIRECTION('',(0.,0.,1.));
#15026=DIRECTION('',(1.,0.,0.));
#15027=DIRECTION('',(1.49688834643859E-16,-0.997725098286391,0.0674138579923464));
#15028=DIRECTION('',(-1.06920596174142E-17,0.0674138579923464,0.997725098286391));
#15029=DIRECTION('',(0.198624967547119,-0.0660706752755788,-0.977845994078585));
#15030=DIRECTION('',(-1.,-1.586032892322E-16,0.));
#15031=DIRECTION('',(0.198624967547119,0.0660706752755788,0.977845994078584));
#15032=DIRECTION('',(1.,0.,0.));
#15033=DIRECTION('',(1.,0.,0.));
#15034=DIRECTION('',(0.,0.0674138579927538,0.997725098286363));
#15035=DIRECTION('',(-1.49688834643859E-16,0.997725098286391,0.0674138579923464));
#15036=DIRECTION('',(-1.06920596174142E-17,0.0674138579923464,-0.997725098286391));
#15037=DIRECTION('',(1.,0.,0.));
#15038=DIRECTION('',(-0.19862496754712,0.0660706752755132,-0.977845994078589));
#15039=DIRECTION('',(1.,0.,0.));
#15040=DIRECTION('',(-0.19862496754712,-0.066070675275513,0.977845994078589));
#15041=DIRECTION('',(1.,0.,0.));
#15042=DIRECTION('',(0.,0.,1.));
#15043=DIRECTION('',(1.,0.,0.));
#15044=DIRECTION('',(0.,1.,0.));
#15045=DIRECTION('',(1.,0.,0.));
#15046=DIRECTION('',(-0.707106781186548,0.707106781186548,0.));
#15047=DIRECTION('',(0.,0.,1.));
#15048=DIRECTION('',(1.,0.,0.));
#15049=DIRECTION('',(0.,1.,0.));
#15050=DIRECTION('',(1.,0.,0.));
#15051=DIRECTION('',(0.707106781186548,0.707106781186548,0.));
#15052=DIRECTION('',(-6.938893903907E-17,1.,0.));
#15053=DIRECTION('',(0.707106781186548,-0.707106781186548,0.));
#15054=DIRECTION('',(1.,-1.233581138472E-16,0.));
#15055=DIRECTION('',(0.,1.,0.));
#15056=DIRECTION('',(0.,0.,-1.));
#15057=DIRECTION('',(-1.,0.,0.));
#15058=DIRECTION('',(0.,0.,1.));
#15059=DIRECTION('',(1.,0.,0.));
#15060=DIRECTION('',(0.,0.,1.));
#15061=DIRECTION('',(1.,0.,0.));
#15062=DIRECTION('',(-0.979987319582072,0.,0.199059924290014));
#15063=DIRECTION('',(0.199059924290014,0.,0.979987319582072));
#15064=DIRECTION('',(0.199059924290103,0.,0.979987319582054));
#15065=DIRECTION('',(0.,-1.,0.));
#15066=DIRECTION('',(1.,0.,0.));
#15067=DIRECTION('',(0.979987319582072,0.,0.199059924290014));
#15068=DIRECTION('',(0.199059924290014,0.,-0.979987319582072));
#15069=DIRECTION('',(0.199059924290105,0.,-0.979987319582053));
#15070=DIRECTION('',(-1.586032892322E-16,1.,0.));
#15071=DIRECTION('',(-1.,-1.586032892322E-16,0.));
#15072=DIRECTION('',(-1.233581138472E-16,-1.,0.));
#15073=DIRECTION('',(1.,-1.233581138472E-16,0.));
#15074=DIRECTION('',(0.,0.,1.));
#15075=DIRECTION('',(-0.707106781186548,-0.707106781186548,0.));
#15076=DIRECTION('',(0.707106781186548,-0.707106781186548,0.));
#15077=DIRECTION('',(1.,6.938893903907E-17,0.));
#15078=DIRECTION('',(-6.938893903907E-17,1.,0.));
#15079=DIRECTION('',(0.,0.,1.));
#15080=DIRECTION('',(0.707106781186548,-0.707106781186548,0.));
#15081=DIRECTION('',(0.707106781186548,0.707106781186548,0.));
#15082=DIRECTION('',(0.,0.,1.));
#15083=DIRECTION('',(0.,-1.,0.));
#15084=DIRECTION('',(1.,0.,0.));
#15085=DIRECTION('',(0.,0.,1.));
#15086=DIRECTION('',(1.,0.,0.));
#15087=DIRECTION('',(0.,0.,1.));
#15088=DIRECTION('',(0.,0.,1.));
#15089=DIRECTION('',(1.,0.,0.));
#15090=DIRECTION('',(0.,0.,1.));
#15091=DIRECTION('',(1.,0.,0.));
#15092=DIRECTION('',(0.,0.,1.));
#15093=DIRECTION('',(0.,0.,1.));
#15094=DIRECTION('',(1.,0.,0.));
#15095=DIRECTION('',(0.,0.,1.));
#15096=DIRECTION('',(1.,0.,0.));
#15097=DIRECTION('',(0.,0.,1.));
#15098=DIRECTION('',(1.,0.,0.));
#15099=DIRECTION('',(0.,1.,0.));
#15100=DIRECTION('',(-1.,0.,0.));
#15101=DIRECTION('',(0.,-1.,0.));
#15102=DIRECTION('',(1.,0.,0.));
#15103=DIRECTION('',(0.,0.,1.));
#15104=DIRECTION('',(-1.,0.,0.));
#15105=DIRECTION('',(0.,0.,1.));
#15106=DIRECTION('',(1.,0.,0.));
#15107=DIRECTION('',(0.,0.,1.));
#15108=DIRECTION('',(1.,0.,0.));
#15109=DIRECTION('',(0.358979079308664,-4.3962258043622E-17,0.933345606203138));
#15110=DIRECTION('',(0.,0.,1.));
#15111=DIRECTION('',(1.,0.,0.));
#15112=DIRECTION('',(0.,0.,-1.));
#15113=DIRECTION('',(-1.,0.,0.));
#15114=DIRECTION('',(0.,0.,-1.));
#15115=DIRECTION('',(0.,0.,1.));
#15116=DIRECTION('',(1.,0.,0.));
#15117=DIRECTION('',(0.,0.,1.));
#15118=DIRECTION('',(1.110223024625E-16,1.,0.));
#15119=DIRECTION('',(-0.707106781186548,0.,0.707106781186548));
#15120=DIRECTION('',(0.707106781186548,0.,0.707106781186548));
#15121=DIRECTION('',(0.707106781186548,0.,0.707106781186548));
#15122=DIRECTION('',(0.,1.,0.));
#15123=DIRECTION('',(0.707106781186548,0.,0.707106781186548));
#15124=DIRECTION('',(0.,1.,0.));
#15125=DIRECTION('',(0.,0.,1.));
#15126=DIRECTION('',(1.,0.,0.));
#15127=DIRECTION('',(1.,0.,0.));
#15128=DIRECTION('',(0.,1.,0.));
#15129=DIRECTION('',(1.,0.,0.));
#15130=DIRECTION('',(0.,-1.,0.));
#15131=DIRECTION('',(1.,0.,0.));
#15132=DIRECTION('',(0.,0.,1.));
#15133=DIRECTION('',(1.,0.,0.));
#15134=DIRECTION('',(0.,0.,1.));
#15135=DIRECTION('',(0.707106781186548,0.,-0.707106781186548));
#15136=DIRECTION('',(0.707106781186548,0.,0.707106781186548));
#15137=DIRECTION('',(0.707106781186548,0.,-0.707106781186548));
#15138=DIRECTION('',(0.707106781186548,0.,-0.707106781186548));
#15139=DIRECTION('',(0.,1.,0.));
#15140=DIRECTION('',(0.,1.,0.));
#15141=DIRECTION('',(-1.,0.,0.));
#15142=DIRECTION('',(0.,0.,1.));
#15143=DIRECTION('',(1.,0.,0.));
#15144=DIRECTION('',(0.,0.,1.));
#15145=DIRECTION('',(1.,0.,0.));
#15146=DIRECTION('',(0.,1.,0.));
#15147=DIRECTION('',(0.,1.,0.));
#15148=DIRECTION('',(-1.,0.,0.));
#15149=DIRECTION('',(0.,-1.,0.));
#15150=DIRECTION('',(0.,1.,0.));
#15151=DIRECTION('',(0.,0.,1.));
#15152=DIRECTION('',(1.,0.,0.));
#15153=DIRECTION('',(0.,0.,-1.));
#15154=DIRECTION('',(-1.110223024625E-16,-1.,0.));
#15155=DIRECTION('',(0.707106781186548,1.63551297779495E-16,0.707106781186548));
#15156=DIRECTION('',(0.707106781186548,0.,-0.707106781186548));
#15157=DIRECTION('',(0.707106781186548,0.,-0.707106781186548));
#15158=DIRECTION('',(-1.15648231731742E-16,1.,-1.15648231731742E-16));
#15159=DIRECTION('',(0.707106781186548,0.,-0.707106781186548));
#15160=DIRECTION('',(-1.15648231731742E-16,1.,-1.15648231731742E-16));
#15161=DIRECTION('',(0.,-1.,0.));
#15162=DIRECTION('',(1.,0.,0.));
#15163=DIRECTION('',(1.,0.,0.));
#15164=DIRECTION('',(0.707106781186548,0.,0.707106781186548));
#15165=DIRECTION('',(0.,0.,1.));
#15166=DIRECTION('',(1.,0.,0.));
#15167=DIRECTION('',(0.,0.,1.));
#15168=DIRECTION('',(0.,0.,1.));
#15169=DIRECTION('',(1.,0.,0.));
#15170=DIRECTION('',(1.,0.,0.));
#15171=DIRECTION('',(-2.31296463463412E-16,1.,2.31296463463412E-16));
#15172=DIRECTION('',(-0.707106781186548,-3.27102595558891E-16,0.707106781186548));
#15173=DIRECTION('',(0.707106781186548,0.,0.707106781186548));
#15174=DIRECTION('',(0.707106781186548,0.,0.707106781186548));
#15175=DIRECTION('',(-2.31296463463412E-16,1.,2.31296463463412E-16));
#15176=DIRECTION('',(-1.,-4.625929269271E-16,0.));
#15177=DIRECTION('',(4.625929269271E-16,-1.,0.));
#15178=DIRECTION('',(0.,0.,1.));
#15179=DIRECTION('',(0.,1.,0.));
#15180=DIRECTION('',(-8.673617379884E-17,1.,0.));
#15181=DIRECTION('',(-1.,-8.673617379884E-17,0.));
#15182=DIRECTION('',(0.,0.,1.));
#15183=DIRECTION('',(1.,0.,0.));
#15184=DIRECTION('',(1.,2.312964634636E-16,0.));
#15185=DIRECTION('',(-2.312964634636E-16,1.,0.));
#15186=DIRECTION('',(0.,1.,0.));
#15187=DIRECTION('',(0.,0.,1.));
#15188=DIRECTION('',(1.,0.,0.));
#15189=DIRECTION('',(0.,0.,-1.));
#15190=DIRECTION('',(-1.110223024625E-16,-1.,0.));
#15191=DIRECTION('',(0.,0.,1.));
#15192=DIRECTION('',(1.,0.,0.));
#15193=DIRECTION('',(0.707106781186548,0.,0.707106781186548));
#15194=DIRECTION('',(0.707106781186548,0.,-0.707106781186548));
#15195=DIRECTION('',(0.,1.,0.));
#15196=DIRECTION('',(0.577350269189626,-0.577350269189625,-0.577350269189627));
#15197=DIRECTION('',(0.,1.,0.));
#15198=DIRECTION('',(-0.577350269189624,0.577350269189624,0.577350269189629));
#15199=DIRECTION('',(-0.357406744336253,0.862856209461299,0.357406744336252));
#15200=DIRECTION('',(0.,-0.707106781186548,0.707106781186548));
#15201=DIRECTION('',(1.,0.,0.));
#15202=DIRECTION('',(1.,0.,0.));
#15203=DIRECTION('',(-0.577350269189625,-0.577350269189626,-0.577350269189627));
#15204=DIRECTION('',(1.,0.,0.));
#15205=DIRECTION('',(-0.707106781186548,0.,0.707106781186548));
#15206=DIRECTION('',(0.707106781186548,0.,0.707106781186548));
#15207=DIRECTION('',(0.,1.,0.));
#15208=DIRECTION('',(-0.357406744336253,-0.862856209461299,-0.357406744336252));
#15209=DIRECTION('',(-0.577350269189624,-0.577350269189625,-0.577350269189629));
#15210=DIRECTION('',(0.,1.,0.));
#15211=DIRECTION('',(0.,-0.382683432365114,0.923879532511276));
#15212=DIRECTION('',(1.,0.,0.));
#15213=DIRECTION('',(1.,0.,0.));
#15214=DIRECTION('',(-0.357406744336252,-0.862856209461128,-0.357406744336666));
#15215=DIRECTION('',(1.,0.,0.));
#15216=DIRECTION('',(-0.707106781186548,0.,0.707106781186548));
#15217=DIRECTION('',(0.707106781186548,0.,0.707106781186548));
#15218=DIRECTION('',(0.,1.,0.));
#15219=DIRECTION('',(-0.577350269189626,0.577350269189625,-0.577350269189627));
#15220=DIRECTION('',(0.,1.,0.));
#15221=DIRECTION('',(0.577350269189627,0.577350269189622,0.577350269189629));
#15222=DIRECTION('',(0.,0.707106781186548,0.707106781186548));
#15223=DIRECTION('',(1.,0.,0.));
#15224=DIRECTION('',(1.,0.,0.));
#15225=DIRECTION('',(-0.577350269189625,0.577350269189626,-0.577350269189627));
#15226=DIRECTION('',(1.,0.,0.));
#15227=DIRECTION('',(-0.707106781186548,0.,0.707106781186548));
#15228=DIRECTION('',(0.707106781186548,0.,0.707106781186548));
#15229=DIRECTION('',(0.,1.,0.));
#15230=DIRECTION('',(-0.577350269189626,0.577350269189625,-0.577350269189627));
#15231=DIRECTION('',(0.,1.,0.));
#15232=DIRECTION('',(0.,-0.382683432365114,0.923879532511276));
#15233=DIRECTION('',(1.,0.,0.));
#15234=DIRECTION('',(1.,0.,0.));
#15235=DIRECTION('',(-0.357406744336252,0.862856209461128,0.357406744336666));
#15236=DIRECTION('',(1.,0.,0.));
#15237=DIRECTION('',(0.,0.,1.));
#15238=DIRECTION('',(1.,0.,0.));
#15239=DIRECTION('',(0.,1.,0.));
#15240=DIRECTION('',(1.,0.,0.));
#15241=DIRECTION('',(0.,1.,0.));
#15242=DIRECTION('',(1.,0.,0.));
#15243=DIRECTION('',(0.707106781186548,0.,0.707106781186548));
#15244=DIRECTION('',(0.707106781186548,0.,-0.707106781186548));
#15245=DIRECTION('',(0.577350269189626,-0.577350269189624,-0.577350269189628));
#15246=DIRECTION('',(0.,1.,0.));
#15247=DIRECTION('',(-0.577350269189626,-0.577350269189625,0.577350269189626));
#15248=DIRECTION('',(0.,-0.707106781186548,0.707106781186548));
#15249=DIRECTION('',(1.,0.,0.));
#15250=DIRECTION('',(1.,0.,0.));
#15251=DIRECTION('',(1.,0.,0.));
#15252=DIRECTION('',(0.,1.,0.));
#15253=DIRECTION('',(0.,0.,1.));
#15254=DIRECTION('',(0.,1.,0.));
#15255=DIRECTION('',(0.,0.,1.));
#15256=DIRECTION('',(0.,-1.,0.));
#15257=DIRECTION('',(1.,0.,0.));
#15258=DIRECTION('',(0.,0.,1.));
#15259=DIRECTION('',(1.,0.,0.));
#15260=DIRECTION('',(-1.,0.,0.));
#15261=DIRECTION('',(0.,-1.,0.));
#15262=DIRECTION('',(0.,0.,1.));
#15263=DIRECTION('',(0.,1.,0.));
#15264=DIRECTION('',(0.,-0.707106781186548,0.707106781186548));
#15265=DIRECTION('',(1.,0.,0.));
#15266=DIRECTION('',(1.,0.,0.));
#15267=DIRECTION('',(-1.,0.,0.));
#15268=DIRECTION('',(0.,-1.,0.));
#15269=DIRECTION('',(0.,0.,1.));
#15270=DIRECTION('',(0.,1.,0.));
#15271=DIRECTION('',(0.,0.,1.));
#15272=DIRECTION('',(0.,0.707106781186548,0.707106781186548));
#15273=DIRECTION('',(1.,0.,0.));
#15274=DIRECTION('',(0.577350269189625,0.577350269189626,-0.577350269189627));
#15275=DIRECTION('',(1.,0.,0.));
#15276=DIRECTION('',(0.707106781186548,0.,0.707106781186548));
#15277=DIRECTION('',(0.707106781186548,0.,-0.707106781186548));
#15278=DIRECTION('',(-0.577350269189625,-0.577350269189626,0.577350269189627));
#15279=DIRECTION('',(0.,1.,0.));
#15280=DIRECTION('',(0.,1.,0.));
#15281=DIRECTION('',(-1.,0.,0.));
#15282=DIRECTION('',(0.,0.,1.));
#15283=DIRECTION('',(1.,0.,0.));
#15284=DIRECTION('',(0.,0.,1.));
#15285=DIRECTION('',(1.,0.,0.));
#15286=DIRECTION('',(0.,1.,0.));
#15287=DIRECTION('',(0.,0.,1.));
#15288=DIRECTION('',(0.,1.,0.));
#15289=DIRECTION('',(0.,0.707106781186548,0.707106781186548));
#15290=DIRECTION('',(1.,0.,0.));
#15291=DIRECTION('',(1.,0.,0.));
#15292=DIRECTION('',(0.,1.,0.));
#15293=DIRECTION('',(-1.,0.,0.));
#15294=DIRECTION('',(0.,0.,1.));
#15295=DIRECTION('',(1.,0.,0.));
#15296=DIRECTION('',(1.,0.,0.));
#15297=DIRECTION('',(0.,1.,0.));
#15298=DIRECTION('',(0.,0.,1.));
#15299=DIRECTION('',(0.,1.,0.));
#15300=DIRECTION('',(0.,-1.,0.));
#15301=DIRECTION('',(1.,0.,0.));
#15302=DIRECTION('',(1.,0.,0.));
#15303=DIRECTION('',(1.,0.,0.));
#15304=DIRECTION('',(0.,1.,0.));
#15305=DIRECTION('',(0.,1.,0.));
#15306=DIRECTION('',(0.,0.,1.));
#15307=DIRECTION('',(0.,1.,0.));
#15308=DIRECTION('',(0.,0.,1.));
#15309=DIRECTION('',(-1.850371707709E-16,-1.,0.));
#15310=DIRECTION('',(1.,-1.850371707709E-16,0.));
#15311=DIRECTION('',(1.,0.,0.));
#15312=DIRECTION('',(1.,0.,0.));
#15313=DIRECTION('',(0.,0.,1.));
#15314=DIRECTION('',(1.,-2.362176648139E-16,0.));
#15315=DIRECTION('',(2.362176648139E-16,1.,0.));
#15316=DIRECTION('',(0.,1.,0.));
#15317=DIRECTION('',(0.,1.,0.));
#15318=DIRECTION('',(0.,0.,1.));
#15319=DIRECTION('',(-1.850371707709E-16,1.,0.));
#15320=DIRECTION('',(-1.,-1.850371707709E-16,0.));
#15321=DIRECTION('',(1.,0.,0.));
#15322=DIRECTION('',(1.,0.,0.));
#15323=DIRECTION('',(0.,0.,1.));
#15324=DIRECTION('',(1.,0.,0.));
#15325=DIRECTION('',(0.,1.,0.));
#15326=DIRECTION('',(0.,1.,0.));
#15327=DIRECTION('',(0.,1.,0.));
#15328=DIRECTION('',(0.,0.,-1.));
#15329=DIRECTION('',(0.,0.,1.));
#15330=DIRECTION('',(1.,0.,0.));
#15331=DIRECTION('',(0.,1.,0.));
#15332=DIRECTION('',(1.,0.,0.));
#15333=DIRECTION('',(1.,0.,0.));
#15334=DIRECTION('',(-1.,0.,0.));
#15335=DIRECTION('',(0.,-1.,0.));
#15336=DIRECTION('',(0.,1.,0.));
#15337=DIRECTION('',(0.,0.,1.));
#15338=DIRECTION('',(0.,1.,0.));
#15339=DIRECTION('',(0.,0.,1.));
#15340=DIRECTION('',(0.,1.,0.));
#15341=DIRECTION('',(-1.,0.,0.));
#15342=DIRECTION('',(1.,0.,0.));
#15343=DIRECTION('',(1.,0.,0.));
#15344=DIRECTION('',(0.,0.,1.));
#15345=DIRECTION('',(-1.,0.,0.));
#15346=DIRECTION('',(0.,-1.,0.));
#15347=DIRECTION('',(0.,1.,0.));
#15348=DIRECTION('',(0.,1.,0.));
#15349=DIRECTION('',(0.,0.,1.));
#15350=DIRECTION('',(-1.850371707709E-16,-1.,0.));
#15351=DIRECTION('',(1.,-1.850371707709E-16,0.));
#15352=DIRECTION('',(1.,0.,0.));
#15353=DIRECTION('',(1.,0.,0.));
#15354=DIRECTION('',(0.,0.,1.));
#15355=DIRECTION('',(-1.,0.,0.));
#15356=DIRECTION('',(0.,-1.,0.));
#15357=DIRECTION('',(0.,1.,0.));
#15358=DIRECTION('',(0.,1.,0.));
#15359=DIRECTION('',(0.,0.,-1.));
#15360=DIRECTION('',(0.,0.,1.));
#15361=DIRECTION('',(1.,0.,0.));
#15362=DIRECTION('',(0.,1.,0.));
#15363=DIRECTION('',(1.,0.,0.));
#15364=DIRECTION('',(1.,0.,0.));
#15365=DIRECTION('',(0.,-1.,0.));
#15366=DIRECTION('',(1.,0.,0.));
#15367=DIRECTION('',(1.,0.,0.));
#15368=DIRECTION('',(0.,1.,0.));
#15369=DIRECTION('',(-1.,0.,0.));
#15370=DIRECTION('',(0.,0.,1.));
#15371=DIRECTION('',(1.,0.,0.));
#15372=DIRECTION('',(-1.,0.,0.));
#15373=DIRECTION('',(0.,-1.,0.));
#15374=DIRECTION('',(0.,1.,0.));
#15375=DIRECTION('',(0.,1.,0.));
#15376=DIRECTION('',(1.,0.,0.));
#15377=DIRECTION('',(0.,0.,-1.));
#15378=DIRECTION('',(-1.,0.,0.));
#15379=DIRECTION('',(0.,0.,-1.));
#15380=DIRECTION('',(1.,0.,0.));
#15381=DIRECTION('',(-1.,0.,0.));
#15382=DIRECTION('',(0.,1.,0.));
#15383=DIRECTION('',(0.,1.,0.));
#15384=DIRECTION('',(0.,0.,-1.));
#15385=DIRECTION('',(0.,-1.,0.));
#15386=DIRECTION('',(-1.,0.,0.));
#15387=DIRECTION('',(-1.,0.,0.));
#15388=DIRECTION('',(0.,0.,-1.));
#15389=DIRECTION('',(1.,0.,0.));
#15390=DIRECTION('',(1.,0.,0.));
#15391=DIRECTION('',(0.,-1.,0.));
#15392=DIRECTION('',(0.,1.,0.));
#15393=DIRECTION('',(0.,0.,1.));
#15394=DIRECTION('',(1.,0.,0.));
#15395=DIRECTION('',(0.,0.,-1.));
#15396=DIRECTION('',(-1.,0.,0.));
#15397=DIRECTION('',(0.,0.,1.));
#15398=DIRECTION('',(1.110223024625E-16,1.,0.));
#15399=DIRECTION('',(0.,0.,1.));
#15400=DIRECTION('',(1.,0.,0.));
#15401=DIRECTION('',(0.,0.,1.));
#15402=DIRECTION('',(1.,0.,0.));
#15403=DIRECTION('',(0.,0.,-1.));
#15404=DIRECTION('',(-1.110223024625E-16,-1.,0.));
#15405=DIRECTION('',(0.,0.,-1.));
#15406=DIRECTION('',(-1.110223024625E-16,-1.,0.));
#15407=DIRECTION('',(0.,0.,1.));
#15408=DIRECTION('',(1.,0.,0.));
#15409=DIRECTION('',(0.,0.,1.));
#15410=DIRECTION('',(1.110223024625E-16,1.,0.));
#15411=DIRECTION('',(0.,0.,1.));
#15412=DIRECTION('',(1.110223024625E-16,1.,0.));
#15413=DIRECTION('',(0.,0.,1.));
#15414=DIRECTION('',(1.,0.,0.));
#15415=DIRECTION('',(0.,0.,1.));
#15416=DIRECTION('',(1.,0.,0.));
#15417=DIRECTION('',(-1.,0.,0.));
#15418=DIRECTION('',(0.,0.,1.));
#15419=DIRECTION('',(0.,0.,-1.));
#15420=DIRECTION('',(0.,1.,0.));
#15421=DIRECTION('',(0.,0.,-1.));
#15422=DIRECTION('',(0.,1.,0.));
#15423=DIRECTION('',(0.,1.,0.));
#15424=DIRECTION('',(0.,0.,1.));
#15425=DIRECTION('',(0.,0.,-1.));
#15426=DIRECTION('',(1.,0.,0.));
#15427=DIRECTION('',(0.,0.,-1.));
#15428=DIRECTION('',(1.,0.,0.));
#15429=DIRECTION('',(-1.,0.,0.));
#15430=DIRECTION('',(0.,0.,1.));
#15431=DIRECTION('',(0.,0.,-1.));
#15432=DIRECTION('',(0.,1.,0.));
#15433=DIRECTION('',(0.,0.,-1.));
#15434=DIRECTION('',(0.,1.,0.));
#15435=DIRECTION('',(0.,1.,0.));
#15436=DIRECTION('',(0.,0.,1.));
#15437=DIRECTION('',(0.,0.,-1.));
#15438=DIRECTION('',(1.,0.,0.));
#15439=DIRECTION('',(0.,0.,-1.));
#15440=DIRECTION('',(1.,0.,0.));
#15441=DIRECTION('',(0.,0.,1.));
#15442=DIRECTION('',(1.,0.,0.));
#15443=DIRECTION('',(0.,0.,1.));
#15444=DIRECTION('',(1.,0.,0.));
#15445=DIRECTION('',(0.,-1.,0.));
#15446=DIRECTION('',(0.,0.,1.));
#15447=DIRECTION('',(1.,0.,0.));
#15448=DIRECTION('',(-1.,0.,0.));
#15449=DIRECTION('',(0.,0.,1.));
#15450=DIRECTION('',(1.,0.,0.));
#15451=DIRECTION('',(0.,-1.,0.));
#15452=DIRECTION('',(0.,0.,1.));
#15453=DIRECTION('',(1.,0.,0.));
#15454=DIRECTION('',(-1.,0.,0.));
#15455=DIRECTION('',(0.,0.,1.));
#15456=DIRECTION('',(1.,0.,0.));
#15457=DIRECTION('',(0.,0.,1.));
#15458=DIRECTION('',(1.,0.,0.));
#15459=DIRECTION('',(0.,0.,1.));
#15460=DIRECTION('',(1.,0.,0.));
#15461=DIRECTION('',(0.,0.,1.));
#15462=DIRECTION('',(1.,0.,0.));
#15463=DIRECTION('',(0.,0.,1.));
#15464=DIRECTION('',(1.,0.,0.));
#15465=DIRECTION('',(0.,0.,1.));
#15466=DIRECTION('',(1.,0.,0.));
#15467=DIRECTION('',(0.,0.,1.));
#15468=DIRECTION('',(1.,0.,0.));
#15469=DIRECTION('',(0.,0.,1.));
#15470=DIRECTION('',(1.,0.,0.));
#15471=DIRECTION('',(0.,0.,1.));
#15472=DIRECTION('',(1.,0.,0.));
#15473=DIRECTION('',(1.,0.,0.));
#15474=DIRECTION('',(0.,0.,1.));
#15475=DIRECTION('',(1.,0.,0.));
#15476=DIRECTION('',(0.,1.,0.));
#15477=DIRECTION('',(0.,0.,1.));
#15478=DIRECTION('',(1.,0.,0.));
#15479=DIRECTION('',(1.,0.,0.));
#15480=DIRECTION('',(0.,0.,1.));
#15481=DIRECTION('',(1.,0.,0.));
#15482=DIRECTION('',(0.,1.,0.));
#15483=DIRECTION('',(0.,0.,1.));
#15484=DIRECTION('',(1.,0.,0.));
#15485=DIRECTION('',(0.,0.,1.));
#15486=DIRECTION('',(1.,0.,0.));
#15487=DIRECTION('',(0.,0.,1.));
#15488=DIRECTION('',(1.,0.,0.));
#15489=DIRECTION('',(0.,0.,-1.));
#15490=DIRECTION('',(-1.,0.,0.));
#15491=DIRECTION('',(0.,0.,1.));
#15492=DIRECTION('',(1.,0.,0.));
#15493=DIRECTION('',(0.,0.,-1.));
#15494=DIRECTION('',(-1.,0.,0.));
#15495=DIRECTION('',(0.,0.,1.));
#15496=DIRECTION('',(1.,0.,0.));
#15497=DIRECTION('',(0.,0.,1.));
#15498=DIRECTION('',(1.,0.,0.));
#15499=DIRECTION('',(0.,0.,1.));
#15500=DIRECTION('',(1.,0.,0.));
#15501=DIRECTION('',(1.,0.,0.));
#15502=DIRECTION('',(0.,0.,-1.));
#15503=DIRECTION('',(1.,0.,0.));
#15504=DIRECTION('',(0.,0.,-1.));
#15505=DIRECTION('',(-1.,0.,0.));
#15506=DIRECTION('',(0.,0.,1.));
#15507=DIRECTION('',(0.,0.,1.));
#15508=DIRECTION('',(1.,0.,0.));
#15509=DIRECTION('',(0.,1.,0.));
#15510=DIRECTION('',(0.,0.,1.));
#15511=DIRECTION('',(0.,0.,1.));
#15512=DIRECTION('',(1.,0.,0.));
#15513=DIRECTION('',(0.,1.,0.));
#15514=DIRECTION('',(0.,0.,1.));
#15515=DIRECTION('',(0.,-1.,0.));
#15516=DIRECTION('',(0.,0.,-1.));
#15517=DIRECTION('',(0.,1.,0.));
#15518=DIRECTION('',(0.,0.,1.));
#15519=DIRECTION('',(0.,1.,0.));
#15520=DIRECTION('',(0.,0.,1.));
#15521=DIRECTION('',(0.,1.,0.));
#15522=DIRECTION('',(0.,0.,1.));
#15523=DIRECTION('',(0.,0.,1.));
#15524=DIRECTION('',(1.,0.,0.));
#15525=DIRECTION('',(1.,0.,0.));
#15526=DIRECTION('',(0.,0.,-1.));
#15527=DIRECTION('',(0.,0.,1.));
#15528=DIRECTION('',(1.,0.,0.));
#15529=DIRECTION('',(-1.,0.,0.));
#15530=DIRECTION('',(0.,0.,1.));
#15531=DIRECTION('',(-1.,0.,0.));
#15532=DIRECTION('',(0.,0.,1.));
#15533=DIRECTION('',(-1.,0.,0.));
#15534=DIRECTION('',(0.,0.,1.));
#15535=DIRECTION('',(0.,0.,-1.));
#15536=DIRECTION('',(0.,1.,0.));
#15537=DIRECTION('',(0.,0.,-1.));
#15538=DIRECTION('',(0.,1.,0.));
#15539=DIRECTION('',(0.,0.,1.));
#15540=DIRECTION('',(0.,0.,-1.));
#15541=DIRECTION('',(1.,0.,0.));
#15542=DIRECTION('',(0.,0.,-1.));
#15543=DIRECTION('',(-1.,0.,0.));
#15544=DIRECTION('',(0.,0.,1.));
#15545=DIRECTION('',(0.,0.,-1.));
#15546=DIRECTION('',(0.,1.,0.));
#15547=DIRECTION('',(0.,0.,-1.));
#15548=DIRECTION('',(0.,1.,0.));
#15549=DIRECTION('',(0.,0.,1.));
#15550=DIRECTION('',(0.,0.,-1.));
#15551=DIRECTION('',(1.,0.,0.));
#15552=DIRECTION('',(0.,0.,-1.));
#15553=DIRECTION('',(0.,0.,1.));
#15554=DIRECTION('',(1.,0.,0.));
#15555=DIRECTION('',(0.,0.,1.));
#15556=DIRECTION('',(1.,0.,0.));
#15557=DIRECTION('',(0.,0.,1.));
#15558=DIRECTION('',(1.,0.,0.));
#15559=DIRECTION('',(0.,0.,1.));
#15560=DIRECTION('',(1.,0.,0.));
#15561=DIRECTION('',(0.,0.,1.));
#15562=DIRECTION('',(1.,0.,0.));
#15563=DIRECTION('',(0.,0.,1.));
#15564=DIRECTION('',(1.,0.,0.));
#15565=DIRECTION('',(0.,0.,1.));
#15566=DIRECTION('',(1.,0.,0.));
#15567=DIRECTION('',(0.,0.,1.));
#15568=DIRECTION('',(1.,0.,0.));
#15569=DIRECTION('',(0.,0.,1.));
#15570=DIRECTION('',(1.,0.,0.));
#15571=DIRECTION('',(0.,0.,1.));
#15572=DIRECTION('',(1.,0.,0.));
#15573=DIRECTION('',(0.,0.,-1.));
#15574=DIRECTION('',(-1.,0.,0.));
#15575=DIRECTION('',(0.,0.,-1.));
#15576=DIRECTION('',(-1.,0.,0.));
#15577=DIRECTION('',(0.,0.,1.));
#15578=DIRECTION('',(1.,0.,0.));
#15579=DIRECTION('',(0.,0.,-1.));
#15580=DIRECTION('',(-1.,0.,0.));
#15581=DIRECTION('',(0.,0.,1.));
#15582=DIRECTION('',(1.,0.,0.));
#15583=DIRECTION('',(0.,0.,1.));
#15584=DIRECTION('',(1.,0.,0.));
#15585=DIRECTION('',(0.,0.,1.));
#15586=DIRECTION('',(1.,0.,0.));
#15587=DIRECTION('',(0.,0.,-1.));
#15588=DIRECTION('',(-1.,0.,0.));
#15589=DIRECTION('',(0.,0.,1.));
#15590=DIRECTION('',(1.,0.,0.));
#15591=DIRECTION('',(0.,0.,1.));
#15592=DIRECTION('',(1.,0.,0.));
#15593=DIRECTION('',(0.,0.,1.));
#15594=DIRECTION('',(1.,0.,0.));
#15595=DIRECTION('',(0.,0.,-1.));
#15596=DIRECTION('',(-1.,0.,0.));
#15597=DIRECTION('',(0.,0.,1.));
#15598=DIRECTION('',(1.,0.,0.));
#15599=DIRECTION('',(0.,0.,1.));
#15600=DIRECTION('',(1.,0.,0.));
#15601=DIRECTION('',(0.,0.,1.));
#15602=DIRECTION('',(1.,0.,0.));
#15603=DIRECTION('',(0.,0.,-1.));
#15604=DIRECTION('',(-1.,0.,0.));
#15605=DIRECTION('',(0.,0.,1.));
#15606=DIRECTION('',(1.,0.,0.));
#15607=DIRECTION('',(0.,0.,1.));
#15608=DIRECTION('',(1.,0.,0.));
#15609=DIRECTION('',(0.,0.,1.));
#15610=DIRECTION('',(1.,0.,0.));
#15611=DIRECTION('',(0.,0.,-1.));
#15612=DIRECTION('',(-1.,0.,0.));
#15613=DIRECTION('',(0.,0.,-1.));
#15614=DIRECTION('',(-1.,0.,0.));
#15615=DIRECTION('',(0.,0.,-1.));
#15616=DIRECTION('',(-1.,0.,0.));
#15617=DIRECTION('',(0.,0.,-1.));
#15618=DIRECTION('',(-1.,0.,0.));
#15619=DIRECTION('',(0.,0.,1.));
#15620=DIRECTION('',(1.,0.,0.));
#15621=DIRECTION('',(0.,0.,-1.));
#15622=DIRECTION('',(1.,0.,0.));
#15623=DIRECTION('',(0.,0.,-1.));
#15624=DIRECTION('',(-1.,0.,0.));
#15625=DIRECTION('',(0.,0.,-1.));
#15626=DIRECTION('',(-8.559688641721E-35,6.014522413226E-35,1.));
#15627=DIRECTION('',(1.,0.,8.559688641721E-35));
#15628=DIRECTION('',(8.559688641721E-35,-6.014522413226E-35,-1.));
#15629=DIRECTION('',(1.,6.690258951221E-52,8.559688641721E-35));
#15630=DIRECTION('',(8.559688641721E-35,-6.014522413226E-35,-1.));
#15631=DIRECTION('',(-1.,0.,-8.559688641721E-35));
#15632=DIRECTION('',(-6.690258951221E-52,1.,-6.014522413226E-35));
#15633=DIRECTION('',(0.,6.014522413226E-35,1.));
#15634=DIRECTION('',(-8.559688641721E-35,6.014522413226E-35,1.));
#15635=DIRECTION('',(1.,8.259101077374E-51,8.559688641721E-35));
#15636=DIRECTION('',(8.259101077374E-51,-1.,6.014522413226E-35));
#15637=DIRECTION('',(0.,-6.014522413226E-35,-1.));
#15638=DIRECTION('',(-8.559688641721E-35,6.014522413226E-35,1.));
#15639=DIRECTION('',(1.,0.,8.559688641721E-35));
#15640=DIRECTION('',(-8.559688641721E-35,6.014522413226E-35,1.));
#15641=DIRECTION('',(1.,0.,8.559688641721E-35));
#15642=DIRECTION('',(0.,0.,1.));
#15643=DIRECTION('',(1.,0.,0.));
#15644=DIRECTION('',(0.,0.,1.));
#15645=DIRECTION('',(1.,0.,0.));
#15646=DIRECTION('',(-8.559688641721E-35,6.014522413226E-35,1.));
#15647=DIRECTION('',(1.,0.,8.559688641721E-35));
#15648=DIRECTION('',(0.,0.,-1.));
#15649=DIRECTION('',(-1.,0.,0.));
#15650=DIRECTION('',(0.,0.,1.));
#15651=DIRECTION('',(1.,0.,0.));
#15652=DIRECTION('',(0.,0.,1.));
#15653=DIRECTION('',(0.,0.,1.));
#15654=DIRECTION('',(1.,0.,0.));
#15655=DIRECTION('',(0.,0.,1.));
#15656=DIRECTION('',(1.,0.,0.));
#15657=DIRECTION('',(0.,0.,1.));
#15658=DIRECTION('',(0.,0.,1.));
#15659=DIRECTION('',(1.,0.,0.));
#15660=DIRECTION('',(0.,0.,-1.));
#15661=DIRECTION('',(1.,0.,0.));
#15662=DIRECTION('',(0.,0.,-1.));
#15663=DIRECTION('',(-1.,0.,0.));
#15664=DIRECTION('',(0.,0.,-1.));
#15665=DIRECTION('',(0.,0.,-1.));
#15666=DIRECTION('',(1.,0.,0.));
#15667=DIRECTION('',(0.,0.,-1.));
#15668=DIRECTION('',(-1.,0.,0.));
#15669=DIRECTION('',(0.,1.,0.));
#15670=DIRECTION('',(0.,0.,1.));
#15671=DIRECTION('',(1.19708830782E-30,-3.357113761597E-32,-1.));
#15672=DIRECTION('',(1.,3.013010401886E-31,1.19708830782E-30));
#15673=DIRECTION('',(1.19708830782E-30,-3.357113761597E-32,-1.));
#15674=DIRECTION('',(-1.,0.,-1.19708830782E-30));
#15675=DIRECTION('',(-3.013010401886E-31,1.,-3.357113761597E-32));
#15676=DIRECTION('',(-1.,-3.013010401886E-31,0.));
#15677=DIRECTION('',(-4.930380657631E-31,-1.632186346944E-32,1.));
#15678=DIRECTION('',(1.,0.,4.930380657631E-31));
#15679=DIRECTION('',(0.,0.,1.));
#15680=DIRECTION('',(1.,0.,0.));
#15681=DIRECTION('',(-1.19708830782E-30,3.357113761597E-32,1.));
#15682=DIRECTION('',(1.,0.,1.19708830782E-30));
#15683=DIRECTION('',(0.,0.,1.));
#15684=DIRECTION('',(1.110223024625E-16,1.,0.));
#15685=DIRECTION('',(0.,0.,1.));
#15686=DIRECTION('',(1.,0.,0.));
#15687=DIRECTION('',(0.,0.,1.));
#15688=DIRECTION('',(1.110223024625E-16,1.,0.));
#15689=DIRECTION('',(0.,0.,1.));
#15690=DIRECTION('',(1.110223024625E-16,1.,0.));
#15691=DIRECTION('',(0.,0.,-1.));
#15692=DIRECTION('',(-1.110223024625E-16,-1.,0.));
#15693=DIRECTION('',(0.,0.,-1.));
#15694=DIRECTION('',(-1.110223024625E-16,-1.,0.));
#15695=DIRECTION('',(0.,0.,1.));
#15696=DIRECTION('',(1.,0.,0.));
#15697=DIRECTION('',(0.,0.,1.));
#15698=DIRECTION('',(1.,0.,0.));
#15699=DIRECTION('',(0.,0.,1.));
#15700=DIRECTION('',(1.,0.,0.));
#15701=DIRECTION('',(0.,-1.,0.));
#15702=DIRECTION('',(-1.,0.,0.));
#15703=DIRECTION('',(0.,0.,-1.));
#15704=DIRECTION('',(-1.,0.,0.));
#15705=DIRECTION('',(0.,0.,-1.));
#15706=DIRECTION('',(1.,0.,0.));
#15707=DIRECTION('',(1.,0.,0.));
#15708=DIRECTION('',(0.,-1.,0.));
#15709=DIRECTION('',(0.,0.,-1.));
#15710=DIRECTION('',(0.,-1.,0.));
#15711=DIRECTION('',(0.,1.,0.));
#15712=DIRECTION('',(-1.,0.,0.));
#15713=DIRECTION('',(0.,1.,0.));
#15714=DIRECTION('',(0.,1.,0.));
#15715=DIRECTION('',(0.,0.,-1.));
#15716=DIRECTION('',(0.,1.,0.));
#15717=DIRECTION('',(0.,0.,1.));
#15718=DIRECTION('',(1.,0.,0.));
#15719=DIRECTION('',(1.,0.,0.));
#15720=DIRECTION('',(0.,0.,-1.));
#15721=DIRECTION('',(-1.,0.,0.));
#15722=DIRECTION('',(0.,0.,-1.));
#15723=DIRECTION('',(-1.,0.,0.));
#15724=DIRECTION('',(0.,0.,-1.));
#15725=DIRECTION('',(-1.,0.,0.));
#15726=DIRECTION('',(0.,0.,-1.));
#15727=DIRECTION('',(-1.,0.,0.));
#15728=DIRECTION('',(0.,0.,-1.));
#15729=DIRECTION('',(-1.,0.,0.));
#15730=DIRECTION('',(0.,0.,-1.));
#15731=DIRECTION('',(-1.,0.,0.));
#15732=DIRECTION('',(0.,0.,-1.));
#15733=DIRECTION('',(-1.,0.,0.));
#15734=DIRECTION('',(0.,0.,-1.));
#15735=DIRECTION('',(-1.,0.,0.));
#15736=DIRECTION('',(0.,0.,-1.));
#15737=DIRECTION('',(-1.,0.,0.));
#15738=DIRECTION('',(0.,0.,-1.));
#15739=DIRECTION('',(-1.,0.,0.));
#15740=DIRECTION('',(0.,0.,-1.));
#15741=DIRECTION('',(-1.,0.,0.));
#15742=DIRECTION('',(0.,0.,-1.));
#15743=DIRECTION('',(-1.,0.,0.));
#15744=DIRECTION('',(0.,0.,-1.));
#15745=DIRECTION('',(-1.,0.,0.));
#15746=DIRECTION('',(0.,0.,-1.));
#15747=DIRECTION('',(-1.,0.,0.));
#15748=DIRECTION('',(0.,0.,-1.));
#15749=DIRECTION('',(-1.,0.,0.));
#15750=DIRECTION('',(0.,0.,-1.));
#15751=DIRECTION('',(-1.,0.,0.));
#15752=DIRECTION('',(0.,0.,-1.));
#15753=DIRECTION('',(-1.,0.,0.));
#15754=DIRECTION('',(0.,0.,-1.));
#15755=DIRECTION('',(-1.,0.,0.));
#15756=DIRECTION('',(0.,0.,-1.));
#15757=DIRECTION('',(-1.,0.,0.));
#15758=DIRECTION('',(0.,0.,-1.));
#15759=DIRECTION('',(-1.,0.,0.));
#15760=DIRECTION('',(0.,0.,-1.));
#15761=DIRECTION('',(-1.,0.,0.));
#15762=DIRECTION('',(0.,0.,-1.));
#15763=DIRECTION('',(-1.,0.,0.));
#15764=DIRECTION('',(0.,0.,-1.));
#15765=DIRECTION('',(-1.,0.,0.));
#15766=DIRECTION('',(0.,0.,-1.));
#15767=DIRECTION('',(-1.,0.,0.));
#15768=DIRECTION('',(0.,0.,-1.));
#15769=DIRECTION('',(-1.,0.,0.));
#15770=DIRECTION('',(0.,0.,-1.));
#15771=DIRECTION('',(-1.,0.,0.));
#15772=DIRECTION('',(0.,0.,-1.));
#15773=DIRECTION('',(-1.,0.,0.));
#15774=DIRECTION('',(0.,0.,-1.));
#15775=DIRECTION('',(-1.,0.,0.));
#15776=DIRECTION('',(0.,0.,-1.));
#15777=DIRECTION('',(-1.,0.,0.));
#15778=DIRECTION('',(0.,0.,-1.));
#15779=DIRECTION('',(-1.,0.,0.));
#15780=DIRECTION('',(0.,0.,-1.));
#15781=DIRECTION('',(-1.,0.,0.));
#15782=DIRECTION('',(0.,0.,-1.));
#15783=DIRECTION('',(-1.,0.,0.));
#15784=DIRECTION('',(0.,0.,-1.));
#15785=DIRECTION('',(-1.,0.,0.));
#15786=DIRECTION('',(0.,0.,-1.));
#15787=DIRECTION('',(-1.,0.,0.));
#15788=DIRECTION('',(0.,0.,-1.));
#15789=DIRECTION('',(-1.,0.,0.));
#15790=DIRECTION('',(0.,0.,-1.));
#15791=DIRECTION('',(-1.,0.,0.));
#15792=DIRECTION('',(0.,0.,-1.));
#15793=DIRECTION('',(-1.,0.,0.));
#15794=DIRECTION('',(0.,0.,-1.));
#15795=DIRECTION('',(-1.,0.,0.));
#15796=DIRECTION('',(0.,0.,-1.));
#15797=DIRECTION('',(-1.,0.,0.));
#15798=DIRECTION('',(0.,0.,-1.));
#15799=DIRECTION('',(-1.,0.,0.));
#15800=DIRECTION('',(0.,0.,-1.));
#15801=DIRECTION('',(-1.,0.,0.));
#15802=DIRECTION('',(0.,0.,-1.));
#15803=DIRECTION('',(-1.,0.,0.));
#15804=DIRECTION('',(0.,0.,-1.));
#15805=DIRECTION('',(-1.,0.,0.));
#15806=DIRECTION('',(0.,0.,-1.));
#15807=DIRECTION('',(-1.,0.,0.));
#15808=DIRECTION('',(0.,0.,-1.));
#15809=DIRECTION('',(-1.,0.,0.));
#15810=DIRECTION('',(0.,0.,-1.));
#15811=DIRECTION('',(-1.,0.,0.));
#15812=DIRECTION('',(0.,0.,-1.));
#15813=DIRECTION('',(-1.,0.,0.));
#15814=DIRECTION('',(0.,0.,-1.));
#15815=DIRECTION('',(-1.,0.,0.));
#15816=DIRECTION('',(0.,0.,1.));
#15817=DIRECTION('',(1.,0.,0.));
#15818=DIRECTION('',(1.,0.,0.));
#15819=DIRECTION('',(0.,0.,-1.));
#15820=DIRECTION('',(-1.,0.,0.));
#15821=DIRECTION('',(0.,0.,-1.));
#15822=DIRECTION('',(-1.,0.,0.));
#15823=DIRECTION('',(0.,0.,-1.));
#15824=DIRECTION('',(-1.,0.,0.));
#15825=DIRECTION('',(0.,0.,-1.));
#15826=DIRECTION('',(-1.,0.,0.));
#15827=DIRECTION('',(0.,0.,-1.));
#15828=DIRECTION('',(-1.,0.,0.));
#15829=DIRECTION('',(0.,0.,-1.));
#15830=DIRECTION('',(-1.,0.,0.));
#15831=DIRECTION('',(0.,0.,-1.));
#15832=DIRECTION('',(-1.,0.,0.));
#15833=DIRECTION('',(0.,0.,-1.));
#15834=DIRECTION('',(-1.,0.,0.));
#15835=DIRECTION('',(0.,0.,-1.));
#15836=DIRECTION('',(-1.,0.,0.));
#15837=DIRECTION('',(0.,0.,-1.));
#15838=DIRECTION('',(-1.,0.,0.));
#15839=DIRECTION('',(0.,0.,-1.));
#15840=DIRECTION('',(-1.,0.,0.));
#15841=DIRECTION('',(0.,0.,-1.));
#15842=DIRECTION('',(-1.,0.,0.));
#15843=DIRECTION('',(0.,0.,-1.));
#15844=DIRECTION('',(-1.,0.,0.));
#15845=DIRECTION('',(0.,0.,-1.));
#15846=DIRECTION('',(-1.,0.,0.));
#15847=DIRECTION('',(0.,0.,-1.));
#15848=DIRECTION('',(-1.,0.,0.));
#15849=DIRECTION('',(0.,0.,-1.));
#15850=DIRECTION('',(-1.,0.,0.));
#15851=DIRECTION('',(0.,0.,-1.));
#15852=DIRECTION('',(-1.,0.,0.));
#15853=DIRECTION('',(0.,0.,-1.));
#15854=DIRECTION('',(-1.,0.,0.));
#15855=DIRECTION('',(0.,0.,-1.));
#15856=DIRECTION('',(-1.,0.,0.));
#15857=DIRECTION('',(0.,0.,-1.));
#15858=DIRECTION('',(-1.,0.,0.));
#15859=DIRECTION('',(0.,0.,-1.));
#15860=DIRECTION('',(-1.,0.,0.));
#15861=DIRECTION('',(0.,0.,-1.));
#15862=DIRECTION('',(-1.,0.,0.));
#15863=DIRECTION('',(0.,0.,-1.));
#15864=DIRECTION('',(-1.,0.,0.));
#15865=DIRECTION('',(0.,0.,-1.));
#15866=DIRECTION('',(-1.,0.,0.));
#15867=DIRECTION('',(0.,0.,-1.));
#15868=DIRECTION('',(-1.,0.,0.));
#15869=DIRECTION('',(0.,0.,-1.));
#15870=DIRECTION('',(-1.,0.,0.));
#15871=DIRECTION('',(0.,0.,-1.));
#15872=DIRECTION('',(-1.,0.,0.));
#15873=DIRECTION('',(0.,0.,-1.));
#15874=DIRECTION('',(-1.,0.,0.));
#15875=DIRECTION('',(0.,0.,-1.));
#15876=DIRECTION('',(-1.,0.,0.));
#15877=DIRECTION('',(0.,0.,-1.));
#15878=DIRECTION('',(-1.,0.,0.));
#15879=DIRECTION('',(0.,0.,-1.));
#15880=DIRECTION('',(-1.,0.,0.));
#15881=DIRECTION('',(0.,0.,-1.));
#15882=DIRECTION('',(-1.,0.,0.));
#15883=DIRECTION('',(0.,0.,-1.));
#15884=DIRECTION('',(-1.,0.,0.));
#15885=DIRECTION('',(0.,0.,-1.));
#15886=DIRECTION('',(-1.,0.,0.));
#15887=DIRECTION('',(0.,0.,-1.));
#15888=DIRECTION('',(-1.,0.,0.));
#15889=DIRECTION('',(0.,0.,-1.));
#15890=DIRECTION('',(-1.,0.,0.));
#15891=DIRECTION('',(0.,0.,-1.));
#15892=DIRECTION('',(-1.,0.,0.));
#15893=DIRECTION('',(0.,0.,-1.));
#15894=DIRECTION('',(-1.,0.,0.));
#15895=DIRECTION('',(0.,0.,-1.));
#15896=DIRECTION('',(-1.,0.,0.));
#15897=DIRECTION('',(0.,0.,-1.));
#15898=DIRECTION('',(-1.,0.,0.));
#15899=DIRECTION('',(0.,0.,-1.));
#15900=DIRECTION('',(-1.,0.,0.));
#15901=DIRECTION('',(0.,0.,-1.));
#15902=DIRECTION('',(-1.,0.,0.));
#15903=DIRECTION('',(0.,0.,-1.));
#15904=DIRECTION('',(-1.,0.,0.));
#15905=DIRECTION('',(0.,0.,-1.));
#15906=DIRECTION('',(-1.,0.,0.));
#15907=DIRECTION('',(0.,0.,-1.));
#15908=DIRECTION('',(-1.,0.,0.));
#15909=DIRECTION('',(0.,0.,-1.));
#15910=DIRECTION('',(-1.,0.,0.));
#15911=DIRECTION('',(0.,0.,-1.));
#15912=DIRECTION('',(-1.,0.,0.));
#15913=DIRECTION('',(0.,0.,-1.));
#15914=DIRECTION('',(-1.,0.,0.));
#15915=DIRECTION('',(0.,1.,0.));
#15916=DIRECTION('',(1.,0.,0.));
#15917=DIRECTION('',(0.,0.,-1.));
#15918=DIRECTION('',(0.,-1.,0.));
#15919=DIRECTION('',(0.,0.,-1.));
#15920=DIRECTION('',(0.,0.,-1.));
#15921=DIRECTION('',(0.,-1.,0.));
#15922=DIRECTION('',(0.,0.,-1.));
#15923=DIRECTION('',(0.,0.,-1.));
#15924=DIRECTION('',(-1.671865260612E-14,-1.,0.));
#15925=DIRECTION('',(0.,0.,-1.));
#15926=DIRECTION('',(0.,0.,-1.));
#15927=DIRECTION('',(0.,-1.,0.));
#15928=DIRECTION('',(0.,0.,-1.));
#15929=DIRECTION('',(0.,0.,-1.));
#15930=DIRECTION('',(0.,-1.,0.));
#15931=DIRECTION('',(0.,0.,-1.));
#15932=DIRECTION('',(0.,0.,-1.));
#15933=DIRECTION('',(0.,-1.,0.));
#15934=DIRECTION('',(0.,0.,-1.));
#15935=DIRECTION('',(0.,0.,-1.));
#15936=DIRECTION('',(0.,-1.,0.));
#15937=DIRECTION('',(0.,0.,-1.));
#15938=DIRECTION('',(0.,0.,-1.));
#15939=DIRECTION('',(0.,-1.,0.));
#15940=DIRECTION('',(0.,0.,-1.));
#15941=DIRECTION('',(0.,0.,-1.));
#15942=DIRECTION('',(-1.671865260612E-14,-1.,0.));
#15943=DIRECTION('',(0.,0.,-1.));
#15944=DIRECTION('',(0.,0.,-1.));
#15945=DIRECTION('',(0.,-1.,0.));
#15946=DIRECTION('',(0.,0.,-1.));
#15947=DIRECTION('',(0.,0.,-1.));
#15948=DIRECTION('',(0.,-1.,0.));
#15949=DIRECTION('',(0.,0.,-1.));
#15950=DIRECTION('',(0.,0.,-1.));
#15951=DIRECTION('',(0.,-1.,0.));
#15952=DIRECTION('',(0.,0.,-1.));
#15953=DIRECTION('',(0.,0.,-1.));
#15954=DIRECTION('',(0.,-1.,0.));
#15955=DIRECTION('',(0.,0.,-1.));
#15956=DIRECTION('',(0.,0.,-1.));
#15957=DIRECTION('',(0.,-1.,0.));
#15958=DIRECTION('',(0.,0.,-1.));
#15959=DIRECTION('',(0.,0.,-1.));
#15960=DIRECTION('',(0.,-1.,0.));
#15961=DIRECTION('',(0.,0.,-1.));
#15962=DIRECTION('',(0.,0.,-1.));
#15963=DIRECTION('',(0.,-1.,0.));
#15964=DIRECTION('',(0.,0.,-1.));
#15965=DIRECTION('',(0.,0.,-1.));
#15966=DIRECTION('',(0.,-1.,0.));
#15967=DIRECTION('',(0.,0.,-1.));
#15968=DIRECTION('',(0.,0.,-1.));
#15969=DIRECTION('',(0.,-1.,0.));
#15970=DIRECTION('',(0.,0.,-1.));
#15971=DIRECTION('',(0.,0.,-1.));
#15972=DIRECTION('',(3.343730521224E-14,-1.,0.));
#15973=DIRECTION('',(0.,0.,-1.));
#15974=DIRECTION('',(0.,0.,-1.));
#15975=DIRECTION('',(0.,-1.,0.));
#15976=DIRECTION('',(0.,0.,-1.));
#15977=DIRECTION('',(0.,0.,-1.));
#15978=DIRECTION('',(0.,-1.,0.));
#15979=DIRECTION('',(0.,0.,-1.));
#15980=DIRECTION('',(0.,0.,-1.));
#15981=DIRECTION('',(0.,-1.,0.));
#15982=DIRECTION('',(0.,0.,-1.));
#15983=DIRECTION('',(0.,0.,-1.));
#15984=DIRECTION('',(0.,-1.,0.));
#15985=DIRECTION('',(0.,0.,-1.));
#15986=DIRECTION('',(0.,0.,-1.));
#15987=DIRECTION('',(0.,-1.,0.));
#15988=DIRECTION('',(0.,0.,-1.));
#15989=DIRECTION('',(0.,0.,-1.));
#15990=DIRECTION('',(0.,-1.,0.));
#15991=DIRECTION('',(0.,0.,-1.));
#15992=DIRECTION('',(0.,0.,-1.));
#15993=DIRECTION('',(3.343730521224E-14,-1.,0.));
#15994=DIRECTION('',(0.,0.,-1.));
#15995=DIRECTION('',(0.,0.,-1.));
#15996=DIRECTION('',(0.,-1.,0.));
#15997=DIRECTION('',(0.,0.,-1.));
#15998=DIRECTION('',(0.,0.,-1.));
#15999=DIRECTION('',(-1.671865260612E-14,-1.,0.));
#16000=DIRECTION('',(0.,0.,-1.));
#16001=DIRECTION('',(0.,0.,-1.));
#16002=DIRECTION('',(0.,-1.,0.));
#16003=DIRECTION('',(0.,0.,-1.));
#16004=DIRECTION('',(0.,0.,-1.));
#16005=DIRECTION('',(0.,-1.,0.));
#16006=DIRECTION('',(0.,0.,-1.));
#16007=DIRECTION('',(0.,0.,-1.));
#16008=DIRECTION('',(-1.671865260612E-14,-1.,0.));
#16009=DIRECTION('',(0.,0.,-1.));
#16010=DIRECTION('',(0.,0.,-1.));
#16011=DIRECTION('',(0.,-1.,0.));
#16012=DIRECTION('',(0.,0.,-1.));
#16013=DIRECTION('',(0.,0.,-1.));
#16014=DIRECTION('',(0.,-1.,0.));
#16015=DIRECTION('',(0.,0.,-1.));
#16016=DIRECTION('',(0.,0.,-1.));
#16017=DIRECTION('',(0.,-1.,0.));
#16018=DIRECTION('',(0.,0.,-1.));
#16019=DIRECTION('',(0.,0.,-1.));
#16020=DIRECTION('',(0.,-1.,0.));
#16021=DIRECTION('',(0.,0.,-1.));
#16022=DIRECTION('',(0.,0.,-1.));
#16023=DIRECTION('',(0.,-1.,0.));
#16024=DIRECTION('',(0.,0.,-1.));
#16025=DIRECTION('',(0.,0.,-1.));
#16026=DIRECTION('',(0.,-1.,0.));
#16027=DIRECTION('',(0.,0.,-1.));
#16028=DIRECTION('',(0.,0.,-1.));
#16029=DIRECTION('',(0.,-1.,0.));
#16030=DIRECTION('',(0.,0.,-1.));
#16031=DIRECTION('',(0.,0.,-1.));
#16032=DIRECTION('',(0.,-1.,0.));
#16033=DIRECTION('',(0.,0.,-1.));
#16034=DIRECTION('',(0.,0.,-1.));
#16035=DIRECTION('',(0.,-1.,0.));
#16036=DIRECTION('',(0.,0.,-1.));
#16037=DIRECTION('',(0.,0.,-1.));
#16038=DIRECTION('',(0.,-1.,0.));
#16039=DIRECTION('',(0.,0.,-1.));
#16040=DIRECTION('',(0.,0.,-1.));
#16041=DIRECTION('',(3.343730521224E-14,-1.,0.));
#16042=DIRECTION('',(0.,0.,-1.));
#16043=DIRECTION('',(0.,0.,-1.));
#16044=DIRECTION('',(0.,-1.,0.));
#16045=DIRECTION('',(0.,0.,-1.));
#16046=DIRECTION('',(0.,0.,-1.));
#16047=DIRECTION('',(0.,-1.,0.));
#16048=DIRECTION('',(0.,0.,-1.));
#16049=DIRECTION('',(0.,0.,-1.));
#16050=DIRECTION('',(3.343730521224E-14,-1.,0.));
#16051=DIRECTION('',(0.,0.,-1.));
#16052=DIRECTION('',(0.,0.,-1.));
#16053=DIRECTION('',(0.,-1.,0.));
#16054=DIRECTION('',(0.,0.,-1.));
#16055=DIRECTION('',(0.,0.,-1.));
#16056=DIRECTION('',(0.,-1.,0.));
#16057=DIRECTION('',(0.,0.,-1.));
#16058=DIRECTION('',(0.,0.,-1.));
#16059=DIRECTION('',(0.,-1.,0.));
#16060=DIRECTION('',(0.,0.,-1.));
#16061=DIRECTION('',(0.,0.,1.));
#16062=DIRECTION('',(1.,0.,0.));
#16063=DIRECTION('',(0.,0.,1.));
#16064=DIRECTION('',(1.110223024625E-16,1.,0.));
#16065=DIRECTION('',(0.,0.,-1.));
#16066=DIRECTION('',(-1.110223024625E-16,-1.,0.));
#16067=DIRECTION('',(0.,0.,-1.));
#16068=DIRECTION('',(-1.110223024625E-16,-1.,0.));
#16069=DIRECTION('',(0.,0.,1.));
#16070=DIRECTION('',(1.,0.,0.));
#16071=DIRECTION('',(0.,0.,1.));
#16072=DIRECTION('',(1.110223024625E-16,1.,0.));
#16073=DIRECTION('',(0.,0.,1.));
#16074=DIRECTION('',(1.,0.,0.));
#16075=DIRECTION('',(0.,0.,1.));
#16076=DIRECTION('',(1.,0.,0.));
#16077=CARTESIAN_POINT('',(0.,0.,0.));
#16078=CARTESIAN_POINT('',(0.141,-0.09925,0.0066));
#16079=CARTESIAN_POINT('',(0.1816,-0.0814,0.0066));
#16080=CARTESIAN_POINT('',(0.182,-0.0814,0.0066));
#16081=CARTESIAN_POINT('',(0.1816,-0.081,0.0066));
#16082=CARTESIAN_POINT('',(0.182,-0.09925,0.0066));
#16083=CARTESIAN_POINT('',(0.182,-0.0946,0.0066));
#16084=CARTESIAN_POINT('',(0.1816,-0.0946,0.0066));
#16085=CARTESIAN_POINT('',(0.1816,-0.095,0.0066));
#16086=CARTESIAN_POINT('',(0.141,-0.095,0.0066));
#16087=CARTESIAN_POINT('',(0.1684,-0.095,0.0066));
#16088=CARTESIAN_POINT('',(0.1684,-0.0946,0.0066));
#16089=CARTESIAN_POINT('',(0.168,-0.0946,0.0066));
#16090=CARTESIAN_POINT('',(0.168,-0.09925,0.0066));
#16091=CARTESIAN_POINT('',(0.168,-0.0814,0.0066));
#16092=CARTESIAN_POINT('',(0.1684,-0.0814,0.0066));
#16093=CARTESIAN_POINT('',(0.1684,-0.081,0.0066));
#16094=CARTESIAN_POINT('',(0.141,-0.081,0.0066));
#16095=CARTESIAN_POINT('',(0.153,-0.091,0.0066));
#16096=CARTESIAN_POINT('',(0.154,-0.091,0.0066));
#16097=CARTESIAN_POINT('',(0.153,-0.09,0.0066));
#16098=CARTESIAN_POINT('',(0.154,-0.09925,0.0066));
#16099=CARTESIAN_POINT('',(0.154,-0.095,0.0066));
#16100=CARTESIAN_POINT('',(0.153,-0.095,0.0066));
#16101=CARTESIAN_POINT('',(0.153,-0.096,0.0066));
#16102=CARTESIAN_POINT('',(0.141,-0.096,0.0066));
#16103=CARTESIAN_POINT('',(0.129,-0.096,0.0066));
#16104=CARTESIAN_POINT('',(0.129,-0.095,0.0066));
#16105=CARTESIAN_POINT('',(0.128,-0.095,0.0066));
#16106=CARTESIAN_POINT('',(0.128,-0.09925,0.0066));
#16107=CARTESIAN_POINT('',(0.128,-0.091,0.0066));
#16108=CARTESIAN_POINT('',(0.129,-0.091,0.0066));
#16109=CARTESIAN_POINT('',(0.129,-0.09,0.0066));
#16110=CARTESIAN_POINT('',(0.141,-0.09,0.0066));
#16111=CARTESIAN_POINT('',(0.1954,-0.0661,0.0066));
#16112=CARTESIAN_POINT('',(0.1954,-0.1324,0.0066));
#16113=CARTESIAN_POINT('',(0.1954,-0.0661,0.0066));
#16114=CARTESIAN_POINT('',(0.1934,-0.0661,0.0066));
#16115=CARTESIAN_POINT('',(0.1934,-0.0641,0.0066));
#16116=CARTESIAN_POINT('',(0.141,-0.0641,0.0066));
#16117=CARTESIAN_POINT('',(0.0886,-0.0641,0.0066));
#16118=CARTESIAN_POINT('',(0.0886,-0.0661,0.0066));
#16119=CARTESIAN_POINT('',(0.0866,-0.0661,0.0066));
#16120=CARTESIAN_POINT('',(0.0866,-0.09925,0.0066));
#16121=CARTESIAN_POINT('',(0.0866,-0.1324,0.0066));
#16122=CARTESIAN_POINT('',(0.0886,-0.1324,0.0066));
#16123=CARTESIAN_POINT('',(0.0886,-0.1344,0.0066));
#16124=CARTESIAN_POINT('',(0.1934,-0.1344,0.0066));
#16125=CARTESIAN_POINT('',(0.1934,-0.1344,0.0066));
#16126=CARTESIAN_POINT('',(0.1934,-0.1324,0.0066));
#16127=CARTESIAN_POINT('',(0.141,-0.0742,0.0066));
#16128=CARTESIAN_POINT('',(0.1476,-0.0742,0.0066));
#16129=CARTESIAN_POINT('',(0.1036,-0.0814,0.0066));
#16130=CARTESIAN_POINT('',(0.104,-0.0814,0.0066));
#16131=CARTESIAN_POINT('',(0.1036,-0.081,0.0066));
#16132=CARTESIAN_POINT('',(0.104,-0.09925,0.0066));
#16133=CARTESIAN_POINT('',(0.104,-0.0946,0.0066));
#16134=CARTESIAN_POINT('',(0.1036,-0.0946,0.0066));
#16135=CARTESIAN_POINT('',(0.1036,-0.095,0.0066));
#16136=CARTESIAN_POINT('',(0.141,-0.095,0.0066));
#16137=CARTESIAN_POINT('',(0.0904,-0.095,0.0066));
#16138=CARTESIAN_POINT('',(0.0904,-0.0946,0.0066));
#16139=CARTESIAN_POINT('',(0.09,-0.0946,0.0066));
#16140=CARTESIAN_POINT('',(0.09,-0.09925,0.0066));
#16141=CARTESIAN_POINT('',(0.09,-0.0814,0.0066));
#16142=CARTESIAN_POINT('',(0.0904,-0.0814,0.0066));
#16143=CARTESIAN_POINT('',(0.0904,-0.081,0.0066));
#16144=CARTESIAN_POINT('',(0.141,-0.081,0.0066));
#16145=CARTESIAN_POINT('',(0.1816,-0.1054,0.0066));
#16146=CARTESIAN_POINT('',(0.182,-0.1054,0.0066));
#16147=CARTESIAN_POINT('',(0.1816,-0.105,0.0066));
#16148=CARTESIAN_POINT('',(0.182,-0.09925,0.0066));
#16149=CARTESIAN_POINT('',(0.182,-0.1186,0.0066));
#16150=CARTESIAN_POINT('',(0.1816,-0.1186,0.0066));
#16151=CARTESIAN_POINT('',(0.1816,-0.119,0.0066));
#16152=CARTESIAN_POINT('',(0.141,-0.119,0.0066));
#16153=CARTESIAN_POINT('',(0.1684,-0.119,0.0066));
#16154=CARTESIAN_POINT('',(0.1684,-0.1186,0.0066));
#16155=CARTESIAN_POINT('',(0.168,-0.1186,0.0066));
#16156=CARTESIAN_POINT('',(0.168,-0.09925,0.0066));
#16157=CARTESIAN_POINT('',(0.168,-0.1054,0.0066));
#16158=CARTESIAN_POINT('',(0.1684,-0.1054,0.0066));
#16159=CARTESIAN_POINT('',(0.1684,-0.105,0.0066));
#16160=CARTESIAN_POINT('',(0.141,-0.105,0.0066));
#16161=CARTESIAN_POINT('',(0.1036,-0.1054,0.0066));
#16162=CARTESIAN_POINT('',(0.104,-0.1054,0.0066));
#16163=CARTESIAN_POINT('',(0.1036,-0.105,0.0066));
#16164=CARTESIAN_POINT('',(0.104,-0.09925,0.0066));
#16165=CARTESIAN_POINT('',(0.104,-0.1186,0.0066));
#16166=CARTESIAN_POINT('',(0.1036,-0.1186,0.0066));
#16167=CARTESIAN_POINT('',(0.1036,-0.119,0.0066));
#16168=CARTESIAN_POINT('',(0.141,-0.119,0.0066));
#16169=CARTESIAN_POINT('',(0.0904,-0.119,0.0066));
#16170=CARTESIAN_POINT('',(0.0904,-0.1186,0.0066));
#16171=CARTESIAN_POINT('',(0.09,-0.1186,0.0066));
#16172=CARTESIAN_POINT('',(0.09,-0.09925,0.0066));
#16173=CARTESIAN_POINT('',(0.09,-0.1054,0.0066));
#16174=CARTESIAN_POINT('',(0.0904,-0.1054,0.0066));
#16175=CARTESIAN_POINT('',(0.0904,-0.105,0.0066));
#16176=CARTESIAN_POINT('',(0.141,-0.105,0.0066));
#16177=CARTESIAN_POINT('',(0.141,-0.09925,0.0051));
#16178=CARTESIAN_POINT('',(0.141,-0.0742,0.0051));
#16179=CARTESIAN_POINT('',(0.1476,-0.0742,0.0051));
#16180=CARTESIAN_POINT('',(0.19,-0.0735,0.0051));
#16181=CARTESIAN_POINT('',(0.1935,-0.0735,0.0051));
#16182=CARTESIAN_POINT('',(0.092,-0.1275,0.0051));
#16183=CARTESIAN_POINT('',(0.0955,-0.1275,0.0051));
#16184=CARTESIAN_POINT('',(0.19,-0.1275,0.0051));
#16185=CARTESIAN_POINT('',(0.1935,-0.1275,0.0051));
#16186=CARTESIAN_POINT('',(0.092,-0.0735,0.0051));
#16187=CARTESIAN_POINT('',(0.0955,-0.0735,0.0051));
#16188=CARTESIAN_POINT('',(0.1944,-0.09925,0.0051));
#16189=CARTESIAN_POINT('',(0.1944,-0.1324,0.0051));
#16190=CARTESIAN_POINT('',(0.1944,-0.0661,0.0051));
#16191=CARTESIAN_POINT('',(0.1934,-0.1324,0.0051));
#16192=CARTESIAN_POINT('',(0.1934,-0.1334,0.0051));
#16193=CARTESIAN_POINT('',(0.141,-0.1334,0.0051));
#16194=CARTESIAN_POINT('',(0.0886,-0.1334,0.0051));
#16195=CARTESIAN_POINT('',(0.0886,-0.1324,0.0051));
#16196=CARTESIAN_POINT('',(0.0876,-0.1324,0.0051));
#16197=CARTESIAN_POINT('',(0.0876,-0.09925,0.0051));
#16198=CARTESIAN_POINT('',(0.0876,-0.0661,0.0051));
#16199=CARTESIAN_POINT('',(0.0886,-0.0661,0.0051));
#16200=CARTESIAN_POINT('',(0.0886,-0.0651,0.0051));
#16201=CARTESIAN_POINT('',(0.141,-0.0651,0.0051));
#16202=CARTESIAN_POINT('',(0.1934,-0.0651,0.0051));
#16203=CARTESIAN_POINT('',(0.1934,-0.0661,0.0051));
#16204=CARTESIAN_POINT('',(0.104,-0.09925,0.0051));
#16205=CARTESIAN_POINT('',(0.104,-0.0814,0.0051));
#16206=CARTESIAN_POINT('',(0.104,-0.0946,0.0051));
#16207=CARTESIAN_POINT('',(0.1036,-0.0814,0.0051));
#16208=CARTESIAN_POINT('',(0.1036,-0.081,0.0051));
#16209=CARTESIAN_POINT('',(0.141,-0.081,0.0051));
#16210=CARTESIAN_POINT('',(0.0904,-0.081,0.0051));
#16211=CARTESIAN_POINT('',(0.0904,-0.0814,0.0051));
#16212=CARTESIAN_POINT('',(0.09,-0.0814,0.0051));
#16213=CARTESIAN_POINT('',(0.09,-0.09925,0.0051));
#16214=CARTESIAN_POINT('',(0.09,-0.0946,0.0051));
#16215=CARTESIAN_POINT('',(0.0904,-0.0946,0.0051));
#16216=CARTESIAN_POINT('',(0.0904,-0.095,0.0051));
#16217=CARTESIAN_POINT('',(0.141,-0.095,0.0051));
#16218=CARTESIAN_POINT('',(0.1036,-0.095,0.0051));
#16219=CARTESIAN_POINT('',(0.1036,-0.0946,0.0051));
#16220=CARTESIAN_POINT('',(0.154,-0.09925,0.0051));
#16221=CARTESIAN_POINT('',(0.154,-0.091,0.0051));
#16222=CARTESIAN_POINT('',(0.154,-0.095,0.0051));
#16223=CARTESIAN_POINT('',(0.153,-0.091,0.0051));
#16224=CARTESIAN_POINT('',(0.153,-0.09,0.0051));
#16225=CARTESIAN_POINT('',(0.141,-0.09,0.0051));
#16226=CARTESIAN_POINT('',(0.129,-0.09,0.0051));
#16227=CARTESIAN_POINT('',(0.129,-0.091,0.0051));
#16228=CARTESIAN_POINT('',(0.128,-0.091,0.0051));
#16229=CARTESIAN_POINT('',(0.128,-0.09925,0.0051));
#16230=CARTESIAN_POINT('',(0.128,-0.095,0.0051));
#16231=CARTESIAN_POINT('',(0.129,-0.095,0.0051));
#16232=CARTESIAN_POINT('',(0.129,-0.096,0.0051));
#16233=CARTESIAN_POINT('',(0.141,-0.096,0.0051));
#16234=CARTESIAN_POINT('',(0.153,-0.096,0.0051));
#16235=CARTESIAN_POINT('',(0.153,-0.095,0.0051));
#16236=CARTESIAN_POINT('',(0.182,-0.09925,0.0051));
#16237=CARTESIAN_POINT('',(0.182,-0.1054,0.0051));
#16238=CARTESIAN_POINT('',(0.182,-0.1186,0.0051));
#16239=CARTESIAN_POINT('',(0.1816,-0.1054,0.0051));
#16240=CARTESIAN_POINT('',(0.1816,-0.105,0.0051));
#16241=CARTESIAN_POINT('',(0.141,-0.105,0.0051));
#16242=CARTESIAN_POINT('',(0.1684,-0.105,0.0051));
#16243=CARTESIAN_POINT('',(0.1684,-0.1054,0.0051));
#16244=CARTESIAN_POINT('',(0.168,-0.1054,0.0051));
#16245=CARTESIAN_POINT('',(0.168,-0.09925,0.0051));
#16246=CARTESIAN_POINT('',(0.168,-0.1186,0.0051));
#16247=CARTESIAN_POINT('',(0.1684,-0.1186,0.0051));
#16248=CARTESIAN_POINT('',(0.1684,-0.119,0.0051));
#16249=CARTESIAN_POINT('',(0.141,-0.119,0.0051));
#16250=CARTESIAN_POINT('',(0.1816,-0.119,0.0051));
#16251=CARTESIAN_POINT('',(0.1816,-0.1186,0.0051));
#16252=CARTESIAN_POINT('',(0.182,-0.09925,0.0051));
#16253=CARTESIAN_POINT('',(0.182,-0.0814,0.0051));
#16254=CARTESIAN_POINT('',(0.182,-0.0946,0.0051));
#16255=CARTESIAN_POINT('',(0.1816,-0.0814,0.0051));
#16256=CARTESIAN_POINT('',(0.1816,-0.081,0.0051));
#16257=CARTESIAN_POINT('',(0.141,-0.081,0.0051));
#16258=CARTESIAN_POINT('',(0.1684,-0.081,0.0051));
#16259=CARTESIAN_POINT('',(0.1684,-0.0814,0.0051));
#16260=CARTESIAN_POINT('',(0.168,-0.0814,0.0051));
#16261=CARTESIAN_POINT('',(0.168,-0.09925,0.0051));
#16262=CARTESIAN_POINT('',(0.168,-0.0946,0.0051));
#16263=CARTESIAN_POINT('',(0.1684,-0.0946,0.0051));
#16264=CARTESIAN_POINT('',(0.1684,-0.095,0.0051));
#16265=CARTESIAN_POINT('',(0.141,-0.095,0.0051));
#16266=CARTESIAN_POINT('',(0.1816,-0.095,0.0051));
#16267=CARTESIAN_POINT('',(0.1816,-0.0946,0.0051));
#16268=CARTESIAN_POINT('',(0.104,-0.09925,0.0051));
#16269=CARTESIAN_POINT('',(0.104,-0.1054,0.0051));
#16270=CARTESIAN_POINT('',(0.104,-0.1186,0.0051));
#16271=CARTESIAN_POINT('',(0.1036,-0.1054,0.0051));
#16272=CARTESIAN_POINT('',(0.1036,-0.105,0.0051));
#16273=CARTESIAN_POINT('',(0.141,-0.105,0.0051));
#16274=CARTESIAN_POINT('',(0.0904,-0.105,0.0051));
#16275=CARTESIAN_POINT('',(0.0904,-0.1054,0.0051));
#16276=CARTESIAN_POINT('',(0.09,-0.1054,0.0051));
#16277=CARTESIAN_POINT('',(0.09,-0.09925,0.0051));
#16278=CARTESIAN_POINT('',(0.09,-0.1186,0.0051));
#16279=CARTESIAN_POINT('',(0.0904,-0.1186,0.0051));
#16280=CARTESIAN_POINT('',(0.0904,-0.119,0.0051));
#16281=CARTESIAN_POINT('',(0.141,-0.119,0.0051));
#16282=CARTESIAN_POINT('',(0.1036,-0.119,0.0051));
#16283=CARTESIAN_POINT('',(0.1036,-0.1186,0.0051));
#16284=CARTESIAN_POINT('',(0.0852,-0.09925,0.0066));
#16285=CARTESIAN_POINT('',(0.0852,-0.1324,0.0066));
#16286=CARTESIAN_POINT('',(0.0852,-0.1324,-0.0005));
#16287=CARTESIAN_POINT('',(0.0852,-0.1324,0.0052));
#16288=CARTESIAN_POINT('',(0.0852,-0.09925,0.0052));
#16289=CARTESIAN_POINT('',(0.0852,-0.0661,0.0052));
#16290=CARTESIAN_POINT('',(0.0852,-0.0661,0.0066));
#16291=CARTESIAN_POINT('',(0.0852,-0.0661,-0.0005));
#16292=CARTESIAN_POINT('',(0.0852,-0.09925,-0.0005));
#16293=CARTESIAN_POINT('',(0.141,-0.1358,0.0066));
#16294=CARTESIAN_POINT('',(0.141,-0.1358,0.005));
#16295=CARTESIAN_POINT('',(0.135006274606681,-0.1358,0.005));
#16296=CARTESIAN_POINT('',(0.146993725393319,-0.1358,0.005));
#16297=CARTESIAN_POINT('',(0.146993725393319,-0.1358,0.005));
#16298=CARTESIAN_POINT('',(0.146993725393319,-0.1358,0.0003));
#16299=CARTESIAN_POINT('',(0.141,-0.1358,0.0003));
#16300=CARTESIAN_POINT('',(0.135006274606681,-0.1358,0.0003));
#16301=CARTESIAN_POINT('',(0.135006274606681,-0.1358,0.005));
#16302=CARTESIAN_POINT('',(0.1934,-0.1358,0.0066));
#16303=CARTESIAN_POINT('',(0.1934,-0.1358,-0.0005));
#16304=CARTESIAN_POINT('',(0.1934,-0.1358,0.0052));
#16305=CARTESIAN_POINT('',(0.0886,-0.1358,0.0052));
#16306=CARTESIAN_POINT('',(0.0886,-0.1358,0.0052));
#16307=CARTESIAN_POINT('',(0.0886,-0.1358,-0.0005));
#16308=CARTESIAN_POINT('',(0.0886,-0.1358,-0.0005));
#16309=CARTESIAN_POINT('',(0.141,-0.1358,-0.0005));
#16310=CARTESIAN_POINT('',(0.1968,-0.09925,0.0066));
#16311=CARTESIAN_POINT('',(0.1968,-0.0661,0.0066));
#16312=CARTESIAN_POINT('',(0.1968,-0.0661,-0.0005));
#16313=CARTESIAN_POINT('',(0.1968,-0.0661,0.0052));
#16314=CARTESIAN_POINT('',(0.1968,-0.1324,0.0052));
#16315=CARTESIAN_POINT('',(0.1968,-0.1324,0.0052));
#16316=CARTESIAN_POINT('',(0.1968,-0.1324,0.0066));
#16317=CARTESIAN_POINT('',(0.1968,-0.1324,-0.0005));
#16318=CARTESIAN_POINT('',(0.1968,-0.09925,-0.0005));
#16319=CARTESIAN_POINT('',(0.141,-0.0627,0.0066));
#16320=CARTESIAN_POINT('',(0.0886,-0.0627,0.0066));
#16321=CARTESIAN_POINT('',(0.0886,-0.0627,-0.0005));
#16322=CARTESIAN_POINT('',(0.0886,-0.0627,0.0052));
#16323=CARTESIAN_POINT('',(0.141,-0.0627,0.0052));
#16324=CARTESIAN_POINT('',(0.1934,-0.0627,0.0052));
#16325=CARTESIAN_POINT('',(0.1934,-0.0627,-0.0005));
#16326=CARTESIAN_POINT('',(0.1934,-0.0627,-0.0005));
#16327=CARTESIAN_POINT('',(0.141,-0.0627,-0.0005));
#16328=CARTESIAN_POINT('',(0.141,-0.09925,-0.0005));
#16329=CARTESIAN_POINT('',(0.1944,-0.09925,-0.0005));
#16330=CARTESIAN_POINT('',(0.1944,-0.0661,-0.0005));
#16331=CARTESIAN_POINT('',(0.1944,-0.1324,-0.0005));
#16332=CARTESIAN_POINT('',(0.1934,-0.0661,-0.0005));
#16333=CARTESIAN_POINT('',(0.1934,-0.0651,-0.0005));
#16334=CARTESIAN_POINT('',(0.141,-0.0651,-0.0005));
#16335=CARTESIAN_POINT('',(0.0886,-0.0651,-0.0005));
#16336=CARTESIAN_POINT('',(0.0886,-0.0661,-0.0005));
#16337=CARTESIAN_POINT('',(0.0876,-0.0661,-0.0005));
#16338=CARTESIAN_POINT('',(0.0876,-0.09925,-0.0005));
#16339=CARTESIAN_POINT('',(0.0876,-0.1324,-0.0005));
#16340=CARTESIAN_POINT('',(0.0886,-0.1324,-0.0005));
#16341=CARTESIAN_POINT('',(0.0886,-0.1334,-0.0005));
#16342=CARTESIAN_POINT('',(0.141,-0.1334,-0.0005));
#16343=CARTESIAN_POINT('',(0.1934,-0.1334,-0.0005));
#16344=CARTESIAN_POINT('',(0.1934,-0.1324,-0.0005));
#16345=CARTESIAN_POINT('',(0.1934,-0.0661,-0.0005));
#16346=CARTESIAN_POINT('',(0.1934,-0.1324,-0.0005));
#16347=CARTESIAN_POINT('',(0.0886,-0.1324,-0.0005));
#16348=CARTESIAN_POINT('',(0.0886,-0.0661,-0.0005));
#16349=CARTESIAN_POINT('',(0.1934,-0.0661,0.0066));
#16350=CARTESIAN_POINT('',(0.1934,-0.0661,0.0052));
#16351=CARTESIAN_POINT('',(0.1934,-0.1324,0.0066));
#16352=CARTESIAN_POINT('',(0.1934,-0.1324,0.0052));
#16353=CARTESIAN_POINT('',(0.0886,-0.0661,0.0066));
#16354=CARTESIAN_POINT('',(0.0886,-0.0661,0.0052));
#16355=CARTESIAN_POINT('',(0.0886,-0.1324,0.0066));
#16356=CARTESIAN_POINT('',(0.0886,-0.1324,0.0052));
#16357=CARTESIAN_POINT('',(0.141,-0.1344,0.0052));
#16358=CARTESIAN_POINT('',(0.1934,-0.1344,0.0052));
#16359=CARTESIAN_POINT('',(0.0886,-0.1344,0.0052));
#16360=CARTESIAN_POINT('',(0.0886,-0.1324,0.0052));
#16361=CARTESIAN_POINT('',(0.0866,-0.1324,0.0052));
#16362=CARTESIAN_POINT('',(0.1934,-0.1324,0.0052));
#16363=CARTESIAN_POINT('',(0.1954,-0.1324,0.0052));
#16364=CARTESIAN_POINT('',(0.0866,-0.09925,0.0052));
#16365=CARTESIAN_POINT('',(0.0866,-0.0661,0.0052));
#16366=CARTESIAN_POINT('',(0.1954,-0.09925,0.0052));
#16367=CARTESIAN_POINT('',(0.1954,-0.0661,0.0052));
#16368=CARTESIAN_POINT('',(0.0886,-0.0661,0.0052));
#16369=CARTESIAN_POINT('',(0.0886,-0.0641,0.0052));
#16370=CARTESIAN_POINT('',(0.1934,-0.0661,0.0052));
#16371=CARTESIAN_POINT('',(0.1934,-0.0641,0.0052));
#16372=CARTESIAN_POINT('',(0.141,-0.0641,0.0052));
#16373=CARTESIAN_POINT('',(0.0876,-0.09925,0.0051));
#16374=CARTESIAN_POINT('',(0.0876,-0.0661,0.0051));
#16375=CARTESIAN_POINT('',(0.0876,-0.1324,0.0051));
#16376=CARTESIAN_POINT('',(0.141,-0.1334,0.0051));
#16377=CARTESIAN_POINT('',(0.141,-0.1334,0.005));
#16378=CARTESIAN_POINT('',(0.135,-0.1334,0.005));
#16379=CARTESIAN_POINT('',(0.147,-0.1334,0.005));
#16380=CARTESIAN_POINT('',(0.135,-0.1334,0.0051));
#16381=CARTESIAN_POINT('',(0.135,-0.1334,0.0003));
#16382=CARTESIAN_POINT('',(0.141,-0.1334,0.0003));
#16383=CARTESIAN_POINT('',(0.147,-0.1334,0.0003));
#16384=CARTESIAN_POINT('',(0.147,-0.1334,0.0051));
#16385=CARTESIAN_POINT('',(0.0886,-0.1334,-0.001));
#16386=CARTESIAN_POINT('',(0.1934,-0.1334,0.0051));
#16387=CARTESIAN_POINT('',(0.1944,-0.09925,0.0051));
#16388=CARTESIAN_POINT('',(0.1944,-0.1324,0.0051));
#16389=CARTESIAN_POINT('',(0.1944,-0.0661,0.0051));
#16390=CARTESIAN_POINT('',(0.141,-0.0651,0.0051));
#16391=CARTESIAN_POINT('',(0.1934,-0.0651,-0.001));
#16392=CARTESIAN_POINT('',(0.0886,-0.0651,0.0051));
#16393=CARTESIAN_POINT('',(0.1934,-0.0661,0.0051));
#16394=CARTESIAN_POINT('',(0.1934,-0.1324,0.0051));
#16395=CARTESIAN_POINT('',(0.0886,-0.0661,0.0051));
#16396=CARTESIAN_POINT('',(0.0886,-0.1324,0.0051));
#16397=CARTESIAN_POINT('',(0.092,-0.0735,0.0053));
#16398=CARTESIAN_POINT('',(0.092,-0.0735,0.0016));
#16399=CARTESIAN_POINT('',(0.0955,-0.0735,0.0016));
#16400=CARTESIAN_POINT('',(0.092,-0.0735,0.0016));
#16401=CARTESIAN_POINT('',(0.092,-0.0735,0.0016));
#16402=CARTESIAN_POINT('',(0.0933,-0.0735,0.0016));
#16403=CARTESIAN_POINT('',(0.19,-0.1275,0.0053));
#16404=CARTESIAN_POINT('',(0.19,-0.1275,0.0016));
#16405=CARTESIAN_POINT('',(0.1935,-0.1275,0.0016));
#16406=CARTESIAN_POINT('',(0.19,-0.1275,0.0016));
#16407=CARTESIAN_POINT('',(0.19,-0.1275,0.0016));
#16408=CARTESIAN_POINT('',(0.1913,-0.1275,0.0016));
#16409=CARTESIAN_POINT('',(0.092,-0.1275,0.0053));
#16410=CARTESIAN_POINT('',(0.092,-0.1275,0.0016));
#16411=CARTESIAN_POINT('',(0.0955,-0.1275,0.0016));
#16412=CARTESIAN_POINT('',(0.092,-0.1275,0.0016));
#16413=CARTESIAN_POINT('',(0.092,-0.1275,0.0016));
#16414=CARTESIAN_POINT('',(0.0933,-0.1275,0.0016));
#16415=CARTESIAN_POINT('',(0.19,-0.0735,0.0053));
#16416=CARTESIAN_POINT('',(0.19,-0.0735,0.0016));
#16417=CARTESIAN_POINT('',(0.1935,-0.0735,0.0016));
#16418=CARTESIAN_POINT('',(0.19,-0.0735,0.0016));
#16419=CARTESIAN_POINT('',(0.19,-0.0735,0.0016));
#16420=CARTESIAN_POINT('',(0.1913,-0.0735,0.0016));
#16421=CARTESIAN_POINT('',(0.19,-0.0735,0.0048));
#16422=CARTESIAN_POINT('',(0.19,-0.0735,0.0048));
#16423=CARTESIAN_POINT('',(0.1913,-0.0735,0.0048));
#16424=CARTESIAN_POINT('',(0.19,-0.0735,0.0048));
#16425=CARTESIAN_POINT('',(0.092,-0.1275,0.0048));
#16426=CARTESIAN_POINT('',(0.092,-0.1275,0.0048));
#16427=CARTESIAN_POINT('',(0.0933,-0.1275,0.0048));
#16428=CARTESIAN_POINT('',(0.092,-0.1275,0.0048));
#16429=CARTESIAN_POINT('',(0.19,-0.1275,0.0048));
#16430=CARTESIAN_POINT('',(0.19,-0.1275,0.0048));
#16431=CARTESIAN_POINT('',(0.1913,-0.1275,0.0048));
#16432=CARTESIAN_POINT('',(0.19,-0.1275,0.0048));
#16433=CARTESIAN_POINT('',(0.092,-0.0735,0.0048));
#16434=CARTESIAN_POINT('',(0.092,-0.0735,0.0048));
#16435=CARTESIAN_POINT('',(0.0933,-0.0735,0.0048));
#16436=CARTESIAN_POINT('',(0.092,-0.0735,0.0048));
#16437=CARTESIAN_POINT('',(0.141,-0.0742,0.007));
#16438=CARTESIAN_POINT('',(0.09,-0.088,0.007));
#16439=CARTESIAN_POINT('',(0.09,-0.0946,0.007));
#16440=CARTESIAN_POINT('',(0.09,-0.0814,0.007));
#16441=CARTESIAN_POINT('',(0.097,-0.095,0.007));
#16442=CARTESIAN_POINT('',(0.1036,-0.095,0.007));
#16443=CARTESIAN_POINT('',(0.0904,-0.095,0.0045));
#16444=CARTESIAN_POINT('',(0.104,-0.088,0.007));
#16445=CARTESIAN_POINT('',(0.104,-0.0814,0.007));
#16446=CARTESIAN_POINT('',(0.104,-0.0946,0.007));
#16447=CARTESIAN_POINT('',(0.097,-0.081,0.007));
#16448=CARTESIAN_POINT('',(0.0904,-0.081,0.007));
#16449=CARTESIAN_POINT('',(0.1036,-0.081,0.0045));
#16450=CARTESIAN_POINT('',(0.1036,-0.0814,0.007));
#16451=CARTESIAN_POINT('',(0.1036,-0.0946,0.007));
#16452=CARTESIAN_POINT('',(0.0904,-0.0814,0.007));
#16453=CARTESIAN_POINT('',(0.0904,-0.0946,0.007));
#16454=CARTESIAN_POINT('',(0.128,-0.093,0.007));
#16455=CARTESIAN_POINT('',(0.128,-0.095,0.007));
#16456=CARTESIAN_POINT('',(0.128,-0.091,0.007));
#16457=CARTESIAN_POINT('',(0.141,-0.096,0.007));
#16458=CARTESIAN_POINT('',(0.153,-0.096,0.007));
#16459=CARTESIAN_POINT('',(0.129,-0.096,0.0045));
#16460=CARTESIAN_POINT('',(0.154,-0.093,0.007));
#16461=CARTESIAN_POINT('',(0.154,-0.091,0.007));
#16462=CARTESIAN_POINT('',(0.154,-0.095,0.007));
#16463=CARTESIAN_POINT('',(0.141,-0.09,0.007));
#16464=CARTESIAN_POINT('',(0.129,-0.09,0.007));
#16465=CARTESIAN_POINT('',(0.153,-0.09,0.0045));
#16466=CARTESIAN_POINT('',(0.153,-0.091,0.007));
#16467=CARTESIAN_POINT('',(0.153,-0.095,0.007));
#16468=CARTESIAN_POINT('',(0.129,-0.091,0.007));
#16469=CARTESIAN_POINT('',(0.129,-0.095,0.007));
#16470=CARTESIAN_POINT('',(0.168,-0.112,0.007));
#16471=CARTESIAN_POINT('',(0.168,-0.1186,0.007));
#16472=CARTESIAN_POINT('',(0.168,-0.1054,0.007));
#16473=CARTESIAN_POINT('',(0.175,-0.119,0.007));
#16474=CARTESIAN_POINT('',(0.1816,-0.119,0.007));
#16475=CARTESIAN_POINT('',(0.1684,-0.119,0.0045));
#16476=CARTESIAN_POINT('',(0.182,-0.112,0.007));
#16477=CARTESIAN_POINT('',(0.182,-0.1054,0.007));
#16478=CARTESIAN_POINT('',(0.182,-0.1186,0.007));
#16479=CARTESIAN_POINT('',(0.175,-0.105,0.007));
#16480=CARTESIAN_POINT('',(0.1684,-0.105,0.007));
#16481=CARTESIAN_POINT('',(0.1816,-0.105,0.0045));
#16482=CARTESIAN_POINT('',(0.1816,-0.1054,0.007));
#16483=CARTESIAN_POINT('',(0.1816,-0.1186,0.007));
#16484=CARTESIAN_POINT('',(0.1684,-0.1054,0.007));
#16485=CARTESIAN_POINT('',(0.1684,-0.1186,0.007));
#16486=CARTESIAN_POINT('',(0.168,-0.088,0.007));
#16487=CARTESIAN_POINT('',(0.168,-0.0946,0.007));
#16488=CARTESIAN_POINT('',(0.168,-0.0814,0.007));
#16489=CARTESIAN_POINT('',(0.175,-0.095,0.007));
#16490=CARTESIAN_POINT('',(0.1816,-0.095,0.007));
#16491=CARTESIAN_POINT('',(0.1684,-0.095,0.0045));
#16492=CARTESIAN_POINT('',(0.182,-0.088,0.007));
#16493=CARTESIAN_POINT('',(0.182,-0.0814,0.007));
#16494=CARTESIAN_POINT('',(0.182,-0.0946,0.007));
#16495=CARTESIAN_POINT('',(0.175,-0.081,0.007));
#16496=CARTESIAN_POINT('',(0.1684,-0.081,0.007));
#16497=CARTESIAN_POINT('',(0.1816,-0.081,0.0045));
#16498=CARTESIAN_POINT('',(0.1816,-0.0814,0.007));
#16499=CARTESIAN_POINT('',(0.1816,-0.0946,0.007));
#16500=CARTESIAN_POINT('',(0.1684,-0.0814,0.007));
#16501=CARTESIAN_POINT('',(0.1684,-0.0946,0.007));
#16502=CARTESIAN_POINT('',(0.09,-0.112,0.007));
#16503=CARTESIAN_POINT('',(0.09,-0.1186,0.007));
#16504=CARTESIAN_POINT('',(0.09,-0.1054,0.007));
#16505=CARTESIAN_POINT('',(0.097,-0.119,0.007));
#16506=CARTESIAN_POINT('',(0.1036,-0.119,0.007));
#16507=CARTESIAN_POINT('',(0.0904,-0.119,0.0045));
#16508=CARTESIAN_POINT('',(0.104,-0.112,0.007));
#16509=CARTESIAN_POINT('',(0.104,-0.1054,0.007));
#16510=CARTESIAN_POINT('',(0.104,-0.1186,0.007));
#16511=CARTESIAN_POINT('',(0.097,-0.105,0.007));
#16512=CARTESIAN_POINT('',(0.0904,-0.105,0.007));
#16513=CARTESIAN_POINT('',(0.1036,-0.105,0.0045));
#16514=CARTESIAN_POINT('',(0.1036,-0.1054,0.007));
#16515=CARTESIAN_POINT('',(0.1036,-0.1186,0.007));
#16516=CARTESIAN_POINT('',(0.0904,-0.1054,0.007));
#16517=CARTESIAN_POINT('',(0.0904,-0.1186,0.007));
#16518=CARTESIAN_POINT('',(0.1462,-0.1357,0.005));
#16519=CARTESIAN_POINT('',(0.1462,-0.1357,0.005));
#16520=CARTESIAN_POINT('',(0.147,-0.1357,0.005));
#16521=CARTESIAN_POINT('',(0.147,-0.1357,0.005));
#16522=CARTESIAN_POINT('',(0.147,-0.1357,0.0003));
#16523=CARTESIAN_POINT('',(0.1462,-0.1357,0.0003));
#16524=CARTESIAN_POINT('',(0.1358,-0.1357,0.005));
#16525=CARTESIAN_POINT('',(0.1358,-0.1357,0.0003));
#16526=CARTESIAN_POINT('',(0.135,-0.1357,0.0003));
#16527=CARTESIAN_POINT('',(0.135,-0.1357,0.005));
#16528=CARTESIAN_POINT('',(0.135,-0.1357,0.005));
#16529=CARTESIAN_POINT('',(0.1358,-0.1357,0.005));
#16530=CARTESIAN_POINT('',(0.141,-0.13445,0.005));
#16531=CARTESIAN_POINT('',(0.135,-0.13445,0.005));
#16532=CARTESIAN_POINT('',(0.147,-0.13445,0.005));
#16533=CARTESIAN_POINT('',(0.141,-0.13445,0.0003));
#16534=CARTESIAN_POINT('',(0.147,-0.13445,0.0003));
#16535=CARTESIAN_POINT('',(0.135,-0.13445,0.0003));
#16536=CARTESIAN_POINT('',(0.135,-0.13445,0.005));
#16537=CARTESIAN_POINT('',(0.147,-0.13445,0.005));
#16538=CARTESIAN_POINT('',(0.,0.,0.));
#16539=CARTESIAN_POINT('',(0.00127,-0.01905,0.));
#16540=CARTESIAN_POINT('',(0.00127,-0.01905,0.));
#16541=CARTESIAN_POINT('',(0.00127,-0.01905,0.));
#16542=CARTESIAN_POINT('',(0.00127,0.00127,0.));
#16543=CARTESIAN_POINT('',(0.00127,0.00127,0.));
#16544=CARTESIAN_POINT('',(0.00127,0.00127,0.0085));
#16545=CARTESIAN_POINT('',(0.00127,-0.00889,0.0085));
#16546=CARTESIAN_POINT('',(0.00127,-0.01905,0.0085));
#16547=CARTESIAN_POINT('',(0.00127,-0.01905,0.));
#16548=CARTESIAN_POINT('',(-0.00127,-0.01905,0.));
#16549=CARTESIAN_POINT('',(-0.000846666666667,-0.01905,0.));
#16550=CARTESIAN_POINT('',(-0.000846666666667001,-0.01905,0.));
#16551=CARTESIAN_POINT('',(-0.000846666666667001,-0.01905,0.0002));
#16552=CARTESIAN_POINT('',(-0.00127,-0.01905,0.0002));
#16553=CARTESIAN_POINT('',(0.000846666666667,-0.01905,0.0002));
#16554=CARTESIAN_POINT('',(0.000846666666667,-0.01905,0.));
#16555=CARTESIAN_POINT('',(0.000846666666667,-0.01905,0.));
#16556=CARTESIAN_POINT('',(-0.00127,-0.01905,0.));
#16557=CARTESIAN_POINT('',(-2.0872192862951E-18,-0.01905,0.0085));
#16558=CARTESIAN_POINT('',(-0.00127,-0.01905,0.0085));
#16559=CARTESIAN_POINT('',(-0.00127,-0.01905,0.));
#16560=CARTESIAN_POINT('',(-0.00127,-0.01905,0.));
#16561=CARTESIAN_POINT('',(-0.00127,-0.01905,0.));
#16562=CARTESIAN_POINT('',(0.00127,0.00127,0.));
#16563=CARTESIAN_POINT('',(0.000846666666667,0.00127,0.));
#16564=CARTESIAN_POINT('',(0.000846666666667001,0.00127,0.));
#16565=CARTESIAN_POINT('',(0.000846666666667001,0.00127,0.0002));
#16566=CARTESIAN_POINT('',(0.00127,0.00127,0.0002));
#16567=CARTESIAN_POINT('',(-0.000846666666667,0.00127,0.0002));
#16568=CARTESIAN_POINT('',(-0.000846666666667,0.00127,0.));
#16569=CARTESIAN_POINT('',(-0.000846666666667,0.00127,0.));
#16570=CARTESIAN_POINT('',(0.00127,0.00127,0.));
#16571=CARTESIAN_POINT('',(-0.00127,0.00127,0.));
#16572=CARTESIAN_POINT('',(-0.00127,0.00127,0.));
#16573=CARTESIAN_POINT('',(-0.00127,0.00127,0.0085));
#16574=CARTESIAN_POINT('',(1.687538997429E-19,0.00127,0.0085));
#16575=CARTESIAN_POINT('',(0.00127,0.00127,0.));
#16576=CARTESIAN_POINT('',(-9.592326932761E-19,-0.00889,0.));
#16577=CARTESIAN_POINT('',(0.000846666666667001,-0.00889,0.));
#16578=CARTESIAN_POINT('',(-9.592326932761E-19,-0.00889,0.0085));
#16579=CARTESIAN_POINT('',(-0.00127,-0.00889,0.0085));
#16580=CARTESIAN_POINT('',(0.0006,-0.01838,0.0085));
#16581=CARTESIAN_POINT('',(0.0006,-0.01838,0.0085));
#16582=CARTESIAN_POINT('',(0.0006,-0.01718,0.0085));
#16583=CARTESIAN_POINT('',(-0.0006,-0.01838,0.0085));
#16584=CARTESIAN_POINT('',(-0.0006,-0.01838,0.0085));
#16585=CARTESIAN_POINT('',(-0.0006,-0.01718,0.0085));
#16586=CARTESIAN_POINT('',(-0.0006,-0.01718,0.0085));
#16587=CARTESIAN_POINT('',(0.0006,-0.01718,0.0085));
#16588=CARTESIAN_POINT('',(0.0006,-0.01584,0.0085));
#16589=CARTESIAN_POINT('',(0.0006,-0.01584,0.0085));
#16590=CARTESIAN_POINT('',(0.0006,-0.01464,0.0085));
#16591=CARTESIAN_POINT('',(-0.0006,-0.01584,0.0085));
#16592=CARTESIAN_POINT('',(-0.0006,-0.01584,0.0085));
#16593=CARTESIAN_POINT('',(-0.0006,-0.01464,0.0085));
#16594=CARTESIAN_POINT('',(-0.0006,-0.01464,0.0085));
#16595=CARTESIAN_POINT('',(0.0006,-0.01464,0.0085));
#16596=CARTESIAN_POINT('',(0.0006,-0.0133,0.0085));
#16597=CARTESIAN_POINT('',(0.0006,-0.0133,0.0085));
#16598=CARTESIAN_POINT('',(0.0006,-0.0121,0.0085));
#16599=CARTESIAN_POINT('',(-0.0006,-0.0133,0.0085));
#16600=CARTESIAN_POINT('',(-0.0006,-0.0133,0.0085));
#16601=CARTESIAN_POINT('',(-0.0006,-0.0121,0.0085));
#16602=CARTESIAN_POINT('',(-0.0006,-0.0121,0.0085));
#16603=CARTESIAN_POINT('',(0.0006,-0.0121,0.0085));
#16604=CARTESIAN_POINT('',(0.0006,-0.01076,0.0085));
#16605=CARTESIAN_POINT('',(0.0006,-0.01076,0.0085));
#16606=CARTESIAN_POINT('',(0.0006,-0.00956,0.0085));
#16607=CARTESIAN_POINT('',(-0.0006,-0.01076,0.0085));
#16608=CARTESIAN_POINT('',(-0.0006,-0.01076,0.0085));
#16609=CARTESIAN_POINT('',(-0.0006,-0.00956,0.0085));
#16610=CARTESIAN_POINT('',(-0.0006,-0.00956,0.0085));
#16611=CARTESIAN_POINT('',(0.0006,-0.00956,0.0085));
#16612=CARTESIAN_POINT('',(0.0006,-0.00822,0.0085));
#16613=CARTESIAN_POINT('',(0.0006,-0.00822,0.0085));
#16614=CARTESIAN_POINT('',(0.0006,-0.00702,0.0085));
#16615=CARTESIAN_POINT('',(-0.0006,-0.00822,0.0085));
#16616=CARTESIAN_POINT('',(-0.0006,-0.00822,0.0085));
#16617=CARTESIAN_POINT('',(-0.0006,-0.00702,0.0085));
#16618=CARTESIAN_POINT('',(-0.0006,-0.00702,0.0085));
#16619=CARTESIAN_POINT('',(0.0006,-0.00702,0.0085));
#16620=CARTESIAN_POINT('',(0.0006,-0.00568,0.0085));
#16621=CARTESIAN_POINT('',(0.0006,-0.00568,0.0085));
#16622=CARTESIAN_POINT('',(0.0006,-0.00448,0.0085));
#16623=CARTESIAN_POINT('',(-0.0006,-0.00568,0.0085));
#16624=CARTESIAN_POINT('',(-0.0006,-0.00568,0.0085));
#16625=CARTESIAN_POINT('',(-0.0006,-0.00448,0.0085));
#16626=CARTESIAN_POINT('',(-0.0006,-0.00448,0.0085));
#16627=CARTESIAN_POINT('',(0.0006,-0.00448,0.0085));
#16628=CARTESIAN_POINT('',(0.0006,-0.00314,0.0085));
#16629=CARTESIAN_POINT('',(0.0006,-0.00314,0.0085));
#16630=CARTESIAN_POINT('',(0.0006,-0.00194,0.0085));
#16631=CARTESIAN_POINT('',(-0.0006,-0.00314,0.0085));
#16632=CARTESIAN_POINT('',(-0.0006,-0.00314,0.0085));
#16633=CARTESIAN_POINT('',(-0.0006,-0.00194,0.0085));
#16634=CARTESIAN_POINT('',(-0.0006,-0.00194,0.0085));
#16635=CARTESIAN_POINT('',(0.0006,-0.00194,0.0085));
#16636=CARTESIAN_POINT('',(0.0006,-0.0006,0.0085));
#16637=CARTESIAN_POINT('',(0.0006,-0.0006,0.0085));
#16638=CARTESIAN_POINT('',(0.0006,0.0006,0.0085));
#16639=CARTESIAN_POINT('',(-0.0006,-0.0006,0.0085));
#16640=CARTESIAN_POINT('',(-0.0006,-0.0006,0.0085));
#16641=CARTESIAN_POINT('',(-0.0006,0.0006,0.0085));
#16642=CARTESIAN_POINT('',(-0.0006,0.0006,0.0085));
#16643=CARTESIAN_POINT('',(0.0006,0.0006,0.0085));
#16644=CARTESIAN_POINT('',(-9.592326932761E-19,-0.00889,0.));
#16645=CARTESIAN_POINT('',(-0.00127,0.00127,0.));
#16646=CARTESIAN_POINT('',(-0.000846666666667001,-0.00889,0.));
#16647=CARTESIAN_POINT('',(-0.000846666666667,0.00127,0.));
#16648=CARTESIAN_POINT('',(-0.000846666666667,0.00127,0.0002));
#16649=CARTESIAN_POINT('',(-9.592326932761E-19,-0.00889,0.0002));
#16650=CARTESIAN_POINT('',(0.000846666666667,-0.01905,0.0002));
#16651=CARTESIAN_POINT('',(0.0001,-0.01808,0.0002));
#16652=CARTESIAN_POINT('',(0.0001,-0.01808,0.0002));
#16653=CARTESIAN_POINT('',(0.0001,-0.01823,0.0002));
#16654=CARTESIAN_POINT('',(0.0001,-0.01778,0.0002));
#16655=CARTESIAN_POINT('',(0.0001,-0.01748,0.0002));
#16656=CARTESIAN_POINT('',(0.0001,-0.01808,0.0002));
#16657=CARTESIAN_POINT('',(0.0001,-0.01733,0.0002));
#16658=CARTESIAN_POINT('',(-0.0001,-0.01733,0.0002));
#16659=CARTESIAN_POINT('',(-0.0001,-0.01733,0.0002));
#16660=CARTESIAN_POINT('',(-0.0001,-0.01808,0.0002));
#16661=CARTESIAN_POINT('',(-0.0001,-0.01748,0.0002));
#16662=CARTESIAN_POINT('',(-0.0001,-0.00889,0.0002));
#16663=CARTESIAN_POINT('',(-0.0001,-0.01808,0.0002));
#16664=CARTESIAN_POINT('',(-0.0001,-0.01808,0.0002));
#16665=CARTESIAN_POINT('',(-0.0001,-0.01823,0.0002));
#16666=CARTESIAN_POINT('',(-1.99618099827585E-18,-0.01823,0.0002));
#16667=CARTESIAN_POINT('',(0.0001,-0.01554,0.0002));
#16668=CARTESIAN_POINT('',(0.0001,-0.01554,0.0002));
#16669=CARTESIAN_POINT('',(0.0001,-0.01569,0.0002));
#16670=CARTESIAN_POINT('',(0.0001,-0.01524,0.0002));
#16671=CARTESIAN_POINT('',(0.0001,-0.01494,0.0002));
#16672=CARTESIAN_POINT('',(0.0001,-0.01554,0.0002));
#16673=CARTESIAN_POINT('',(0.0001,-0.01479,0.0002));
#16674=CARTESIAN_POINT('',(-0.0001,-0.01479,0.0002));
#16675=CARTESIAN_POINT('',(-0.0001,-0.01479,0.0002));
#16676=CARTESIAN_POINT('',(-0.0001,-0.01554,0.0002));
#16677=CARTESIAN_POINT('',(-0.0001,-0.01494,0.0002));
#16678=CARTESIAN_POINT('',(-0.0001,-0.00889,0.0002));
#16679=CARTESIAN_POINT('',(-0.0001,-0.01554,0.0002));
#16680=CARTESIAN_POINT('',(-0.0001,-0.01554,0.0002));
#16681=CARTESIAN_POINT('',(-0.0001,-0.01569,0.0002));
#16682=CARTESIAN_POINT('',(-1.7141843500211E-18,-0.01569,0.0002));
#16683=CARTESIAN_POINT('',(0.0001,-0.013,0.0002));
#16684=CARTESIAN_POINT('',(0.0001,-0.013,0.0002));
#16685=CARTESIAN_POINT('',(0.0001,-0.01315,0.0002));
#16686=CARTESIAN_POINT('',(0.0001,-0.0127,0.0002));
#16687=CARTESIAN_POINT('',(0.0001,-0.0124,0.0002));
#16688=CARTESIAN_POINT('',(0.0001,-0.013,0.0002));
#16689=CARTESIAN_POINT('',(0.0001,-0.01225,0.0002));
#16690=CARTESIAN_POINT('',(-0.0001,-0.01225,0.0002));
#16691=CARTESIAN_POINT('',(-0.0001,-0.01225,0.0002));
#16692=CARTESIAN_POINT('',(-0.0001,-0.013,0.0002));
#16693=CARTESIAN_POINT('',(-0.0001,-0.0124,0.0002));
#16694=CARTESIAN_POINT('',(-0.0001,-0.00889,0.0002));
#16695=CARTESIAN_POINT('',(-0.0001,-0.013,0.0002));
#16696=CARTESIAN_POINT('',(-0.0001,-0.013,0.0002));
#16697=CARTESIAN_POINT('',(-0.0001,-0.01315,0.0002));
#16698=CARTESIAN_POINT('',(-1.43218770176635E-18,-0.01315,0.0002));
#16699=CARTESIAN_POINT('',(0.0001,-0.01046,0.0002));
#16700=CARTESIAN_POINT('',(0.0001,-0.01046,0.0002));
#16701=CARTESIAN_POINT('',(0.0001,-0.01061,0.0002));
#16702=CARTESIAN_POINT('',(0.0001,-0.01016,0.0002));
#16703=CARTESIAN_POINT('',(0.0001,-0.00986,0.0002));
#16704=CARTESIAN_POINT('',(0.0001,-0.01046,0.0002));
#16705=CARTESIAN_POINT('',(0.0001,-0.00971,0.0002));
#16706=CARTESIAN_POINT('',(-0.0001,-0.00971,0.0002));
#16707=CARTESIAN_POINT('',(-0.0001,-0.00971,0.0002));
#16708=CARTESIAN_POINT('',(-0.0001,-0.01046,0.0002));
#16709=CARTESIAN_POINT('',(-0.0001,-0.00986,0.0002));
#16710=CARTESIAN_POINT('',(-0.0001,-0.00889,0.0002));
#16711=CARTESIAN_POINT('',(-0.0001,-0.01046,0.0002));
#16712=CARTESIAN_POINT('',(-0.0001,-0.01046,0.0002));
#16713=CARTESIAN_POINT('',(-0.0001,-0.01061,0.0002));
#16714=CARTESIAN_POINT('',(-1.1501910535116E-18,-0.01061,0.0002));
#16715=CARTESIAN_POINT('',(0.0001,-0.00792,0.0002));
#16716=CARTESIAN_POINT('',(0.0001,-0.00792,0.0002));
#16717=CARTESIAN_POINT('',(0.0001,-0.00807,0.0002));
#16718=CARTESIAN_POINT('',(0.0001,-0.00762,0.0002));
#16719=CARTESIAN_POINT('',(0.0001,-0.00732,0.0002));
#16720=CARTESIAN_POINT('',(0.0001,-0.00792,0.0002));
#16721=CARTESIAN_POINT('',(0.0001,-0.00717,0.0002));
#16722=CARTESIAN_POINT('',(-0.0001,-0.00717,0.0002));
#16723=CARTESIAN_POINT('',(-0.0001,-0.00717,0.0002));
#16724=CARTESIAN_POINT('',(-0.0001,-0.00792,0.0002));
#16725=CARTESIAN_POINT('',(-0.0001,-0.00732,0.0002));
#16726=CARTESIAN_POINT('',(-0.0001,-0.00889,0.0002));
#16727=CARTESIAN_POINT('',(-0.0001,-0.00792,0.0002));
#16728=CARTESIAN_POINT('',(-0.0001,-0.00792,0.0002));
#16729=CARTESIAN_POINT('',(-0.0001,-0.00807,0.0002));
#16730=CARTESIAN_POINT('',(-8.6819440525685E-19,-0.00807,0.0002));
#16731=CARTESIAN_POINT('',(0.0001,-0.00538,0.0002));
#16732=CARTESIAN_POINT('',(0.0001,-0.00538,0.0002));
#16733=CARTESIAN_POINT('',(0.0001,-0.00553,0.0002));
#16734=CARTESIAN_POINT('',(0.0001,-0.00508,0.0002));
#16735=CARTESIAN_POINT('',(0.0001,-0.00478,0.0002));
#16736=CARTESIAN_POINT('',(0.0001,-0.00538,0.0002));
#16737=CARTESIAN_POINT('',(0.0001,-0.00463,0.0002));
#16738=CARTESIAN_POINT('',(-0.0001,-0.00463,0.0002));
#16739=CARTESIAN_POINT('',(-0.0001,-0.00463,0.0002));
#16740=CARTESIAN_POINT('',(-0.0001,-0.00538,0.0002));
#16741=CARTESIAN_POINT('',(-0.0001,-0.00478,0.0002));
#16742=CARTESIAN_POINT('',(-0.0001,-0.00889,0.0002));
#16743=CARTESIAN_POINT('',(-0.0001,-0.00538,0.0002));
#16744=CARTESIAN_POINT('',(-0.0001,-0.00538,0.0002));
#16745=CARTESIAN_POINT('',(-0.0001,-0.00553,0.0002));
#16746=CARTESIAN_POINT('',(-5.861977570021E-19,-0.00553,0.0002));
#16747=CARTESIAN_POINT('',(0.0001,-0.00284,0.0002));
#16748=CARTESIAN_POINT('',(0.0001,-0.00284,0.0002));
#16749=CARTESIAN_POINT('',(0.0001,-0.00299,0.0002));
#16750=CARTESIAN_POINT('',(0.0001,-0.00254,0.0002));
#16751=CARTESIAN_POINT('',(0.0001,-0.00224,0.0002));
#16752=CARTESIAN_POINT('',(0.0001,-0.00284,0.0002));
#16753=CARTESIAN_POINT('',(0.0001,-0.00209,0.0002));
#16754=CARTESIAN_POINT('',(-0.0001,-0.00209,0.0002));
#16755=CARTESIAN_POINT('',(-0.0001,-0.00209,0.0002));
#16756=CARTESIAN_POINT('',(-0.0001,-0.00284,0.0002));
#16757=CARTESIAN_POINT('',(-0.0001,-0.00224,0.0002));
#16758=CARTESIAN_POINT('',(-0.0001,-0.00889,0.0002));
#16759=CARTESIAN_POINT('',(-0.0001,-0.00284,0.0002));
#16760=CARTESIAN_POINT('',(-0.0001,-0.00284,0.0002));
#16761=CARTESIAN_POINT('',(-0.0001,-0.00299,0.0002));
#16762=CARTESIAN_POINT('',(-3.0420110874735E-19,-0.00299,0.0002));
#16763=CARTESIAN_POINT('',(0.0001,-0.0003,0.0002));
#16764=CARTESIAN_POINT('',(0.0001,-0.0003,0.0002));
#16765=CARTESIAN_POINT('',(0.0001,-0.00045,0.0002));
#16766=CARTESIAN_POINT('',(0.0001,-1.110223024625E-20,0.0002));
#16767=CARTESIAN_POINT('',(0.0001,0.0003,0.0002));
#16768=CARTESIAN_POINT('',(0.0001,-0.0003,0.0002));
#16769=CARTESIAN_POINT('',(0.0001,0.00045,0.0002));
#16770=CARTESIAN_POINT('',(-0.0001,0.00045,0.0002));
#16771=CARTESIAN_POINT('',(-0.0001,0.00045,0.0002));
#16772=CARTESIAN_POINT('',(-0.0001,-0.0003,0.0002));
#16773=CARTESIAN_POINT('',(-0.0001,0.0003,0.0002));
#16774=CARTESIAN_POINT('',(-0.0001,-0.00889,0.0002));
#16775=CARTESIAN_POINT('',(-0.0001,-0.0003,0.0002));
#16776=CARTESIAN_POINT('',(-0.0001,-0.0003,0.0002));
#16777=CARTESIAN_POINT('',(-0.0001,-0.00045,0.0002));
#16778=CARTESIAN_POINT('',(-2.22044604926002E-20,-0.00045,0.0002));
#16779=CARTESIAN_POINT('',(0.000846666666667,-0.01905,0.));
#16780=CARTESIAN_POINT('',(-0.00127,0.00127,0.));
#16781=CARTESIAN_POINT('',(0.00045,-0.01838,0.00835));
#16782=CARTESIAN_POINT('',(0.0006,-0.01838,0.0085));
#16783=CARTESIAN_POINT('',(0.0003,-0.01808,0.0082));
#16784=CARTESIAN_POINT('',(0.0006,-0.01718,0.0085));
#16785=CARTESIAN_POINT('',(0.0003,-0.01748,0.0082));
#16786=CARTESIAN_POINT('',(0.0003,-0.01808,0.0082));
#16787=CARTESIAN_POINT('',(0.0006,-0.01733,0.00835));
#16788=CARTESIAN_POINT('',(-0.0006,-0.01718,0.0085));
#16789=CARTESIAN_POINT('',(-0.0003,-0.01748,0.0082));
#16790=CARTESIAN_POINT('',(0.0003,-0.01748,0.0082));
#16791=CARTESIAN_POINT('',(-0.00045,-0.01718,0.00835));
#16792=CARTESIAN_POINT('',(-0.0006,-0.01838,0.0085));
#16793=CARTESIAN_POINT('',(-0.0003,-0.01808,0.0082));
#16794=CARTESIAN_POINT('',(-0.0003,-0.01748,0.0082));
#16795=CARTESIAN_POINT('',(-0.0006,-0.01823,0.00835));
#16796=CARTESIAN_POINT('',(-0.0003,-0.01808,0.0082));
#16797=CARTESIAN_POINT('',(0.00045,-0.01584,0.00835));
#16798=CARTESIAN_POINT('',(0.0006,-0.01584,0.0085));
#16799=CARTESIAN_POINT('',(0.0003,-0.01554,0.0082));
#16800=CARTESIAN_POINT('',(0.0006,-0.01464,0.0085));
#16801=CARTESIAN_POINT('',(0.0003,-0.01494,0.0082));
#16802=CARTESIAN_POINT('',(0.0003,-0.01554,0.0082));
#16803=CARTESIAN_POINT('',(0.0006,-0.01479,0.00835));
#16804=CARTESIAN_POINT('',(-0.0006,-0.01464,0.0085));
#16805=CARTESIAN_POINT('',(-0.0003,-0.01494,0.0082));
#16806=CARTESIAN_POINT('',(0.0003,-0.01494,0.0082));
#16807=CARTESIAN_POINT('',(-0.00045,-0.01464,0.00835));
#16808=CARTESIAN_POINT('',(-0.0006,-0.01584,0.0085));
#16809=CARTESIAN_POINT('',(-0.0003,-0.01554,0.0082));
#16810=CARTESIAN_POINT('',(-0.0003,-0.01494,0.0082));
#16811=CARTESIAN_POINT('',(-0.0006,-0.01569,0.00835));
#16812=CARTESIAN_POINT('',(-0.0003,-0.01554,0.0082));
#16813=CARTESIAN_POINT('',(0.00045,-0.0133,0.00835));
#16814=CARTESIAN_POINT('',(0.0006,-0.0133,0.0085));
#16815=CARTESIAN_POINT('',(0.0003,-0.013,0.0082));
#16816=CARTESIAN_POINT('',(0.0006,-0.0121,0.0085));
#16817=CARTESIAN_POINT('',(0.0003,-0.0124,0.0082));
#16818=CARTESIAN_POINT('',(0.0003,-0.013,0.0082));
#16819=CARTESIAN_POINT('',(0.0006,-0.01225,0.00835));
#16820=CARTESIAN_POINT('',(-0.0006,-0.0121,0.0085));
#16821=CARTESIAN_POINT('',(-0.0003,-0.0124,0.0082));
#16822=CARTESIAN_POINT('',(0.0003,-0.0124,0.0082));
#16823=CARTESIAN_POINT('',(-0.00045,-0.0121,0.00835));
#16824=CARTESIAN_POINT('',(-0.0006,-0.0133,0.0085));
#16825=CARTESIAN_POINT('',(-0.0003,-0.013,0.0082));
#16826=CARTESIAN_POINT('',(-0.0003,-0.0124,0.0082));
#16827=CARTESIAN_POINT('',(-0.0006,-0.01315,0.00835));
#16828=CARTESIAN_POINT('',(-0.0003,-0.013,0.0082));
#16829=CARTESIAN_POINT('',(0.00045,-0.01076,0.00835));
#16830=CARTESIAN_POINT('',(0.0006,-0.01076,0.0085));
#16831=CARTESIAN_POINT('',(0.0003,-0.01046,0.0082));
#16832=CARTESIAN_POINT('',(0.0006,-0.00956,0.0085));
#16833=CARTESIAN_POINT('',(0.0003,-0.00986,0.0082));
#16834=CARTESIAN_POINT('',(0.0003,-0.01046,0.0082));
#16835=CARTESIAN_POINT('',(0.0006,-0.00971,0.00835));
#16836=CARTESIAN_POINT('',(-0.0006,-0.00956,0.0085));
#16837=CARTESIAN_POINT('',(-0.0003,-0.00986,0.0082));
#16838=CARTESIAN_POINT('',(0.0003,-0.00986,0.0082));
#16839=CARTESIAN_POINT('',(-0.00045,-0.00956,0.00835));
#16840=CARTESIAN_POINT('',(-0.0006,-0.01076,0.0085));
#16841=CARTESIAN_POINT('',(-0.0003,-0.01046,0.0082));
#16842=CARTESIAN_POINT('',(-0.0003,-0.00986,0.0082));
#16843=CARTESIAN_POINT('',(-0.0006,-0.01061,0.00835));
#16844=CARTESIAN_POINT('',(-0.0003,-0.01046,0.0082));
#16845=CARTESIAN_POINT('',(0.00045,-0.00822,0.00835));
#16846=CARTESIAN_POINT('',(0.0006,-0.00822,0.0085));
#16847=CARTESIAN_POINT('',(0.0003,-0.00792,0.0082));
#16848=CARTESIAN_POINT('',(0.0006,-0.00702,0.0085));
#16849=CARTESIAN_POINT('',(0.0003,-0.00732,0.0082));
#16850=CARTESIAN_POINT('',(0.0003,-0.00792,0.0082));
#16851=CARTESIAN_POINT('',(0.0006,-0.00717,0.00835));
#16852=CARTESIAN_POINT('',(-0.0006,-0.00702,0.0085));
#16853=CARTESIAN_POINT('',(-0.0003,-0.00732,0.0082));
#16854=CARTESIAN_POINT('',(0.0003,-0.00732,0.0082));
#16855=CARTESIAN_POINT('',(-0.00045,-0.00702,0.00835));
#16856=CARTESIAN_POINT('',(-0.0006,-0.00822,0.0085));
#16857=CARTESIAN_POINT('',(-0.0003,-0.00792,0.0082));
#16858=CARTESIAN_POINT('',(-0.0003,-0.00732,0.0082));
#16859=CARTESIAN_POINT('',(-0.0006,-0.00807,0.00835));
#16860=CARTESIAN_POINT('',(-0.0003,-0.00792,0.0082));
#16861=CARTESIAN_POINT('',(0.00045,-0.00568,0.00835));
#16862=CARTESIAN_POINT('',(0.0006,-0.00568,0.0085));
#16863=CARTESIAN_POINT('',(0.0003,-0.00538,0.0082));
#16864=CARTESIAN_POINT('',(0.0006,-0.00448,0.0085));
#16865=CARTESIAN_POINT('',(0.0003,-0.00478,0.0082));
#16866=CARTESIAN_POINT('',(0.0003,-0.00538,0.0082));
#16867=CARTESIAN_POINT('',(0.0006,-0.00463,0.00835));
#16868=CARTESIAN_POINT('',(-0.0006,-0.00448,0.0085));
#16869=CARTESIAN_POINT('',(-0.0003,-0.00478,0.0082));
#16870=CARTESIAN_POINT('',(0.0003,-0.00478,0.0082));
#16871=CARTESIAN_POINT('',(-0.00045,-0.00448,0.00835));
#16872=CARTESIAN_POINT('',(-0.0006,-0.00568,0.0085));
#16873=CARTESIAN_POINT('',(-0.0003,-0.00538,0.0082));
#16874=CARTESIAN_POINT('',(-0.0003,-0.00478,0.0082));
#16875=CARTESIAN_POINT('',(-0.0006,-0.00553,0.00835));
#16876=CARTESIAN_POINT('',(-0.0003,-0.00538,0.0082));
#16877=CARTESIAN_POINT('',(0.00045,-0.00314,0.00835));
#16878=CARTESIAN_POINT('',(0.0006,-0.00314,0.0085));
#16879=CARTESIAN_POINT('',(0.0003,-0.00284,0.0082));
#16880=CARTESIAN_POINT('',(0.0006,-0.00194,0.0085));
#16881=CARTESIAN_POINT('',(0.0003,-0.00224,0.0082));
#16882=CARTESIAN_POINT('',(0.0003,-0.00284,0.0082));
#16883=CARTESIAN_POINT('',(0.0006,-0.00209,0.00835));
#16884=CARTESIAN_POINT('',(-0.0006,-0.00194,0.0085));
#16885=CARTESIAN_POINT('',(-0.0003,-0.00224,0.0082));
#16886=CARTESIAN_POINT('',(0.0003,-0.00224,0.0082));
#16887=CARTESIAN_POINT('',(-0.00045,-0.00194,0.00835));
#16888=CARTESIAN_POINT('',(-0.0006,-0.00314,0.0085));
#16889=CARTESIAN_POINT('',(-0.0003,-0.00284,0.0082));
#16890=CARTESIAN_POINT('',(-0.0003,-0.00224,0.0082));
#16891=CARTESIAN_POINT('',(-0.0006,-0.00299,0.00835));
#16892=CARTESIAN_POINT('',(-0.0003,-0.00284,0.0082));
#16893=CARTESIAN_POINT('',(0.00045,-0.0006,0.00835));
#16894=CARTESIAN_POINT('',(0.0006,-0.0006,0.0085));
#16895=CARTESIAN_POINT('',(0.0003,-0.0003,0.0082));
#16896=CARTESIAN_POINT('',(0.0006,0.0006,0.0085));
#16897=CARTESIAN_POINT('',(0.0003,0.0003,0.0082));
#16898=CARTESIAN_POINT('',(0.0003,-0.0003,0.0082));
#16899=CARTESIAN_POINT('',(0.0006,0.00045,0.00835));
#16900=CARTESIAN_POINT('',(-0.0006,0.0006,0.0085));
#16901=CARTESIAN_POINT('',(-0.0003,0.0003,0.0082));
#16902=CARTESIAN_POINT('',(0.0003,0.0003,0.0082));
#16903=CARTESIAN_POINT('',(-0.00045,0.0006,0.00835));
#16904=CARTESIAN_POINT('',(-0.0006,-0.0006,0.0085));
#16905=CARTESIAN_POINT('',(-0.0003,-0.0003,0.0082));
#16906=CARTESIAN_POINT('',(-0.0003,0.0003,0.0082));
#16907=CARTESIAN_POINT('',(-0.0006,-0.00045,0.00835));
#16908=CARTESIAN_POINT('',(-0.0003,-0.0003,0.0082));
#16909=CARTESIAN_POINT('',(-0.0001,-0.01808,0.0002));
#16910=CARTESIAN_POINT('',(-0.0001,-0.01808,0.0002));
#16911=CARTESIAN_POINT('',(0.0001,-0.01778,0.003911477598424));
#16912=CARTESIAN_POINT('',(0.0001,-0.01793,-0.0031));
#16913=CARTESIAN_POINT('',(0.0001,-0.01793,-0.0031));
#16914=CARTESIAN_POINT('',(0.0001,-0.01808,-0.0024999999999997));
#16915=CARTESIAN_POINT('',(0.0001,-0.01763,-0.0031));
#16916=CARTESIAN_POINT('',(0.0001,-0.01763,-0.0031));
#16917=CARTESIAN_POINT('',(0.0001,-0.01748,-0.0025));
#16918=CARTESIAN_POINT('',(0.0001,-0.01748,-0.0025));
#16919=CARTESIAN_POINT('',(0.0001,-0.01748,0.0002));
#16920=CARTESIAN_POINT('',(0.0001,-0.01808,-0.0025));
#16921=CARTESIAN_POINT('',(-0.0001,-0.01808,0.0002));
#16922=CARTESIAN_POINT('',(-0.0001,-0.01748,0.0002));
#16923=CARTESIAN_POINT('',(-0.0001,-0.01778,0.003911477598424));
#16924=CARTESIAN_POINT('',(-0.0001,-0.01808,0.003911477598424));
#16925=CARTESIAN_POINT('',(-0.0001,-0.01808,-0.0025));
#16926=CARTESIAN_POINT('',(-0.0001,-0.01748,0.003911477598424));
#16927=CARTESIAN_POINT('',(-0.0001,-0.01748,-0.0025));
#16928=CARTESIAN_POINT('',(-0.0001,-0.01748,-0.0025));
#16929=CARTESIAN_POINT('',(-0.0001,-0.01763,-0.0031));
#16930=CARTESIAN_POINT('',(-0.0001,-0.01763,-0.0031));
#16931=CARTESIAN_POINT('',(-0.0001,-0.01793,-0.0031));
#16932=CARTESIAN_POINT('',(-0.0001,-0.01793,-0.0031));
#16933=CARTESIAN_POINT('',(-0.0001,-0.01554,0.0002));
#16934=CARTESIAN_POINT('',(-0.0001,-0.01554,0.0002));
#16935=CARTESIAN_POINT('',(0.0001,-0.01524,0.003911477598424));
#16936=CARTESIAN_POINT('',(0.0001,-0.01539,-0.0031));
#16937=CARTESIAN_POINT('',(0.0001,-0.01539,-0.0031));
#16938=CARTESIAN_POINT('',(0.0001,-0.01554,-0.00249999999999969));
#16939=CARTESIAN_POINT('',(0.0001,-0.01509,-0.0031));
#16940=CARTESIAN_POINT('',(0.0001,-0.01509,-0.0031));
#16941=CARTESIAN_POINT('',(0.0001,-0.01494,-0.0025));
#16942=CARTESIAN_POINT('',(0.0001,-0.01494,-0.0025));
#16943=CARTESIAN_POINT('',(0.0001,-0.01494,0.0002));
#16944=CARTESIAN_POINT('',(0.0001,-0.01554,-0.0025));
#16945=CARTESIAN_POINT('',(-0.0001,-0.01554,0.0002));
#16946=CARTESIAN_POINT('',(-0.0001,-0.01494,0.0002));
#16947=CARTESIAN_POINT('',(-0.0001,-0.01524,0.003911477598424));
#16948=CARTESIAN_POINT('',(-0.0001,-0.01554,0.003911477598424));
#16949=CARTESIAN_POINT('',(-0.0001,-0.01554,-0.0025));
#16950=CARTESIAN_POINT('',(-0.0001,-0.01494,0.003911477598424));
#16951=CARTESIAN_POINT('',(-0.0001,-0.01494,-0.0025));
#16952=CARTESIAN_POINT('',(-0.0001,-0.01494,-0.0025));
#16953=CARTESIAN_POINT('',(-0.0001,-0.01509,-0.0031));
#16954=CARTESIAN_POINT('',(-0.0001,-0.01509,-0.0031));
#16955=CARTESIAN_POINT('',(-0.0001,-0.01539,-0.0031));
#16956=CARTESIAN_POINT('',(-0.0001,-0.01539,-0.0031));
#16957=CARTESIAN_POINT('',(-0.0001,-0.013,0.0002));
#16958=CARTESIAN_POINT('',(-0.0001,-0.013,0.0002));
#16959=CARTESIAN_POINT('',(0.0001,-0.0127,0.003911477598424));
#16960=CARTESIAN_POINT('',(0.0001,-0.01285,-0.0031));
#16961=CARTESIAN_POINT('',(0.0001,-0.01285,-0.0031));
#16962=CARTESIAN_POINT('',(0.0001,-0.013,-0.0024999999999997));
#16963=CARTESIAN_POINT('',(0.0001,-0.01255,-0.0031));
#16964=CARTESIAN_POINT('',(0.0001,-0.01255,-0.0031));
#16965=CARTESIAN_POINT('',(0.0001,-0.0124,-0.0025));
#16966=CARTESIAN_POINT('',(0.0001,-0.0124,-0.0025));
#16967=CARTESIAN_POINT('',(0.0001,-0.0124,0.0002));
#16968=CARTESIAN_POINT('',(0.0001,-0.013,-0.0025));
#16969=CARTESIAN_POINT('',(-0.0001,-0.013,0.0002));
#16970=CARTESIAN_POINT('',(-0.0001,-0.0124,0.0002));
#16971=CARTESIAN_POINT('',(-0.0001,-0.0127,0.003911477598424));
#16972=CARTESIAN_POINT('',(-0.0001,-0.013,0.003911477598424));
#16973=CARTESIAN_POINT('',(-0.0001,-0.013,-0.0025));
#16974=CARTESIAN_POINT('',(-0.0001,-0.0124,0.003911477598424));
#16975=CARTESIAN_POINT('',(-0.0001,-0.0124,-0.0025));
#16976=CARTESIAN_POINT('',(-0.0001,-0.0124,-0.0025));
#16977=CARTESIAN_POINT('',(-0.0001,-0.01255,-0.0031));
#16978=CARTESIAN_POINT('',(-0.0001,-0.01255,-0.0031));
#16979=CARTESIAN_POINT('',(-0.0001,-0.01285,-0.0031));
#16980=CARTESIAN_POINT('',(-0.0001,-0.01285,-0.0031));
#16981=CARTESIAN_POINT('',(-0.0001,-0.01046,0.0002));
#16982=CARTESIAN_POINT('',(-0.0001,-0.01046,0.0002));
#16983=CARTESIAN_POINT('',(0.0001,-0.01016,0.003911477598424));
#16984=CARTESIAN_POINT('',(0.0001,-0.01031,-0.0031));
#16985=CARTESIAN_POINT('',(0.0001,-0.01031,-0.0031));
#16986=CARTESIAN_POINT('',(0.0001,-0.01046,-0.00249999999999969));
#16987=CARTESIAN_POINT('',(0.0001,-0.01001,-0.0031));
#16988=CARTESIAN_POINT('',(0.0001,-0.01001,-0.0031));
#16989=CARTESIAN_POINT('',(0.0001,-0.00986,-0.0025));
#16990=CARTESIAN_POINT('',(0.0001,-0.00986,-0.0025));
#16991=CARTESIAN_POINT('',(0.0001,-0.00986,0.0002));
#16992=CARTESIAN_POINT('',(0.0001,-0.01046,-0.0025));
#16993=CARTESIAN_POINT('',(-0.0001,-0.01046,0.0002));
#16994=CARTESIAN_POINT('',(-0.0001,-0.00986,0.0002));
#16995=CARTESIAN_POINT('',(-0.0001,-0.01016,0.003911477598424));
#16996=CARTESIAN_POINT('',(-0.0001,-0.01046,0.003911477598424));
#16997=CARTESIAN_POINT('',(-0.0001,-0.01046,-0.0025));
#16998=CARTESIAN_POINT('',(-0.0001,-0.00986,0.003911477598424));
#16999=CARTESIAN_POINT('',(-0.0001,-0.00986,-0.0025));
#17000=CARTESIAN_POINT('',(-0.0001,-0.00986,-0.0025));
#17001=CARTESIAN_POINT('',(-0.0001,-0.01001,-0.0031));
#17002=CARTESIAN_POINT('',(-0.0001,-0.01001,-0.0031));
#17003=CARTESIAN_POINT('',(-0.0001,-0.01031,-0.0031));
#17004=CARTESIAN_POINT('',(-0.0001,-0.01031,-0.0031));
#17005=CARTESIAN_POINT('',(-0.0001,-0.00792,0.0002));
#17006=CARTESIAN_POINT('',(-0.0001,-0.00792,0.0002));
#17007=CARTESIAN_POINT('',(0.0001,-0.00762,0.003911477598424));
#17008=CARTESIAN_POINT('',(0.0001,-0.00777,-0.0031));
#17009=CARTESIAN_POINT('',(0.0001,-0.00777,-0.0031));
#17010=CARTESIAN_POINT('',(0.0001,-0.00792,-0.00249999999999969));
#17011=CARTESIAN_POINT('',(0.0001,-0.00747,-0.0031));
#17012=CARTESIAN_POINT('',(0.0001,-0.00746999999999992,-0.0031));
#17013=CARTESIAN_POINT('',(0.0001,-0.00732,-0.0025));
#17014=CARTESIAN_POINT('',(0.0001,-0.00732,-0.0025));
#17015=CARTESIAN_POINT('',(0.0001,-0.00732,0.0002));
#17016=CARTESIAN_POINT('',(0.0001,-0.00792,-0.0025));
#17017=CARTESIAN_POINT('',(-0.0001,-0.00792,0.0002));
#17018=CARTESIAN_POINT('',(-0.0001,-0.00732,0.0002));
#17019=CARTESIAN_POINT('',(-0.0001,-0.00762,0.003911477598424));
#17020=CARTESIAN_POINT('',(-0.0001,-0.00792,0.003911477598424));
#17021=CARTESIAN_POINT('',(-0.0001,-0.00792,-0.0025));
#17022=CARTESIAN_POINT('',(-0.0001,-0.00732,0.003911477598424));
#17023=CARTESIAN_POINT('',(-0.0001,-0.00732,-0.0025));
#17024=CARTESIAN_POINT('',(-0.0001,-0.00732,-0.0025));
#17025=CARTESIAN_POINT('',(-0.0001,-0.00747,-0.0031));
#17026=CARTESIAN_POINT('',(-0.0001,-0.00747,-0.0031));
#17027=CARTESIAN_POINT('',(-0.0001,-0.00777,-0.0031));
#17028=CARTESIAN_POINT('',(-0.0001,-0.00777,-0.0031));
#17029=CARTESIAN_POINT('',(-0.0001,-0.00538,0.0002));
#17030=CARTESIAN_POINT('',(-0.0001,-0.00538,0.0002));
#17031=CARTESIAN_POINT('',(0.0001,-0.00508,0.003911477598424));
#17032=CARTESIAN_POINT('',(0.0001,-0.00523,-0.0031));
#17033=CARTESIAN_POINT('',(0.0001,-0.00523,-0.0031));
#17034=CARTESIAN_POINT('',(0.0001,-0.00538,-0.00249999999999969));
#17035=CARTESIAN_POINT('',(0.0001,-0.00493,-0.0031));
#17036=CARTESIAN_POINT('',(0.0001,-0.00492999999999992,-0.0031));
#17037=CARTESIAN_POINT('',(0.0001,-0.00478,-0.0025));
#17038=CARTESIAN_POINT('',(0.0001,-0.00478,-0.0025));
#17039=CARTESIAN_POINT('',(0.0001,-0.00478,0.0002));
#17040=CARTESIAN_POINT('',(0.0001,-0.00538,-0.0025));
#17041=CARTESIAN_POINT('',(-0.0001,-0.00538,0.0002));
#17042=CARTESIAN_POINT('',(-0.0001,-0.00478,0.0002));
#17043=CARTESIAN_POINT('',(-0.0001,-0.00508,0.003911477598424));
#17044=CARTESIAN_POINT('',(-0.0001,-0.00538,0.003911477598424));
#17045=CARTESIAN_POINT('',(-0.0001,-0.00538,-0.0025));
#17046=CARTESIAN_POINT('',(-0.0001,-0.00478,0.003911477598424));
#17047=CARTESIAN_POINT('',(-0.0001,-0.00478,-0.0025));
#17048=CARTESIAN_POINT('',(-0.0001,-0.00478,-0.0025));
#17049=CARTESIAN_POINT('',(-0.0001,-0.00493,-0.0031));
#17050=CARTESIAN_POINT('',(-0.0001,-0.00493,-0.0031));
#17051=CARTESIAN_POINT('',(-0.0001,-0.00523,-0.0031));
#17052=CARTESIAN_POINT('',(-0.0001,-0.00523,-0.0031));
#17053=CARTESIAN_POINT('',(-0.0001,-0.00284,0.0002));
#17054=CARTESIAN_POINT('',(-0.0001,-0.00284,0.0002));
#17055=CARTESIAN_POINT('',(0.0001,-0.00254,0.003911477598424));
#17056=CARTESIAN_POINT('',(0.0001,-0.00269,-0.0031));
#17057=CARTESIAN_POINT('',(0.0001,-0.00269,-0.0031));
#17058=CARTESIAN_POINT('',(0.0001,-0.00284,-0.00249999999999969));
#17059=CARTESIAN_POINT('',(0.0001,-0.00239,-0.0031));
#17060=CARTESIAN_POINT('',(0.0001,-0.00238999999999992,-0.0031));
#17061=CARTESIAN_POINT('',(0.0001,-0.00224,-0.0025));
#17062=CARTESIAN_POINT('',(0.0001,-0.00224,-0.0025));
#17063=CARTESIAN_POINT('',(0.0001,-0.00224,0.0002));
#17064=CARTESIAN_POINT('',(0.0001,-0.00284,-0.0025));
#17065=CARTESIAN_POINT('',(-0.0001,-0.00284,0.0002));
#17066=CARTESIAN_POINT('',(-0.0001,-0.00224,0.0002));
#17067=CARTESIAN_POINT('',(-0.0001,-0.00254,0.003911477598424));
#17068=CARTESIAN_POINT('',(-0.0001,-0.00284,0.003911477598424));
#17069=CARTESIAN_POINT('',(-0.0001,-0.00284,-0.0025));
#17070=CARTESIAN_POINT('',(-0.0001,-0.00224,0.003911477598424));
#17071=CARTESIAN_POINT('',(-0.0001,-0.00224,-0.0025));
#17072=CARTESIAN_POINT('',(-0.0001,-0.00224,-0.0025));
#17073=CARTESIAN_POINT('',(-0.0001,-0.00239,-0.0031));
#17074=CARTESIAN_POINT('',(-0.0001,-0.00239,-0.0031));
#17075=CARTESIAN_POINT('',(-0.0001,-0.00269,-0.0031));
#17076=CARTESIAN_POINT('',(-0.0001,-0.00269,-0.0031));
#17077=CARTESIAN_POINT('',(-0.0001,-0.0003,0.0002));
#17078=CARTESIAN_POINT('',(-0.0001,-0.0003,0.0002));
#17079=CARTESIAN_POINT('',(0.0001,-1.110223024625E-20,0.003911477598424));
#17080=CARTESIAN_POINT('',(0.0001,-0.00015,-0.0031));
#17081=CARTESIAN_POINT('',(0.0001,-0.00015,-0.0031));
#17082=CARTESIAN_POINT('',(0.0001,-0.0003,-0.00249999999999969));
#17083=CARTESIAN_POINT('',(0.0001,0.00015,-0.0031));
#17084=CARTESIAN_POINT('',(0.0001,0.000150000000000077,-0.0031));
#17085=CARTESIAN_POINT('',(0.0001,0.0003,-0.0025));
#17086=CARTESIAN_POINT('',(0.0001,0.0003,-0.0025));
#17087=CARTESIAN_POINT('',(0.0001,0.0003,0.0002));
#17088=CARTESIAN_POINT('',(0.0001,-0.0003,-0.0025));
#17089=CARTESIAN_POINT('',(-0.0001,-0.0003,0.0002));
#17090=CARTESIAN_POINT('',(-0.0001,0.0003,0.0002));
#17091=CARTESIAN_POINT('',(-0.0001,1.110223024625E-20,0.003911477598424));
#17092=CARTESIAN_POINT('',(-0.0001,-0.0003,0.003911477598424));
#17093=CARTESIAN_POINT('',(-0.0001,-0.0003,-0.0025));
#17094=CARTESIAN_POINT('',(-0.0001,0.0003,0.003911477598424));
#17095=CARTESIAN_POINT('',(-0.0001,0.0003,-0.0025));
#17096=CARTESIAN_POINT('',(-0.0001,0.0003,-0.0025));
#17097=CARTESIAN_POINT('',(-0.0001,0.00015,-0.0031));
#17098=CARTESIAN_POINT('',(-0.0001,0.00015,-0.0031));
#17099=CARTESIAN_POINT('',(-0.0001,-0.00015,-0.0031));
#17100=CARTESIAN_POINT('',(-0.0001,-0.00015,-0.0031));
#17101=CARTESIAN_POINT('',(0.0003,-0.01808,0.0082));
#17102=CARTESIAN_POINT('',(0.0003,-0.01748,0.0082));
#17103=CARTESIAN_POINT('',(0.0003,-0.01748,0.0009));
#17104=CARTESIAN_POINT('',(0.0003,-0.01778,0.0009));
#17105=CARTESIAN_POINT('',(0.0003,-0.01808,0.0009));
#17106=CARTESIAN_POINT('',(0.0003,-0.01808,0.0082));
#17107=CARTESIAN_POINT('',(0.0003,-0.01748,0.0082));
#17108=CARTESIAN_POINT('',(-0.0003,-0.01748,0.0082));
#17109=CARTESIAN_POINT('',(-0.0003,-0.01748,0.0009));
#17110=CARTESIAN_POINT('',(-2.03434491474725E-18,-0.01748,0.0009));
#17111=CARTESIAN_POINT('',(-0.0001,-0.01748,0.0009));
#17112=CARTESIAN_POINT('',(-0.0001,-0.01748,0.0082));
#17113=CARTESIAN_POINT('',(-0.0001,-0.01748,0.0074));
#17114=CARTESIAN_POINT('',(0.0003,-0.01748,0.0074));
#17115=CARTESIAN_POINT('',(0.0001,-0.01748,0.0074));
#17116=CARTESIAN_POINT('',(0.0001,-0.01748,0.003911477598424));
#17117=CARTESIAN_POINT('',(0.0001,-0.01748,0.0009));
#17118=CARTESIAN_POINT('',(-2.03434491474725E-18,-0.01748,0.0009));
#17119=CARTESIAN_POINT('',(-0.0003,-0.01748,0.0082));
#17120=CARTESIAN_POINT('',(-0.0003,-0.01808,0.0082));
#17121=CARTESIAN_POINT('',(-0.0003,-0.01808,0.0009));
#17122=CARTESIAN_POINT('',(-0.0003,-0.01778,0.0009));
#17123=CARTESIAN_POINT('',(-0.0003,-0.01808,0.0082));
#17124=CARTESIAN_POINT('',(-2.10095829622475E-18,-0.01808,0.0009));
#17125=CARTESIAN_POINT('',(0.0001,-0.01808,0.0009));
#17126=CARTESIAN_POINT('',(0.0001,-0.01808,0.003911477598424));
#17127=CARTESIAN_POINT('',(0.0001,-0.01808,0.0074));
#17128=CARTESIAN_POINT('',(-0.0001,-0.01808,0.0074));
#17129=CARTESIAN_POINT('',(-0.0001,-0.01808,0.0074));
#17130=CARTESIAN_POINT('',(-0.0001,-0.01808,0.0082));
#17131=CARTESIAN_POINT('',(-0.0001,-0.01808,0.0009));
#17132=CARTESIAN_POINT('',(-2.10095829622475E-18,-0.01808,0.0009));
#17133=CARTESIAN_POINT('',(0.0003,-0.01554,0.0082));
#17134=CARTESIAN_POINT('',(0.0003,-0.01494,0.0082));
#17135=CARTESIAN_POINT('',(0.0003,-0.01494,0.0009));
#17136=CARTESIAN_POINT('',(0.0003,-0.01524,0.0009));
#17137=CARTESIAN_POINT('',(0.0003,-0.01554,0.0009));
#17138=CARTESIAN_POINT('',(0.0003,-0.01554,0.0082));
#17139=CARTESIAN_POINT('',(0.0003,-0.01494,0.0082));
#17140=CARTESIAN_POINT('',(-0.0003,-0.01494,0.0082));
#17141=CARTESIAN_POINT('',(-0.0003,-0.01494,0.0009));
#17142=CARTESIAN_POINT('',(-1.75234826649225E-18,-0.01494,0.0009));
#17143=CARTESIAN_POINT('',(-0.0001,-0.01494,0.0009));
#17144=CARTESIAN_POINT('',(-0.0001,-0.01494,0.0082));
#17145=CARTESIAN_POINT('',(-0.0001,-0.01494,0.0074));
#17146=CARTESIAN_POINT('',(0.0003,-0.01494,0.0074));
#17147=CARTESIAN_POINT('',(0.0001,-0.01494,0.0074));
#17148=CARTESIAN_POINT('',(0.0001,-0.01494,0.003911477598424));
#17149=CARTESIAN_POINT('',(0.0001,-0.01494,0.0009));
#17150=CARTESIAN_POINT('',(-1.75234826649225E-18,-0.01494,0.0009));
#17151=CARTESIAN_POINT('',(-0.0003,-0.01494,0.0082));
#17152=CARTESIAN_POINT('',(-0.0003,-0.01554,0.0082));
#17153=CARTESIAN_POINT('',(-0.0003,-0.01554,0.0009));
#17154=CARTESIAN_POINT('',(-0.0003,-0.01524,0.0009));
#17155=CARTESIAN_POINT('',(-0.0003,-0.01554,0.0082));
#17156=CARTESIAN_POINT('',(-1.81896164796975E-18,-0.01554,0.0009));
#17157=CARTESIAN_POINT('',(0.0001,-0.01554,0.0009));
#17158=CARTESIAN_POINT('',(0.0001,-0.01554,0.003911477598424));
#17159=CARTESIAN_POINT('',(0.0001,-0.01554,0.0074));
#17160=CARTESIAN_POINT('',(-0.0001,-0.01554,0.0074));
#17161=CARTESIAN_POINT('',(-0.0001,-0.01554,0.0074));
#17162=CARTESIAN_POINT('',(-0.0001,-0.01554,0.0082));
#17163=CARTESIAN_POINT('',(-0.0001,-0.01554,0.0009));
#17164=CARTESIAN_POINT('',(-1.81896164796975E-18,-0.01554,0.0009));
#17165=CARTESIAN_POINT('',(0.0003,-0.013,0.0082));
#17166=CARTESIAN_POINT('',(0.0003,-0.0124,0.0082));
#17167=CARTESIAN_POINT('',(0.0003,-0.0124,0.0009));
#17168=CARTESIAN_POINT('',(0.0003,-0.0127,0.0009));
#17169=CARTESIAN_POINT('',(0.0003,-0.013,0.0009));
#17170=CARTESIAN_POINT('',(0.0003,-0.013,0.0082));
#17171=CARTESIAN_POINT('',(0.0003,-0.0124,0.0082));
#17172=CARTESIAN_POINT('',(-0.0003,-0.0124,0.0082));
#17173=CARTESIAN_POINT('',(-0.0003,-0.0124,0.0009));
#17174=CARTESIAN_POINT('',(-1.47035161823825E-18,-0.0124,0.0009));
#17175=CARTESIAN_POINT('',(-0.0001,-0.0124,0.0009));
#17176=CARTESIAN_POINT('',(-0.0001,-0.0124,0.0082));
#17177=CARTESIAN_POINT('',(-0.0001,-0.0124,0.0074));
#17178=CARTESIAN_POINT('',(0.0003,-0.0124,0.0074));
#17179=CARTESIAN_POINT('',(0.0001,-0.0124,0.0074));
#17180=CARTESIAN_POINT('',(0.0001,-0.0124,0.003911477598424));
#17181=CARTESIAN_POINT('',(0.0001,-0.0124,0.0009));
#17182=CARTESIAN_POINT('',(-1.47035161823825E-18,-0.0124,0.0009));
#17183=CARTESIAN_POINT('',(-0.0003,-0.0124,0.0082));
#17184=CARTESIAN_POINT('',(-0.0003,-0.013,0.0082));
#17185=CARTESIAN_POINT('',(-0.0003,-0.013,0.0009));
#17186=CARTESIAN_POINT('',(-0.0003,-0.0127,0.0009));
#17187=CARTESIAN_POINT('',(-0.0003,-0.013,0.0082));
#17188=CARTESIAN_POINT('',(-1.53696499971575E-18,-0.013,0.0009));
#17189=CARTESIAN_POINT('',(0.0001,-0.013,0.0009));
#17190=CARTESIAN_POINT('',(0.0001,-0.013,0.003911477598424));
#17191=CARTESIAN_POINT('',(0.0001,-0.013,0.0074));
#17192=CARTESIAN_POINT('',(-0.0001,-0.013,0.0074));
#17193=CARTESIAN_POINT('',(-0.0001,-0.013,0.0074));
#17194=CARTESIAN_POINT('',(-0.0001,-0.013,0.0082));
#17195=CARTESIAN_POINT('',(-0.0001,-0.013,0.0009));
#17196=CARTESIAN_POINT('',(-1.53696499971575E-18,-0.013,0.0009));
#17197=CARTESIAN_POINT('',(0.0003,-0.01046,0.0082));
#17198=CARTESIAN_POINT('',(0.0003,-0.00986,0.0082));
#17199=CARTESIAN_POINT('',(0.0003,-0.00986,0.0009));
#17200=CARTESIAN_POINT('',(0.0003,-0.01016,0.0009));
#17201=CARTESIAN_POINT('',(0.0003,-0.01046,0.0009));
#17202=CARTESIAN_POINT('',(0.0003,-0.01046,0.0082));
#17203=CARTESIAN_POINT('',(0.0003,-0.00986,0.0082));
#17204=CARTESIAN_POINT('',(-0.0003,-0.00986,0.0082));
#17205=CARTESIAN_POINT('',(-0.0003,-0.00986,0.0009));
#17206=CARTESIAN_POINT('',(-1.18835496998325E-18,-0.00986,0.0009));
#17207=CARTESIAN_POINT('',(-0.0001,-0.00986,0.0009));
#17208=CARTESIAN_POINT('',(-0.0001,-0.00986,0.0082));
#17209=CARTESIAN_POINT('',(-0.0001,-0.00986,0.0074));
#17210=CARTESIAN_POINT('',(0.0003,-0.00986,0.0074));
#17211=CARTESIAN_POINT('',(0.0001,-0.00986,0.0074));
#17212=CARTESIAN_POINT('',(0.0001,-0.00986,0.003911477598424));
#17213=CARTESIAN_POINT('',(0.0001,-0.00986,0.0009));
#17214=CARTESIAN_POINT('',(-1.18835496998325E-18,-0.00986,0.0009));
#17215=CARTESIAN_POINT('',(-0.0003,-0.00986,0.0082));
#17216=CARTESIAN_POINT('',(-0.0003,-0.01046,0.0082));
#17217=CARTESIAN_POINT('',(-0.0003,-0.01046,0.0009));
#17218=CARTESIAN_POINT('',(-0.0003,-0.01016,0.0009));
#17219=CARTESIAN_POINT('',(-0.0003,-0.01046,0.0082));
#17220=CARTESIAN_POINT('',(-1.25496835146075E-18,-0.01046,0.0009));
#17221=CARTESIAN_POINT('',(0.0001,-0.01046,0.0009));
#17222=CARTESIAN_POINT('',(0.0001,-0.01046,0.003911477598424));
#17223=CARTESIAN_POINT('',(0.0001,-0.01046,0.0074));
#17224=CARTESIAN_POINT('',(-0.0001,-0.01046,0.0074));
#17225=CARTESIAN_POINT('',(-0.0001,-0.01046,0.0074));
#17226=CARTESIAN_POINT('',(-0.0001,-0.01046,0.0082));
#17227=CARTESIAN_POINT('',(-0.0001,-0.01046,0.0009));
#17228=CARTESIAN_POINT('',(-1.25496835146075E-18,-0.01046,0.0009));
#17229=CARTESIAN_POINT('',(0.0003,-0.00792,0.0082));
#17230=CARTESIAN_POINT('',(0.0003,-0.00732,0.0082));
#17231=CARTESIAN_POINT('',(0.0003,-0.00732,0.0009));
#17232=CARTESIAN_POINT('',(0.0003,-0.00762,0.0009));
#17233=CARTESIAN_POINT('',(0.0003,-0.00792,0.0009));
#17234=CARTESIAN_POINT('',(0.0003,-0.00792,0.0082));
#17235=CARTESIAN_POINT('',(0.0003,-0.00732,0.0082));
#17236=CARTESIAN_POINT('',(-0.0003,-0.00732,0.0082));
#17237=CARTESIAN_POINT('',(-0.0003,-0.00732,0.0009));
#17238=CARTESIAN_POINT('',(-9.0635832172835E-19,-0.00732,0.0009));
#17239=CARTESIAN_POINT('',(-0.0001,-0.00732,0.0009));
#17240=CARTESIAN_POINT('',(-0.0001,-0.00732,0.0082));
#17241=CARTESIAN_POINT('',(-0.0001,-0.00732,0.0074));
#17242=CARTESIAN_POINT('',(0.0003,-0.00732,0.0074));
#17243=CARTESIAN_POINT('',(0.0001,-0.00732,0.0074));
#17244=CARTESIAN_POINT('',(0.0001,-0.00732,0.003911477598424));
#17245=CARTESIAN_POINT('',(0.0001,-0.00732,0.0009));
#17246=CARTESIAN_POINT('',(-9.0635832172835E-19,-0.00732,0.0009));
#17247=CARTESIAN_POINT('',(-0.0003,-0.00732,0.0082));
#17248=CARTESIAN_POINT('',(-0.0003,-0.00792,0.0082));
#17249=CARTESIAN_POINT('',(-0.0003,-0.00792,0.0009));
#17250=CARTESIAN_POINT('',(-0.0003,-0.00762,0.0009));
#17251=CARTESIAN_POINT('',(-0.0003,-0.00792,0.0082));
#17252=CARTESIAN_POINT('',(-9.7297170320585E-19,-0.00792,0.0009));
#17253=CARTESIAN_POINT('',(0.0001,-0.00792,0.0009));
#17254=CARTESIAN_POINT('',(0.0001,-0.00792,0.003911477598424));
#17255=CARTESIAN_POINT('',(0.0001,-0.00792,0.0074));
#17256=CARTESIAN_POINT('',(-0.0001,-0.00792,0.0074));
#17257=CARTESIAN_POINT('',(-0.0001,-0.00792,0.0074));
#17258=CARTESIAN_POINT('',(-0.0001,-0.00792,0.0082));
#17259=CARTESIAN_POINT('',(-0.0001,-0.00792,0.0009));
#17260=CARTESIAN_POINT('',(-9.7297170320585E-19,-0.00792,0.0009));
#17261=CARTESIAN_POINT('',(0.0003,-0.00538,0.0082));
#17262=CARTESIAN_POINT('',(0.0003,-0.00478,0.0082));
#17263=CARTESIAN_POINT('',(0.0003,-0.00478,0.0009));
#17264=CARTESIAN_POINT('',(0.0003,-0.00508,0.0009));
#17265=CARTESIAN_POINT('',(0.0003,-0.00538,0.0009));
#17266=CARTESIAN_POINT('',(0.0003,-0.00538,0.0082));
#17267=CARTESIAN_POINT('',(0.0003,-0.00478,0.0082));
#17268=CARTESIAN_POINT('',(-0.0003,-0.00478,0.0082));
#17269=CARTESIAN_POINT('',(-0.0003,-0.00478,0.0009));
#17270=CARTESIAN_POINT('',(-6.2436167347355E-19,-0.00478,0.0009));
#17271=CARTESIAN_POINT('',(-0.0001,-0.00478,0.0009));
#17272=CARTESIAN_POINT('',(-0.0001,-0.00478,0.0082));
#17273=CARTESIAN_POINT('',(-0.0001,-0.00478,0.0074));
#17274=CARTESIAN_POINT('',(0.0003,-0.00478,0.0074));
#17275=CARTESIAN_POINT('',(0.0001,-0.00478,0.0074));
#17276=CARTESIAN_POINT('',(0.0001,-0.00478,0.003911477598424));
#17277=CARTESIAN_POINT('',(0.0001,-0.00478,0.0009));
#17278=CARTESIAN_POINT('',(-6.2436167347355E-19,-0.00478,0.0009));
#17279=CARTESIAN_POINT('',(-0.0003,-0.00478,0.0082));
#17280=CARTESIAN_POINT('',(-0.0003,-0.00538,0.0082));
#17281=CARTESIAN_POINT('',(-0.0003,-0.00538,0.0009));
#17282=CARTESIAN_POINT('',(-0.0003,-0.00508,0.0009));
#17283=CARTESIAN_POINT('',(-0.0003,-0.00538,0.0082));
#17284=CARTESIAN_POINT('',(-6.9097505495105E-19,-0.00538,0.0009));
#17285=CARTESIAN_POINT('',(0.0001,-0.00538,0.0009));
#17286=CARTESIAN_POINT('',(0.0001,-0.00538,0.003911477598424));
#17287=CARTESIAN_POINT('',(0.0001,-0.00538,0.0074));
#17288=CARTESIAN_POINT('',(-0.0001,-0.00538,0.0074));
#17289=CARTESIAN_POINT('',(-0.0001,-0.00538,0.0074));
#17290=CARTESIAN_POINT('',(-0.0001,-0.00538,0.0082));
#17291=CARTESIAN_POINT('',(-0.0001,-0.00538,0.0009));
#17292=CARTESIAN_POINT('',(-6.9097505495105E-19,-0.00538,0.0009));
#17293=CARTESIAN_POINT('',(0.0003,-0.00284,0.0082));
#17294=CARTESIAN_POINT('',(0.0003,-0.00224,0.0082));
#17295=CARTESIAN_POINT('',(0.0003,-0.00224,0.0009));
#17296=CARTESIAN_POINT('',(0.0003,-0.00254,0.0009));
#17297=CARTESIAN_POINT('',(0.0003,-0.00284,0.0009));
#17298=CARTESIAN_POINT('',(0.0003,-0.00284,0.0082));
#17299=CARTESIAN_POINT('',(0.0003,-0.00224,0.0082));
#17300=CARTESIAN_POINT('',(-0.0003,-0.00224,0.0082));
#17301=CARTESIAN_POINT('',(-0.0003,-0.00224,0.0009));
#17302=CARTESIAN_POINT('',(-3.4236502521875E-19,-0.00224,0.0009));
#17303=CARTESIAN_POINT('',(-0.0001,-0.00224,0.0009));
#17304=CARTESIAN_POINT('',(-0.0001,-0.00224,0.0082));
#17305=CARTESIAN_POINT('',(-0.0001,-0.00224,0.0074));
#17306=CARTESIAN_POINT('',(0.0003,-0.00224,0.0074));
#17307=CARTESIAN_POINT('',(0.0001,-0.00224,0.0074));
#17308=CARTESIAN_POINT('',(0.0001,-0.00224,0.003911477598424));
#17309=CARTESIAN_POINT('',(0.0001,-0.00224,0.0009));
#17310=CARTESIAN_POINT('',(-3.4236502521875E-19,-0.00224,0.0009));
#17311=CARTESIAN_POINT('',(-0.0003,-0.00224,0.0082));
#17312=CARTESIAN_POINT('',(-0.0003,-0.00284,0.0082));
#17313=CARTESIAN_POINT('',(-0.0003,-0.00284,0.0009));
#17314=CARTESIAN_POINT('',(-0.0003,-0.00254,0.0009));
#17315=CARTESIAN_POINT('',(-0.0003,-0.00284,0.0082));
#17316=CARTESIAN_POINT('',(-4.0897840669625E-19,-0.00284,0.0009));
#17317=CARTESIAN_POINT('',(0.0001,-0.00284,0.0009));
#17318=CARTESIAN_POINT('',(0.0001,-0.00284,0.003911477598424));
#17319=CARTESIAN_POINT('',(0.0001,-0.00284,0.0074));
#17320=CARTESIAN_POINT('',(-0.0001,-0.00284,0.0074));
#17321=CARTESIAN_POINT('',(-0.0001,-0.00284,0.0074));
#17322=CARTESIAN_POINT('',(-0.0001,-0.00284,0.0082));
#17323=CARTESIAN_POINT('',(-0.0001,-0.00284,0.0009));
#17324=CARTESIAN_POINT('',(-4.0897840669625E-19,-0.00284,0.0009));
#17325=CARTESIAN_POINT('',(0.0003,-0.0003,0.0082));
#17326=CARTESIAN_POINT('',(0.0003,0.0003,0.0082));
#17327=CARTESIAN_POINT('',(0.0003,0.0003,0.0009));
#17328=CARTESIAN_POINT('',(0.0003,1.74305014866125E-18,0.0009));
#17329=CARTESIAN_POINT('',(0.0003,-0.0003,0.0009));
#17330=CARTESIAN_POINT('',(0.0003,-0.0003,0.0082));
#17331=CARTESIAN_POINT('',(0.0003,0.0003,0.0082));
#17332=CARTESIAN_POINT('',(-0.0003,0.0003,0.0082));
#17333=CARTESIAN_POINT('',(-0.0003,0.0003,0.0009));
#17334=CARTESIAN_POINT('',(-6.03683769640002E-20,0.0003,0.0009));
#17335=CARTESIAN_POINT('',(-0.0001,0.0003,0.0009));
#17336=CARTESIAN_POINT('',(-0.0001,0.0003,0.0082));
#17337=CARTESIAN_POINT('',(-0.0001,0.0003,0.0074));
#17338=CARTESIAN_POINT('',(0.0003,0.0003,0.0074));
#17339=CARTESIAN_POINT('',(0.0001,0.0003,0.0074));
#17340=CARTESIAN_POINT('',(0.0001,0.0003,0.003911477598424));
#17341=CARTESIAN_POINT('',(0.0001,0.0003,0.0009));
#17342=CARTESIAN_POINT('',(-6.03683769640002E-20,0.0003,0.0009));
#17343=CARTESIAN_POINT('',(-0.0003,0.0003,0.0082));
#17344=CARTESIAN_POINT('',(-0.0003,-0.0003,0.0082));
#17345=CARTESIAN_POINT('',(-0.0003,-0.0003,0.0009));
#17346=CARTESIAN_POINT('',(-0.0003,1.80966353013875E-18,0.0009));
#17347=CARTESIAN_POINT('',(-0.0003,-0.0003,0.0082));
#17348=CARTESIAN_POINT('',(-1.269817584415E-19,-0.0003,0.0009));
#17349=CARTESIAN_POINT('',(0.0001,-0.0003,0.0009));
#17350=CARTESIAN_POINT('',(0.0001,-0.0003,0.003911477598424));
#17351=CARTESIAN_POINT('',(0.0001,-0.0003,0.0074));
#17352=CARTESIAN_POINT('',(-0.0001,-0.0003,0.0074));
#17353=CARTESIAN_POINT('',(-0.0001,-0.0003,0.0074));
#17354=CARTESIAN_POINT('',(-0.0001,-0.0003,0.0082));
#17355=CARTESIAN_POINT('',(-0.0001,-0.0003,0.0009));
#17356=CARTESIAN_POINT('',(-1.269817584415E-19,-0.0003,0.0009));
#17357=CARTESIAN_POINT('',(-0.0001,-0.01808,-0.0025));
#17358=CARTESIAN_POINT('',(-0.0001,-0.01808,-0.0025));
#17359=CARTESIAN_POINT('',(-0.0001,-0.01793,-0.0031));
#17360=CARTESIAN_POINT('',(-0.0001,-0.01793,-0.0031));
#17361=CARTESIAN_POINT('',(-0.0001,-0.01763,-0.0031));
#17362=CARTESIAN_POINT('',(-0.0001,-0.01763,-0.0031));
#17363=CARTESIAN_POINT('',(-0.0001,-0.01748,-0.0025));
#17364=CARTESIAN_POINT('',(-0.0001,-0.01748,-0.0025));
#17365=CARTESIAN_POINT('',(-0.0001,-0.01748,0.0002));
#17366=CARTESIAN_POINT('',(-0.0001,-0.01554,-0.0025));
#17367=CARTESIAN_POINT('',(-0.0001,-0.01554,-0.0025));
#17368=CARTESIAN_POINT('',(-0.0001,-0.01539,-0.0031));
#17369=CARTESIAN_POINT('',(-0.0001,-0.01539,-0.0031));
#17370=CARTESIAN_POINT('',(-0.0001,-0.01509,-0.0031));
#17371=CARTESIAN_POINT('',(-0.0001,-0.01509,-0.0031));
#17372=CARTESIAN_POINT('',(-0.0001,-0.01494,-0.0025));
#17373=CARTESIAN_POINT('',(-0.0001,-0.01494,-0.0025));
#17374=CARTESIAN_POINT('',(-0.0001,-0.01494,0.0002));
#17375=CARTESIAN_POINT('',(-0.0001,-0.013,-0.0025));
#17376=CARTESIAN_POINT('',(-0.0001,-0.013,-0.0025));
#17377=CARTESIAN_POINT('',(-0.0001,-0.01285,-0.0031));
#17378=CARTESIAN_POINT('',(-0.0001,-0.01285,-0.0031));
#17379=CARTESIAN_POINT('',(-0.0001,-0.01255,-0.0031));
#17380=CARTESIAN_POINT('',(-0.0001,-0.01255,-0.0031));
#17381=CARTESIAN_POINT('',(-0.0001,-0.0124,-0.0025));
#17382=CARTESIAN_POINT('',(-0.0001,-0.0124,-0.0025));
#17383=CARTESIAN_POINT('',(-0.0001,-0.0124,0.0002));
#17384=CARTESIAN_POINT('',(-0.0001,-0.01046,-0.0025));
#17385=CARTESIAN_POINT('',(-0.0001,-0.01046,-0.0025));
#17386=CARTESIAN_POINT('',(-0.0001,-0.01031,-0.0031));
#17387=CARTESIAN_POINT('',(-0.0001,-0.01031,-0.0031));
#17388=CARTESIAN_POINT('',(-0.0001,-0.01001,-0.0031));
#17389=CARTESIAN_POINT('',(-0.0001,-0.01001,-0.0031));
#17390=CARTESIAN_POINT('',(-0.0001,-0.00986,-0.0025));
#17391=CARTESIAN_POINT('',(-0.0001,-0.00986,-0.0025));
#17392=CARTESIAN_POINT('',(-0.0001,-0.00986,0.0002));
#17393=CARTESIAN_POINT('',(-0.0001,-0.00792,-0.0025));
#17394=CARTESIAN_POINT('',(-0.0001,-0.00792,-0.0025));
#17395=CARTESIAN_POINT('',(-0.0001,-0.00777,-0.0031));
#17396=CARTESIAN_POINT('',(-0.0001,-0.00777,-0.0031));
#17397=CARTESIAN_POINT('',(-0.0001,-0.00747,-0.0031));
#17398=CARTESIAN_POINT('',(-0.0001,-0.00747,-0.0031));
#17399=CARTESIAN_POINT('',(-0.0001,-0.00732,-0.0025));
#17400=CARTESIAN_POINT('',(-0.0001,-0.00732,-0.0025));
#17401=CARTESIAN_POINT('',(-0.0001,-0.00732,0.0002));
#17402=CARTESIAN_POINT('',(-0.0001,-0.00538,-0.0025));
#17403=CARTESIAN_POINT('',(-0.0001,-0.00538,-0.0025));
#17404=CARTESIAN_POINT('',(-0.0001,-0.00523,-0.0031));
#17405=CARTESIAN_POINT('',(-0.0001,-0.00523,-0.0031));
#17406=CARTESIAN_POINT('',(-0.0001,-0.00493,-0.0031));
#17407=CARTESIAN_POINT('',(-0.0001,-0.00493,-0.0031));
#17408=CARTESIAN_POINT('',(-0.0001,-0.00478,-0.0025));
#17409=CARTESIAN_POINT('',(-0.0001,-0.00478,-0.0025));
#17410=CARTESIAN_POINT('',(-0.0001,-0.00478,0.0002));
#17411=CARTESIAN_POINT('',(-0.0001,-0.00284,-0.0025));
#17412=CARTESIAN_POINT('',(-0.0001,-0.00284,-0.0025));
#17413=CARTESIAN_POINT('',(-0.0001,-0.00269,-0.0031));
#17414=CARTESIAN_POINT('',(-0.0001,-0.00269,-0.0031));
#17415=CARTESIAN_POINT('',(-0.0001,-0.00239,-0.0031));
#17416=CARTESIAN_POINT('',(-0.0001,-0.00239,-0.0031));
#17417=CARTESIAN_POINT('',(-0.0001,-0.00224,-0.0025));
#17418=CARTESIAN_POINT('',(-0.0001,-0.00224,-0.0025));
#17419=CARTESIAN_POINT('',(-0.0001,-0.00224,0.0002));
#17420=CARTESIAN_POINT('',(-0.0001,-0.0003,-0.0025));
#17421=CARTESIAN_POINT('',(-0.0001,-0.0003,-0.0025));
#17422=CARTESIAN_POINT('',(-0.0001,-0.00015,-0.0031));
#17423=CARTESIAN_POINT('',(-0.0001,-0.00015,-0.0031));
#17424=CARTESIAN_POINT('',(-0.0001,0.00015,-0.0031));
#17425=CARTESIAN_POINT('',(-0.0001,0.00015,-0.0031));
#17426=CARTESIAN_POINT('',(-0.0001,0.0003,-0.0025));
#17427=CARTESIAN_POINT('',(-0.0001,0.0003,-0.0025));
#17428=CARTESIAN_POINT('',(-0.0001,0.0003,0.0002));
#17429=CARTESIAN_POINT('',(-2.067651605486E-18,-0.01778,0.0009));
#17430=CARTESIAN_POINT('',(0.0001,-0.01778,0.0009));
#17431=CARTESIAN_POINT('',(-2.067651605486E-18,-0.01778,0.0009));
#17432=CARTESIAN_POINT('',(-0.0001,-0.01778,0.0009));
#17433=CARTESIAN_POINT('',(-0.0001,-0.01778,0.003911477598424));
#17434=CARTESIAN_POINT('',(-0.0001,-0.01808,0.0074));
#17435=CARTESIAN_POINT('',(-0.0001,-0.01803,0.00735));
#17436=CARTESIAN_POINT('',(-0.0001,-0.01803,0.003911477598424));
#17437=CARTESIAN_POINT('',(-0.0001,-0.01803,0.00125));
#17438=CARTESIAN_POINT('',(-0.0001,-0.01778,0.00125));
#17439=CARTESIAN_POINT('',(-0.0001,-0.01753,0.00125));
#17440=CARTESIAN_POINT('',(-0.0001,-0.01753,0.003911477598424));
#17441=CARTESIAN_POINT('',(-0.0001,-0.01753,0.00735));
#17442=CARTESIAN_POINT('',(-0.0001,-0.01753,0.00735));
#17443=CARTESIAN_POINT('',(-0.0001,-0.01753,0.00735));
#17444=CARTESIAN_POINT('',(-0.0001,-0.01753,0.00735));
#17445=CARTESIAN_POINT('',(0.0001,-0.01753,0.00735));
#17446=CARTESIAN_POINT('',(0.0001,-0.01753,0.00735));
#17447=CARTESIAN_POINT('',(0.0001,-0.01778,0.003911477598424));
#17448=CARTESIAN_POINT('',(0.0001,-0.01753,0.00125));
#17449=CARTESIAN_POINT('',(0.0001,-0.01753,0.00125));
#17450=CARTESIAN_POINT('',(0.0001,-0.01803,0.00125));
#17451=CARTESIAN_POINT('',(0.0001,-0.01803,0.00125));
#17452=CARTESIAN_POINT('',(0.0001,-0.01803,0.00735));
#17453=CARTESIAN_POINT('',(0.0001,-0.01803,0.00735));
#17454=CARTESIAN_POINT('',(0.0001,-0.01808,0.0074));
#17455=CARTESIAN_POINT('',(-0.0001,-0.01808,0.0074));
#17456=CARTESIAN_POINT('',(-0.0001,-0.01803,0.00735));
#17457=CARTESIAN_POINT('',(-1.785654957231E-18,-0.01524,0.0009));
#17458=CARTESIAN_POINT('',(0.0001,-0.01524,0.0009));
#17459=CARTESIAN_POINT('',(-1.785654957231E-18,-0.01524,0.0009));
#17460=CARTESIAN_POINT('',(-0.0001,-0.01524,0.0009));
#17461=CARTESIAN_POINT('',(-0.0001,-0.01524,0.003911477598424));
#17462=CARTESIAN_POINT('',(-0.0001,-0.01554,0.0074));
#17463=CARTESIAN_POINT('',(-0.0001,-0.01549,0.00735));
#17464=CARTESIAN_POINT('',(-0.0001,-0.01549,0.003911477598424));
#17465=CARTESIAN_POINT('',(-0.0001,-0.01549,0.00125));
#17466=CARTESIAN_POINT('',(-0.0001,-0.01524,0.00125));
#17467=CARTESIAN_POINT('',(-0.0001,-0.01499,0.00125));
#17468=CARTESIAN_POINT('',(-0.0001,-0.01499,0.003911477598424));
#17469=CARTESIAN_POINT('',(-0.0001,-0.01499,0.00735));
#17470=CARTESIAN_POINT('',(-0.0001,-0.01499,0.00735));
#17471=CARTESIAN_POINT('',(-0.0001,-0.01499,0.00735));
#17472=CARTESIAN_POINT('',(-0.0001,-0.01499,0.00735));
#17473=CARTESIAN_POINT('',(0.0001,-0.01499,0.00735));
#17474=CARTESIAN_POINT('',(0.0001,-0.01499,0.00735));
#17475=CARTESIAN_POINT('',(0.0001,-0.01524,0.003911477598424));
#17476=CARTESIAN_POINT('',(0.0001,-0.01499,0.00125));
#17477=CARTESIAN_POINT('',(0.0001,-0.01499,0.00125));
#17478=CARTESIAN_POINT('',(0.0001,-0.01549,0.00125));
#17479=CARTESIAN_POINT('',(0.0001,-0.01549,0.00125));
#17480=CARTESIAN_POINT('',(0.0001,-0.01549,0.00735));
#17481=CARTESIAN_POINT('',(0.0001,-0.01549,0.00735));
#17482=CARTESIAN_POINT('',(0.0001,-0.01554,0.0074));
#17483=CARTESIAN_POINT('',(-0.0001,-0.01554,0.0074));
#17484=CARTESIAN_POINT('',(-0.0001,-0.01549,0.00735));
#17485=CARTESIAN_POINT('',(-1.503658308977E-18,-0.0127,0.0009));
#17486=CARTESIAN_POINT('',(0.0001,-0.0127,0.0009));
#17487=CARTESIAN_POINT('',(-1.503658308977E-18,-0.0127,0.0009));
#17488=CARTESIAN_POINT('',(-0.0001,-0.0127,0.0009));
#17489=CARTESIAN_POINT('',(-0.0001,-0.0127,0.003911477598424));
#17490=CARTESIAN_POINT('',(-0.0001,-0.013,0.0074));
#17491=CARTESIAN_POINT('',(-0.0001,-0.01295,0.00735));
#17492=CARTESIAN_POINT('',(-0.0001,-0.01295,0.003911477598424));
#17493=CARTESIAN_POINT('',(-0.0001,-0.01295,0.00125));
#17494=CARTESIAN_POINT('',(-0.0001,-0.0127,0.00125));
#17495=CARTESIAN_POINT('',(-0.0001,-0.01245,0.00125));
#17496=CARTESIAN_POINT('',(-0.0001,-0.01245,0.003911477598424));
#17497=CARTESIAN_POINT('',(-0.0001,-0.01245,0.00735));
#17498=CARTESIAN_POINT('',(-0.0001,-0.01245,0.00735));
#17499=CARTESIAN_POINT('',(-0.0001,-0.01245,0.00735));
#17500=CARTESIAN_POINT('',(-0.0001,-0.01245,0.00735));
#17501=CARTESIAN_POINT('',(0.0001,-0.01245,0.00735));
#17502=CARTESIAN_POINT('',(0.0001,-0.01245,0.00735));
#17503=CARTESIAN_POINT('',(0.0001,-0.0127,0.003911477598424));
#17504=CARTESIAN_POINT('',(0.0001,-0.01245,0.00125));
#17505=CARTESIAN_POINT('',(0.0001,-0.01245,0.00125));
#17506=CARTESIAN_POINT('',(0.0001,-0.01295,0.00125));
#17507=CARTESIAN_POINT('',(0.0001,-0.01295,0.00125));
#17508=CARTESIAN_POINT('',(0.0001,-0.01295,0.00735));
#17509=CARTESIAN_POINT('',(0.0001,-0.01295,0.00735));
#17510=CARTESIAN_POINT('',(0.0001,-0.013,0.0074));
#17511=CARTESIAN_POINT('',(-0.0001,-0.013,0.0074));
#17512=CARTESIAN_POINT('',(-0.0001,-0.01295,0.00735));
#17513=CARTESIAN_POINT('',(-1.221661660722E-18,-0.01016,0.0009));
#17514=CARTESIAN_POINT('',(0.0001,-0.01016,0.0009));
#17515=CARTESIAN_POINT('',(-1.221661660722E-18,-0.01016,0.0009));
#17516=CARTESIAN_POINT('',(-0.0001,-0.01016,0.0009));
#17517=CARTESIAN_POINT('',(-0.0001,-0.01016,0.003911477598424));
#17518=CARTESIAN_POINT('',(-0.0001,-0.01046,0.0074));
#17519=CARTESIAN_POINT('',(-0.0001,-0.01041,0.00735));
#17520=CARTESIAN_POINT('',(-0.0001,-0.01041,0.003911477598424));
#17521=CARTESIAN_POINT('',(-0.0001,-0.01041,0.00125));
#17522=CARTESIAN_POINT('',(-0.0001,-0.01016,0.00125));
#17523=CARTESIAN_POINT('',(-0.0001,-0.00991,0.00125));
#17524=CARTESIAN_POINT('',(-0.0001,-0.00991,0.003911477598424));
#17525=CARTESIAN_POINT('',(-0.0001,-0.00991,0.00735));
#17526=CARTESIAN_POINT('',(-0.0001,-0.00991,0.00735));
#17527=CARTESIAN_POINT('',(-0.0001,-0.00991,0.00735));
#17528=CARTESIAN_POINT('',(-0.0001,-0.00991,0.00735));
#17529=CARTESIAN_POINT('',(0.0001,-0.00991,0.00735));
#17530=CARTESIAN_POINT('',(0.0001,-0.00991,0.00735));
#17531=CARTESIAN_POINT('',(0.0001,-0.01016,0.003911477598424));
#17532=CARTESIAN_POINT('',(0.0001,-0.00991,0.00125));
#17533=CARTESIAN_POINT('',(0.0001,-0.00991,0.00125));
#17534=CARTESIAN_POINT('',(0.0001,-0.01041,0.00125));
#17535=CARTESIAN_POINT('',(0.0001,-0.01041,0.00125));
#17536=CARTESIAN_POINT('',(0.0001,-0.01041,0.00735));
#17537=CARTESIAN_POINT('',(0.0001,-0.01041,0.00735));
#17538=CARTESIAN_POINT('',(0.0001,-0.01046,0.0074));
#17539=CARTESIAN_POINT('',(-0.0001,-0.01046,0.0074));
#17540=CARTESIAN_POINT('',(-0.0001,-0.01041,0.00735));
#17541=CARTESIAN_POINT('',(-9.396650124671E-19,-0.00762,0.0009));
#17542=CARTESIAN_POINT('',(0.0001,-0.00762,0.0009));
#17543=CARTESIAN_POINT('',(-9.396650124671E-19,-0.00762,0.0009));
#17544=CARTESIAN_POINT('',(-0.0001,-0.00762,0.0009));
#17545=CARTESIAN_POINT('',(-0.0001,-0.00762,0.003911477598424));
#17546=CARTESIAN_POINT('',(-0.0001,-0.00792,0.0074));
#17547=CARTESIAN_POINT('',(-0.0001,-0.00787,0.00735));
#17548=CARTESIAN_POINT('',(-0.0001,-0.00787,0.003911477598424));
#17549=CARTESIAN_POINT('',(-0.0001,-0.00787,0.00125));
#17550=CARTESIAN_POINT('',(-0.0001,-0.00762,0.00125));
#17551=CARTESIAN_POINT('',(-0.0001,-0.00737,0.00125));
#17552=CARTESIAN_POINT('',(-0.0001,-0.00737,0.003911477598424));
#17553=CARTESIAN_POINT('',(-0.0001,-0.00737,0.00735));
#17554=CARTESIAN_POINT('',(-0.0001,-0.00737,0.00735));
#17555=CARTESIAN_POINT('',(-0.0001,-0.00737,0.00735));
#17556=CARTESIAN_POINT('',(-0.0001,-0.00737,0.00735));
#17557=CARTESIAN_POINT('',(0.0001,-0.00737,0.00735));
#17558=CARTESIAN_POINT('',(0.0001,-0.00737,0.00735));
#17559=CARTESIAN_POINT('',(0.0001,-0.00762,0.003911477598424));
#17560=CARTESIAN_POINT('',(0.0001,-0.00737,0.00125));
#17561=CARTESIAN_POINT('',(0.0001,-0.00737,0.00125));
#17562=CARTESIAN_POINT('',(0.0001,-0.00787,0.00125));
#17563=CARTESIAN_POINT('',(0.0001,-0.00787,0.00125));
#17564=CARTESIAN_POINT('',(0.0001,-0.00787,0.00735));
#17565=CARTESIAN_POINT('',(0.0001,-0.00787,0.00735));
#17566=CARTESIAN_POINT('',(0.0001,-0.00792,0.0074));
#17567=CARTESIAN_POINT('',(-0.0001,-0.00792,0.0074));
#17568=CARTESIAN_POINT('',(-0.0001,-0.00787,0.00735));
#17569=CARTESIAN_POINT('',(-6.576683642123E-19,-0.00508,0.0009));
#17570=CARTESIAN_POINT('',(0.0001,-0.00508,0.0009));
#17571=CARTESIAN_POINT('',(-6.576683642123E-19,-0.00508,0.0009));
#17572=CARTESIAN_POINT('',(-0.0001,-0.00508,0.0009));
#17573=CARTESIAN_POINT('',(-0.0001,-0.00508,0.003911477598424));
#17574=CARTESIAN_POINT('',(-0.0001,-0.00538,0.0074));
#17575=CARTESIAN_POINT('',(-0.0001,-0.00533,0.00735));
#17576=CARTESIAN_POINT('',(-0.0001,-0.00533,0.003911477598424));
#17577=CARTESIAN_POINT('',(-0.0001,-0.00533,0.00125));
#17578=CARTESIAN_POINT('',(-0.0001,-0.00508,0.00125));
#17579=CARTESIAN_POINT('',(-0.0001,-0.00483,0.00125));
#17580=CARTESIAN_POINT('',(-0.0001,-0.00483,0.003911477598424));
#17581=CARTESIAN_POINT('',(-0.0001,-0.00483,0.00735));
#17582=CARTESIAN_POINT('',(-0.0001,-0.00483,0.00735));
#17583=CARTESIAN_POINT('',(-0.0001,-0.00483,0.00735));
#17584=CARTESIAN_POINT('',(-0.0001,-0.00483,0.00735));
#17585=CARTESIAN_POINT('',(0.0001,-0.00483,0.00735));
#17586=CARTESIAN_POINT('',(0.0001,-0.00483,0.00735));
#17587=CARTESIAN_POINT('',(0.0001,-0.00508,0.003911477598424));
#17588=CARTESIAN_POINT('',(0.0001,-0.00483,0.00125));
#17589=CARTESIAN_POINT('',(0.0001,-0.00483,0.00125));
#17590=CARTESIAN_POINT('',(0.0001,-0.00533,0.00125));
#17591=CARTESIAN_POINT('',(0.0001,-0.00533,0.00125));
#17592=CARTESIAN_POINT('',(0.0001,-0.00533,0.00735));
#17593=CARTESIAN_POINT('',(0.0001,-0.00533,0.00735));
#17594=CARTESIAN_POINT('',(0.0001,-0.00538,0.0074));
#17595=CARTESIAN_POINT('',(-0.0001,-0.00538,0.0074));
#17596=CARTESIAN_POINT('',(-0.0001,-0.00533,0.00735));
#17597=CARTESIAN_POINT('',(-3.756717159575E-19,-0.00254,0.0009));
#17598=CARTESIAN_POINT('',(0.0001,-0.00254,0.0009));
#17599=CARTESIAN_POINT('',(-3.756717159575E-19,-0.00254,0.0009));
#17600=CARTESIAN_POINT('',(-0.0001,-0.00254,0.0009));
#17601=CARTESIAN_POINT('',(-0.0001,-0.00254,0.003911477598424));
#17602=CARTESIAN_POINT('',(-0.0001,-0.00284,0.0074));
#17603=CARTESIAN_POINT('',(-0.0001,-0.00279,0.00735));
#17604=CARTESIAN_POINT('',(-0.0001,-0.00279,0.003911477598424));
#17605=CARTESIAN_POINT('',(-0.0001,-0.00279,0.00125));
#17606=CARTESIAN_POINT('',(-0.0001,-0.00254,0.00125));
#17607=CARTESIAN_POINT('',(-0.0001,-0.00229,0.00125));
#17608=CARTESIAN_POINT('',(-0.0001,-0.00229,0.003911477598424));
#17609=CARTESIAN_POINT('',(-0.0001,-0.00229,0.00735));
#17610=CARTESIAN_POINT('',(-0.0001,-0.00229,0.00735));
#17611=CARTESIAN_POINT('',(-0.0001,-0.00229,0.00735));
#17612=CARTESIAN_POINT('',(-0.0001,-0.00229,0.00735));
#17613=CARTESIAN_POINT('',(0.0001,-0.00229,0.00735));
#17614=CARTESIAN_POINT('',(0.0001,-0.00229,0.00735));
#17615=CARTESIAN_POINT('',(0.0001,-0.00254,0.003911477598424));
#17616=CARTESIAN_POINT('',(0.0001,-0.00229,0.00125));
#17617=CARTESIAN_POINT('',(0.0001,-0.00229,0.00125));
#17618=CARTESIAN_POINT('',(0.0001,-0.00279,0.00125));
#17619=CARTESIAN_POINT('',(0.0001,-0.00279,0.00125));
#17620=CARTESIAN_POINT('',(0.0001,-0.00279,0.00735));
#17621=CARTESIAN_POINT('',(0.0001,-0.00279,0.00735));
#17622=CARTESIAN_POINT('',(0.0001,-0.00284,0.0074));
#17623=CARTESIAN_POINT('',(-0.0001,-0.00284,0.0074));
#17624=CARTESIAN_POINT('',(-0.0001,-0.00279,0.00735));
#17625=CARTESIAN_POINT('',(-9.367506770275E-20,1.7763568394E-18,0.0009));
#17626=CARTESIAN_POINT('',(0.0001,1.76525460915375E-18,0.0009));
#17627=CARTESIAN_POINT('',(-9.367506770275E-20,1.7763568394E-18,0.0009));
#17628=CARTESIAN_POINT('',(-0.0001,1.110223024625E-20,0.0009));
#17629=CARTESIAN_POINT('',(-0.0001,1.110223024625E-20,0.003911477598424));
#17630=CARTESIAN_POINT('',(-0.0001,-0.0003,0.0074));
#17631=CARTESIAN_POINT('',(-0.0001,-0.00025,0.00735));
#17632=CARTESIAN_POINT('',(-0.0001,-0.00025,0.003911477598424));
#17633=CARTESIAN_POINT('',(-0.0001,-0.00025,0.00125));
#17634=CARTESIAN_POINT('',(-0.0001,1.110223024625E-20,0.00125));
#17635=CARTESIAN_POINT('',(-0.0001,0.00025,0.00125));
#17636=CARTESIAN_POINT('',(-0.0001,0.00025,0.003911477598424));
#17637=CARTESIAN_POINT('',(-0.0001,0.00025,0.00735));
#17638=CARTESIAN_POINT('',(-0.0001,0.00025,0.00735));
#17639=CARTESIAN_POINT('',(-0.0001,0.00025,0.00735));
#17640=CARTESIAN_POINT('',(-0.0001,0.00025,0.00735));
#17641=CARTESIAN_POINT('',(0.0001,0.00025,0.00735));
#17642=CARTESIAN_POINT('',(0.0001,0.00025,0.00735));
#17643=CARTESIAN_POINT('',(0.0001,-1.110223024625E-20,0.003911477598424));
#17644=CARTESIAN_POINT('',(0.0001,0.00025,0.00125));
#17645=CARTESIAN_POINT('',(0.0001,0.00025,0.00125));
#17646=CARTESIAN_POINT('',(0.0001,-0.00025,0.00125));
#17647=CARTESIAN_POINT('',(0.0001,-0.00025,0.00125));
#17648=CARTESIAN_POINT('',(0.0001,-0.00025,0.00735));
#17649=CARTESIAN_POINT('',(0.0001,-0.00025,0.00735));
#17650=CARTESIAN_POINT('',(0.0001,-0.0003,0.0074));
#17651=CARTESIAN_POINT('',(-0.0001,-0.0003,0.0074));
#17652=CARTESIAN_POINT('',(-0.0001,-0.00025,0.00735));
#17653=CARTESIAN_POINT('',(-0.0001,-0.01753,0.00125));
#17654=CARTESIAN_POINT('',(-0.0001,-0.01753,0.00125));
#17655=CARTESIAN_POINT('',(-0.0001,-0.01803,0.00125));
#17656=CARTESIAN_POINT('',(-0.0001,-0.01803,0.00125));
#17657=CARTESIAN_POINT('',(-0.0001,-0.01803,0.00735));
#17658=CARTESIAN_POINT('',(-0.0001,-0.01499,0.00125));
#17659=CARTESIAN_POINT('',(-0.0001,-0.01499,0.00125));
#17660=CARTESIAN_POINT('',(-0.0001,-0.01549,0.00125));
#17661=CARTESIAN_POINT('',(-0.0001,-0.01549,0.00125));
#17662=CARTESIAN_POINT('',(-0.0001,-0.01549,0.00735));
#17663=CARTESIAN_POINT('',(-0.0001,-0.01245,0.00125));
#17664=CARTESIAN_POINT('',(-0.0001,-0.01245,0.00125));
#17665=CARTESIAN_POINT('',(-0.0001,-0.01295,0.00125));
#17666=CARTESIAN_POINT('',(-0.0001,-0.01295,0.00125));
#17667=CARTESIAN_POINT('',(-0.0001,-0.01295,0.00735));
#17668=CARTESIAN_POINT('',(-0.0001,-0.00991,0.00125));
#17669=CARTESIAN_POINT('',(-0.0001,-0.00991,0.00125));
#17670=CARTESIAN_POINT('',(-0.0001,-0.01041,0.00125));
#17671=CARTESIAN_POINT('',(-0.0001,-0.01041,0.00125));
#17672=CARTESIAN_POINT('',(-0.0001,-0.01041,0.00735));
#17673=CARTESIAN_POINT('',(-0.0001,-0.00737,0.00125));
#17674=CARTESIAN_POINT('',(-0.0001,-0.00737,0.00125));
#17675=CARTESIAN_POINT('',(-0.0001,-0.00787,0.00125));
#17676=CARTESIAN_POINT('',(-0.0001,-0.00787,0.00125));
#17677=CARTESIAN_POINT('',(-0.0001,-0.00787,0.00735));
#17678=CARTESIAN_POINT('',(-0.0001,-0.00483,0.00125));
#17679=CARTESIAN_POINT('',(-0.0001,-0.00483,0.00125));
#17680=CARTESIAN_POINT('',(-0.0001,-0.00533,0.00125));
#17681=CARTESIAN_POINT('',(-0.0001,-0.00533,0.00125));
#17682=CARTESIAN_POINT('',(-0.0001,-0.00533,0.00735));
#17683=CARTESIAN_POINT('',(-0.0001,-0.00229,0.00125));
#17684=CARTESIAN_POINT('',(-0.0001,-0.00229,0.00125));
#17685=CARTESIAN_POINT('',(-0.0001,-0.00279,0.00125));
#17686=CARTESIAN_POINT('',(-0.0001,-0.00279,0.00125));
#17687=CARTESIAN_POINT('',(-0.0001,-0.00279,0.00735));
#17688=CARTESIAN_POINT('',(-0.0001,0.00025,0.00125));
#17689=CARTESIAN_POINT('',(-0.0001,0.00025,0.00125));
#17690=CARTESIAN_POINT('',(-0.0001,-0.00025,0.00125));
#17691=CARTESIAN_POINT('',(-0.0001,-0.00025,0.00125));
#17692=CARTESIAN_POINT('',(-0.0001,-0.00025,0.00735));
#17693=CARTESIAN_POINT('',(0.1321,-0.093,0.001595));
#17694=CARTESIAN_POINT('',(0.,0.,0.));
#17695=CARTESIAN_POINT('',(-0.0078,0.0052,0.006));
#17696=CARTESIAN_POINT('',(0.,0.0052,0.005));
#17697=CARTESIAN_POINT('',(-0.007,0.0052,0.005));
#17698=CARTESIAN_POINT('',(-0.0078,0.0052,0.005));
#17699=CARTESIAN_POINT('',(-0.007,0.0052,0.));
#17700=CARTESIAN_POINT('',(-0.007,0.0052,0.006));
#17701=CARTESIAN_POINT('',(0.,0.0052,0.006));
#17702=CARTESIAN_POINT('',(-0.0078,0.0052,0.006));
#17703=CARTESIAN_POINT('',(-0.0078,0.0052,0.005));
#17704=CARTESIAN_POINT('',(-0.007,-0.0052,0.006));
#17705=CARTESIAN_POINT('',(0.,-0.0052,0.005));
#17706=CARTESIAN_POINT('',(-0.0078,-0.0052,0.005));
#17707=CARTESIAN_POINT('',(-0.007,-0.0052,0.005));
#17708=CARTESIAN_POINT('',(-0.0078,-0.0052,0.005));
#17709=CARTESIAN_POINT('',(-0.0078,-0.0052,0.006));
#17710=CARTESIAN_POINT('',(0.,-0.0052,0.006));
#17711=CARTESIAN_POINT('',(-0.007,-0.0052,0.006));
#17712=CARTESIAN_POINT('',(-0.007,-0.0052,0.006));
#17713=CARTESIAN_POINT('',(0.007,0.0052,0.006));
#17714=CARTESIAN_POINT('',(0.,0.0052,0.005));
#17715=CARTESIAN_POINT('',(0.0078,0.0052,0.005));
#17716=CARTESIAN_POINT('',(0.007,0.0052,0.005));
#17717=CARTESIAN_POINT('',(0.0078,0.0052,0.005));
#17718=CARTESIAN_POINT('',(0.0078,0.0052,0.006));
#17719=CARTESIAN_POINT('',(0.,0.0052,0.006));
#17720=CARTESIAN_POINT('',(0.007,0.0052,0.006));
#17721=CARTESIAN_POINT('',(0.007,0.0052,0.006));
#17722=CARTESIAN_POINT('',(0.0078,-0.0052,0.006));
#17723=CARTESIAN_POINT('',(0.,-0.0052,0.005));
#17724=CARTESIAN_POINT('',(0.007,-0.0052,0.005));
#17725=CARTESIAN_POINT('',(0.0078,-0.0052,0.005));
#17726=CARTESIAN_POINT('',(0.007,-0.0052,0.));
#17727=CARTESIAN_POINT('',(0.007,-0.0052,0.006));
#17728=CARTESIAN_POINT('',(0.,-0.0052,0.006));
#17729=CARTESIAN_POINT('',(0.0078,-0.0052,0.006));
#17730=CARTESIAN_POINT('',(0.0078,-0.0052,0.005));
#17731=CARTESIAN_POINT('',(-0.007,0.007,0.));
#17732=CARTESIAN_POINT('',(-0.007,0.,0.005));
#17733=CARTESIAN_POINT('',(-0.007,0.007,0.005));
#17734=CARTESIAN_POINT('',(-0.007,0.007,0.));
#17735=CARTESIAN_POINT('',(-0.007,0.007,0.0037));
#17736=CARTESIAN_POINT('',(-0.007,0.007,0.0037));
#17737=CARTESIAN_POINT('',(-0.007,-0.007,0.0037));
#17738=CARTESIAN_POINT('',(-0.007,-0.007,0.));
#17739=CARTESIAN_POINT('',(-0.007,-0.007,0.005));
#17740=CARTESIAN_POINT('',(-0.007,0.,0.005));
#17741=CARTESIAN_POINT('',(-0.007,0.,0.006));
#17742=CARTESIAN_POINT('',(-0.0078,0.0078,0.005));
#17743=CARTESIAN_POINT('',(-0.0078,0.,0.006));
#17744=CARTESIAN_POINT('',(-0.0078,0.0078,0.006));
#17745=CARTESIAN_POINT('',(-0.0078,0.0078,0.005));
#17746=CARTESIAN_POINT('',(-0.0078,0.0078,0.005));
#17747=CARTESIAN_POINT('',(-0.0078,0.,0.005));
#17748=CARTESIAN_POINT('',(-0.0078,0.0078,0.005));
#17749=CARTESIAN_POINT('',(-0.0078,0.,0.005));
#17750=CARTESIAN_POINT('',(-0.0078,-0.0078,0.005));
#17751=CARTESIAN_POINT('',(-0.0078,-0.0078,0.005));
#17752=CARTESIAN_POINT('',(-0.0078,-0.0078,0.006));
#17753=CARTESIAN_POINT('',(-0.0078,0.,0.006));
#17754=CARTESIAN_POINT('',(0.0078,-0.0078,0.005));
#17755=CARTESIAN_POINT('',(0.0078,0.,0.006));
#17756=CARTESIAN_POINT('',(0.0078,-0.0078,0.006));
#17757=CARTESIAN_POINT('',(0.0078,-0.0078,0.005));
#17758=CARTESIAN_POINT('',(0.0078,-0.0078,0.005));
#17759=CARTESIAN_POINT('',(0.0078,0.,0.005));
#17760=CARTESIAN_POINT('',(0.0078,-0.0078,0.005));
#17761=CARTESIAN_POINT('',(0.0078,0.,0.005));
#17762=CARTESIAN_POINT('',(0.0078,0.0078,0.005));
#17763=CARTESIAN_POINT('',(0.0078,0.0078,0.005));
#17764=CARTESIAN_POINT('',(0.0078,0.0078,0.006));
#17765=CARTESIAN_POINT('',(0.0078,0.,0.006));
#17766=CARTESIAN_POINT('',(0.,0.,0.005));
#17767=CARTESIAN_POINT('',(0.,-0.007,0.005));
#17768=CARTESIAN_POINT('',(0.007,-0.007,0.005));
#17769=CARTESIAN_POINT('',(0.007,0.,0.005));
#17770=CARTESIAN_POINT('',(0.,-0.0078,0.005));
#17771=CARTESIAN_POINT('',(0.,0.,0.005));
#17772=CARTESIAN_POINT('',(0.,0.0078,0.005));
#17773=CARTESIAN_POINT('',(0.007,0.,0.005));
#17774=CARTESIAN_POINT('',(0.007,0.007,0.005));
#17775=CARTESIAN_POINT('',(0.,0.007,0.005));
#17776=CARTESIAN_POINT('',(0.007,-0.007,0.));
#17777=CARTESIAN_POINT('',(0.007,-0.007,0.));
#17778=CARTESIAN_POINT('',(0.0069999999999998,-0.007,0.00370000000000085));
#17779=CARTESIAN_POINT('',(0.007,-0.007,0.0037));
#17780=CARTESIAN_POINT('',(0.0069999999999998,0.007,0.00370000000000084));
#17781=CARTESIAN_POINT('',(0.007,0.007,0.));
#17782=CARTESIAN_POINT('',(0.007,0.,0.006));
#17783=CARTESIAN_POINT('',(-0.0065,0.0027,0.0103));
#17784=CARTESIAN_POINT('',(-0.0065,-0.0031,0.0103));
#17785=CARTESIAN_POINT('',(-0.0069,-0.0031,0.0095));
#17786=CARTESIAN_POINT('',(-0.0061,-0.0031,0.0111));
#17787=CARTESIAN_POINT('',(-0.0061,0.0027,0.0111));
#17788=CARTESIAN_POINT('',(-0.0061,0.0031,0.0111));
#17789=CARTESIAN_POINT('',(-0.0065,0.0031,0.0103));
#17790=CARTESIAN_POINT('',(-0.0069,0.0031,0.0095));
#17791=CARTESIAN_POINT('',(-0.0069,0.0027,0.0095));
#17792=CARTESIAN_POINT('',(-0.0049,0.0031,0.0111));
#17793=CARTESIAN_POINT('',(-3.880729939564E-20,0.0031,0.0111));
#17794=CARTESIAN_POINT('',(-0.0049,0.0031,0.0111));
#17795=CARTESIAN_POINT('',(-0.0049,0.0031,0.0111));
#17796=CARTESIAN_POINT('',(-0.0049,0.0031,0.0075));
#17797=CARTESIAN_POINT('',(-0.0049,0.0031,0.0075));
#17798=CARTESIAN_POINT('',(-0.0069,0.0031,0.0075));
#17799=CARTESIAN_POINT('',(-0.0069,0.0031,0.006));
#17800=CARTESIAN_POINT('',(-3.880729939564E-20,-9.313751854954E-19,0.0111));
#17801=CARTESIAN_POINT('',(-3.880729939564E-20,-0.0031,0.0111));
#17802=CARTESIAN_POINT('',(-0.0049,-0.0031,0.0111));
#17803=CARTESIAN_POINT('',(-0.0049,-9.313751854954E-19,0.0111));
#17804=CARTESIAN_POINT('',(-0.0049,-0.0036,0.0111));
#17805=CARTESIAN_POINT('',(-3.880729939564E-20,-0.0036,0.0111));
#17806=CARTESIAN_POINT('',(-0.000901387818866093,-0.00360000000000007,0.0111));
#17807=CARTESIAN_POINT('',(0.,-0.0051,0.0110999999999998));
#17808=CARTESIAN_POINT('',(0.000901387818865992,-0.0036,0.0111));
#17809=CARTESIAN_POINT('',(-3.880729939564E-20,-0.0036,0.0111));
#17810=CARTESIAN_POINT('',(0.0049,-0.0036,0.0111));
#17811=CARTESIAN_POINT('',(0.0049,-9.313751854954E-19,0.0111));
#17812=CARTESIAN_POINT('',(0.0049,-0.0031,0.0111));
#17813=CARTESIAN_POINT('',(-3.880729939564E-20,-0.0031,0.0111));
#17814=CARTESIAN_POINT('',(0.0061,-0.0031,0.0111));
#17815=CARTESIAN_POINT('',(0.0061,-0.0027,0.0111));
#17816=CARTESIAN_POINT('',(0.0061,0.0031,0.0111));
#17817=CARTESIAN_POINT('',(-3.880729939564E-20,0.0031,0.0111));
#17818=CARTESIAN_POINT('',(0.0049,0.0031,0.0111));
#17819=CARTESIAN_POINT('',(0.0049,-9.313751854954E-19,0.0111));
#17820=CARTESIAN_POINT('',(0.0049,0.005044681918309,0.0111));
#17821=CARTESIAN_POINT('',(0.0039,0.005044681918309,0.0111));
#17822=CARTESIAN_POINT('',(-0.0049,0.005044681918309,0.0111));
#17823=CARTESIAN_POINT('',(-0.0049,-9.313751854954E-19,0.0111));
#17824=CARTESIAN_POINT('',(0.00355,-9.313751854954E-19,0.0111));
#17825=CARTESIAN_POINT('',(0.00355,0.00275,0.0111));
#17826=CARTESIAN_POINT('',(0.00355,-0.00275,0.0111));
#17827=CARTESIAN_POINT('',(-3.880729939564E-20,-0.00275,0.0111));
#17828=CARTESIAN_POINT('',(-0.00355,-0.00275,0.0111));
#17829=CARTESIAN_POINT('',(-0.00355,-9.313751854954E-19,0.0111));
#17830=CARTESIAN_POINT('',(-0.00355,0.00275,0.0111));
#17831=CARTESIAN_POINT('',(-3.880729939564E-20,0.00275,0.0111));
#17832=CARTESIAN_POINT('',(0.0065,-0.0027,0.0103));
#17833=CARTESIAN_POINT('',(0.0065,0.0031,0.0103));
#17834=CARTESIAN_POINT('',(0.0069,0.0031,0.0095));
#17835=CARTESIAN_POINT('',(0.0065,-0.0031,0.0103));
#17836=CARTESIAN_POINT('',(0.0069,-0.0031,0.0095));
#17837=CARTESIAN_POINT('',(0.0069,-0.0027,0.0095));
#17838=CARTESIAN_POINT('',(0.0049,-0.0031,0.0111));
#17839=CARTESIAN_POINT('',(0.0049,-0.0031,0.0111));
#17840=CARTESIAN_POINT('',(0.0049,-0.0031,0.0075));
#17841=CARTESIAN_POINT('',(0.0049,-0.0031,0.0075));
#17842=CARTESIAN_POINT('',(0.0069,-0.0031,0.0075));
#17843=CARTESIAN_POINT('',(0.0069,-0.0031,0.006));
#17844=CARTESIAN_POINT('',(0.0039,0.005044681918309,0.0101));
#17845=CARTESIAN_POINT('',(-0.0049,0.005044681918309,0.0101));
#17846=CARTESIAN_POINT('',(-0.0049,0.00600656091536651,0.010373475401124));
#17847=CARTESIAN_POINT('',(0.0049,0.005044681918309,0.0101));
#17848=CARTESIAN_POINT('',(0.0049,0.00600656091536651,0.010373475401124));
#17849=CARTESIAN_POINT('',(0.0039,0.00600656091536641,0.0103734754011238));
#17850=CARTESIAN_POINT('',(-0.0049,0.00725,0.006));
#17851=CARTESIAN_POINT('',(-0.0049,0.0060065609153667,0.0103734754011239));
#17852=CARTESIAN_POINT('',(-0.0049,0.00725,0.006));
#17853=CARTESIAN_POINT('',(-0.0049,0.,0.006));
#17854=CARTESIAN_POINT('',(-0.0049,0.0063,0.006));
#17855=CARTESIAN_POINT('',(-0.0049,0.0063,0.006));
#17856=CARTESIAN_POINT('',(-0.0049,0.0063,0.0075));
#17857=CARTESIAN_POINT('',(-0.0049,0.00725,0.0075));
#17858=CARTESIAN_POINT('',(0.0078,0.00725,0.006));
#17859=CARTESIAN_POINT('',(0.0049,0.00725,0.006));
#17860=CARTESIAN_POINT('',(0.0049,0.00725,0.006));
#17861=CARTESIAN_POINT('',(0.,0.00725,0.006));
#17862=CARTESIAN_POINT('',(0.00355,0.00275,0.0111));
#17863=CARTESIAN_POINT('',(0.00355,0.00275,0.0111));
#17864=CARTESIAN_POINT('',(0.00355,0.00275,0.0101));
#17865=CARTESIAN_POINT('',(0.00355,0.00275,0.0101));
#17866=CARTESIAN_POINT('',(0.00355,-0.00275,0.0101));
#17867=CARTESIAN_POINT('',(0.00355,-0.00275,0.0111));
#17868=CARTESIAN_POINT('',(-0.00355,0.00275,0.0111));
#17869=CARTESIAN_POINT('',(-0.00355,0.00275,0.0111));
#17870=CARTESIAN_POINT('',(-0.00355,0.00275,0.0101));
#17871=CARTESIAN_POINT('',(-0.00355,0.00275,0.0101));
#17872=CARTESIAN_POINT('',(-0.00355,-0.00275,0.0111));
#17873=CARTESIAN_POINT('',(-0.00355,-0.00275,0.0111));
#17874=CARTESIAN_POINT('',(-0.00355,-0.00275,0.0101));
#17875=CARTESIAN_POINT('',(-0.00355,-0.00275,0.0101));
#17876=CARTESIAN_POINT('',(0.00355,-0.00275,0.0111));
#17877=CARTESIAN_POINT('',(0.00355,-0.00275,0.0101));
#17878=CARTESIAN_POINT('',(0.,0.,0.0101));
#17879=CARTESIAN_POINT('',(0.0078,-0.0036,0.0111));
#17880=CARTESIAN_POINT('',(-0.0049,-0.006176470588235,0.0075));
#17881=CARTESIAN_POINT('',(-0.0049,-0.00617647058823505,0.0075));
#17882=CARTESIAN_POINT('',(-0.0059,-0.0061764705882351,0.0075));
#17883=CARTESIAN_POINT('',(-0.00645507518676118,-0.00617647058823548,0.00750000000000019));
#17884=CARTESIAN_POINT('',(-0.00645507518676105,-0.00617647058823586,0.00750000000000043));
#17885=CARTESIAN_POINT('',(-0.00624430352131387,-0.00630000000000075,0.00732739726027419));
#17886=CARTESIAN_POINT('',(-0.006,-0.00630000000000067,0.00732739726027431));
#17887=CARTESIAN_POINT('',(-0.006,-0.0063,0.00732739726027462));
#17888=CARTESIAN_POINT('',(-0.006,-0.0063,0.007327397260274));
#17889=CARTESIAN_POINT('',(-0.0049,-0.0063,0.007327397260274));
#17890=CARTESIAN_POINT('',(-0.0049,-0.00725,0.006));
#17891=CARTESIAN_POINT('',(-0.0049,-0.00725,0.006));
#17892=CARTESIAN_POINT('',(0.,-0.00725,0.006));
#17893=CARTESIAN_POINT('',(0.0049,-0.00725,0.006));
#17894=CARTESIAN_POINT('',(0.0049,-0.0063,0.007327397260274));
#17895=CARTESIAN_POINT('',(0.0049,-0.0063,0.007327397260274));
#17896=CARTESIAN_POINT('',(0.0049,-0.0063,0.007327397260274));
#17897=CARTESIAN_POINT('',(0.006,-0.0063,0.00732739726027462));
#17898=CARTESIAN_POINT('',(0.006,-0.00630000000000067,0.00732739726027431));
#17899=CARTESIAN_POINT('',(0.00624430352131386,-0.00630000000000075,0.00732739726027419));
#17900=CARTESIAN_POINT('',(0.00645507518676105,-0.00617647058823586,0.00750000000000043));
#17901=CARTESIAN_POINT('',(0.00645507518676049,-0.00617647058823558,0.0075));
#17902=CARTESIAN_POINT('',(0.0059,-0.006176470588235,0.0075));
#17903=CARTESIAN_POINT('',(0.0049,-0.006176470588235,0.0075));
#17904=CARTESIAN_POINT('',(0.0049,-0.0036,0.0111));
#17905=CARTESIAN_POINT('',(0.000901387818865984,-0.0036,0.0111));
#17906=CARTESIAN_POINT('',(0.00119468910188602,-0.00377625213584811,0.0108537298923767));
#17907=CARTESIAN_POINT('',(0.00140000000000002,-0.00405000000000024,0.0104712328767122));
#17908=CARTESIAN_POINT('',(0.0014,-0.00405,0.0104712328767123));
#17909=CARTESIAN_POINT('',(0.0014,-0.00405,0.010471232876712));
#17910=CARTESIAN_POINT('',(0.00425,-0.00405,0.010471232876712));
#17911=CARTESIAN_POINT('',(0.00425,-0.006605882352941,0.0069));
#17912=CARTESIAN_POINT('',(0.00425,-0.006605882352941,0.0069));
#17913=CARTESIAN_POINT('',(0.,-0.006605882352941,0.0069));
#17914=CARTESIAN_POINT('',(-0.00425,-0.006605882352941,0.0069));
#17915=CARTESIAN_POINT('',(-0.00425,-0.00405,0.010471232876712));
#17916=CARTESIAN_POINT('',(-0.00425,-0.00405,0.010471232876712));
#17917=CARTESIAN_POINT('',(-0.00425,-0.00405,0.010471232876712));
#17918=CARTESIAN_POINT('',(-0.0014,-0.00405000000000011,0.0104712328767121));
#17919=CARTESIAN_POINT('',(-0.00140000000000002,-0.00405000000000024,0.0104712328767122));
#17920=CARTESIAN_POINT('',(-0.00119468910188602,-0.00377625213584811,0.0108537298923767));
#17921=CARTESIAN_POINT('',(-0.000901387818865984,-0.0036,0.0111));
#17922=CARTESIAN_POINT('',(0.0049,0.0063,0.006));
#17923=CARTESIAN_POINT('',(0.0049,0.0031,0.006));
#17924=CARTESIAN_POINT('',(0.0049,0.0031,0.0075));
#17925=CARTESIAN_POINT('',(0.0049,0.0063,0.0075));
#17926=CARTESIAN_POINT('',(0.0049,0.0063,0.0075));
#17927=CARTESIAN_POINT('',(0.0049,0.0063,0.006));
#17928=CARTESIAN_POINT('',(0.0049,0.0063,0.006));
#17929=CARTESIAN_POINT('',(0.0049,0.,0.006));
#17930=CARTESIAN_POINT('',(-0.0059,-0.005175,0.0075));
#17931=CARTESIAN_POINT('',(-0.0049,-0.0063,0.0075));
#17932=CARTESIAN_POINT('',(-0.0049,-0.0031,0.0075));
#17933=CARTESIAN_POINT('',(-0.0069,-0.0031,0.0075));
#17934=CARTESIAN_POINT('',(-0.0069,-0.0031,0.0075));
#17935=CARTESIAN_POINT('',(-0.0069,0.0054,0.0075));
#17936=CARTESIAN_POINT('',(-0.0069,-0.0054,0.0075));
#17937=CARTESIAN_POINT('',(-0.006,-0.0054,0.0075));
#17938=CARTESIAN_POINT('',(-0.0049,-0.0063,0.006));
#17939=CARTESIAN_POINT('',(-0.0049,-0.0063,0.006));
#17940=CARTESIAN_POINT('',(-0.0049,-0.0063,0.006));
#17941=CARTESIAN_POINT('',(-0.0049,0.,0.006));
#17942=CARTESIAN_POINT('',(-0.0049,-0.0063,0.006));
#17943=CARTESIAN_POINT('',(-0.0049,-0.0031,0.006));
#17944=CARTESIAN_POINT('',(0.,0.,0.006));
#17945=CARTESIAN_POINT('',(0.,-0.0078,0.006));
#17946=CARTESIAN_POINT('',(0.,0.0078,0.006));
#17947=CARTESIAN_POINT('',(0.,0.0063,0.006));
#17948=CARTESIAN_POINT('',(0.006,0.0063,0.006));
#17949=CARTESIAN_POINT('',(0.006,0.0054,0.006));
#17950=CARTESIAN_POINT('',(0.0069,0.0054,0.006));
#17951=CARTESIAN_POINT('',(0.0069,0.,0.006));
#17952=CARTESIAN_POINT('',(0.0069,-0.0054,0.006));
#17953=CARTESIAN_POINT('',(0.006,-0.0054,0.006));
#17954=CARTESIAN_POINT('',(0.006,-0.0063,0.006));
#17955=CARTESIAN_POINT('',(0.,-0.0063,0.006));
#17956=CARTESIAN_POINT('',(0.0049,-0.0063,0.006));
#17957=CARTESIAN_POINT('',(0.0049,0.,0.006));
#17958=CARTESIAN_POINT('',(0.,-0.0063,0.006));
#17959=CARTESIAN_POINT('',(-0.006,-0.0063,0.006));
#17960=CARTESIAN_POINT('',(-0.006,-0.0054,0.006));
#17961=CARTESIAN_POINT('',(-0.0069,-0.0054,0.006));
#17962=CARTESIAN_POINT('',(-0.0069,0.,0.006));
#17963=CARTESIAN_POINT('',(-0.0069,0.0054,0.006));
#17964=CARTESIAN_POINT('',(-0.006,0.0054,0.006));
#17965=CARTESIAN_POINT('',(-0.006,0.0063,0.006));
#17966=CARTESIAN_POINT('',(0.,0.0063,0.006));
#17967=CARTESIAN_POINT('',(-0.00425,-0.00405,0.0111));
#17968=CARTESIAN_POINT('',(-0.00425,-0.00405,0.0111));
#17969=CARTESIAN_POINT('',(-0.00425,-0.00405,0.0069));
#17970=CARTESIAN_POINT('',(-0.00425,-0.00405,0.0069));
#17971=CARTESIAN_POINT('',(-0.00139999999999999,-0.00405,0.0069));
#17972=CARTESIAN_POINT('',(-0.00139999999999997,-0.00405,0.0111));
#17973=CARTESIAN_POINT('',(-0.00425,-0.00725,0.0111));
#17974=CARTESIAN_POINT('',(-0.00425,-0.00725,0.0069));
#17975=CARTESIAN_POINT('',(-0.00425,-0.0057,0.0069));
#17976=CARTESIAN_POINT('',(-0.00425,-0.0057,0.0111));
#17977=CARTESIAN_POINT('',(-0.00425,-0.0057,0.0056));
#17978=CARTESIAN_POINT('',(-0.00425,-0.0052,0.0056));
#17979=CARTESIAN_POINT('',(-0.00425,-0.0045,0.0056));
#17980=CARTESIAN_POINT('',(-0.00425,-0.0045,0.0069));
#17981=CARTESIAN_POINT('',(-0.00425,-0.0045,0.0069));
#17982=CARTESIAN_POINT('',(-0.00425,-0.00725,0.0069));
#17983=CARTESIAN_POINT('',(0.,-0.00562682646407,0.0069));
#17984=CARTESIAN_POINT('',(0.00425,-0.00405,0.0069));
#17985=CARTESIAN_POINT('',(0.00425,-0.0057,0.0069));
#17986=CARTESIAN_POINT('',(0.,-0.0057,0.0069));
#17987=CARTESIAN_POINT('',(0.00425,-0.00405,0.0111));
#17988=CARTESIAN_POINT('',(0.00425,-0.00405,0.0111));
#17989=CARTESIAN_POINT('',(0.00425,-0.00405,0.0069));
#17990=CARTESIAN_POINT('',(0.00425,-0.00405,0.0069));
#17991=CARTESIAN_POINT('',(0.00425,-0.0045,0.0069));
#17992=CARTESIAN_POINT('',(0.00425,-0.0045,0.0111));
#17993=CARTESIAN_POINT('',(0.00425,-0.0045,0.0056));
#17994=CARTESIAN_POINT('',(0.00425,-0.0052,0.0056));
#17995=CARTESIAN_POINT('',(0.00425,-0.0057,0.0056));
#17996=CARTESIAN_POINT('',(0.00425,-0.0057,0.0069));
#17997=CARTESIAN_POINT('',(0.0014,-0.00405,0.0111));
#17998=CARTESIAN_POINT('',(0.0014,-0.00405,0.0111));
#17999=CARTESIAN_POINT('',(0.0014,-0.00405,0.0069));
#18000=CARTESIAN_POINT('',(0.0014,-0.00405,0.0069));
#18001=CARTESIAN_POINT('',(0.0049,-0.00725,0.006));
#18002=CARTESIAN_POINT('',(0.0049,-0.00725,0.0075));
#18003=CARTESIAN_POINT('',(0.,-0.0051,0.0111));
#18004=CARTESIAN_POINT('',(0.,-0.0051,0.0069));
#18005=CARTESIAN_POINT('',(0.00425,-0.0057,0.0069));
#18006=CARTESIAN_POINT('',(-5.551115123126E-19,-0.0057,0.0056));
#18007=CARTESIAN_POINT('',(-0.00425,-0.0045,0.0069));
#18008=CARTESIAN_POINT('',(-5.551115123126E-19,-0.0045,0.0056));
#18009=CARTESIAN_POINT('',(0.,-0.0045,0.0069));
#18010=CARTESIAN_POINT('',(0.,-0.00562682646407,0.0069));
#18011=CARTESIAN_POINT('',(-0.0069,-0.0031,0.0111));
#18012=CARTESIAN_POINT('',(-0.0069,-0.0031,0.006));
#18013=CARTESIAN_POINT('',(0.0069,0.0031,0.0111));
#18014=CARTESIAN_POINT('',(0.0069,0.0031,0.006));
#18015=CARTESIAN_POINT('',(0.0069,0.0031,0.0075));
#18016=CARTESIAN_POINT('',(0.0069,0.0031,0.0075));
#18017=CARTESIAN_POINT('',(0.0059,0.005175,0.0075));
#18018=CARTESIAN_POINT('',(0.006,0.0054,0.0075));
#18019=CARTESIAN_POINT('',(0.006,0.0063,0.0075));
#18020=CARTESIAN_POINT('',(0.0069,0.0054,0.0075));
#18021=CARTESIAN_POINT('',(0.006,0.0063,0.0075));
#18022=CARTESIAN_POINT('',(0.0069,-0.0054,0.0075));
#18023=CARTESIAN_POINT('',(-0.0059,0.005175,0.0075));
#18024=CARTESIAN_POINT('',(-0.006,0.0054,0.0075));
#18025=CARTESIAN_POINT('',(-0.0069,0.0054,0.0075));
#18026=CARTESIAN_POINT('',(-0.006,0.0063,0.0075));
#18027=CARTESIAN_POINT('',(-0.0069,0.0054,0.0075));
#18028=CARTESIAN_POINT('',(-0.0049,0.0063,0.0075));
#18029=CARTESIAN_POINT('',(0.0059,-0.005175,0.0075));
#18030=CARTESIAN_POINT('',(0.006,-0.0054,0.0075));
#18031=CARTESIAN_POINT('',(0.0069,-0.0054,0.0075));
#18032=CARTESIAN_POINT('',(0.0069,-0.0054,0.0075));
#18033=CARTESIAN_POINT('',(-0.0069,0.0054,0.006));
#18034=CARTESIAN_POINT('',(-0.0069,0.0054,0.006));
#18035=CARTESIAN_POINT('',(-0.0069,-0.0054,0.006));
#18036=CARTESIAN_POINT('',(-0.006,0.0054,0.006));
#18037=CARTESIAN_POINT('',(-0.006,0.0063,0.006));
#18038=CARTESIAN_POINT('',(-0.0049,0.0063,0.006));
#18039=CARTESIAN_POINT('',(0.0069,-0.0054,0.006));
#18040=CARTESIAN_POINT('',(0.0069,-0.0054,0.006));
#18041=CARTESIAN_POINT('',(0.0069,0.0054,0.006));
#18042=CARTESIAN_POINT('',(0.006,-0.0054,0.006));
#18043=CARTESIAN_POINT('',(0.006,-0.0063,0.006));
#18044=CARTESIAN_POINT('',(0.0049,-0.0063,0.006));
#18045=CARTESIAN_POINT('',(0.0049,-0.0063,0.006));
#18046=CARTESIAN_POINT('',(0.006,0.0063,0.006));
#18047=CARTESIAN_POINT('',(0.006,0.0063,0.006));
#18048=CARTESIAN_POINT('',(0.006,0.0054,0.006));
#18049=CARTESIAN_POINT('',(0.0049,-0.00725,0.006));
#18050=CARTESIAN_POINT('',(-0.006,-0.0063,0.006));
#18051=CARTESIAN_POINT('',(-0.006,-0.0063,0.006));
#18052=CARTESIAN_POINT('',(-0.006,-0.0054,0.006));
#18053=CARTESIAN_POINT('',(-0.00246,0.002,0.));
#18054=CARTESIAN_POINT('',(-0.00246,0.00204,0.));
#18055=CARTESIAN_POINT('',(-0.00246,0.00204,0.0002));
#18056=CARTESIAN_POINT('',(-0.00246,0.00204,0.));
#18057=CARTESIAN_POINT('',(-0.00246,0.002,0.0002));
#18058=CARTESIAN_POINT('',(-0.00246,0.00254,0.0002));
#18059=CARTESIAN_POINT('',(-0.00246,0.00254,0.));
#18060=CARTESIAN_POINT('',(-0.00246,0.00254,0.));
#18061=CARTESIAN_POINT('',(-0.00246,8.921435019309E-19,0.));
#18062=CARTESIAN_POINT('',(-0.00516,0.00254,0.));
#18063=CARTESIAN_POINT('',(-0.00516,8.921435019309E-19,0.));
#18064=CARTESIAN_POINT('',(-0.00516,0.00254,0.));
#18065=CARTESIAN_POINT('',(-0.00516,0.002,0.));
#18066=CARTESIAN_POINT('',(-0.00516,0.00254,0.));
#18067=CARTESIAN_POINT('',(-0.00516,0.00254,0.0002));
#18068=CARTESIAN_POINT('',(-0.00516,0.00254,0.0002));
#18069=CARTESIAN_POINT('',(-0.00516,0.002,0.0002));
#18070=CARTESIAN_POINT('',(-0.00516,0.002,0.));
#18071=CARTESIAN_POINT('',(-0.00381,0.00254,0.));
#18072=CARTESIAN_POINT('',(-0.00381,0.00254,0.));
#18073=CARTESIAN_POINT('',(-0.00381,0.00254,0.0002));
#18074=CARTESIAN_POINT('',(-0.00381,0.002681386598163,0.0002));
#18075=CARTESIAN_POINT('',(-0.0025,0.002,0.0002));
#18076=CARTESIAN_POINT('',(-0.0025,0.002,0.0002));
#18077=CARTESIAN_POINT('',(-0.007,0.002,0.0002));
#18078=CARTESIAN_POINT('',(-0.00341,0.00234,0.0002));
#18079=CARTESIAN_POINT('',(-0.00341,0.00274,0.0002));
#18080=CARTESIAN_POINT('',(-0.00341,0.00234,0.0002));
#18081=CARTESIAN_POINT('',(-0.00341,0.00274,0.0002));
#18082=CARTESIAN_POINT('',(-0.00421,0.00274,0.0002));
#18083=CARTESIAN_POINT('',(-0.00421,0.00274,0.0002));
#18084=CARTESIAN_POINT('',(-0.00421,0.00234,0.0002));
#18085=CARTESIAN_POINT('',(-0.00421,0.00234,0.0002));
#18086=CARTESIAN_POINT('',(0.0015,0.00377,0.));
#18087=CARTESIAN_POINT('',(8.921435019309E-19,0.00377,0.));
#18088=CARTESIAN_POINT('',(0.0015,0.00377,0.));
#18089=CARTESIAN_POINT('',(0.00254,0.00377,0.));
#18090=CARTESIAN_POINT('',(0.0015,0.00377,0.));
#18091=CARTESIAN_POINT('',(0.0015,0.00377,0.0002));
#18092=CARTESIAN_POINT('',(0.0015,0.00377,0.0002));
#18093=CARTESIAN_POINT('',(0.00254,0.00377,0.0002));
#18094=CARTESIAN_POINT('',(0.00254,0.00377,0.));
#18095=CARTESIAN_POINT('',(0.00254,0.00647,0.));
#18096=CARTESIAN_POINT('',(8.921435019309E-19,0.00647,0.));
#18097=CARTESIAN_POINT('',(0.00254,0.00647,0.));
#18098=CARTESIAN_POINT('',(0.0015,0.00647,0.));
#18099=CARTESIAN_POINT('',(0.00254,0.00647,0.));
#18100=CARTESIAN_POINT('',(0.00254,0.00647,0.0002));
#18101=CARTESIAN_POINT('',(0.00254,0.00647,0.0002));
#18102=CARTESIAN_POINT('',(0.0015,0.00647,0.0002));
#18103=CARTESIAN_POINT('',(0.0015,0.00647,0.));
#18104=CARTESIAN_POINT('',(0.00254,0.00512,0.));
#18105=CARTESIAN_POINT('',(0.00254,0.00512,0.));
#18106=CARTESIAN_POINT('',(0.00254,0.00512,0.0002));
#18107=CARTESIAN_POINT('',(0.002394811295492,0.00512,0.0002));
#18108=CARTESIAN_POINT('',(0.0015,0.007,0.0002));
#18109=CARTESIAN_POINT('',(0.00294,0.00497,0.0002));
#18110=CARTESIAN_POINT('',(0.00294,0.00527,0.0002));
#18111=CARTESIAN_POINT('',(0.00294,0.00497,0.0002));
#18112=CARTESIAN_POINT('',(0.00294,0.00527,0.0002));
#18113=CARTESIAN_POINT('',(0.00214,0.00527,0.0002));
#18114=CARTESIAN_POINT('',(0.00214,0.00527,0.0002));
#18115=CARTESIAN_POINT('',(0.00214,0.00497,0.0002));
#18116=CARTESIAN_POINT('',(0.00214,0.00497,0.0002));
#18117=CARTESIAN_POINT('',(8.921435019309E-19,8.921435019309E-19,0.));
#18118=CARTESIAN_POINT('',(8.921435019309E-19,0.002,0.));
#18119=CARTESIAN_POINT('',(-0.0062484375,0.002,-2.71050543121376E-20));
#18120=CARTESIAN_POINT('',(-0.0062484375,8.921435019309E-19,0.));
#18121=CARTESIAN_POINT('',(-0.00624843750000018,0.00675,-4.33680868994202E-19));
#18122=CARTESIAN_POINT('',(8.921435019309E-19,0.00675,0.));
#18123=CARTESIAN_POINT('',(-0.0015,0.00675,2.91695912613841E-20));
#18124=CARTESIAN_POINT('',(-0.0015,8.921435019309E-19,0.));
#18125=CARTESIAN_POINT('',(-0.0015,0.003,0.));
#18126=CARTESIAN_POINT('',(-0.0015,0.003,0.));
#18127=CARTESIAN_POINT('',(-0.00421,0.00274,0.));
#18128=CARTESIAN_POINT('',(-0.00421,0.00274,0.));
#18129=CARTESIAN_POINT('',(-0.00421,0.00274,0.002));
#18130=CARTESIAN_POINT('',(-0.00421,0.00274,0.002));
#18131=CARTESIAN_POINT('',(-0.00421,0.00234,0.002));
#18132=CARTESIAN_POINT('',(-0.00421,0.00234,0.));
#18133=CARTESIAN_POINT('',(-0.00341,0.00274,0.));
#18134=CARTESIAN_POINT('',(-0.00341,0.00274,0.));
#18135=CARTESIAN_POINT('',(-0.00341,0.00274,0.002));
#18136=CARTESIAN_POINT('',(-0.00341,0.00274,0.002));
#18137=CARTESIAN_POINT('',(0.0015,0.007,0.));
#18138=CARTESIAN_POINT('',(0.0015,8.921435019309E-19,0.));
#18139=CARTESIAN_POINT('',(0.0015,0.003,0.));
#18140=CARTESIAN_POINT('',(0.0015,0.003,0.));
#18141=CARTESIAN_POINT('',(0.0015,0.003,0.0005));
#18142=CARTESIAN_POINT('',(0.0015,0.007,0.0005));
#18143=CARTESIAN_POINT('',(0.0015,0.006783783783784,0.0005));
#18144=CARTESIAN_POINT('',(0.0015,0.006783783783784,0.0005));
#18145=CARTESIAN_POINT('',(0.0015,0.00675,5.42101086242752E-20));
#18146=CARTESIAN_POINT('',(0.0015,8.921435019309E-19,0.));
#18147=CARTESIAN_POINT('',(0.00214,0.00527,0.));
#18148=CARTESIAN_POINT('',(0.00214,0.00527,0.));
#18149=CARTESIAN_POINT('',(0.00214,0.00527,0.002));
#18150=CARTESIAN_POINT('',(0.00214,0.00527,0.002));
#18151=CARTESIAN_POINT('',(0.00214,0.00497,0.002));
#18152=CARTESIAN_POINT('',(0.00214,0.00497,0.));
#18153=CARTESIAN_POINT('',(0.00294,0.00527,0.));
#18154=CARTESIAN_POINT('',(0.00294,0.00527,0.));
#18155=CARTESIAN_POINT('',(0.00294,0.00527,0.002));
#18156=CARTESIAN_POINT('',(0.00294,0.00527,0.002));
#18157=CARTESIAN_POINT('',(0.00294,0.00497,0.));
#18158=CARTESIAN_POINT('',(0.00294,0.00497,0.));
#18159=CARTESIAN_POINT('',(0.00294,0.00497,0.002));
#18160=CARTESIAN_POINT('',(0.00294,0.00497,0.002));
#18161=CARTESIAN_POINT('',(0.00214,0.00497,0.));
#18162=CARTESIAN_POINT('',(0.00214,0.00497,0.002));
#18163=CARTESIAN_POINT('',(0.00254,0.00512,0.002));
#18164=CARTESIAN_POINT('',(-0.00341,0.00234,0.));
#18165=CARTESIAN_POINT('',(-0.00341,0.00234,0.));
#18166=CARTESIAN_POINT('',(-0.00341,0.00234,0.002));
#18167=CARTESIAN_POINT('',(-0.00341,0.00234,0.002));
#18168=CARTESIAN_POINT('',(-0.00421,0.00234,0.));
#18169=CARTESIAN_POINT('',(-0.00421,0.00234,0.002));
#18170=CARTESIAN_POINT('',(-0.00381,0.00254,0.002));
#18171=CARTESIAN_POINT('',(0.,-0.0068,0.0023));
#18172=CARTESIAN_POINT('',(0.007,-0.00690540540540537,0.00229999999999997));
#18173=CARTESIAN_POINT('',(-0.0047,-0.00690540540540538,0.0023));
#18174=CARTESIAN_POINT('',(0.0047,-0.00690540540540537,0.0023));
#18175=CARTESIAN_POINT('',(-0.0047,-0.0039,0.0023));
#18176=CARTESIAN_POINT('',(-0.0047,-0.0065,0.0023));
#18177=CARTESIAN_POINT('',(-0.0047,-0.0065,0.0023));
#18178=CARTESIAN_POINT('',(0.0047,-0.0065,0.0023));
#18179=CARTESIAN_POINT('',(0.0047,-0.0065,0.0023));
#18180=CARTESIAN_POINT('',(-0.0047,-0.0065,0.0005));
#18181=CARTESIAN_POINT('',(-0.0047,-0.0065,0.0005));
#18182=CARTESIAN_POINT('',(-0.0047,-0.0065,0.0056));
#18183=CARTESIAN_POINT('',(-0.0047,-0.0065,0.0056));
#18184=CARTESIAN_POINT('',(0.0047,-0.0065,0.0056));
#18185=CARTESIAN_POINT('',(0.0047,-0.0065,0.0005));
#18186=CARTESIAN_POINT('',(-5.551115123126E-19,-0.0052,0.0056));
#18187=CARTESIAN_POINT('',(-0.00215,-0.0039,0.0056));
#18188=CARTESIAN_POINT('',(0.0047,-0.0039,0.0056));
#18189=CARTESIAN_POINT('',(-0.0047,-0.0039,0.0056));
#18190=CARTESIAN_POINT('',(0.0047,-0.0065,0.0056));
#18191=CARTESIAN_POINT('',(-0.0047,-0.0039,0.0056));
#18192=CARTESIAN_POINT('',(0.0047,-0.0065,0.0005));
#18193=CARTESIAN_POINT('',(0.0047,1.110223024625E-18,0.0005));
#18194=CARTESIAN_POINT('',(0.0047,-0.00678378378378386,0.0005));
#18195=CARTESIAN_POINT('',(0.0047,-0.0039,0.0005));
#18196=CARTESIAN_POINT('',(0.0047,-0.007,0.0037));
#18197=CARTESIAN_POINT('',(0.0047,-0.0039,0.0005));
#18198=CARTESIAN_POINT('',(-0.0047,-0.0039,0.0005));
#18199=CARTESIAN_POINT('',(-0.0047,1.110223024625E-18,0.0005));
#18200=CARTESIAN_POINT('',(-0.0047,-0.0039,0.0005));
#18201=CARTESIAN_POINT('',(-0.0047,-0.00678378378378386,0.0005));
#18202=CARTESIAN_POINT('',(-0.0047,-0.0039,0.0005));
#18203=CARTESIAN_POINT('',(-0.0047,-0.007,0.0037));
#18204=CARTESIAN_POINT('',(-0.00215,-0.0039,0.0005));
#18205=CARTESIAN_POINT('',(1.110223024625E-18,-0.0039,0.0005));
#18206=CARTESIAN_POINT('',(-0.00215,-0.0039,0.0005));
#18207=CARTESIAN_POINT('',(-0.00215,-0.0039,0.0005));
#18208=CARTESIAN_POINT('',(-0.00215,-0.0039,0.0025));
#18209=CARTESIAN_POINT('',(-2.775557561563E-19,-0.0039,0.0025));
#18210=CARTESIAN_POINT('',(0.00215,-0.0039,0.0025));
#18211=CARTESIAN_POINT('',(0.00215,-0.0039,0.0005));
#18212=CARTESIAN_POINT('',(0.00215,-0.0039,0.0005));
#18213=CARTESIAN_POINT('',(1.110223024625E-18,-0.0039,0.0005));
#18214=CARTESIAN_POINT('',(-0.00215,-0.0024,0.0005));
#18215=CARTESIAN_POINT('',(-0.00215,1.110223024625E-18,0.0005));
#18216=CARTESIAN_POINT('',(-0.00215,-0.0024,0.0005));
#18217=CARTESIAN_POINT('',(-0.00215,-0.0024,0.0005));
#18218=CARTESIAN_POINT('',(-0.00215,-0.0024,0.0025));
#18219=CARTESIAN_POINT('',(-0.00215,-0.0024,0.0025));
#18220=CARTESIAN_POINT('',(0.00215,-0.0024,0.0005));
#18221=CARTESIAN_POINT('',(1.110223024625E-18,-0.0024,0.0005));
#18222=CARTESIAN_POINT('',(0.00215,-0.0024,0.0005));
#18223=CARTESIAN_POINT('',(0.00215,-0.0024,0.0005));
#18224=CARTESIAN_POINT('',(0.00215,-0.0024,0.0025));
#18225=CARTESIAN_POINT('',(0.00215,-0.0024,0.0025));
#18226=CARTESIAN_POINT('',(0.00215,-0.0039,0.0005));
#18227=CARTESIAN_POINT('',(0.00215,1.110223024625E-18,0.0005));
#18228=CARTESIAN_POINT('',(0.00215,-0.0039,0.0025));
#18229=CARTESIAN_POINT('',(-2.775557561563E-19,-0.004733333333333,0.0025));
#18230=CARTESIAN_POINT('',(0.007,0.00672972972973,-0.0003));
#18231=CARTESIAN_POINT('',(-0.007,0.007,0.0037));
#18232=CARTESIAN_POINT('',(0.007,0.007,0.0037));
#18233=CARTESIAN_POINT('',(0.00624843749999997,0.00675,5.63785129692462E-18));
#18234=CARTESIAN_POINT('',(0.00624843749999999,0.00675,-9.24322061762153E-20));
#18235=CARTESIAN_POINT('',(8.921435019309E-19,0.00675,0.));
#18236=CARTESIAN_POINT('',(1.110223024625E-18,0.006783783783784,0.0005));
#18237=CARTESIAN_POINT('',(-0.0015,0.006783783783784,0.0005));
#18238=CARTESIAN_POINT('',(-0.0015,0.00675,0.));
#18239=CARTESIAN_POINT('',(0.007,-0.007,0.0037));
#18240=CARTESIAN_POINT('',(1.110223024625E-18,-0.006783783783784,0.0005));
#18241=CARTESIAN_POINT('',(0.00635,-0.006783783783784,0.0005));
#18242=CARTESIAN_POINT('',(0.00699999999999963,-0.007,0.00370000000000008));
#18243=CARTESIAN_POINT('',(-0.007,-0.007,0.0037));
#18244=CARTESIAN_POINT('',(-0.00635000000000029,-0.006783783783784,0.000499999999999939));
#18245=CARTESIAN_POINT('',(-0.00635000000000015,-0.006783783783784,0.0005));
#18246=CARTESIAN_POINT('',(1.110223024625E-18,-0.006783783783784,0.0005));
#18247=CARTESIAN_POINT('',(8.921435019309E-19,8.921435019309E-19,0.));
#18248=CARTESIAN_POINT('',(0.0062484375,8.921435019309E-19,0.));
#18249=CARTESIAN_POINT('',(0.0062484375,0.002,-1.26901224971808E-19));
#18250=CARTESIAN_POINT('',(8.921435019309E-19,0.002,0.));
#18251=CARTESIAN_POINT('',(0.0025,0.002,0.));
#18252=CARTESIAN_POINT('',(0.0025,0.002,0.));
#18253=CARTESIAN_POINT('',(1.110223024625E-18,1.110223024625E-18,0.0005));
#18254=CARTESIAN_POINT('',(-0.00635,1.110223024625E-18,0.0005));
#18255=CARTESIAN_POINT('',(-0.00635,0.002,0.0005));
#18256=CARTESIAN_POINT('',(-0.007,0.002,0.0005));
#18257=CARTESIAN_POINT('',(-0.0025,0.002,0.0005));
#18258=CARTESIAN_POINT('',(-0.0025,0.002,0.0005));
#18259=CARTESIAN_POINT('',(-0.0015,0.003,0.0005));
#18260=CARTESIAN_POINT('',(-0.0015,0.003,0.0005));
#18261=CARTESIAN_POINT('',(0.0015,0.003,0.0005));
#18262=CARTESIAN_POINT('',(0.0025,0.002,0.0005));
#18263=CARTESIAN_POINT('',(0.0025,0.002,0.0005));
#18264=CARTESIAN_POINT('',(0.00635,0.002,0.0005));
#18265=CARTESIAN_POINT('',(0.00635,1.110223024625E-18,0.0005));
#18266=CARTESIAN_POINT('',(0.,0.,0.0005));
#18267=CARTESIAN_POINT('',(-0.0019,0.,0.0005));
#18268=CARTESIAN_POINT('',(-0.00555,-0.0058,0.0005));
#18269=CARTESIAN_POINT('',(-0.00605,-0.0058,0.0005));
#18270=CARTESIAN_POINT('',(0.00555,-0.0058,0.0005));
#18271=CARTESIAN_POINT('',(0.00505,-0.0058,0.0005));
#18272=CARTESIAN_POINT('',(0.0061875,-0.007,-0.0003));
#18273=CARTESIAN_POINT('',(0.0062484375,0.002,0.));
#18274=CARTESIAN_POINT('',(-0.007,-0.007,0.));
#18275=CARTESIAN_POINT('',(-0.007,-0.007,0.0037));
#18276=CARTESIAN_POINT('',(-0.00635,0.002,0.0005));
#18277=CARTESIAN_POINT('',(0.007,0.007,0.));
#18278=CARTESIAN_POINT('',(0.0025,0.002,0.));
#18279=CARTESIAN_POINT('',(0.0025,0.002,0.));
#18280=CARTESIAN_POINT('',(0.0015,0.003,0.));
#18281=CARTESIAN_POINT('',(-0.0015,0.003,0.));
#18282=CARTESIAN_POINT('',(-0.0015,0.003,0.));
#18283=CARTESIAN_POINT('',(-0.0025,0.002,0.));
#18284=CARTESIAN_POINT('',(-0.0025,0.002,0.));
#18285=CARTESIAN_POINT('',(-0.007,0.002,0.));
#18286=CARTESIAN_POINT('',(-0.00555,-0.0058,0.));
#18287=CARTESIAN_POINT('',(-0.00605,-0.0058,0.));
#18288=CARTESIAN_POINT('',(-0.00605,-0.0058,0.));
#18289=CARTESIAN_POINT('',(-0.00555,-0.0058,0.));
#18290=CARTESIAN_POINT('',(0.00555,-0.0058,0.));
#18291=CARTESIAN_POINT('',(0.00505,-0.0058,0.));
#18292=CARTESIAN_POINT('',(0.00505,-0.0058,0.));
#18293=CARTESIAN_POINT('',(0.00555,-0.0058,0.));
#18294=CARTESIAN_POINT('',(8.921435019309E-19,8.921435019309E-19,0.));
#18295=CARTESIAN_POINT('',(8.921435019309E-19,8.921435019309E-19,0.));
#18296=CARTESIAN_POINT('',(0.0078,0.0078,0.005));
#18297=CARTESIAN_POINT('',(-0.0078,-0.0078,0.005));
#18298=CARTESIAN_POINT('',(0.,0.,-0.00235));
#18299=CARTESIAN_POINT('',(0.,0.,-0.0017));
#18300=CARTESIAN_POINT('',(0.00189999999999983,-2.32682891837977E-19,-0.0017));
#18301=CARTESIAN_POINT('',(-0.00189999999999992,1.28485646696525E-16,-0.0017));
#18302=CARTESIAN_POINT('',(0.,0.,-0.0017));
#18303=CARTESIAN_POINT('',(0.00165,-2.02066721859313E-19,-0.00235));
#18304=CARTESIAN_POINT('',(0.00140000000000014,-1.71450551880647E-19,-0.00300000000000006));
#18305=CARTESIAN_POINT('',(0.,0.,-0.00300000000000006));
#18306=CARTESIAN_POINT('',(0.,0.,0.));
#18307=CARTESIAN_POINT('',(-0.0019,0.,0.));
#18308=CARTESIAN_POINT('',(-1.411252217568E-19,0.,-0.003));
#18309=CARTESIAN_POINT('',(0.18008,-0.11454,0.001595));
#18310=CARTESIAN_POINT('',(0.00591,-0.00231,0.0053));
#18311=CARTESIAN_POINT('',(0.00591,-0.00261,0.0053));
#18312=CARTESIAN_POINT('',(0.00581,-0.00261,0.0052));
#18313=CARTESIAN_POINT('',(0.00601,-0.00261,0.0054));
#18314=CARTESIAN_POINT('',(0.00601,-0.00231,0.0054));
#18315=CARTESIAN_POINT('',(0.00601,-0.00221,0.0054));
#18316=CARTESIAN_POINT('',(0.00591,-0.00221,0.0053));
#18317=CARTESIAN_POINT('',(0.00581,-0.00221,0.0052));
#18318=CARTESIAN_POINT('',(0.00581,-0.00231,0.0052));
#18319=CARTESIAN_POINT('',(0.00621,-0.00241,0.0054));
#18320=CARTESIAN_POINT('',(0.00621,-0.00261,0.0054));
#18321=CARTESIAN_POINT('',(0.00641,-0.00261,0.0054));
#18322=CARTESIAN_POINT('',(0.00641,-0.00251,0.0054));
#18323=CARTESIAN_POINT('',(0.00641,-0.00221,0.0054));
#18324=CARTESIAN_POINT('',(0.00621,-0.00221,0.0054));
#18325=CARTESIAN_POINT('',(0.00581,-0.00261,0.));
#18326=CARTESIAN_POINT('',(0.00581,-0.00261,0.));
#18327=CARTESIAN_POINT('',(0.00581,-0.00261,0.));
#18328=CARTESIAN_POINT('',(0.00621,-0.00261,0.));
#18329=CARTESIAN_POINT('',(0.00661,-0.00261,0.));
#18330=CARTESIAN_POINT('',(0.00661,-0.00261,0.));
#18331=CARTESIAN_POINT('',(0.00661,-0.00261,0.0052));
#18332=CARTESIAN_POINT('',(0.00651,-0.00261,0.0053));
#18333=CARTESIAN_POINT('',(0.00651,-0.00251,0.0053));
#18334=CARTESIAN_POINT('',(0.00651,-0.00221,0.0053));
#18335=CARTESIAN_POINT('',(0.00661,-0.00221,0.0052));
#18336=CARTESIAN_POINT('',(0.00661,-0.00251,0.0052));
#18337=CARTESIAN_POINT('',(0.00661,-0.00221,0.));
#18338=CARTESIAN_POINT('',(0.00661,-0.00221,0.));
#18339=CARTESIAN_POINT('',(0.00661,-0.00221,0.));
#18340=CARTESIAN_POINT('',(0.00621,-0.00221,0.));
#18341=CARTESIAN_POINT('',(0.00581,-0.00221,0.));
#18342=CARTESIAN_POINT('',(0.00581,-0.00221,0.));
#18343=CARTESIAN_POINT('',(0.00661,-0.00261,0.));
#18344=CARTESIAN_POINT('',(0.00661,-0.00241,0.));
#18345=CARTESIAN_POINT('',(0.00581,-0.00221,0.));
#18346=CARTESIAN_POINT('',(0.00581,-0.00241,0.));
#18347=CARTESIAN_POINT('',(0.00621,-0.00241,0.));
#18348=CARTESIAN_POINT('',(0.17513,-0.11214,0.003595));
#18349=CARTESIAN_POINT('',(0.00016,9.5E-5,0.0053));
#18350=CARTESIAN_POINT('',(0.00016,0.00032,0.0053));
#18351=CARTESIAN_POINT('',(0.00026,0.00032,0.0052));
#18352=CARTESIAN_POINT('',(6.E-5,0.00032,0.0054));
#18353=CARTESIAN_POINT('',(6.E-5,9.5E-5,0.0054));
#18354=CARTESIAN_POINT('',(6.E-5,2.E-5,0.0054));
#18355=CARTESIAN_POINT('',(0.00016,2.E-5,0.0053));
#18356=CARTESIAN_POINT('',(0.00026,2.E-5,0.0052));
#18357=CARTESIAN_POINT('',(0.00026,9.5E-5,0.0052));
#18358=CARTESIAN_POINT('',(-0.00054,2.E-5,0.));
#18359=CARTESIAN_POINT('',(-0.00014,2.E-5,0.0054));
#18360=CARTESIAN_POINT('',(-0.00034,2.E-5,0.0054));
#18361=CARTESIAN_POINT('',(-0.00044,2.E-5,0.0053));
#18362=CARTESIAN_POINT('',(-0.00054,2.E-5,0.0052));
#18363=CARTESIAN_POINT('',(-0.00054,2.E-5,0.));
#18364=CARTESIAN_POINT('',(-0.00054,2.E-5,0.));
#18365=CARTESIAN_POINT('',(-0.00014,2.E-5,0.));
#18366=CARTESIAN_POINT('',(0.00026,2.E-5,0.));
#18367=CARTESIAN_POINT('',(0.00026,2.E-5,0.));
#18368=CARTESIAN_POINT('',(-0.00014,0.00017,0.0054));
#18369=CARTESIAN_POINT('',(-0.00014,0.00032,0.0054));
#18370=CARTESIAN_POINT('',(-0.00034,0.00032,0.0054));
#18371=CARTESIAN_POINT('',(-0.00034,0.000245,0.0054));
#18372=CARTESIAN_POINT('',(-0.00044,0.000245,0.0053));
#18373=CARTESIAN_POINT('',(-0.00044,0.00032,0.0053));
#18374=CARTESIAN_POINT('',(-0.00054,0.00032,0.0052));
#18375=CARTESIAN_POINT('',(-0.00054,0.000245,0.0052));
#18376=CARTESIAN_POINT('',(-0.00054,0.00032,0.));
#18377=CARTESIAN_POINT('',(-0.00054,0.00032,0.));
#18378=CARTESIAN_POINT('',(-0.00054,0.00032,0.));
#18379=CARTESIAN_POINT('',(-0.00054,0.00017,0.));
#18380=CARTESIAN_POINT('',(0.00026,0.00032,0.));
#18381=CARTESIAN_POINT('',(0.00026,0.00032,0.));
#18382=CARTESIAN_POINT('',(0.00026,0.00032,0.));
#18383=CARTESIAN_POINT('',(-0.00014,0.00032,0.));
#18384=CARTESIAN_POINT('',(0.00026,2.E-5,0.));
#18385=CARTESIAN_POINT('',(0.00026,0.00017,0.));
#18386=CARTESIAN_POINT('',(-0.00014,0.00017,0.));
#18387=CARTESIAN_POINT('',(0.17513,-0.11214,0.003595));
#18388=CARTESIAN_POINT('',(0.,0.,0.));
#18389=CARTESIAN_POINT('',(0.0005,-0.001,0.0041));
#18390=CARTESIAN_POINT('',(0.0004,-0.001,0.0042));
#18391=CARTESIAN_POINT('',(0.0004,-0.000199999999999965,0.00419999999999995));
#18392=CARTESIAN_POINT('',(0.0004,-0.0018,0.0042));
#18393=CARTESIAN_POINT('',(0.0004,-0.0018,0.0042));
#18394=CARTESIAN_POINT('',(0.0006,-0.002,0.004));
#18395=CARTESIAN_POINT('',(0.0006,-0.001,0.004));
#18396=CARTESIAN_POINT('',(0.0006,-0.0006,0.004));
#18397=CARTESIAN_POINT('',(0.0006,-0.0006,0.004));
#18398=CARTESIAN_POINT('',(0.000541421356237,-0.000541421356237,0.004058578643763));
#18399=CARTESIAN_POINT('',(0.000541421356237,-0.000541421356237,0.004058578643763));
#18400=CARTESIAN_POINT('',(-0.0003,-0.0019,0.0041));
#18401=CARTESIAN_POINT('',(-0.0003,-0.0018,0.0042));
#18402=CARTESIAN_POINT('',(-0.0004,-0.0018,0.0042));
#18403=CARTESIAN_POINT('',(-0.0004,-0.0018,0.0042));
#18404=CARTESIAN_POINT('',(-0.0006,-0.002,0.004));
#18405=CARTESIAN_POINT('',(-0.0003,-0.002,0.004));
#18406=CARTESIAN_POINT('',(-0.0005,-0.0003,0.0041));
#18407=CARTESIAN_POINT('',(-0.0004,-0.0003,0.0042));
#18408=CARTESIAN_POINT('',(-0.0004,-0.000199999999999965,0.00419999999999995));
#18409=CARTESIAN_POINT('',(-0.0004,-0.0002,0.0042));
#18410=CARTESIAN_POINT('',(-0.000541421356237049,-0.00054142135623699,0.00405857864376289));
#18411=CARTESIAN_POINT('',(-0.000541421356237,-0.000541421356237,0.004058578643763));
#18412=CARTESIAN_POINT('',(-0.0006,-0.0006,0.004));
#18413=CARTESIAN_POINT('',(-0.0006,-0.0003,0.004));
#18414=CARTESIAN_POINT('',(-0.0005,-0.000370710678119,0.004129289321881));
#18415=CARTESIAN_POINT('',(-0.0005,-0.000199999999999931,0.00419999999999983));
#18416=CARTESIAN_POINT('',(-0.0018,-0.000199999999999829,0.00419999999999989));
#18417=CARTESIAN_POINT('',(-0.0018,-0.000199999999999931,0.00419999999999983));
#18418=CARTESIAN_POINT('',(-0.00194142135623715,-0.000541421356237122,0.0040585786437626));
#18419=CARTESIAN_POINT('',(-0.0005,-0.000541421356236863,0.00405857864376267));
#18420=CARTESIAN_POINT('',(-0.0019,0.0003,0.0041));
#18421=CARTESIAN_POINT('',(-0.0018,0.0003,0.0042));
#18422=CARTESIAN_POINT('',(-0.0018,0.0004,0.0042));
#18423=CARTESIAN_POINT('',(-0.0018,0.0004,0.0042));
#18424=CARTESIAN_POINT('',(-0.002,0.0006,0.004));
#18425=CARTESIAN_POINT('',(-0.002,0.0003,0.004));
#18426=CARTESIAN_POINT('',(-0.002,-0.0006,0.004));
#18427=CARTESIAN_POINT('',(-0.002,-0.0006,0.004));
#18428=CARTESIAN_POINT('',(-0.0003,0.0005,0.0041));
#18429=CARTESIAN_POINT('',(-0.0003,0.0004,0.0042));
#18430=CARTESIAN_POINT('',(-0.0004,0.0004,0.0042));
#18431=CARTESIAN_POINT('',(-0.0004,0.0004,0.0042));
#18432=CARTESIAN_POINT('',(-0.0006,0.0006,0.004));
#18433=CARTESIAN_POINT('',(-0.0003,0.0006,0.004));
#18434=CARTESIAN_POINT('',(-0.0005,0.001,0.0041));
#18435=CARTESIAN_POINT('',(-0.0004,0.001,0.0042));
#18436=CARTESIAN_POINT('',(-0.0004,0.0018,0.0042));
#18437=CARTESIAN_POINT('',(-0.0004,0.0018,0.0042));
#18438=CARTESIAN_POINT('',(-0.0006,0.002,0.004));
#18439=CARTESIAN_POINT('',(-0.0006,0.001,0.004));
#18440=CARTESIAN_POINT('',(0.00015,-0.000370710678119,0.004129289321881));
#18441=CARTESIAN_POINT('',(0.0003,-0.000541421356237,0.004058578643763));
#18442=CARTESIAN_POINT('',(0.00194142135623715,-0.00054142135623719,0.00405857864376277));
#18443=CARTESIAN_POINT('',(0.001941421356237,-0.000541421356236863,0.00405857864376267));
#18444=CARTESIAN_POINT('',(0.0018,-0.000199999999999829,0.00419999999999989));
#18445=CARTESIAN_POINT('',(0.00015,-0.000199999999999931,0.00419999999999983));
#18446=CARTESIAN_POINT('',(0.,0.,0.0042));
#18447=CARTESIAN_POINT('',(0.0018,-0.0003,0.0042));
#18448=CARTESIAN_POINT('',(0.0018,0.0004,0.0042));
#18449=CARTESIAN_POINT('',(0.001,0.0004,0.0042));
#18450=CARTESIAN_POINT('',(0.0004,0.0004,0.0042));
#18451=CARTESIAN_POINT('',(0.0004,0.0003,0.0042));
#18452=CARTESIAN_POINT('',(0.0004,0.0018,0.0042));
#18453=CARTESIAN_POINT('',(0.0003,0.0018,0.0042));
#18454=CARTESIAN_POINT('',(0.0019,-0.0003,0.0041));
#18455=CARTESIAN_POINT('',(0.001941421356237,-0.000541421356237,0.004058578643763));
#18456=CARTESIAN_POINT('',(0.002,-0.0006,0.004));
#18457=CARTESIAN_POINT('',(0.002,-0.0003,0.004));
#18458=CARTESIAN_POINT('',(0.002,0.0006,0.004));
#18459=CARTESIAN_POINT('',(0.002,0.0006,0.004));
#18460=CARTESIAN_POINT('',(0.0003,-0.0005,0.0041));
#18461=CARTESIAN_POINT('',(0.0003,-0.0006,0.004));
#18462=CARTESIAN_POINT('',(0.0006,-0.002,0.));
#18463=CARTESIAN_POINT('',(0.0006,-0.002,0.));
#18464=CARTESIAN_POINT('',(0.0006,-0.002,0.));
#18465=CARTESIAN_POINT('',(0.0006,9.91270557701E-19,0.));
#18466=CARTESIAN_POINT('',(0.0006,-0.0006,0.));
#18467=CARTESIAN_POINT('',(0.0006,-0.0006,0.));
#18468=CARTESIAN_POINT('',(-0.0006,-0.002,0.));
#18469=CARTESIAN_POINT('',(-0.0006,-0.002,0.));
#18470=CARTESIAN_POINT('',(-0.0006,-0.002,0.));
#18471=CARTESIAN_POINT('',(0.,-0.002,0.));
#18472=CARTESIAN_POINT('',(-0.0006,-0.0006,0.));
#18473=CARTESIAN_POINT('',(-0.0006,-0.0006,0.));
#18474=CARTESIAN_POINT('',(-0.0006,-0.0006,0.));
#18475=CARTESIAN_POINT('',(-0.0006,9.91270557701E-19,0.));
#18476=CARTESIAN_POINT('',(-0.001,-0.0005,0.0041));
#18477=CARTESIAN_POINT('',(-0.001,-0.0006,0.004));
#18478=CARTESIAN_POINT('',(-0.002,0.0006,0.));
#18479=CARTESIAN_POINT('',(-0.002,0.0006,0.));
#18480=CARTESIAN_POINT('',(-0.002,0.0006,0.));
#18481=CARTESIAN_POINT('',(-0.002,9.91270557701E-19,0.));
#18482=CARTESIAN_POINT('',(-0.002,-0.0006,0.));
#18483=CARTESIAN_POINT('',(-0.002,-0.0006,0.));
#18484=CARTESIAN_POINT('',(0.0003,0.0019,0.0041));
#18485=CARTESIAN_POINT('',(0.0004,0.0018,0.0042));
#18486=CARTESIAN_POINT('',(0.0006,0.002,0.004));
#18487=CARTESIAN_POINT('',(0.0003,0.002,0.004));
#18488=CARTESIAN_POINT('',(0.0005,0.0003,0.0041));
#18489=CARTESIAN_POINT('',(0.0006,0.0006,0.004));
#18490=CARTESIAN_POINT('',(0.0006,0.0006,0.004));
#18491=CARTESIAN_POINT('',(0.0006,0.0003,0.004));
#18492=CARTESIAN_POINT('',(0.0006,0.002,0.));
#18493=CARTESIAN_POINT('',(0.0006,0.002,0.));
#18494=CARTESIAN_POINT('',(0.0006,0.002,0.));
#18495=CARTESIAN_POINT('',(0.,0.002,0.));
#18496=CARTESIAN_POINT('',(-0.0006,0.002,0.));
#18497=CARTESIAN_POINT('',(-0.0006,0.002,0.));
#18498=CARTESIAN_POINT('',(0.0006,0.0006,0.));
#18499=CARTESIAN_POINT('',(0.0006,0.0006,0.));
#18500=CARTESIAN_POINT('',(0.0006,0.0006,0.));
#18501=CARTESIAN_POINT('',(0.0006,9.91270557701E-19,0.));
#18502=CARTESIAN_POINT('',(0.001,0.0005,0.0041));
#18503=CARTESIAN_POINT('',(0.001,0.0006,0.004));
#18504=CARTESIAN_POINT('',(0.002,0.0006,0.));
#18505=CARTESIAN_POINT('',(0.002,0.0006,0.));
#18506=CARTESIAN_POINT('',(0.002,0.0006,0.));
#18507=CARTESIAN_POINT('',(0.,0.0006,0.));
#18508=CARTESIAN_POINT('',(0.002,-0.0006,0.));
#18509=CARTESIAN_POINT('',(0.002,-0.0006,0.));
#18510=CARTESIAN_POINT('',(0.002,-0.0006,0.));
#18511=CARTESIAN_POINT('',(0.002,9.91270557701E-19,0.));
#18512=CARTESIAN_POINT('',(0.0006,-0.0006,0.));
#18513=CARTESIAN_POINT('',(0.,-0.0006,0.));
#18514=CARTESIAN_POINT('',(-0.00165,0.00235,0.));
#18515=CARTESIAN_POINT('',(-0.00165,9.91270557701E-19,0.));
#18516=CARTESIAN_POINT('',(-0.00165,0.00275,0.));
#18517=CARTESIAN_POINT('',(-0.00165,0.00235,0.));
#18518=CARTESIAN_POINT('',(-0.00165,0.00275,0.));
#18519=CARTESIAN_POINT('',(-0.00165,0.00275,0.0042));
#18520=CARTESIAN_POINT('',(-0.00165,1.110223024625E-18,0.0042));
#18521=CARTESIAN_POINT('',(-0.00165,0.00235,0.0042));
#18522=CARTESIAN_POINT('',(-0.00165,0.00235,0.));
#18523=CARTESIAN_POINT('',(-0.00315,0.00235,0.));
#18524=CARTESIAN_POINT('',(0.,0.00235,0.));
#18525=CARTESIAN_POINT('',(-0.00315,0.00235,0.));
#18526=CARTESIAN_POINT('',(-0.002962359550562,0.00235,0.0042));
#18527=CARTESIAN_POINT('',(-0.00315,0.00235,0.0042));
#18528=CARTESIAN_POINT('',(-0.00315,0.00235,0.));
#18529=CARTESIAN_POINT('',(-0.00315,-0.00235,0.));
#18530=CARTESIAN_POINT('',(-0.00315,9.91270557701E-19,0.));
#18531=CARTESIAN_POINT('',(-0.00315,-0.00235,0.));
#18532=CARTESIAN_POINT('',(-0.00315,1.110223024625E-18,0.0042));
#18533=CARTESIAN_POINT('',(-0.00315,-0.00235,0.0042));
#18534=CARTESIAN_POINT('',(-0.00315,-0.00235,0.));
#18535=CARTESIAN_POINT('',(-0.00165,-0.00235,0.));
#18536=CARTESIAN_POINT('',(0.,-0.00235,0.));
#18537=CARTESIAN_POINT('',(-0.00165,-0.00235,0.));
#18538=CARTESIAN_POINT('',(-0.002962359550562,-0.00235,0.0042));
#18539=CARTESIAN_POINT('',(-0.00165,-0.00235,0.0042));
#18540=CARTESIAN_POINT('',(-0.00165,-0.00235,0.));
#18541=CARTESIAN_POINT('',(-0.00165,-0.00275,0.));
#18542=CARTESIAN_POINT('',(-0.00165,9.91270557701E-19,0.));
#18543=CARTESIAN_POINT('',(-0.00165,-0.00275,0.));
#18544=CARTESIAN_POINT('',(-0.00165,1.110223024625E-18,0.0042));
#18545=CARTESIAN_POINT('',(-0.00165,-0.00275,0.0042));
#18546=CARTESIAN_POINT('',(-0.00165,-0.00275,0.));
#18547=CARTESIAN_POINT('',(-0.002962359550562,1.110223024625E-18,0.0042));
#18548=CARTESIAN_POINT('',(-0.00355,1.110223024625E-18,0.0042));
#18549=CARTESIAN_POINT('',(-0.00355,0.00275,0.0042));
#18550=CARTESIAN_POINT('',(-0.00355,-0.00275,0.0042));
#18551=CARTESIAN_POINT('',(-0.002962359550562,-0.00275,0.0042));
#18552=CARTESIAN_POINT('',(-0.002962359550562,0.00275,0.0042));
#18553=CARTESIAN_POINT('',(0.00165,-0.00235,0.));
#18554=CARTESIAN_POINT('',(0.00165,9.91270557701E-19,0.));
#18555=CARTESIAN_POINT('',(0.00165,-0.00275,0.));
#18556=CARTESIAN_POINT('',(0.00165,-0.00235,0.));
#18557=CARTESIAN_POINT('',(0.00165,-0.00275,0.));
#18558=CARTESIAN_POINT('',(0.00165,-0.00275,0.0042));
#18559=CARTESIAN_POINT('',(0.00165,1.110223024625E-18,0.0042));
#18560=CARTESIAN_POINT('',(0.00165,-0.00235,0.0042));
#18561=CARTESIAN_POINT('',(0.00165,-0.00235,0.));
#18562=CARTESIAN_POINT('',(0.00315,-0.00235,0.));
#18563=CARTESIAN_POINT('',(0.,-0.00235,0.));
#18564=CARTESIAN_POINT('',(0.00315,-0.00235,0.));
#18565=CARTESIAN_POINT('',(0.002962359550562,-0.00235,0.0042));
#18566=CARTESIAN_POINT('',(0.00315,-0.00235,0.0042));
#18567=CARTESIAN_POINT('',(0.00315,-0.00235,0.));
#18568=CARTESIAN_POINT('',(0.00315,0.00235,0.));
#18569=CARTESIAN_POINT('',(0.00315,9.91270557701E-19,0.));
#18570=CARTESIAN_POINT('',(0.00315,0.00235,0.));
#18571=CARTESIAN_POINT('',(0.00315,1.110223024625E-18,0.0042));
#18572=CARTESIAN_POINT('',(0.00315,0.00235,0.0042));
#18573=CARTESIAN_POINT('',(0.00315,0.00235,0.));
#18574=CARTESIAN_POINT('',(0.00165,0.00235,0.));
#18575=CARTESIAN_POINT('',(0.,0.00235,0.));
#18576=CARTESIAN_POINT('',(0.00165,0.00235,0.));
#18577=CARTESIAN_POINT('',(0.002962359550562,0.00235,0.0042));
#18578=CARTESIAN_POINT('',(0.00165,0.00235,0.0042));
#18579=CARTESIAN_POINT('',(0.00165,0.00235,0.));
#18580=CARTESIAN_POINT('',(0.00165,0.00275,0.));
#18581=CARTESIAN_POINT('',(0.00165,9.91270557701E-19,0.));
#18582=CARTESIAN_POINT('',(0.00165,0.00275,0.));
#18583=CARTESIAN_POINT('',(0.00165,1.110223024625E-18,0.0042));
#18584=CARTESIAN_POINT('',(0.00165,0.00275,0.0042));
#18585=CARTESIAN_POINT('',(0.00165,0.00275,0.));
#18586=CARTESIAN_POINT('',(0.002962359550562,1.110223024625E-18,0.0042));
#18587=CARTESIAN_POINT('',(0.00355,1.110223024625E-18,0.0042));
#18588=CARTESIAN_POINT('',(0.00355,-0.00275,0.0042));
#18589=CARTESIAN_POINT('',(0.00355,0.00275,0.0042));
#18590=CARTESIAN_POINT('',(0.002962359550562,0.00275,0.0042));
#18591=CARTESIAN_POINT('',(0.002962359550562,-0.00275,0.0042));
#18592=CARTESIAN_POINT('',(-0.002,-0.0006,0.));
#18593=CARTESIAN_POINT('',(0.,-0.0006,0.));
#18594=CARTESIAN_POINT('',(-0.0006,0.0006,0.));
#18595=CARTESIAN_POINT('',(-0.0006,0.0006,0.));
#18596=CARTESIAN_POINT('',(-0.0006,0.0006,0.));
#18597=CARTESIAN_POINT('',(0.,0.0006,0.));
#18598=CARTESIAN_POINT('',(-0.0006,0.002,0.));
#18599=CARTESIAN_POINT('',(-0.0006,9.91270557701E-19,0.));
#18600=CARTESIAN_POINT('',(-0.00355,0.00275,0.));
#18601=CARTESIAN_POINT('',(0.00355,0.00275,0.));
#18602=CARTESIAN_POINT('',(0.00355,0.00275,-0.001));
#18603=CARTESIAN_POINT('',(0.,0.00275,-0.001));
#18604=CARTESIAN_POINT('',(-0.00355,0.00275,-0.001));
#18605=CARTESIAN_POINT('',(-0.00355,0.00275,0.));
#18606=CARTESIAN_POINT('',(0.,0.00275,0.));
#18607=CARTESIAN_POINT('',(-0.00355,-0.00275,0.));
#18608=CARTESIAN_POINT('',(-0.00355,1.110223024625E-18,-0.001));
#18609=CARTESIAN_POINT('',(-0.00355,-0.00275,-0.001));
#18610=CARTESIAN_POINT('',(-0.00355,-0.00275,0.));
#18611=CARTESIAN_POINT('',(0.00355,-0.00275,0.));
#18612=CARTESIAN_POINT('',(0.,-0.00275,-0.001));
#18613=CARTESIAN_POINT('',(0.00355,-0.00275,-0.001));
#18614=CARTESIAN_POINT('',(0.00355,-0.00275,0.));
#18615=CARTESIAN_POINT('',(0.,-0.00275,0.));
#18616=CARTESIAN_POINT('',(0.00355,0.00275,0.));
#18617=CARTESIAN_POINT('',(0.00355,1.110223024625E-18,-0.001));
#18618=CARTESIAN_POINT('',(0.,9.91270557701E-19,0.));
#18619=CARTESIAN_POINT('',(0.,1.110223024625E-18,-0.001));
#18620=CARTESIAN_POINT('',(0.18008,-0.11454,0.012695));
#18621=CARTESIAN_POINT('',(0.,0.,0.));
#18622=CARTESIAN_POINT('',(0.,0.,0.));
#18623=CARTESIAN_POINT('',(0.09713,-0.08814,0.003595));
#18624=CARTESIAN_POINT('',(0.09713,-0.08814,0.003595));
#18625=CARTESIAN_POINT('',(0.,0.,0.));
#18626=CARTESIAN_POINT('',(0.10208,-0.09054,0.012695));
#18627=CARTESIAN_POINT('',(0.10208,-0.09054,0.001595));
#18628=CARTESIAN_POINT('',(0.,0.,0.));
#18629=CARTESIAN_POINT('',(0.,0.,0.));
#18630=CARTESIAN_POINT('',(0.0852,-0.09925,-0.0005));
#18631=CARTESIAN_POINT('',(0.0852,-0.0661,-0.0005));
#18632=CARTESIAN_POINT('',(0.0852,-0.0661,-0.0005));
#18633=CARTESIAN_POINT('',(0.0852,-0.0661,-0.0046));
#18634=CARTESIAN_POINT('',(0.0852,-0.1324,-0.0046));
#18635=CARTESIAN_POINT('',(0.0852,-0.1324,-0.0046));
#18636=CARTESIAN_POINT('',(0.0852,-0.1324,-0.0005));
#18637=CARTESIAN_POINT('',(0.0852,-0.1324,-0.0005));
#18638=CARTESIAN_POINT('',(0.0852,-0.09925,-0.0005));
#18639=CARTESIAN_POINT('',(0.141,-0.1358,-0.0005));
#18640=CARTESIAN_POINT('',(0.0886,-0.1358,-0.006));
#18641=CARTESIAN_POINT('',(0.0886,-0.1358,-0.0005));
#18642=CARTESIAN_POINT('',(0.0886,-0.1358,-0.0046));
#18643=CARTESIAN_POINT('',(0.141,-0.1358,-0.0046));
#18644=CARTESIAN_POINT('',(0.1934,-0.1358,-0.0046));
#18645=CARTESIAN_POINT('',(0.1934,-0.1358,-0.0005));
#18646=CARTESIAN_POINT('',(0.1934,-0.1358,-0.0005));
#18647=CARTESIAN_POINT('',(0.141,-0.1358,-0.0005));
#18648=CARTESIAN_POINT('',(0.1968,-0.09925,-0.0005));
#18649=CARTESIAN_POINT('',(0.1968,-0.1324,-0.0005));
#18650=CARTESIAN_POINT('',(0.1968,-0.1324,-0.0005));
#18651=CARTESIAN_POINT('',(0.1968,-0.1324,-0.0046));
#18652=CARTESIAN_POINT('',(0.1968,-0.09925,-0.0046));
#18653=CARTESIAN_POINT('',(0.1968,-0.0661,-0.0046));
#18654=CARTESIAN_POINT('',(0.1968,-0.0661,-0.0005));
#18655=CARTESIAN_POINT('',(0.1968,-0.0661,-0.0005));
#18656=CARTESIAN_POINT('',(0.1968,-0.09925,-0.0005));
#18657=CARTESIAN_POINT('',(0.141,-0.0627,-0.0005));
#18658=CARTESIAN_POINT('',(0.1934,-0.0627,-0.006));
#18659=CARTESIAN_POINT('',(0.1934,-0.0627,-0.0005));
#18660=CARTESIAN_POINT('',(0.1934,-0.0627,-0.0046));
#18661=CARTESIAN_POINT('',(0.0886,-0.0627,-0.0046));
#18662=CARTESIAN_POINT('',(0.0886,-0.0627,-0.0046));
#18663=CARTESIAN_POINT('',(0.0886,-0.0627,-0.0005));
#18664=CARTESIAN_POINT('',(0.0886,-0.0627,-0.0005));
#18665=CARTESIAN_POINT('',(0.141,-0.0627,-0.0005));
#18666=CARTESIAN_POINT('',(0.141,-0.09925,-0.0005));
#18667=CARTESIAN_POINT('',(0.1934,-0.0661,-0.0005));
#18668=CARTESIAN_POINT('',(0.1944,-0.0661,-0.0005));
#18669=CARTESIAN_POINT('',(0.1934,-0.0651,-0.0005));
#18670=CARTESIAN_POINT('',(0.1944,-0.09925,-0.0005));
#18671=CARTESIAN_POINT('',(0.1944,-0.1324,-0.0005));
#18672=CARTESIAN_POINT('',(0.1934,-0.1324,-0.0005));
#18673=CARTESIAN_POINT('',(0.1934,-0.1334,-0.0005));
#18674=CARTESIAN_POINT('',(0.141,-0.1334,-0.0005));
#18675=CARTESIAN_POINT('',(0.0886,-0.1334,-0.0005));
#18676=CARTESIAN_POINT('',(0.0886,-0.1324,-0.0005));
#18677=CARTESIAN_POINT('',(0.0876,-0.1324,-0.0005));
#18678=CARTESIAN_POINT('',(0.0876,-0.09925,-0.0005));
#18679=CARTESIAN_POINT('',(0.0876,-0.0661,-0.0005));
#18680=CARTESIAN_POINT('',(0.0886,-0.0661,-0.0005));
#18681=CARTESIAN_POINT('',(0.0886,-0.0651,-0.0005));
#18682=CARTESIAN_POINT('',(0.141,-0.0651,-0.0005));
#18683=CARTESIAN_POINT('',(0.1934,-0.0661,-0.0005));
#18684=CARTESIAN_POINT('',(0.0886,-0.0661,-0.0005));
#18685=CARTESIAN_POINT('',(0.0886,-0.1324,-0.0005));
#18686=CARTESIAN_POINT('',(0.1934,-0.1324,-0.0005));
#18687=CARTESIAN_POINT('',(0.141,-0.09925,-0.006));
#18688=CARTESIAN_POINT('',(0.19,-0.0735,-0.006));
#18689=CARTESIAN_POINT('',(0.1917,-0.0735,-0.006));
#18690=CARTESIAN_POINT('',(0.092,-0.1275,-0.006));
#18691=CARTESIAN_POINT('',(0.0937,-0.1275,-0.006));
#18692=CARTESIAN_POINT('',(0.19,-0.1275,-0.006));
#18693=CARTESIAN_POINT('',(0.1917,-0.1275,-0.006));
#18694=CARTESIAN_POINT('',(0.092,-0.0735,-0.006));
#18695=CARTESIAN_POINT('',(0.0937,-0.0735,-0.006));
#18696=CARTESIAN_POINT('',(0.1934,-0.0641,-0.006));
#18697=CARTESIAN_POINT('',(0.0886,-0.0641,-0.006));
#18698=CARTESIAN_POINT('',(0.1934,-0.0641,-0.006));
#18699=CARTESIAN_POINT('',(0.1934,-0.0661,-0.006));
#18700=CARTESIAN_POINT('',(0.1954,-0.0661,-0.006));
#18701=CARTESIAN_POINT('',(0.1954,-0.09925,-0.006));
#18702=CARTESIAN_POINT('',(0.1954,-0.1324,-0.006));
#18703=CARTESIAN_POINT('',(0.1934,-0.1324,-0.006));
#18704=CARTESIAN_POINT('',(0.1934,-0.1344,-0.006));
#18705=CARTESIAN_POINT('',(0.141,-0.1344,-0.006));
#18706=CARTESIAN_POINT('',(0.0886,-0.1344,-0.006));
#18707=CARTESIAN_POINT('',(0.0886,-0.1324,-0.006));
#18708=CARTESIAN_POINT('',(0.0866,-0.1324,-0.006));
#18709=CARTESIAN_POINT('',(0.0866,-0.0661,-0.006));
#18710=CARTESIAN_POINT('',(0.0866,-0.0661,-0.006));
#18711=CARTESIAN_POINT('',(0.0886,-0.0661,-0.006));
#18712=CARTESIAN_POINT('',(0.1934,-0.0661,-0.0005));
#18713=CARTESIAN_POINT('',(0.1934,-0.0661,-0.0046));
#18714=CARTESIAN_POINT('',(0.1934,-0.1324,-0.0005));
#18715=CARTESIAN_POINT('',(0.1934,-0.1324,-0.0046));
#18716=CARTESIAN_POINT('',(0.0886,-0.0661,-0.0005));
#18717=CARTESIAN_POINT('',(0.0886,-0.0661,-0.0046));
#18718=CARTESIAN_POINT('',(0.0886,-0.1324,-0.0005));
#18719=CARTESIAN_POINT('',(0.0886,-0.1324,-0.0046));
#18720=CARTESIAN_POINT('',(0.141,-0.1344,-0.0046));
#18721=CARTESIAN_POINT('',(0.1934,-0.1344,-0.0046));
#18722=CARTESIAN_POINT('',(0.0886,-0.1344,-0.0046));
#18723=CARTESIAN_POINT('',(0.0886,-0.1324,-0.0046));
#18724=CARTESIAN_POINT('',(0.0866,-0.1324,-0.0046));
#18725=CARTESIAN_POINT('',(0.1934,-0.1324,-0.0046));
#18726=CARTESIAN_POINT('',(0.1954,-0.1324,-0.0046));
#18727=CARTESIAN_POINT('',(0.0866,-0.09925,-0.0046));
#18728=CARTESIAN_POINT('',(0.0866,-0.0661,-0.0046));
#18729=CARTESIAN_POINT('',(0.1954,-0.09925,-0.0046));
#18730=CARTESIAN_POINT('',(0.1954,-0.0661,-0.0046));
#18731=CARTESIAN_POINT('',(0.0886,-0.0661,-0.0046));
#18732=CARTESIAN_POINT('',(0.0886,-0.0641,-0.0046));
#18733=CARTESIAN_POINT('',(0.1934,-0.0661,-0.0046));
#18734=CARTESIAN_POINT('',(0.1934,-0.0641,-0.0046));
#18735=CARTESIAN_POINT('',(0.141,-0.0641,-0.0046));
#18736=CARTESIAN_POINT('',(0.0876,-0.09925,0.001));
#18737=CARTESIAN_POINT('',(0.0876,-0.1324,0.001));
#18738=CARTESIAN_POINT('',(0.0876,-0.1324,-0.004));
#18739=CARTESIAN_POINT('',(0.0876,-0.09925,-0.004));
#18740=CARTESIAN_POINT('',(0.0876,-0.0661,-0.004));
#18741=CARTESIAN_POINT('',(0.0876,-0.0661,0.001));
#18742=CARTESIAN_POINT('',(0.141,-0.1334,0.001));
#18743=CARTESIAN_POINT('',(0.1934,-0.1334,0.001));
#18744=CARTESIAN_POINT('',(0.1934,-0.1334,-0.004));
#18745=CARTESIAN_POINT('',(0.141,-0.1334,-0.004));
#18746=CARTESIAN_POINT('',(0.0886,-0.1334,-0.004));
#18747=CARTESIAN_POINT('',(0.0886,-0.1334,-0.004));
#18748=CARTESIAN_POINT('',(0.1944,-0.09925,0.001));
#18749=CARTESIAN_POINT('',(0.1944,-0.0661,0.001));
#18750=CARTESIAN_POINT('',(0.1944,-0.0661,-0.004));
#18751=CARTESIAN_POINT('',(0.1944,-0.09925,-0.004));
#18752=CARTESIAN_POINT('',(0.1944,-0.1324,-0.004));
#18753=CARTESIAN_POINT('',(0.1944,-0.1324,0.001));
#18754=CARTESIAN_POINT('',(0.141,-0.0651,0.001));
#18755=CARTESIAN_POINT('',(0.0886,-0.0651,0.001));
#18756=CARTESIAN_POINT('',(0.0886,-0.0651,-0.004));
#18757=CARTESIAN_POINT('',(0.141,-0.0651,-0.004));
#18758=CARTESIAN_POINT('',(0.1934,-0.0651,-0.004));
#18759=CARTESIAN_POINT('',(0.1934,-0.0651,-0.004));
#18760=CARTESIAN_POINT('',(0.141,-0.09925,-0.004));
#18761=CARTESIAN_POINT('',(0.19,-0.0735,-0.004));
#18762=CARTESIAN_POINT('',(0.1935,-0.0735,-0.004));
#18763=CARTESIAN_POINT('',(0.092,-0.1275,-0.004));
#18764=CARTESIAN_POINT('',(0.0955,-0.1275,-0.004));
#18765=CARTESIAN_POINT('',(0.19,-0.1275,-0.004));
#18766=CARTESIAN_POINT('',(0.1935,-0.1275,-0.004));
#18767=CARTESIAN_POINT('',(0.092,-0.0735,-0.004));
#18768=CARTESIAN_POINT('',(0.0955,-0.0735,-0.004));
#18769=CARTESIAN_POINT('',(0.0886,-0.0661,-0.004));
#18770=CARTESIAN_POINT('',(0.0886,-0.1324,-0.004));
#18771=CARTESIAN_POINT('',(0.1934,-0.1324,-0.004));
#18772=CARTESIAN_POINT('',(0.1934,-0.0661,-0.004));
#18773=CARTESIAN_POINT('',(0.1934,-0.0661,0.001));
#18774=CARTESIAN_POINT('',(0.1934,-0.1324,0.001));
#18775=CARTESIAN_POINT('',(0.0886,-0.0661,0.001));
#18776=CARTESIAN_POINT('',(0.0886,-0.1324,0.001));
#18777=CARTESIAN_POINT('',(0.092,-0.0735,0.));
#18778=CARTESIAN_POINT('',(0.092,-0.0735,0.));
#18779=CARTESIAN_POINT('',(0.0955,-0.0735,0.));
#18780=CARTESIAN_POINT('',(0.092,-0.0735,0.));
#18781=CARTESIAN_POINT('',(0.092,-0.0735,0.));
#18782=CARTESIAN_POINT('',(0.0937,-0.0735,0.));
#18783=CARTESIAN_POINT('',(0.19,-0.1275,0.));
#18784=CARTESIAN_POINT('',(0.19,-0.1275,0.));
#18785=CARTESIAN_POINT('',(0.1935,-0.1275,0.));
#18786=CARTESIAN_POINT('',(0.19,-0.1275,0.));
#18787=CARTESIAN_POINT('',(0.19,-0.1275,0.));
#18788=CARTESIAN_POINT('',(0.1917,-0.1275,0.));
#18789=CARTESIAN_POINT('',(0.092,-0.1275,0.));
#18790=CARTESIAN_POINT('',(0.092,-0.1275,0.));
#18791=CARTESIAN_POINT('',(0.0955,-0.1275,0.));
#18792=CARTESIAN_POINT('',(0.092,-0.1275,0.));
#18793=CARTESIAN_POINT('',(0.092,-0.1275,0.));
#18794=CARTESIAN_POINT('',(0.0937,-0.1275,0.));
#18795=CARTESIAN_POINT('',(0.19,-0.0735,0.));
#18796=CARTESIAN_POINT('',(0.19,-0.0735,0.));
#18797=CARTESIAN_POINT('',(0.1935,-0.0735,0.));
#18798=CARTESIAN_POINT('',(0.19,-0.0735,0.));
#18799=CARTESIAN_POINT('',(0.19,-0.0735,0.));
#18800=CARTESIAN_POINT('',(0.1917,-0.0735,0.));
#18801=CARTESIAN_POINT('',(0.19,-0.0735,0.0005));
#18802=CARTESIAN_POINT('',(0.092,-0.1275,0.0005));
#18803=CARTESIAN_POINT('',(0.19,-0.1275,0.0005));
#18804=CARTESIAN_POINT('',(0.092,-0.0735,0.0005));
#18805=CARTESIAN_POINT('',(0.,0.,0.));
#18806=CARTESIAN_POINT('',(0.0038,0.,3.E-5));
#18807=CARTESIAN_POINT('',(0.0038,0.,0.00033));
#18808=CARTESIAN_POINT('',(0.0098,1.33226762955019E-18,0.00033));
#18809=CARTESIAN_POINT('',(0.0098,2.66453525910037E-18,3.E-5));
#18810=CARTESIAN_POINT('',(0.0098,1.33226762955019E-18,0.008048518518519));
#18811=CARTESIAN_POINT('',(0.0038,-8.91040357515E-38,0.008048518518519));
#18812=CARTESIAN_POINT('',(0.0038,1.804356723968E-38,0.00033));
#18813=CARTESIAN_POINT('',(0.0038,1.99935328899475E-51,3.E-5));
#18814=CARTESIAN_POINT('',(0.0095,2.00240194107775E-51,3.E-5));
#18815=CARTESIAN_POINT('',(0.0095,1.804356723968E-38,0.00033));
#18816=CARTESIAN_POINT('',(0.0038,-8.91040357515E-38,0.008048518518519));
#18817=CARTESIAN_POINT('',(0.008318518518519,-8.91040357515E-38,0.008048518518519));
#18818=CARTESIAN_POINT('',(0.008318518518519,-3.25869819151128E-50,0.00953));
#18819=CARTESIAN_POINT('',(0.0038,-3.26682842885878E-50,0.00953));
#18820=CARTESIAN_POINT('',(0.0038,2.108840176837E-19,3.E-5));
#18821=CARTESIAN_POINT('',(0.,0.,3.E-5));
#18822=CARTESIAN_POINT('',(0.00045,0.,3.E-5));
#18823=CARTESIAN_POINT('',(0.0076,0.,3.E-5));
#18824=CARTESIAN_POINT('',(0.00805,0.,3.E-5));
#18825=CARTESIAN_POINT('',(0.0038,2.108840176837E-19,0.00953));
#18826=CARTESIAN_POINT('',(0.0038,0.,0.00953));
#18827=CARTESIAN_POINT('',(0.0048,0.,0.00953));
#18828=CARTESIAN_POINT('',(0.,0.,0.00103));
#18829=CARTESIAN_POINT('',(0.00045,0.,0.00103));
#18830=CARTESIAN_POINT('',(0.00045,0.,-0.00282));
#18831=CARTESIAN_POINT('',(0.,0.,-0.00282));
#18832=CARTESIAN_POINT('',(0.0076,0.,0.00103));
#18833=CARTESIAN_POINT('',(0.00805,0.,0.00103));
#18834=CARTESIAN_POINT('',(0.00805,3.02140238543493E-36,-0.00282));
#18835=CARTESIAN_POINT('',(0.0076,0.,-0.00282));
#18836=CARTESIAN_POINT('',(0.0038,0.,0.00193));
#18837=CARTESIAN_POINT('',(0.0038,0.,0.00933));
#18838=CARTESIAN_POINT('',(0.0048,0.,0.00933));
#18839=CARTESIAN_POINT('',(0.0048,0.,0.00193));
#18840=CARTESIAN_POINT('',(0.,0.,-0.00282));
#18841=CARTESIAN_POINT('',(0.,0.,-0.003));
#18842=CARTESIAN_POINT('',(0.00027,0.,-0.003));
#18843=CARTESIAN_POINT('',(0.00027,0.,-0.00282));
#18844=CARTESIAN_POINT('',(0.0076,-1.29542663314E-34,-0.00282));
#18845=CARTESIAN_POINT('',(0.0076,-1.35585468084875E-34,-0.003));
#18846=CARTESIAN_POINT('',(0.00787,-5.42341872339528E-35,-0.003));
#18847=CARTESIAN_POINT('',(0.00787,-4.8191382463078E-35,-0.00282));
#18848=CARTESIAN_POINT('',(0.0038,8.737595245399E-20,0.00933));
#18849=CARTESIAN_POINT('',(-1.18701400394E-20,2.911085817041E-20,-0.003));
#18850=CARTESIAN_POINT('',(0.0076,-1.836970198721E-20,-0.003));
#18851=CARTESIAN_POINT('',(0.141,-0.078,0.001595));
#18852=CARTESIAN_POINT('',(0.,0.,0.));
#18853=CARTESIAN_POINT('',(0.18008,-0.09054,0.012695));
#18854=CARTESIAN_POINT('',(0.18008,-0.09054,0.001595));
#18855=CARTESIAN_POINT('',(0.17513,-0.08814,0.003595));
#18856=CARTESIAN_POINT('',(0.17513,-0.08814,0.003595));
#18857=CARTESIAN_POINT('',(0.,0.,0.));
#18858=CARTESIAN_POINT('',(0.,0.,0.));
#18859=CARTESIAN_POINT('',(0.,0.,0.));
#18860=CARTESIAN_POINT('',(0.194,-0.133,0.));
#18861=CARTESIAN_POINT('',(0.194,-0.133,0.));
#18862=CARTESIAN_POINT('',(0.194,-0.133,0.));
#18863=CARTESIAN_POINT('',(0.194,-0.133,0.00151));
#18864=CARTESIAN_POINT('',(0.194,-0.133,0.00151));
#18865=CARTESIAN_POINT('',(0.088,-0.133,0.00151));
#18866=CARTESIAN_POINT('',(0.088,-0.133,0.));
#18867=CARTESIAN_POINT('',(0.088,-0.133,0.));
#18868=CARTESIAN_POINT('',(0.,-0.133,0.));
#18869=CARTESIAN_POINT('',(0.194,-0.0655,0.));
#18870=CARTESIAN_POINT('',(0.194,-0.0655,0.));
#18871=CARTESIAN_POINT('',(0.194,-0.0655,0.));
#18872=CARTESIAN_POINT('',(0.194,-0.0655,0.00151));
#18873=CARTESIAN_POINT('',(0.194,-0.0655,0.00151));
#18874=CARTESIAN_POINT('',(0.194,0.,0.));
#18875=CARTESIAN_POINT('',(0.088,-0.133,0.));
#18876=CARTESIAN_POINT('',(0.088,-0.133,0.00151));
#18877=CARTESIAN_POINT('',(0.088,-0.0655,0.00151));
#18878=CARTESIAN_POINT('',(0.088,-0.0655,0.));
#18879=CARTESIAN_POINT('',(0.088,-0.0655,0.));
#18880=CARTESIAN_POINT('',(0.088,0.,0.));
#18881=CARTESIAN_POINT('',(0.,0.,0.));
#18882=CARTESIAN_POINT('',(0.,-0.0655,0.));
#18883=CARTESIAN_POINT('',(0.092,-0.1275,0.));
#18884=CARTESIAN_POINT('',(0.092,-0.1291,0.));
#18885=CARTESIAN_POINT('',(0.09954,-0.11835,0.));
#18886=CARTESIAN_POINT('',(0.09954,-0.1191,0.));
#18887=CARTESIAN_POINT('',(0.10208,-0.11962,0.));
#18888=CARTESIAN_POINT('',(0.10208,-0.12047,0.));
#18889=CARTESIAN_POINT('',(0.10208,-0.11454,0.));
#18890=CARTESIAN_POINT('',(0.10208,-0.11654,0.));
#18891=CARTESIAN_POINT('',(0.13338,-0.12062,0.));
#18892=CARTESIAN_POINT('',(0.13338,-0.1210645,0.));
#18893=CARTESIAN_POINT('',(0.13338,-0.11808,0.));
#18894=CARTESIAN_POINT('',(0.13338,-0.1185245,0.));
#18895=CARTESIAN_POINT('',(0.13338,-0.11554,0.));
#18896=CARTESIAN_POINT('',(0.13338,-0.1159845,0.));
#18897=CARTESIAN_POINT('',(0.097,-0.112,0.));
#18898=CARTESIAN_POINT('',(0.097,-0.11275,0.));
#18899=CARTESIAN_POINT('',(0.10208,-0.10946,0.));
#18900=CARTESIAN_POINT('',(0.10208,-0.11031,0.));
#18901=CARTESIAN_POINT('',(0.13338,-0.113,0.));
#18902=CARTESIAN_POINT('',(0.13338,-0.1134445,0.));
#18903=CARTESIAN_POINT('',(0.13338,-0.11046,0.));
#18904=CARTESIAN_POINT('',(0.13338,-0.1109045,0.));
#18905=CARTESIAN_POINT('',(0.13338,-0.10792,0.));
#18906=CARTESIAN_POINT('',(0.13338,-0.1083645,0.));
#18907=CARTESIAN_POINT('',(0.13338,-0.10538,0.));
#18908=CARTESIAN_POINT('',(0.13338,-0.1058245,0.));
#18909=CARTESIAN_POINT('',(0.14862,-0.12062,0.));
#18910=CARTESIAN_POINT('',(0.14862,-0.1210645,0.));
#18911=CARTESIAN_POINT('',(0.14862,-0.11808,0.));
#18912=CARTESIAN_POINT('',(0.14862,-0.1185245,0.));
#18913=CARTESIAN_POINT('',(0.14862,-0.11554,0.));
#18914=CARTESIAN_POINT('',(0.14862,-0.1159845,0.));
#18915=CARTESIAN_POINT('',(0.19,-0.1275,0.));
#18916=CARTESIAN_POINT('',(0.19,-0.1291,0.));
#18917=CARTESIAN_POINT('',(0.17754,-0.11835,0.));
#18918=CARTESIAN_POINT('',(0.17754,-0.1191,0.));
#18919=CARTESIAN_POINT('',(0.18008,-0.11962,0.));
#18920=CARTESIAN_POINT('',(0.18008,-0.12047,0.));
#18921=CARTESIAN_POINT('',(0.18008,-0.11454,0.));
#18922=CARTESIAN_POINT('',(0.18008,-0.11654,0.));
#18923=CARTESIAN_POINT('',(0.14862,-0.113,0.));
#18924=CARTESIAN_POINT('',(0.14862,-0.1134445,0.));
#18925=CARTESIAN_POINT('',(0.14862,-0.11046,0.));
#18926=CARTESIAN_POINT('',(0.14862,-0.1109045,0.));
#18927=CARTESIAN_POINT('',(0.14862,-0.10792,0.));
#18928=CARTESIAN_POINT('',(0.14862,-0.1083645,0.));
#18929=CARTESIAN_POINT('',(0.14862,-0.10538,0.));
#18930=CARTESIAN_POINT('',(0.14862,-0.1058245,0.));
#18931=CARTESIAN_POINT('',(0.175,-0.112,0.));
#18932=CARTESIAN_POINT('',(0.175,-0.11275,0.));
#18933=CARTESIAN_POINT('',(0.18008,-0.10946,0.));
#18934=CARTESIAN_POINT('',(0.18008,-0.11031,0.));
#18935=CARTESIAN_POINT('',(0.09954,-0.09435,0.));
#18936=CARTESIAN_POINT('',(0.09954,-0.0951,0.));
#18937=CARTESIAN_POINT('',(0.10208,-0.09562,0.));
#18938=CARTESIAN_POINT('',(0.10208,-0.09647,0.));
#18939=CARTESIAN_POINT('',(0.10208,-0.09054,0.));
#18940=CARTESIAN_POINT('',(0.10208,-0.09254,0.));
#18941=CARTESIAN_POINT('',(0.097,-0.088,0.));
#18942=CARTESIAN_POINT('',(0.097,-0.08875,0.));
#18943=CARTESIAN_POINT('',(0.10208,-0.08546,0.));
#18944=CARTESIAN_POINT('',(0.10208,-0.08631,0.));
#18945=CARTESIAN_POINT('',(0.1321,-0.093,0.));
#18946=CARTESIAN_POINT('',(0.1321,-0.0935,0.));
#18947=CARTESIAN_POINT('',(0.13464,-0.093,0.));
#18948=CARTESIAN_POINT('',(0.13464,-0.0935,0.));
#18949=CARTESIAN_POINT('',(0.13718,-0.093,0.));
#18950=CARTESIAN_POINT('',(0.13718,-0.0935,0.));
#18951=CARTESIAN_POINT('',(0.13972,-0.093,0.));
#18952=CARTESIAN_POINT('',(0.13972,-0.0935,0.));
#18953=CARTESIAN_POINT('',(0.092,-0.0735,0.));
#18954=CARTESIAN_POINT('',(0.092,-0.0751,0.));
#18955=CARTESIAN_POINT('',(0.14226,-0.093,0.));
#18956=CARTESIAN_POINT('',(0.14226,-0.0935,0.));
#18957=CARTESIAN_POINT('',(0.1448,-0.093,0.));
#18958=CARTESIAN_POINT('',(0.1448,-0.0935,0.));
#18959=CARTESIAN_POINT('',(0.14734,-0.093,0.));
#18960=CARTESIAN_POINT('',(0.14734,-0.0935,0.));
#18961=CARTESIAN_POINT('',(0.14988,-0.093,0.));
#18962=CARTESIAN_POINT('',(0.14988,-0.0935,0.));
#18963=CARTESIAN_POINT('',(0.17754,-0.09435,0.));
#18964=CARTESIAN_POINT('',(0.17754,-0.0951,0.));
#18965=CARTESIAN_POINT('',(0.18008,-0.09562,0.));
#18966=CARTESIAN_POINT('',(0.18008,-0.09647,0.));
#18967=CARTESIAN_POINT('',(0.175,-0.088,0.));
#18968=CARTESIAN_POINT('',(0.175,-0.08875,0.));
#18969=CARTESIAN_POINT('',(0.18008,-0.09054,0.));
#18970=CARTESIAN_POINT('',(0.18008,-0.09254,0.));
#18971=CARTESIAN_POINT('',(0.18008,-0.08546,0.));
#18972=CARTESIAN_POINT('',(0.18008,-0.08631,0.));
#18973=CARTESIAN_POINT('',(0.141,-0.078,0.));
#18974=CARTESIAN_POINT('',(0.141,-0.0785,0.));
#18975=CARTESIAN_POINT('',(0.141,-0.0704,0.));
#18976=CARTESIAN_POINT('',(0.141,-0.0709,0.));
#18977=CARTESIAN_POINT('',(0.19,-0.0735,0.));
#18978=CARTESIAN_POINT('',(0.19,-0.0751,0.));
#18979=CARTESIAN_POINT('',(0.,0.,0.00151));
#18980=CARTESIAN_POINT('',(0.088,-0.0655,0.00151));
#18981=CARTESIAN_POINT('',(0.092,-0.1275,0.00151));
#18982=CARTESIAN_POINT('',(0.092,-0.1291,0.00151));
#18983=CARTESIAN_POINT('',(0.09954,-0.11835,0.00151));
#18984=CARTESIAN_POINT('',(0.09954,-0.1191,0.00151));
#18985=CARTESIAN_POINT('',(0.10208,-0.11962,0.00151));
#18986=CARTESIAN_POINT('',(0.10208,-0.12047,0.00151));
#18987=CARTESIAN_POINT('',(0.10208,-0.11454,0.00151));
#18988=CARTESIAN_POINT('',(0.10208,-0.11654,0.00151));
#18989=CARTESIAN_POINT('',(0.13338,-0.12062,0.00151));
#18990=CARTESIAN_POINT('',(0.13338,-0.1210645,0.00151));
#18991=CARTESIAN_POINT('',(0.13338,-0.11808,0.00151));
#18992=CARTESIAN_POINT('',(0.13338,-0.1185245,0.00151));
#18993=CARTESIAN_POINT('',(0.13338,-0.11554,0.00151));
#18994=CARTESIAN_POINT('',(0.13338,-0.1159845,0.00151));
#18995=CARTESIAN_POINT('',(0.097,-0.112,0.00151));
#18996=CARTESIAN_POINT('',(0.097,-0.11275,0.00151));
#18997=CARTESIAN_POINT('',(0.10208,-0.10946,0.00151));
#18998=CARTESIAN_POINT('',(0.10208,-0.11031,0.00151));
#18999=CARTESIAN_POINT('',(0.13338,-0.113,0.00151));
#19000=CARTESIAN_POINT('',(0.13338,-0.1134445,0.00151));
#19001=CARTESIAN_POINT('',(0.13338,-0.11046,0.00151));
#19002=CARTESIAN_POINT('',(0.13338,-0.1109045,0.00151));
#19003=CARTESIAN_POINT('',(0.13338,-0.10792,0.00151));
#19004=CARTESIAN_POINT('',(0.13338,-0.1083645,0.00151));
#19005=CARTESIAN_POINT('',(0.13338,-0.10538,0.00151));
#19006=CARTESIAN_POINT('',(0.13338,-0.1058245,0.00151));
#19007=CARTESIAN_POINT('',(0.14862,-0.12062,0.00151));
#19008=CARTESIAN_POINT('',(0.14862,-0.1210645,0.00151));
#19009=CARTESIAN_POINT('',(0.14862,-0.11808,0.00151));
#19010=CARTESIAN_POINT('',(0.14862,-0.1185245,0.00151));
#19011=CARTESIAN_POINT('',(0.14862,-0.11554,0.00151));
#19012=CARTESIAN_POINT('',(0.14862,-0.1159845,0.00151));
#19013=CARTESIAN_POINT('',(0.19,-0.1275,0.00151));
#19014=CARTESIAN_POINT('',(0.19,-0.1291,0.00151));
#19015=CARTESIAN_POINT('',(0.17754,-0.11835,0.00151));
#19016=CARTESIAN_POINT('',(0.17754,-0.1191,0.00151));
#19017=CARTESIAN_POINT('',(0.18008,-0.11962,0.00151));
#19018=CARTESIAN_POINT('',(0.18008,-0.12047,0.00151));
#19019=CARTESIAN_POINT('',(0.18008,-0.11454,0.00151));
#19020=CARTESIAN_POINT('',(0.18008,-0.11654,0.00151));
#19021=CARTESIAN_POINT('',(0.14862,-0.113,0.00151));
#19022=CARTESIAN_POINT('',(0.14862,-0.1134445,0.00151));
#19023=CARTESIAN_POINT('',(0.14862,-0.11046,0.00151));
#19024=CARTESIAN_POINT('',(0.14862,-0.1109045,0.00151));
#19025=CARTESIAN_POINT('',(0.14862,-0.10792,0.00151));
#19026=CARTESIAN_POINT('',(0.14862,-0.1083645,0.00151));
#19027=CARTESIAN_POINT('',(0.14862,-0.10538,0.00151));
#19028=CARTESIAN_POINT('',(0.14862,-0.1058245,0.00151));
#19029=CARTESIAN_POINT('',(0.175,-0.112,0.00151));
#19030=CARTESIAN_POINT('',(0.175,-0.11275,0.00151));
#19031=CARTESIAN_POINT('',(0.18008,-0.10946,0.00151));
#19032=CARTESIAN_POINT('',(0.18008,-0.11031,0.00151));
#19033=CARTESIAN_POINT('',(0.09954,-0.09435,0.00151));
#19034=CARTESIAN_POINT('',(0.09954,-0.0951,0.00151));
#19035=CARTESIAN_POINT('',(0.10208,-0.09562,0.00151));
#19036=CARTESIAN_POINT('',(0.10208,-0.09647,0.00151));
#19037=CARTESIAN_POINT('',(0.10208,-0.09054,0.00151));
#19038=CARTESIAN_POINT('',(0.10208,-0.09254,0.00151));
#19039=CARTESIAN_POINT('',(0.097,-0.088,0.00151));
#19040=CARTESIAN_POINT('',(0.097,-0.08875,0.00151));
#19041=CARTESIAN_POINT('',(0.10208,-0.08546,0.00151));
#19042=CARTESIAN_POINT('',(0.10208,-0.08631,0.00151));
#19043=CARTESIAN_POINT('',(0.1321,-0.093,0.00151));
#19044=CARTESIAN_POINT('',(0.1321,-0.0935,0.00151));
#19045=CARTESIAN_POINT('',(0.13464,-0.093,0.00151));
#19046=CARTESIAN_POINT('',(0.13464,-0.0935,0.00151));
#19047=CARTESIAN_POINT('',(0.13718,-0.093,0.00151));
#19048=CARTESIAN_POINT('',(0.13718,-0.0935,0.00151));
#19049=CARTESIAN_POINT('',(0.13972,-0.093,0.00151));
#19050=CARTESIAN_POINT('',(0.13972,-0.0935,0.00151));
#19051=CARTESIAN_POINT('',(0.092,-0.0735,0.00151));
#19052=CARTESIAN_POINT('',(0.092,-0.0751,0.00151));
#19053=CARTESIAN_POINT('',(0.14226,-0.093,0.00151));
#19054=CARTESIAN_POINT('',(0.14226,-0.0935,0.00151));
#19055=CARTESIAN_POINT('',(0.1448,-0.093,0.00151));
#19056=CARTESIAN_POINT('',(0.1448,-0.0935,0.00151));
#19057=CARTESIAN_POINT('',(0.14734,-0.093,0.00151));
#19058=CARTESIAN_POINT('',(0.14734,-0.0935,0.00151));
#19059=CARTESIAN_POINT('',(0.14988,-0.093,0.00151));
#19060=CARTESIAN_POINT('',(0.14988,-0.0935,0.00151));
#19061=CARTESIAN_POINT('',(0.17754,-0.09435,0.00151));
#19062=CARTESIAN_POINT('',(0.17754,-0.0951,0.00151));
#19063=CARTESIAN_POINT('',(0.18008,-0.09562,0.00151));
#19064=CARTESIAN_POINT('',(0.18008,-0.09647,0.00151));
#19065=CARTESIAN_POINT('',(0.175,-0.088,0.00151));
#19066=CARTESIAN_POINT('',(0.175,-0.08875,0.00151));
#19067=CARTESIAN_POINT('',(0.18008,-0.09054,0.00151));
#19068=CARTESIAN_POINT('',(0.18008,-0.09254,0.00151));
#19069=CARTESIAN_POINT('',(0.18008,-0.08546,0.00151));
#19070=CARTESIAN_POINT('',(0.18008,-0.08631,0.00151));
#19071=CARTESIAN_POINT('',(0.141,-0.078,0.00151));
#19072=CARTESIAN_POINT('',(0.141,-0.0785,0.00151));
#19073=CARTESIAN_POINT('',(0.141,-0.0704,0.00151));
#19074=CARTESIAN_POINT('',(0.141,-0.0709,0.00151));
#19075=CARTESIAN_POINT('',(0.19,-0.0735,0.00151));
#19076=CARTESIAN_POINT('',(0.19,-0.0751,0.00151));
#19077=CARTESIAN_POINT('',(0.088,-0.0655,0.));
#19078=CARTESIAN_POINT('',(0.092,-0.1275,-4.6E-5));
#19079=CARTESIAN_POINT('',(0.092,-0.1291,-4.6E-5));
#19080=CARTESIAN_POINT('',(0.09954,-0.11835,-4.6E-5));
#19081=CARTESIAN_POINT('',(0.09954,-0.1191,-4.6E-5));
#19082=CARTESIAN_POINT('',(0.10208,-0.11962,-4.6E-5));
#19083=CARTESIAN_POINT('',(0.10208,-0.12047,-4.6E-5));
#19084=CARTESIAN_POINT('',(0.10208,-0.11454,-4.6E-5));
#19085=CARTESIAN_POINT('',(0.10208,-0.11654,-4.6E-5));
#19086=CARTESIAN_POINT('',(0.13338,-0.12062,-4.6E-5));
#19087=CARTESIAN_POINT('',(0.13338,-0.1210645,-4.6E-5));
#19088=CARTESIAN_POINT('',(0.13338,-0.11808,-4.6E-5));
#19089=CARTESIAN_POINT('',(0.13338,-0.1185245,-4.6E-5));
#19090=CARTESIAN_POINT('',(0.13338,-0.11554,-4.6E-5));
#19091=CARTESIAN_POINT('',(0.13338,-0.1159845,-4.6E-5));
#19092=CARTESIAN_POINT('',(0.097,-0.112,-4.6E-5));
#19093=CARTESIAN_POINT('',(0.097,-0.11275,-4.6E-5));
#19094=CARTESIAN_POINT('',(0.10208,-0.10946,-4.6E-5));
#19095=CARTESIAN_POINT('',(0.10208,-0.11031,-4.6E-5));
#19096=CARTESIAN_POINT('',(0.13338,-0.113,-4.6E-5));
#19097=CARTESIAN_POINT('',(0.13338,-0.1134445,-4.6E-5));
#19098=CARTESIAN_POINT('',(0.13338,-0.11046,-4.6E-5));
#19099=CARTESIAN_POINT('',(0.13338,-0.1109045,-4.6E-5));
#19100=CARTESIAN_POINT('',(0.13338,-0.10792,-4.6E-5));
#19101=CARTESIAN_POINT('',(0.13338,-0.1083645,-4.6E-5));
#19102=CARTESIAN_POINT('',(0.13338,-0.10538,-4.6E-5));
#19103=CARTESIAN_POINT('',(0.13338,-0.1058245,-4.6E-5));
#19104=CARTESIAN_POINT('',(0.14862,-0.12062,-4.6E-5));
#19105=CARTESIAN_POINT('',(0.14862,-0.1210645,-4.6E-5));
#19106=CARTESIAN_POINT('',(0.14862,-0.11808,-4.6E-5));
#19107=CARTESIAN_POINT('',(0.14862,-0.1185245,-4.6E-5));
#19108=CARTESIAN_POINT('',(0.14862,-0.11554,-4.6E-5));
#19109=CARTESIAN_POINT('',(0.14862,-0.1159845,-4.6E-5));
#19110=CARTESIAN_POINT('',(0.19,-0.1275,-4.6E-5));
#19111=CARTESIAN_POINT('',(0.19,-0.1291,-4.6E-5));
#19112=CARTESIAN_POINT('',(0.17754,-0.11835,-4.6E-5));
#19113=CARTESIAN_POINT('',(0.17754,-0.1191,-4.6E-5));
#19114=CARTESIAN_POINT('',(0.18008,-0.11962,-4.6E-5));
#19115=CARTESIAN_POINT('',(0.18008,-0.12047,-4.6E-5));
#19116=CARTESIAN_POINT('',(0.18008,-0.11454,-4.6E-5));
#19117=CARTESIAN_POINT('',(0.18008,-0.11654,-4.6E-5));
#19118=CARTESIAN_POINT('',(0.14862,-0.113,-4.6E-5));
#19119=CARTESIAN_POINT('',(0.14862,-0.1134445,-4.6E-5));
#19120=CARTESIAN_POINT('',(0.14862,-0.11046,-4.6E-5));
#19121=CARTESIAN_POINT('',(0.14862,-0.1109045,-4.6E-5));
#19122=CARTESIAN_POINT('',(0.14862,-0.10792,-4.6E-5));
#19123=CARTESIAN_POINT('',(0.14862,-0.1083645,-4.6E-5));
#19124=CARTESIAN_POINT('',(0.14862,-0.10538,-4.6E-5));
#19125=CARTESIAN_POINT('',(0.14862,-0.1058245,-4.6E-5));
#19126=CARTESIAN_POINT('',(0.175,-0.112,-4.6E-5));
#19127=CARTESIAN_POINT('',(0.175,-0.11275,-4.6E-5));
#19128=CARTESIAN_POINT('',(0.18008,-0.10946,-4.6E-5));
#19129=CARTESIAN_POINT('',(0.18008,-0.11031,-4.6E-5));
#19130=CARTESIAN_POINT('',(0.09954,-0.09435,-4.6E-5));
#19131=CARTESIAN_POINT('',(0.09954,-0.0951,-4.6E-5));
#19132=CARTESIAN_POINT('',(0.10208,-0.09562,-4.6E-5));
#19133=CARTESIAN_POINT('',(0.10208,-0.09647,-4.6E-5));
#19134=CARTESIAN_POINT('',(0.10208,-0.09054,-4.6E-5));
#19135=CARTESIAN_POINT('',(0.10208,-0.09254,-4.6E-5));
#19136=CARTESIAN_POINT('',(0.097,-0.088,-4.6E-5));
#19137=CARTESIAN_POINT('',(0.097,-0.08875,-4.6E-5));
#19138=CARTESIAN_POINT('',(0.10208,-0.08546,-4.6E-5));
#19139=CARTESIAN_POINT('',(0.10208,-0.08631,-4.6E-5));
#19140=CARTESIAN_POINT('',(0.1321,-0.093,-4.6E-5));
#19141=CARTESIAN_POINT('',(0.1321,-0.0935,-4.6E-5));
#19142=CARTESIAN_POINT('',(0.13464,-0.093,-4.6E-5));
#19143=CARTESIAN_POINT('',(0.13464,-0.0935,-4.6E-5));
#19144=CARTESIAN_POINT('',(0.13718,-0.093,-4.6E-5));
#19145=CARTESIAN_POINT('',(0.13718,-0.0935,-4.6E-5));
#19146=CARTESIAN_POINT('',(0.13972,-0.093,-4.6E-5));
#19147=CARTESIAN_POINT('',(0.13972,-0.0935,-4.6E-5));
#19148=CARTESIAN_POINT('',(0.092,-0.0735,-4.6E-5));
#19149=CARTESIAN_POINT('',(0.092,-0.0751,-4.6E-5));
#19150=CARTESIAN_POINT('',(0.14226,-0.093,-4.6E-5));
#19151=CARTESIAN_POINT('',(0.14226,-0.0935,-4.6E-5));
#19152=CARTESIAN_POINT('',(0.1448,-0.093,-4.6E-5));
#19153=CARTESIAN_POINT('',(0.1448,-0.0935,-4.6E-5));
#19154=CARTESIAN_POINT('',(0.14734,-0.093,-4.6E-5));
#19155=CARTESIAN_POINT('',(0.14734,-0.0935,-4.6E-5));
#19156=CARTESIAN_POINT('',(0.14988,-0.093,-4.6E-5));
#19157=CARTESIAN_POINT('',(0.14988,-0.0935,-4.6E-5));
#19158=CARTESIAN_POINT('',(0.17754,-0.09435,-4.6E-5));
#19159=CARTESIAN_POINT('',(0.17754,-0.0951,-4.6E-5));
#19160=CARTESIAN_POINT('',(0.18008,-0.09562,-4.6E-5));
#19161=CARTESIAN_POINT('',(0.18008,-0.09647,-4.6E-5));
#19162=CARTESIAN_POINT('',(0.175,-0.088,-4.6E-5));
#19163=CARTESIAN_POINT('',(0.175,-0.08875,-4.6E-5));
#19164=CARTESIAN_POINT('',(0.18008,-0.09054,-4.6E-5));
#19165=CARTESIAN_POINT('',(0.18008,-0.09254,-4.6E-5));
#19166=CARTESIAN_POINT('',(0.18008,-0.08546,-4.6E-5));
#19167=CARTESIAN_POINT('',(0.18008,-0.08631,-4.6E-5));
#19168=CARTESIAN_POINT('',(0.141,-0.078,-4.6E-5));
#19169=CARTESIAN_POINT('',(0.141,-0.0785,-4.6E-5));
#19170=CARTESIAN_POINT('',(0.141,-0.0704,-4.6E-5));
#19171=CARTESIAN_POINT('',(0.141,-0.0709,-4.6E-5));
#19172=CARTESIAN_POINT('',(0.19,-0.0735,-4.6E-5));
#19173=CARTESIAN_POINT('',(0.19,-0.0751,-4.6E-5));
#19174=CARTESIAN_POINT('',(0.,0.,0.));
#19175=CARTESIAN_POINT('',(0.10208,-0.11454,0.012695));
#19176=CARTESIAN_POINT('',(0.09713,-0.11214,0.003595));
#19177=CARTESIAN_POINT('',(0.09713,-0.11214,0.003595));
#19178=CARTESIAN_POINT('',(0.,0.,0.));
#19179=CARTESIAN_POINT('',(0.10208,-0.11454,0.001595));
#19180=CARTESIAN_POINT('',(0.,0.,0.));
#19181=CARTESIAN_POINT('',(0.,0.,0.));
#19182=MECHANICAL_DESIGN_GEOMETRIC_PRESENTATION_REPRESENTATION('',(#11188,
#11189,#16,#17,#18,#19,#20,#21,#22,#23,#24,#25,#26,#27,#28,#29,#30,#31,
#32,#33,#34,#35,#36,#37,#38,#39,#40,#41,#42,#43,#44,#45,#46,#47,#48,#49,
#50,#51,#52,#53,#54,#55,#56,#57,#58,#59,#60,#61,#62,#63,#64,#65,#66,#67,
#68,#69,#70,#71,#72,#73,#74,#75,#76,#77,#78,#79,#80,#81,#82,#83,#84,#85,
#86,#87,#88,#89,#90,#91,#92,#93,#94,#95,#96,#97,#98,#99,#100,#101,#102,
#103,#104,#105,#11190,#106,#107,#108,#109,#110,#111,#112,#113,#114,#115,
#116,#117,#118,#119,#120,#121,#122,#123,#124,#125,#126,#127,#128,#129,#130,
#131,#132,#133,#134,#135,#136,#137,#138,#139,#140,#141,#142,#143,#144,#145,
#146,#147,#148,#149,#150,#151,#152,#153,#11191,#11192,#11193,#11194,#11195,
#154,#155,#156,#157,#158,#159,#160,#11196),#19183);
#19183=(
GEOMETRIC_REPRESENTATION_CONTEXT(3)
GLOBAL_UNCERTAINTY_ASSIGNED_CONTEXT((#19207))
GLOBAL_UNIT_ASSIGNED_CONTEXT((#19233,#19232,#19231))
REPRESENTATION_CONTEXT('YourClock 1','TOP_LEVEL_ASSEMBLY_PART')
);
#19184=(
GEOMETRIC_REPRESENTATION_CONTEXT(3)
GLOBAL_UNCERTAINTY_ASSIGNED_CONTEXT((#19208))
GLOBAL_UNIT_ASSIGNED_CONTEXT((#19233,#19232,#19231))
REPRESENTATION_CONTEXT('Case Top','COMPONENT_PART')
);
#19185=(
GEOMETRIC_REPRESENTATION_CONTEXT(3)
GLOBAL_UNCERTAINTY_ASSIGNED_CONTEXT((#19209))
GLOBAL_UNIT_ASSIGNED_CONTEXT((#19233,#19232,#19231))
REPRESENTATION_CONTEXT('PinSocket_1x08_P2.54mm_Vertical <1>',
'COMPONENT_PART')
);
#19186=(
GEOMETRIC_REPRESENTATION_CONTEXT(3)
GLOBAL_UNCERTAINTY_ASSIGNED_CONTEXT((#19210))
GLOBAL_UNIT_ASSIGNED_CONTEXT((#19233,#19232,#19231))
REPRESENTATION_CONTEXT('PinSocket_1x08_P2.54mm_Vertical',
'COMPONENT_PART')
);
#19187=(
GEOMETRIC_REPRESENTATION_CONTEXT(3)
GLOBAL_UNCERTAINTY_ASSIGNED_CONTEXT((#19211))
GLOBAL_UNIT_ASSIGNED_CONTEXT((#19233,#19232,#19231))
REPRESENTATION_CONTEXT('REDragon-MX-ZT02 (1) <3>','COMPONENT_PART')
);
#19188=(
GEOMETRIC_REPRESENTATION_CONTEXT(3)
GLOBAL_UNCERTAINTY_ASSIGNED_CONTEXT((#19212))
GLOBAL_UNIT_ASSIGNED_CONTEXT((#19233,#19232,#19231))
REPRESENTATION_CONTEXT('REDragon-MX-ZT02 <1>','COMPONENT_PART')
);
#19189=(
GEOMETRIC_REPRESENTATION_CONTEXT(3)
GLOBAL_UNCERTAINTY_ASSIGNED_CONTEXT((#19213))
GLOBAL_UNIT_ASSIGNED_CONTEXT((#19233,#19232,#19231))
REPRESENTATION_CONTEXT('Body','COMPONENT_PART')
);
#19190=(
GEOMETRIC_REPRESENTATION_CONTEXT(3)
GLOBAL_UNCERTAINTY_ASSIGNED_CONTEXT((#19214))
GLOBAL_UNIT_ASSIGNED_CONTEXT((#19233,#19232,#19231))
REPRESENTATION_CONTEXT('Pins <1>','COMPONENT_PART')
);
#19191=(
GEOMETRIC_REPRESENTATION_CONTEXT(3)
GLOBAL_UNCERTAINTY_ASSIGNED_CONTEXT((#19215))
GLOBAL_UNIT_ASSIGNED_CONTEXT((#19233,#19232,#19231))
REPRESENTATION_CONTEXT('Pins','COMPONENT_PART')
);
#19192=(
GEOMETRIC_REPRESENTATION_CONTEXT(3)
GLOBAL_UNCERTAINTY_ASSIGNED_CONTEXT((#19216))
GLOBAL_UNIT_ASSIGNED_CONTEXT((#19233,#19232,#19231))
REPRESENTATION_CONTEXT('Pins','COMPONENT_PART')
);
#19193=(
GEOMETRIC_REPRESENTATION_CONTEXT(3)
GLOBAL_UNCERTAINTY_ASSIGNED_CONTEXT((#19217))
GLOBAL_UNIT_ASSIGNED_CONTEXT((#19233,#19232,#19231))
REPRESENTATION_CONTEXT('Button','COMPONENT_PART')
);
#19194=(
GEOMETRIC_REPRESENTATION_CONTEXT(3)
GLOBAL_UNCERTAINTY_ASSIGNED_CONTEXT((#19218))
GLOBAL_UNIT_ASSIGNED_CONTEXT((#19233,#19232,#19231))
REPRESENTATION_CONTEXT('REDragon-MX-ZT02 (1) <2>','COMPONENT_PART')
);
#19195=(
GEOMETRIC_REPRESENTATION_CONTEXT(3)
GLOBAL_UNCERTAINTY_ASSIGNED_CONTEXT((#19219))
GLOBAL_UNIT_ASSIGNED_CONTEXT((#19233,#19232,#19231))
REPRESENTATION_CONTEXT('REDragon-MX-ZT02 <1>','COMPONENT_PART')
);
#19196=(
GEOMETRIC_REPRESENTATION_CONTEXT(3)
GLOBAL_UNCERTAINTY_ASSIGNED_CONTEXT((#19220))
GLOBAL_UNIT_ASSIGNED_CONTEXT((#19233,#19232,#19231))
REPRESENTATION_CONTEXT('Pins <1>','COMPONENT_PART')
);
#19197=(
GEOMETRIC_REPRESENTATION_CONTEXT(3)
GLOBAL_UNCERTAINTY_ASSIGNED_CONTEXT((#19221))
GLOBAL_UNIT_ASSIGNED_CONTEXT((#19233,#19232,#19231))
REPRESENTATION_CONTEXT('Case Base','COMPONENT_PART')
);
#19198=(
GEOMETRIC_REPRESENTATION_CONTEXT(3)
GLOBAL_UNCERTAINTY_ASSIGNED_CONTEXT((#19222))
GLOBAL_UNIT_ASSIGNED_CONTEXT((#19233,#19232,#19231))
REPRESENTATION_CONTEXT('Buzzer_12x9.5RM7.6 <1>','COMPONENT_PART')
);
#19199=(
GEOMETRIC_REPRESENTATION_CONTEXT(3)
GLOBAL_UNCERTAINTY_ASSIGNED_CONTEXT((#19223))
GLOBAL_UNIT_ASSIGNED_CONTEXT((#19233,#19232,#19231))
REPRESENTATION_CONTEXT('Buzzer_12x95RM76','COMPONENT_PART')
);
#19200=(
GEOMETRIC_REPRESENTATION_CONTEXT(3)
GLOBAL_UNCERTAINTY_ASSIGNED_CONTEXT((#19224))
GLOBAL_UNIT_ASSIGNED_CONTEXT((#19233,#19232,#19231))
REPRESENTATION_CONTEXT('REDragon-MX-ZT02 (1) <1>','COMPONENT_PART')
);
#19201=(
GEOMETRIC_REPRESENTATION_CONTEXT(3)
GLOBAL_UNCERTAINTY_ASSIGNED_CONTEXT((#19225))
GLOBAL_UNIT_ASSIGNED_CONTEXT((#19233,#19232,#19231))
REPRESENTATION_CONTEXT('REDragon-MX-ZT02 <1>','COMPONENT_PART')
);
#19202=(
GEOMETRIC_REPRESENTATION_CONTEXT(3)
GLOBAL_UNCERTAINTY_ASSIGNED_CONTEXT((#19226))
GLOBAL_UNIT_ASSIGNED_CONTEXT((#19233,#19232,#19231))
REPRESENTATION_CONTEXT('Pins <1>','COMPONENT_PART')
);
#19203=(
GEOMETRIC_REPRESENTATION_CONTEXT(3)
GLOBAL_UNCERTAINTY_ASSIGNED_CONTEXT((#19227))
GLOBAL_UNIT_ASSIGNED_CONTEXT((#19233,#19232,#19231))
REPRESENTATION_CONTEXT('YourClock_PCB','COMPONENT_PART')
);
#19204=(
GEOMETRIC_REPRESENTATION_CONTEXT(3)
GLOBAL_UNCERTAINTY_ASSIGNED_CONTEXT((#19228))
GLOBAL_UNIT_ASSIGNED_CONTEXT((#19233,#19232,#19231))
REPRESENTATION_CONTEXT('REDragon-MX-ZT02 (1) <4>','COMPONENT_PART')
);
#19205=(
GEOMETRIC_REPRESENTATION_CONTEXT(3)
GLOBAL_UNCERTAINTY_ASSIGNED_CONTEXT((#19229))
GLOBAL_UNIT_ASSIGNED_CONTEXT((#19233,#19232,#19231))
REPRESENTATION_CONTEXT('REDragon-MX-ZT02 <1>','COMPONENT_PART')
);
#19206=(
GEOMETRIC_REPRESENTATION_CONTEXT(3)
GLOBAL_UNCERTAINTY_ASSIGNED_CONTEXT((#19230))
GLOBAL_UNIT_ASSIGNED_CONTEXT((#19233,#19232,#19231))
REPRESENTATION_CONTEXT('Pins <1>','COMPONENT_PART')
);
#19207=UNCERTAINTY_MEASURE_WITH_UNIT(LENGTH_MEASURE(1.E-8),#19233,
'DISTANCE_ACCURACY_VALUE','Maximum Tolerance applied to model');
#19208=UNCERTAINTY_MEASURE_WITH_UNIT(LENGTH_MEASURE(1.E-8),#19233,
'DISTANCE_ACCURACY_VALUE','Maximum Tolerance applied to model');
#19209=UNCERTAINTY_MEASURE_WITH_UNIT(LENGTH_MEASURE(1.E-8),#19233,
'DISTANCE_ACCURACY_VALUE','Maximum Tolerance applied to model');
#19210=UNCERTAINTY_MEASURE_WITH_UNIT(LENGTH_MEASURE(1.E-8),#19233,
'DISTANCE_ACCURACY_VALUE','Maximum Tolerance applied to model');
#19211=UNCERTAINTY_MEASURE_WITH_UNIT(LENGTH_MEASURE(1.E-8),#19233,
'DISTANCE_ACCURACY_VALUE','Maximum Tolerance applied to model');
#19212=UNCERTAINTY_MEASURE_WITH_UNIT(LENGTH_MEASURE(1.E-8),#19233,
'DISTANCE_ACCURACY_VALUE','Maximum Tolerance applied to model');
#19213=UNCERTAINTY_MEASURE_WITH_UNIT(LENGTH_MEASURE(1.E-8),#19233,
'DISTANCE_ACCURACY_VALUE','Maximum Tolerance applied to model');
#19214=UNCERTAINTY_MEASURE_WITH_UNIT(LENGTH_MEASURE(1.E-8),#19233,
'DISTANCE_ACCURACY_VALUE','Maximum Tolerance applied to model');
#19215=UNCERTAINTY_MEASURE_WITH_UNIT(LENGTH_MEASURE(1.E-8),#19233,
'DISTANCE_ACCURACY_VALUE','Maximum Tolerance applied to model');
#19216=UNCERTAINTY_MEASURE_WITH_UNIT(LENGTH_MEASURE(1.E-8),#19233,
'DISTANCE_ACCURACY_VALUE','Maximum Tolerance applied to model');
#19217=UNCERTAINTY_MEASURE_WITH_UNIT(LENGTH_MEASURE(1.E-8),#19233,
'DISTANCE_ACCURACY_VALUE','Maximum Tolerance applied to model');
#19218=UNCERTAINTY_MEASURE_WITH_UNIT(LENGTH_MEASURE(1.E-8),#19233,
'DISTANCE_ACCURACY_VALUE','Maximum Tolerance applied to model');
#19219=UNCERTAINTY_MEASURE_WITH_UNIT(LENGTH_MEASURE(1.E-8),#19233,
'DISTANCE_ACCURACY_VALUE','Maximum Tolerance applied to model');
#19220=UNCERTAINTY_MEASURE_WITH_UNIT(LENGTH_MEASURE(1.E-8),#19233,
'DISTANCE_ACCURACY_VALUE','Maximum Tolerance applied to model');
#19221=UNCERTAINTY_MEASURE_WITH_UNIT(LENGTH_MEASURE(1.E-8),#19233,
'DISTANCE_ACCURACY_VALUE','Maximum Tolerance applied to model');
#19222=UNCERTAINTY_MEASURE_WITH_UNIT(LENGTH_MEASURE(1.E-8),#19233,
'DISTANCE_ACCURACY_VALUE','Maximum Tolerance applied to model');
#19223=UNCERTAINTY_MEASURE_WITH_UNIT(LENGTH_MEASURE(1.E-8),#19233,
'DISTANCE_ACCURACY_VALUE','Maximum Tolerance applied to model');
#19224=UNCERTAINTY_MEASURE_WITH_UNIT(LENGTH_MEASURE(1.E-8),#19233,
'DISTANCE_ACCURACY_VALUE','Maximum Tolerance applied to model');
#19225=UNCERTAINTY_MEASURE_WITH_UNIT(LENGTH_MEASURE(1.E-8),#19233,
'DISTANCE_ACCURACY_VALUE','Maximum Tolerance applied to model');
#19226=UNCERTAINTY_MEASURE_WITH_UNIT(LENGTH_MEASURE(1.E-8),#19233,
'DISTANCE_ACCURACY_VALUE','Maximum Tolerance applied to model');
#19227=UNCERTAINTY_MEASURE_WITH_UNIT(LENGTH_MEASURE(1.E-8),#19233,
'DISTANCE_ACCURACY_VALUE','Maximum Tolerance applied to model');
#19228=UNCERTAINTY_MEASURE_WITH_UNIT(LENGTH_MEASURE(1.E-8),#19233,
'DISTANCE_ACCURACY_VALUE','Maximum Tolerance applied to model');
#19229=UNCERTAINTY_MEASURE_WITH_UNIT(LENGTH_MEASURE(1.E-8),#19233,
'DISTANCE_ACCURACY_VALUE','Maximum Tolerance applied to model');
#19230=UNCERTAINTY_MEASURE_WITH_UNIT(LENGTH_MEASURE(1.E-8),#19233,
'DISTANCE_ACCURACY_VALUE','Maximum Tolerance applied to model');
#19231=(
NAMED_UNIT(*)
SI_UNIT($,.STERADIAN.)
SOLID_ANGLE_UNIT()
);
#19232=(
NAMED_UNIT(*)
PLANE_ANGLE_UNIT()
SI_UNIT($,.RADIAN.)
);
#19233=(
LENGTH_UNIT()
NAMED_UNIT(*)
SI_UNIT($,.METRE.)
);
#19234=PRODUCT_DEFINITION_SHAPE('','',#19293);
#19235=PRODUCT_DEFINITION_SHAPE('','',#19294);
#19236=PRODUCT_DEFINITION_SHAPE(' ','NAUO PRDDFN',#196);
#19237=PRODUCT_DEFINITION_SHAPE('','',#19295);
#19238=PRODUCT_DEFINITION_SHAPE('','',#19296);
#19239=PRODUCT_DEFINITION_SHAPE(' ','NAUO PRDDFN',#197);
#19240=PRODUCT_DEFINITION_SHAPE(' ','NAUO PRDDFN',#198);
#19241=PRODUCT_DEFINITION_SHAPE('','',#19297);
#19242=PRODUCT_DEFINITION_SHAPE('','',#19298);
#19243=PRODUCT_DEFINITION_SHAPE('','',#19299);
#19244=PRODUCT_DEFINITION_SHAPE(' ','NAUO PRDDFN',#199);
#19245=PRODUCT_DEFINITION_SHAPE('','',#19300);
#19246=PRODUCT_DEFINITION_SHAPE('','',#19301);
#19247=PRODUCT_DEFINITION_SHAPE(' ','NAUO PRDDFN',#200);
#19248=PRODUCT_DEFINITION_SHAPE('','',#19302);
#19249=PRODUCT_DEFINITION_SHAPE(' ','NAUO PRDDFN',#201);
#19250=PRODUCT_DEFINITION_SHAPE(' ','NAUO PRDDFN',#202);
#19251=PRODUCT_DEFINITION_SHAPE('','',#19303);
#19252=PRODUCT_DEFINITION_SHAPE(' ','NAUO PRDDFN',#203);
#19253=PRODUCT_DEFINITION_SHAPE(' ','NAUO PRDDFN',#204);
#19254=PRODUCT_DEFINITION_SHAPE(' ','NAUO PRDDFN',#205);
#19255=PRODUCT_DEFINITION_SHAPE('','',#19304);
#19256=PRODUCT_DEFINITION_SHAPE('','',#19305);
#19257=PRODUCT_DEFINITION_SHAPE('','',#19306);
#19258=PRODUCT_DEFINITION_SHAPE(' ','NAUO PRDDFN',#206);
#19259=PRODUCT_DEFINITION_SHAPE(' ','NAUO PRDDFN',#207);
#19260=PRODUCT_DEFINITION_SHAPE(' ','NAUO PRDDFN',#208);
#19261=PRODUCT_DEFINITION_SHAPE(' ','NAUO PRDDFN',#209);
#19262=PRODUCT_DEFINITION_SHAPE(' ','NAUO PRDDFN',#210);
#19263=PRODUCT_DEFINITION_SHAPE(' ','NAUO PRDDFN',#211);
#19264=PRODUCT_DEFINITION_SHAPE(' ','NAUO PRDDFN',#212);
#19265=PRODUCT_DEFINITION_SHAPE('','',#19307);
#19266=PRODUCT_DEFINITION_SHAPE(' ','NAUO PRDDFN',#213);
#19267=PRODUCT_DEFINITION_SHAPE('','',#19308);
#19268=PRODUCT_DEFINITION_SHAPE('','',#19309);
#19269=PRODUCT_DEFINITION_SHAPE(' ','NAUO PRDDFN',#214);
#19270=PRODUCT_DEFINITION_SHAPE(' ','NAUO PRDDFN',#215);
#19271=PRODUCT_DEFINITION_SHAPE('','',#19310);
#19272=PRODUCT_DEFINITION_SHAPE('','',#19311);
#19273=PRODUCT_DEFINITION_SHAPE(' ','NAUO PRDDFN',#216);
#19274=PRODUCT_DEFINITION_SHAPE(' ','NAUO PRDDFN',#217);
#19275=PRODUCT_DEFINITION_SHAPE('','',#19312);
#19276=PRODUCT_DEFINITION_SHAPE(' ','NAUO PRDDFN',#218);
#19277=PRODUCT_DEFINITION_SHAPE(' ','NAUO PRDDFN',#219);
#19278=PRODUCT_DEFINITION_SHAPE(' ','NAUO PRDDFN',#220);
#19279=PRODUCT_DEFINITION_SHAPE(' ','NAUO PRDDFN',#221);
#19280=PRODUCT_DEFINITION_SHAPE(' ','NAUO PRDDFN',#222);
#19281=PRODUCT_DEFINITION_SHAPE('','',#19313);
#19282=PRODUCT_DEFINITION_SHAPE(' ','NAUO PRDDFN',#223);
#19283=PRODUCT_DEFINITION_SHAPE('','',#19314);
#19284=PRODUCT_DEFINITION_SHAPE('','',#19315);
#19285=PRODUCT_DEFINITION_SHAPE(' ','NAUO PRDDFN',#224);
#19286=PRODUCT_DEFINITION_SHAPE('','',#19316);
#19287=PRODUCT_DEFINITION_SHAPE(' ','NAUO PRDDFN',#225);
#19288=PRODUCT_DEFINITION_SHAPE(' ','NAUO PRDDFN',#226);
#19289=PRODUCT_DEFINITION_SHAPE(' ','NAUO PRDDFN',#227);
#19290=PRODUCT_DEFINITION_SHAPE(' ','NAUO PRDDFN',#228);
#19291=PRODUCT_DEFINITION_SHAPE(' ','NAUO PRDDFN',#229);
#19292=PRODUCT_DEFINITION_SHAPE(' ','NAUO PRDDFN',#230);
#19293=PRODUCT_DEFINITION('','',#19341,#19317);
#19294=PRODUCT_DEFINITION('','',#19342,#19318);
#19295=PRODUCT_DEFINITION('','',#19343,#19319);
#19296=PRODUCT_DEFINITION('','',#19344,#19320);
#19297=PRODUCT_DEFINITION('','',#19345,#19321);
#19298=PRODUCT_DEFINITION('','',#19346,#19322);
#19299=PRODUCT_DEFINITION('','',#19347,#19323);
#19300=PRODUCT_DEFINITION('','',#19348,#19324);
#19301=PRODUCT_DEFINITION('','',#19349,#19325);
#19302=PRODUCT_DEFINITION('','',#19350,#19326);
#19303=PRODUCT_DEFINITION('','',#19351,#19327);
#19304=PRODUCT_DEFINITION('','',#19352,#19328);
#19305=PRODUCT_DEFINITION('','',#19353,#19329);
#19306=PRODUCT_DEFINITION('','',#19354,#19330);
#19307=PRODUCT_DEFINITION('','',#19355,#19331);
#19308=PRODUCT_DEFINITION('','',#19356,#19332);
#19309=PRODUCT_DEFINITION('','',#19357,#19333);
#19310=PRODUCT_DEFINITION('','',#19358,#19334);
#19311=PRODUCT_DEFINITION('','',#19359,#19335);
#19312=PRODUCT_DEFINITION('','',#19360,#19336);
#19313=PRODUCT_DEFINITION('','',#19361,#19337);
#19314=PRODUCT_DEFINITION('','',#19362,#19338);
#19315=PRODUCT_DEFINITION('','',#19363,#19339);
#19316=PRODUCT_DEFINITION('','',#19364,#19340);
#19317=PRODUCT_DEFINITION_CONTEXT('',#19462,'design');
#19318=PRODUCT_DEFINITION_CONTEXT('',#19462,'design');
#19319=PRODUCT_DEFINITION_CONTEXT('',#19462,'design');
#19320=PRODUCT_DEFINITION_CONTEXT('',#19462,'design');
#19321=PRODUCT_DEFINITION_CONTEXT('',#19462,'design');
#19322=PRODUCT_DEFINITION_CONTEXT('',#19462,'design');
#19323=PRODUCT_DEFINITION_CONTEXT('',#19462,'design');
#19324=PRODUCT_DEFINITION_CONTEXT('',#19462,'design');
#19325=PRODUCT_DEFINITION_CONTEXT('',#19462,'design');
#19326=PRODUCT_DEFINITION_CONTEXT('',#19462,'design');
#19327=PRODUCT_DEFINITION_CONTEXT('',#19462,'design');
#19328=PRODUCT_DEFINITION_CONTEXT('',#19462,'design');
#19329=PRODUCT_DEFINITION_CONTEXT('',#19462,'design');
#19330=PRODUCT_DEFINITION_CONTEXT('',#19462,'design');
#19331=PRODUCT_DEFINITION_CONTEXT('',#19462,'design');
#19332=PRODUCT_DEFINITION_CONTEXT('',#19462,'design');
#19333=PRODUCT_DEFINITION_CONTEXT('',#19462,'design');
#19334=PRODUCT_DEFINITION_CONTEXT('',#19462,'design');
#19335=PRODUCT_DEFINITION_CONTEXT('',#19462,'design');
#19336=PRODUCT_DEFINITION_CONTEXT('',#19462,'design');
#19337=PRODUCT_DEFINITION_CONTEXT('',#19462,'design');
#19338=PRODUCT_DEFINITION_CONTEXT('',#19462,'design');
#19339=PRODUCT_DEFINITION_CONTEXT('',#19462,'design');
#19340=PRODUCT_DEFINITION_CONTEXT('',#19462,'design');
#19341=PRODUCT_DEFINITION_FORMATION_WITH_SPECIFIED_SOURCE('','',#19389,
 .NOT_KNOWN.);
#19342=PRODUCT_DEFINITION_FORMATION_WITH_SPECIFIED_SOURCE('','',#19390,
 .NOT_KNOWN.);
#19343=PRODUCT_DEFINITION_FORMATION_WITH_SPECIFIED_SOURCE('','',#19391,
 .NOT_KNOWN.);
#19344=PRODUCT_DEFINITION_FORMATION_WITH_SPECIFIED_SOURCE('','',#19392,
 .NOT_KNOWN.);
#19345=PRODUCT_DEFINITION_FORMATION_WITH_SPECIFIED_SOURCE('','',#19393,
 .NOT_KNOWN.);
#19346=PRODUCT_DEFINITION_FORMATION_WITH_SPECIFIED_SOURCE('','',#19394,
 .NOT_KNOWN.);
#19347=PRODUCT_DEFINITION_FORMATION_WITH_SPECIFIED_SOURCE('','',#19395,
 .NOT_KNOWN.);
#19348=PRODUCT_DEFINITION_FORMATION_WITH_SPECIFIED_SOURCE('','',#19396,
 .NOT_KNOWN.);
#19349=PRODUCT_DEFINITION_FORMATION_WITH_SPECIFIED_SOURCE('','',#19397,
 .NOT_KNOWN.);
#19350=PRODUCT_DEFINITION_FORMATION_WITH_SPECIFIED_SOURCE('','',#19398,
 .NOT_KNOWN.);
#19351=PRODUCT_DEFINITION_FORMATION_WITH_SPECIFIED_SOURCE('','',#19399,
 .NOT_KNOWN.);
#19352=PRODUCT_DEFINITION_FORMATION_WITH_SPECIFIED_SOURCE('','',#19400,
 .NOT_KNOWN.);
#19353=PRODUCT_DEFINITION_FORMATION_WITH_SPECIFIED_SOURCE('','',#19401,
 .NOT_KNOWN.);
#19354=PRODUCT_DEFINITION_FORMATION_WITH_SPECIFIED_SOURCE('','',#19402,
 .NOT_KNOWN.);
#19355=PRODUCT_DEFINITION_FORMATION_WITH_SPECIFIED_SOURCE('','',#19403,
 .NOT_KNOWN.);
#19356=PRODUCT_DEFINITION_FORMATION_WITH_SPECIFIED_SOURCE('','',#19404,
 .NOT_KNOWN.);
#19357=PRODUCT_DEFINITION_FORMATION_WITH_SPECIFIED_SOURCE('','',#19405,
 .NOT_KNOWN.);
#19358=PRODUCT_DEFINITION_FORMATION_WITH_SPECIFIED_SOURCE('','',#19406,
 .NOT_KNOWN.);
#19359=PRODUCT_DEFINITION_FORMATION_WITH_SPECIFIED_SOURCE('','',#19407,
 .NOT_KNOWN.);
#19360=PRODUCT_DEFINITION_FORMATION_WITH_SPECIFIED_SOURCE('','',#19408,
 .NOT_KNOWN.);
#19361=PRODUCT_DEFINITION_FORMATION_WITH_SPECIFIED_SOURCE('','',#19409,
 .NOT_KNOWN.);
#19362=PRODUCT_DEFINITION_FORMATION_WITH_SPECIFIED_SOURCE('','',#19410,
 .NOT_KNOWN.);
#19363=PRODUCT_DEFINITION_FORMATION_WITH_SPECIFIED_SOURCE('','',#19411,
 .NOT_KNOWN.);
#19364=PRODUCT_DEFINITION_FORMATION_WITH_SPECIFIED_SOURCE('','',#19412,
 .NOT_KNOWN.);
#19365=PRODUCT_RELATED_PRODUCT_CATEGORY('','',(#19389));
#19366=PRODUCT_RELATED_PRODUCT_CATEGORY('','',(#19390));
#19367=PRODUCT_RELATED_PRODUCT_CATEGORY('','',(#19391));
#19368=PRODUCT_RELATED_PRODUCT_CATEGORY('','',(#19392));
#19369=PRODUCT_RELATED_PRODUCT_CATEGORY('','',(#19393));
#19370=PRODUCT_RELATED_PRODUCT_CATEGORY('','',(#19394));
#19371=PRODUCT_RELATED_PRODUCT_CATEGORY('','',(#19395));
#19372=PRODUCT_RELATED_PRODUCT_CATEGORY('','',(#19396));
#19373=PRODUCT_RELATED_PRODUCT_CATEGORY('','',(#19397));
#19374=PRODUCT_RELATED_PRODUCT_CATEGORY('','',(#19398));
#19375=PRODUCT_RELATED_PRODUCT_CATEGORY('','',(#19399));
#19376=PRODUCT_RELATED_PRODUCT_CATEGORY('','',(#19400));
#19377=PRODUCT_RELATED_PRODUCT_CATEGORY('','',(#19401));
#19378=PRODUCT_RELATED_PRODUCT_CATEGORY('','',(#19402));
#19379=PRODUCT_RELATED_PRODUCT_CATEGORY('','',(#19403));
#19380=PRODUCT_RELATED_PRODUCT_CATEGORY('','',(#19404));
#19381=PRODUCT_RELATED_PRODUCT_CATEGORY('','',(#19405));
#19382=PRODUCT_RELATED_PRODUCT_CATEGORY('','',(#19406));
#19383=PRODUCT_RELATED_PRODUCT_CATEGORY('','',(#19407));
#19384=PRODUCT_RELATED_PRODUCT_CATEGORY('','',(#19408));
#19385=PRODUCT_RELATED_PRODUCT_CATEGORY('','',(#19409));
#19386=PRODUCT_RELATED_PRODUCT_CATEGORY('','',(#19410));
#19387=PRODUCT_RELATED_PRODUCT_CATEGORY('','',(#19411));
#19388=PRODUCT_RELATED_PRODUCT_CATEGORY('','',(#19412));
#19389=PRODUCT('YourClock 1','YourClock 1','YourClock 1',(#19437));
#19390=PRODUCT('Case Top','Case Top','Case Top',(#19438));
#19391=PRODUCT('PinSocket_1x08_P2.54mm_Vertical <1>',
'PinSocket_1x08_P2.54mm_Vertical <1>',
'PinSocket_1x08_P2.54mm_Vertical <1>',(#19439));
#19392=PRODUCT('PinSocket_1x08_P2.54mm_Vertical',
'PinSocket_1x08_P2.54mm_Vertical','PinSocket_1x08_P2.54mm_Vertical',(#19440));
#19393=PRODUCT('REDragon-MX-ZT02 (1) <3>','REDragon-MX-ZT02 (1) <3>',
'REDragon-MX-ZT02 (1) <3>',(#19441));
#19394=PRODUCT('REDragon-MX-ZT02 <1>','REDragon-MX-ZT02 <1>',
'REDragon-MX-ZT02 <1>',(#19442));
#19395=PRODUCT('Body','Body','Body',(#19443));
#19396=PRODUCT('Pins <1>','Pins <1>','Pins <1>',(#19444));
#19397=PRODUCT('Pins','Pins','Pins',(#19445));
#19398=PRODUCT('Pins','Pins','Pins',(#19446));
#19399=PRODUCT('Button','Button','Button',(#19447));
#19400=PRODUCT('REDragon-MX-ZT02 (1) <2>','REDragon-MX-ZT02 (1) <2>',
'REDragon-MX-ZT02 (1) <2>',(#19448));
#19401=PRODUCT('REDragon-MX-ZT02 <1>','REDragon-MX-ZT02 <1>',
'REDragon-MX-ZT02 <1>',(#19449));
#19402=PRODUCT('Pins <1>','Pins <1>','Pins <1>',(#19450));
#19403=PRODUCT('Case Base','Case Base','Case Base',(#19451));
#19404=PRODUCT('Buzzer_12x9.5RM7.6 <1>','Buzzer_12x9.5RM7.6 <1>',
'Buzzer_12x9.5RM7.6 <1>',(#19452));
#19405=PRODUCT('Buzzer_12x95RM76','Buzzer_12x95RM76','Buzzer_12x95RM76',
(#19453));
#19406=PRODUCT('REDragon-MX-ZT02 (1) <1>','REDragon-MX-ZT02 (1) <1>',
'REDragon-MX-ZT02 (1) <1>',(#19454));
#19407=PRODUCT('REDragon-MX-ZT02 <1>','REDragon-MX-ZT02 <1>',
'REDragon-MX-ZT02 <1>',(#19455));
#19408=PRODUCT('Pins <1>','Pins <1>','Pins <1>',(#19456));
#19409=PRODUCT('YourClock_PCB','YourClock_PCB','YourClock_PCB',(#19457));
#19410=PRODUCT('REDragon-MX-ZT02 (1) <4>','REDragon-MX-ZT02 (1) <4>',
'REDragon-MX-ZT02 (1) <4>',(#19458));
#19411=PRODUCT('REDragon-MX-ZT02 <1>','REDragon-MX-ZT02 <1>',
'REDragon-MX-ZT02 <1>',(#19459));
#19412=PRODUCT('Pins <1>','Pins <1>','Pins <1>',(#19460));
#19413=PRODUCT_CATEGORY('','');
#19414=PRODUCT_CATEGORY('','');
#19415=PRODUCT_CATEGORY('','');
#19416=PRODUCT_CATEGORY('','');
#19417=PRODUCT_CATEGORY('','');
#19418=PRODUCT_CATEGORY('','');
#19419=PRODUCT_CATEGORY('','');
#19420=PRODUCT_CATEGORY('','');
#19421=PRODUCT_CATEGORY('','');
#19422=PRODUCT_CATEGORY('','');
#19423=PRODUCT_CATEGORY('','');
#19424=PRODUCT_CATEGORY('','');
#19425=PRODUCT_CATEGORY('','');
#19426=PRODUCT_CATEGORY('','');
#19427=PRODUCT_CATEGORY('','');
#19428=PRODUCT_CATEGORY('','');
#19429=PRODUCT_CATEGORY('','');
#19430=PRODUCT_CATEGORY('','');
#19431=PRODUCT_CATEGORY('','');
#19432=PRODUCT_CATEGORY('','');
#19433=PRODUCT_CATEGORY('','');
#19434=PRODUCT_CATEGORY('','');
#19435=PRODUCT_CATEGORY('','');
#19436=PRODUCT_CATEGORY('','');
#19437=PRODUCT_CONTEXT('',#19462,'mechanical');
#19438=PRODUCT_CONTEXT('',#19462,'mechanical');
#19439=PRODUCT_CONTEXT('',#19462,'mechanical');
#19440=PRODUCT_CONTEXT('',#19462,'mechanical');
#19441=PRODUCT_CONTEXT('',#19462,'mechanical');
#19442=PRODUCT_CONTEXT('',#19462,'mechanical');
#19443=PRODUCT_CONTEXT('',#19462,'mechanical');
#19444=PRODUCT_CONTEXT('',#19462,'mechanical');
#19445=PRODUCT_CONTEXT('',#19462,'mechanical');
#19446=PRODUCT_CONTEXT('',#19462,'mechanical');
#19447=PRODUCT_CONTEXT('',#19462,'mechanical');
#19448=PRODUCT_CONTEXT('',#19462,'mechanical');
#19449=PRODUCT_CONTEXT('',#19462,'mechanical');
#19450=PRODUCT_CONTEXT('',#19462,'mechanical');
#19451=PRODUCT_CONTEXT('',#19462,'mechanical');
#19452=PRODUCT_CONTEXT('',#19462,'mechanical');
#19453=PRODUCT_CONTEXT('',#19462,'mechanical');
#19454=PRODUCT_CONTEXT('',#19462,'mechanical');
#19455=PRODUCT_CONTEXT('',#19462,'mechanical');
#19456=PRODUCT_CONTEXT('',#19462,'mechanical');
#19457=PRODUCT_CONTEXT('',#19462,'mechanical');
#19458=PRODUCT_CONTEXT('',#19462,'mechanical');
#19459=PRODUCT_CONTEXT('',#19462,'mechanical');
#19460=PRODUCT_CONTEXT('',#19462,'mechanical');
#19461=APPLICATION_PROTOCOL_DEFINITION('international standard',
'ap242_managed_model_based_3d_engineering',2020,#19462);
#19462=APPLICATION_CONTEXT('managed model based 3d engineering');
ENDSEC;
END-ISO-10303-21;
