ISO-10303-21;
HEADER;
/* Generated by software containing ST-Developer
 * from STEP Tools, Inc. (www.steptools.com) 
 */
/* OPTION: using custom renumber hook */

FILE_DESCRIPTION(
/* description */ ('STEP AP242 Edition 2',
'CAx-IF Rec.Pracs.---Representation and Presentation of Product Manufa
cturing Information (PMI)---4.0---2014-10-13',
'CAx-IF Rec.Pracs.---3D Tessellated Geometry---0.4---2014-09-14','2;1',
'CAx-IF Rec.Pracs.---User Defined Attributes---1.5---2016-08-15'),
/* implementation_level */ '2;1');

FILE_NAME(
/* name */ 'Part Studio 1 - Case Top',
/* time_stamp */ '2026-09-26T16:29:09Z',
/* author */ (''),
/* organization */ (''),
/* preprocessor_version */ 'ST-DEVELOPER v20',
/* originating_system */ 'ONSHAPE BY PTC INC, 1.221',
/* authorisation */ '  ');

FILE_SCHEMA (('AP242_MANAGED_MODEL_BASED_3D_ENGINEERING_MIM_LF { 1 0 10303 442 3 1 4 }'));
ENDSEC;

DATA;
#10=SHAPE_REPRESENTATION_RELATIONSHIP('','',#1607,#11);
#11=ADVANCED_BREP_SHAPE_REPRESENTATION('',(#1605),#2743);
#12=TOROIDAL_SURFACE('',#1689,0.002,0.0014);
#13=TOROIDAL_SURFACE('',#1691,0.002,0.0014);
#14=TOROIDAL_SURFACE('',#1697,0.002,0.0014);
#15=TOROIDAL_SURFACE('',#1699,0.002,0.0014);
#16=CYLINDRICAL_SURFACE('',#1678,0.0034);
#17=CYLINDRICAL_SURFACE('',#1680,0.0034);
#18=CYLINDRICAL_SURFACE('',#1682,0.0034);
#19=CYLINDRICAL_SURFACE('',#1684,0.0034);
#20=CYLINDRICAL_SURFACE('',#1686,0.0014);
#21=CYLINDRICAL_SURFACE('',#1693,0.0014);
#22=CYLINDRICAL_SURFACE('',#1695,0.0014);
#23=CYLINDRICAL_SURFACE('',#1701,0.0014);
#24=CYLINDRICAL_SURFACE('',#1706,0.001);
#25=CYLINDRICAL_SURFACE('',#1707,0.001);
#26=CYLINDRICAL_SURFACE('',#1708,0.001);
#27=CYLINDRICAL_SURFACE('',#1709,0.001);
#28=CYLINDRICAL_SURFACE('',#1710,0.0035);
#29=CYLINDRICAL_SURFACE('',#1714,0.0035);
#30=CYLINDRICAL_SURFACE('',#1718,0.0035);
#31=CYLINDRICAL_SURFACE('',#1722,0.0035);
#32=CYLINDRICAL_SURFACE('',#1726,0.0013);
#33=CYLINDRICAL_SURFACE('',#1729,0.0013);
#34=CYLINDRICAL_SURFACE('',#1732,0.0013);
#35=CYLINDRICAL_SURFACE('',#1735,0.0013);
#36=CYLINDRICAL_SURFACE('',#1738,0.0066);
#37=CYLINDRICAL_SURFACE('',#1743,0.0004);
#38=CYLINDRICAL_SURFACE('',#1744,0.0004);
#39=CYLINDRICAL_SURFACE('',#1745,0.0004);
#40=CYLINDRICAL_SURFACE('',#1746,0.0004);
#41=CYLINDRICAL_SURFACE('',#1751,0.001);
#42=CYLINDRICAL_SURFACE('',#1752,0.001);
#43=CYLINDRICAL_SURFACE('',#1753,0.001);
#44=CYLINDRICAL_SURFACE('',#1754,0.001);
#45=CYLINDRICAL_SURFACE('',#1759,0.0004);
#46=CYLINDRICAL_SURFACE('',#1760,0.0004);
#47=CYLINDRICAL_SURFACE('',#1761,0.0004);
#48=CYLINDRICAL_SURFACE('',#1762,0.0004);
#49=CYLINDRICAL_SURFACE('',#1767,0.0004);
#50=CYLINDRICAL_SURFACE('',#1768,0.0004);
#51=CYLINDRICAL_SURFACE('',#1769,0.0004);
#52=CYLINDRICAL_SURFACE('',#1770,0.0004);
#53=CYLINDRICAL_SURFACE('',#1775,0.0004);
#54=CYLINDRICAL_SURFACE('',#1776,0.0004);
#55=CYLINDRICAL_SURFACE('',#1777,0.0004);
#56=CYLINDRICAL_SURFACE('',#1778,0.0004);
#57=CYLINDRICAL_SURFACE('',#1779,0.0008);
#58=CYLINDRICAL_SURFACE('',#1782,0.0008);
#59=LINE('',#2286,#189);
#60=LINE('',#2290,#190);
#61=LINE('',#2294,#191);
#62=LINE('',#2298,#192);
#63=LINE('',#2302,#193);
#64=LINE('',#2306,#194);
#65=LINE('',#2310,#195);
#66=LINE('',#2314,#196);
#67=LINE('',#2315,#197);
#68=LINE('',#2320,#198);
#69=LINE('',#2324,#199);
#70=LINE('',#2328,#200);
#71=LINE('',#2336,#201);
#72=LINE('',#2340,#202);
#73=LINE('',#2344,#203);
#74=LINE('',#2348,#204);
#75=LINE('',#2352,#205);
#76=LINE('',#2356,#206);
#77=LINE('',#2360,#207);
#78=LINE('',#2364,#208);
#79=LINE('',#2368,#209);
#80=LINE('',#2372,#210);
#81=LINE('',#2376,#211);
#82=LINE('',#2380,#212);
#83=LINE('',#2392,#213);
#84=LINE('',#2397,#214);
#85=LINE('',#2401,#215);
#86=LINE('',#2405,#216);
#87=LINE('',#2408,#217);
#88=LINE('',#2413,#218);
#89=LINE('',#2417,#219);
#90=LINE('',#2421,#220);
#91=LINE('',#2424,#221);
#92=LINE('',#2429,#222);
#93=LINE('',#2433,#223);
#94=LINE('',#2437,#224);
#95=LINE('',#2440,#225);
#96=LINE('',#2445,#226);
#97=LINE('',#2449,#227);
#98=LINE('',#2453,#228);
#99=LINE('',#2456,#229);
#100=LINE('',#2461,#230);
#101=LINE('',#2465,#231);
#102=LINE('',#2469,#232);
#103=LINE('',#2472,#233);
#104=LINE('',#2477,#234);
#105=LINE('',#2481,#235);
#106=LINE('',#2485,#236);
#107=LINE('',#2489,#237);
#108=LINE('',#2492,#238);
#109=LINE('',#2494,#239);
#110=LINE('',#2496,#240);
#111=LINE('',#2498,#241);
#112=LINE('',#2501,#242);
#113=LINE('',#2503,#243);
#114=LINE('',#2505,#244);
#115=LINE('',#2506,#245);
#116=LINE('',#2509,#246);
#117=LINE('',#2511,#247);
#118=LINE('',#2513,#248);
#119=LINE('',#2515,#249);
#120=LINE('',#2518,#250);
#121=LINE('',#2520,#251);
#122=LINE('',#2522,#252);
#123=LINE('',#2524,#253);
#124=LINE('',#2527,#254);
#125=LINE('',#2529,#255);
#126=LINE('',#2531,#256);
#127=LINE('',#2533,#257);
#128=LINE('',#2538,#258);
#129=LINE('',#2542,#259);
#130=LINE('',#2546,#260);
#131=LINE('',#2578,#261);
#132=LINE('',#2579,#262);
#133=LINE('',#2581,#263);
#134=LINE('',#2584,#264);
#135=LINE('',#2586,#265);
#136=LINE('',#2588,#266);
#137=LINE('',#2589,#267);
#138=LINE('',#2590,#268);
#139=LINE('',#2592,#269);
#140=LINE('',#2593,#270);
#141=LINE('',#2595,#271);
#142=LINE('',#2596,#272);
#143=LINE('',#2643,#273);
#144=LINE('',#2644,#274);
#145=LINE('',#2646,#275);
#146=LINE('',#2647,#276);
#147=LINE('',#2649,#277);
#148=LINE('',#2650,#278);
#149=LINE('',#2652,#279);
#150=LINE('',#2653,#280);
#151=LINE('',#2659,#281);
#152=LINE('',#2660,#282);
#153=LINE('',#2662,#283);
#154=LINE('',#2663,#284);
#155=LINE('',#2665,#285);
#156=LINE('',#2666,#286);
#157=LINE('',#2668,#287);
#158=LINE('',#2669,#288);
#159=LINE('',#2675,#289);
#160=LINE('',#2676,#290);
#161=LINE('',#2678,#291);
#162=LINE('',#2679,#292);
#163=LINE('',#2681,#293);
#164=LINE('',#2682,#294);
#165=LINE('',#2684,#295);
#166=LINE('',#2685,#296);
#167=LINE('',#2691,#297);
#168=LINE('',#2692,#298);
#169=LINE('',#2694,#299);
#170=LINE('',#2695,#300);
#171=LINE('',#2697,#301);
#172=LINE('',#2698,#302);
#173=LINE('',#2700,#303);
#174=LINE('',#2701,#304);
#175=LINE('',#2707,#305);
#176=LINE('',#2708,#306);
#177=LINE('',#2710,#307);
#178=LINE('',#2711,#308);
#179=LINE('',#2713,#309);
#180=LINE('',#2714,#310);
#181=LINE('',#2716,#311);
#182=LINE('',#2717,#312);
#183=LINE('',#2725,#313);
#184=LINE('',#2731,#314);
#185=LINE('',#2735,#315);
#186=LINE('',#2736,#316);
#187=LINE('',#2738,#317);
#188=LINE('',#2739,#318);
#189=VECTOR('',#1795,1.);
#190=VECTOR('',#1798,1.);
#191=VECTOR('',#1801,1.);
#192=VECTOR('',#1804,1.);
#193=VECTOR('',#1807,1.);
#194=VECTOR('',#1810,1.);
#195=VECTOR('',#1813,1.);
#196=VECTOR('',#1816,1.);
#197=VECTOR('',#1817,1.);
#198=VECTOR('',#1820,1.);
#199=VECTOR('',#1823,1.);
#200=VECTOR('',#1826,1.);
#201=VECTOR('',#1833,1.);
#202=VECTOR('',#1836,1.);
#203=VECTOR('',#1839,1.);
#204=VECTOR('',#1842,1.);
#205=VECTOR('',#1845,1.);
#206=VECTOR('',#1848,1.);
#207=VECTOR('',#1851,1.);
#208=VECTOR('',#1854,1.);
#209=VECTOR('',#1857,1.);
#210=VECTOR('',#1860,1.);
#211=VECTOR('',#1863,1.);
#212=VECTOR('',#1866,1.);
#213=VECTOR('',#1879,1.);
#214=VECTOR('',#1882,1.);
#215=VECTOR('',#1885,1.);
#216=VECTOR('',#1888,1.);
#217=VECTOR('',#1891,1.);
#218=VECTOR('',#1894,1.);
#219=VECTOR('',#1897,1.);
#220=VECTOR('',#1900,1.);
#221=VECTOR('',#1903,1.);
#222=VECTOR('',#1906,1.);
#223=VECTOR('',#1909,1.);
#224=VECTOR('',#1912,1.);
#225=VECTOR('',#1915,1.);
#226=VECTOR('',#1918,1.);
#227=VECTOR('',#1921,1.);
#228=VECTOR('',#1924,1.);
#229=VECTOR('',#1927,1.);
#230=VECTOR('',#1930,1.);
#231=VECTOR('',#1933,1.);
#232=VECTOR('',#1936,1.);
#233=VECTOR('',#1939,1.);
#234=VECTOR('',#1942,1.);
#235=VECTOR('',#1945,1.);
#236=VECTOR('',#1948,1.);
#237=VECTOR('',#1953,1.);
#238=VECTOR('',#1954,1.);
#239=VECTOR('',#1955,1.);
#240=VECTOR('',#1956,1.);
#241=VECTOR('',#1959,1.);
#242=VECTOR('',#1960,1.);
#243=VECTOR('',#1961,1.);
#244=VECTOR('',#1962,1.);
#245=VECTOR('',#1963,1.);
#246=VECTOR('',#1964,1.);
#247=VECTOR('',#1965,1.);
#248=VECTOR('',#1966,1.);
#249=VECTOR('',#1969,1.);
#250=VECTOR('',#1970,1.);
#251=VECTOR('',#1971,1.);
#252=VECTOR('',#1972,1.);
#253=VECTOR('',#1975,1.);
#254=VECTOR('',#1976,1.);
#255=VECTOR('',#1977,1.);
#256=VECTOR('',#1978,1.);
#257=VECTOR('',#1981,1.);
#258=VECTOR('',#1984,1.);
#259=VECTOR('',#1987,1.);
#260=VECTOR('',#1990,1.);
#261=VECTOR('',#2051,1.);
#262=VECTOR('',#2052,1.);
#263=VECTOR('',#2055,1.);
#264=VECTOR('',#2056,1.);
#265=VECTOR('',#2057,1.);
#266=VECTOR('',#2058,1.);
#267=VECTOR('',#2059,1.);
#268=VECTOR('',#2060,1.);
#269=VECTOR('',#2063,1.);
#270=VECTOR('',#2064,1.);
#271=VECTOR('',#2067,1.);
#272=VECTOR('',#2068,1.);
#273=VECTOR('',#2137,1.);
#274=VECTOR('',#2138,1.);
#275=VECTOR('',#2141,1.);
#276=VECTOR('',#2142,1.);
#277=VECTOR('',#2145,1.);
#278=VECTOR('',#2146,1.);
#279=VECTOR('',#2149,1.);
#280=VECTOR('',#2150,1.);
#281=VECTOR('',#2161,1.);
#282=VECTOR('',#2162,1.);
#283=VECTOR('',#2165,1.);
#284=VECTOR('',#2166,1.);
#285=VECTOR('',#2169,1.);
#286=VECTOR('',#2170,1.);
#287=VECTOR('',#2173,1.);
#288=VECTOR('',#2174,1.);
#289=VECTOR('',#2185,1.);
#290=VECTOR('',#2186,1.);
#291=VECTOR('',#2189,1.);
#292=VECTOR('',#2190,1.);
#293=VECTOR('',#2193,1.);
#294=VECTOR('',#2194,1.);
#295=VECTOR('',#2197,1.);
#296=VECTOR('',#2198,1.);
#297=VECTOR('',#2209,1.);
#298=VECTOR('',#2210,1.);
#299=VECTOR('',#2213,1.);
#300=VECTOR('',#2214,1.);
#301=VECTOR('',#2217,1.);
#302=VECTOR('',#2218,1.);
#303=VECTOR('',#2221,1.);
#304=VECTOR('',#2222,1.);
#305=VECTOR('',#2233,1.);
#306=VECTOR('',#2234,1.);
#307=VECTOR('',#2237,1.);
#308=VECTOR('',#2238,1.);
#309=VECTOR('',#2241,1.);
#310=VECTOR('',#2242,1.);
#311=VECTOR('',#2245,1.);
#312=VECTOR('',#2246,1.);
#313=VECTOR('',#2259,1.);
#314=VECTOR('',#2266,1.);
#315=VECTOR('',#2271,1.);
#316=VECTOR('',#2272,1.);
#317=VECTOR('',#2275,1.);
#318=VECTOR('',#2276,1.);
#319=ORIENTED_EDGE('',*,*,#759,.F.);
#320=ORIENTED_EDGE('',*,*,#760,.T.);
#321=ORIENTED_EDGE('',*,*,#761,.F.);
#322=ORIENTED_EDGE('',*,*,#762,.T.);
#323=ORIENTED_EDGE('',*,*,#763,.F.);
#324=ORIENTED_EDGE('',*,*,#764,.F.);
#325=ORIENTED_EDGE('',*,*,#765,.F.);
#326=ORIENTED_EDGE('',*,*,#766,.F.);
#327=ORIENTED_EDGE('',*,*,#767,.F.);
#328=ORIENTED_EDGE('',*,*,#768,.T.);
#329=ORIENTED_EDGE('',*,*,#769,.F.);
#330=ORIENTED_EDGE('',*,*,#770,.T.);
#331=ORIENTED_EDGE('',*,*,#771,.F.);
#332=ORIENTED_EDGE('',*,*,#772,.F.);
#333=ORIENTED_EDGE('',*,*,#773,.F.);
#334=ORIENTED_EDGE('',*,*,#774,.F.);
#335=ORIENTED_EDGE('',*,*,#775,.T.);
#336=ORIENTED_EDGE('',*,*,#776,.T.);
#337=ORIENTED_EDGE('',*,*,#777,.T.);
#338=ORIENTED_EDGE('',*,*,#778,.T.);
#339=ORIENTED_EDGE('',*,*,#779,.T.);
#340=ORIENTED_EDGE('',*,*,#780,.T.);
#341=ORIENTED_EDGE('',*,*,#781,.T.);
#342=ORIENTED_EDGE('',*,*,#782,.T.);
#343=ORIENTED_EDGE('',*,*,#783,.T.);
#344=ORIENTED_EDGE('',*,*,#784,.F.);
#345=ORIENTED_EDGE('',*,*,#785,.T.);
#346=ORIENTED_EDGE('',*,*,#786,.F.);
#347=ORIENTED_EDGE('',*,*,#787,.T.);
#348=ORIENTED_EDGE('',*,*,#788,.F.);
#349=ORIENTED_EDGE('',*,*,#789,.F.);
#350=ORIENTED_EDGE('',*,*,#790,.F.);
#351=ORIENTED_EDGE('',*,*,#791,.F.);
#352=ORIENTED_EDGE('',*,*,#792,.F.);
#353=ORIENTED_EDGE('',*,*,#793,.T.);
#354=ORIENTED_EDGE('',*,*,#794,.F.);
#355=ORIENTED_EDGE('',*,*,#795,.T.);
#356=ORIENTED_EDGE('',*,*,#796,.F.);
#357=ORIENTED_EDGE('',*,*,#797,.F.);
#358=ORIENTED_EDGE('',*,*,#798,.F.);
#359=ORIENTED_EDGE('',*,*,#799,.F.);
#360=ORIENTED_EDGE('',*,*,#800,.F.);
#361=ORIENTED_EDGE('',*,*,#801,.T.);
#362=ORIENTED_EDGE('',*,*,#802,.F.);
#363=ORIENTED_EDGE('',*,*,#803,.T.);
#364=ORIENTED_EDGE('',*,*,#804,.F.);
#365=ORIENTED_EDGE('',*,*,#805,.F.);
#366=ORIENTED_EDGE('',*,*,#806,.F.);
#367=ORIENTED_EDGE('',*,*,#807,.F.);
#368=ORIENTED_EDGE('',*,*,#808,.F.);
#369=ORIENTED_EDGE('',*,*,#809,.F.);
#370=ORIENTED_EDGE('',*,*,#810,.F.);
#371=ORIENTED_EDGE('',*,*,#811,.F.);
#372=ORIENTED_EDGE('',*,*,#812,.F.);
#373=ORIENTED_EDGE('',*,*,#813,.F.);
#374=ORIENTED_EDGE('',*,*,#814,.F.);
#375=ORIENTED_EDGE('',*,*,#815,.F.);
#376=ORIENTED_EDGE('',*,*,#816,.F.);
#377=ORIENTED_EDGE('',*,*,#817,.T.);
#378=ORIENTED_EDGE('',*,*,#818,.F.);
#379=ORIENTED_EDGE('',*,*,#819,.T.);
#380=ORIENTED_EDGE('',*,*,#820,.F.);
#381=ORIENTED_EDGE('',*,*,#821,.F.);
#382=ORIENTED_EDGE('',*,*,#822,.T.);
#383=ORIENTED_EDGE('',*,*,#823,.T.);
#384=ORIENTED_EDGE('',*,*,#824,.T.);
#385=ORIENTED_EDGE('',*,*,#825,.T.);
#386=ORIENTED_EDGE('',*,*,#826,.T.);
#387=ORIENTED_EDGE('',*,*,#827,.F.);
#388=ORIENTED_EDGE('',*,*,#828,.T.);
#389=ORIENTED_EDGE('',*,*,#829,.F.);
#390=ORIENTED_EDGE('',*,*,#830,.T.);
#391=ORIENTED_EDGE('',*,*,#831,.T.);
#392=ORIENTED_EDGE('',*,*,#832,.T.);
#393=ORIENTED_EDGE('',*,*,#833,.T.);
#394=ORIENTED_EDGE('',*,*,#834,.T.);
#395=ORIENTED_EDGE('',*,*,#835,.F.);
#396=ORIENTED_EDGE('',*,*,#836,.T.);
#397=ORIENTED_EDGE('',*,*,#837,.F.);
#398=ORIENTED_EDGE('',*,*,#838,.T.);
#399=ORIENTED_EDGE('',*,*,#839,.T.);
#400=ORIENTED_EDGE('',*,*,#840,.T.);
#401=ORIENTED_EDGE('',*,*,#841,.T.);
#402=ORIENTED_EDGE('',*,*,#842,.T.);
#403=ORIENTED_EDGE('',*,*,#843,.F.);
#404=ORIENTED_EDGE('',*,*,#844,.T.);
#405=ORIENTED_EDGE('',*,*,#845,.F.);
#406=ORIENTED_EDGE('',*,*,#846,.T.);
#407=ORIENTED_EDGE('',*,*,#847,.T.);
#408=ORIENTED_EDGE('',*,*,#848,.T.);
#409=ORIENTED_EDGE('',*,*,#849,.T.);
#410=ORIENTED_EDGE('',*,*,#850,.T.);
#411=ORIENTED_EDGE('',*,*,#851,.F.);
#412=ORIENTED_EDGE('',*,*,#852,.T.);
#413=ORIENTED_EDGE('',*,*,#853,.F.);
#414=ORIENTED_EDGE('',*,*,#854,.T.);
#415=ORIENTED_EDGE('',*,*,#855,.T.);
#416=ORIENTED_EDGE('',*,*,#856,.T.);
#417=ORIENTED_EDGE('',*,*,#857,.T.);
#418=ORIENTED_EDGE('',*,*,#858,.T.);
#419=ORIENTED_EDGE('',*,*,#859,.F.);
#420=ORIENTED_EDGE('',*,*,#860,.T.);
#421=ORIENTED_EDGE('',*,*,#861,.T.);
#422=ORIENTED_EDGE('',*,*,#862,.T.);
#423=ORIENTED_EDGE('',*,*,#863,.T.);
#424=ORIENTED_EDGE('',*,*,#864,.F.);
#425=ORIENTED_EDGE('',*,*,#865,.T.);
#426=ORIENTED_EDGE('',*,*,#866,.T.);
#427=ORIENTED_EDGE('',*,*,#867,.F.);
#428=ORIENTED_EDGE('',*,*,#868,.T.);
#429=ORIENTED_EDGE('',*,*,#869,.T.);
#430=ORIENTED_EDGE('',*,*,#870,.T.);
#431=ORIENTED_EDGE('',*,*,#871,.T.);
#432=ORIENTED_EDGE('',*,*,#872,.T.);
#433=ORIENTED_EDGE('',*,*,#873,.T.);
#434=ORIENTED_EDGE('',*,*,#874,.T.);
#435=ORIENTED_EDGE('',*,*,#875,.T.);
#436=ORIENTED_EDGE('',*,*,#876,.T.);
#437=ORIENTED_EDGE('',*,*,#877,.T.);
#438=ORIENTED_EDGE('',*,*,#878,.T.);
#439=ORIENTED_EDGE('',*,*,#879,.T.);
#440=ORIENTED_EDGE('',*,*,#880,.F.);
#441=ORIENTED_EDGE('',*,*,#881,.F.);
#442=ORIENTED_EDGE('',*,*,#882,.T.);
#443=ORIENTED_EDGE('',*,*,#883,.T.);
#444=ORIENTED_EDGE('',*,*,#884,.T.);
#445=ORIENTED_EDGE('',*,*,#885,.T.);
#446=ORIENTED_EDGE('',*,*,#886,.T.);
#447=ORIENTED_EDGE('',*,*,#887,.F.);
#448=ORIENTED_EDGE('',*,*,#888,.T.);
#449=ORIENTED_EDGE('',*,*,#880,.T.);
#450=ORIENTED_EDGE('',*,*,#889,.T.);
#451=ORIENTED_EDGE('',*,*,#876,.F.);
#452=ORIENTED_EDGE('',*,*,#890,.T.);
#453=ORIENTED_EDGE('',*,*,#872,.F.);
#454=ORIENTED_EDGE('',*,*,#891,.T.);
#455=ORIENTED_EDGE('',*,*,#864,.T.);
#456=ORIENTED_EDGE('',*,*,#892,.T.);
#457=ORIENTED_EDGE('',*,*,#879,.F.);
#458=ORIENTED_EDGE('',*,*,#893,.T.);
#459=ORIENTED_EDGE('',*,*,#873,.F.);
#460=ORIENTED_EDGE('',*,*,#889,.F.);
#461=ORIENTED_EDGE('',*,*,#875,.F.);
#462=ORIENTED_EDGE('',*,*,#894,.T.);
#463=ORIENTED_EDGE('',*,*,#869,.F.);
#464=ORIENTED_EDGE('',*,*,#890,.F.);
#465=ORIENTED_EDGE('',*,*,#863,.F.);
#466=ORIENTED_EDGE('',*,*,#895,.T.);
#467=ORIENTED_EDGE('',*,*,#877,.F.);
#468=ORIENTED_EDGE('',*,*,#892,.F.);
#469=ORIENTED_EDGE('',*,*,#871,.F.);
#470=ORIENTED_EDGE('',*,*,#896,.T.);
#471=ORIENTED_EDGE('',*,*,#861,.F.);
#472=ORIENTED_EDGE('',*,*,#891,.F.);
#473=ORIENTED_EDGE('',*,*,#897,.F.);
#474=ORIENTED_EDGE('',*,*,#781,.F.);
#475=ORIENTED_EDGE('',*,*,#898,.F.);
#476=ORIENTED_EDGE('',*,*,#870,.F.);
#477=ORIENTED_EDGE('',*,*,#898,.T.);
#478=ORIENTED_EDGE('',*,*,#780,.F.);
#479=ORIENTED_EDGE('',*,*,#899,.F.);
#480=ORIENTED_EDGE('',*,*,#896,.F.);
#481=ORIENTED_EDGE('',*,*,#897,.T.);
#482=ORIENTED_EDGE('',*,*,#894,.F.);
#483=ORIENTED_EDGE('',*,*,#900,.F.);
#484=ORIENTED_EDGE('',*,*,#782,.F.);
#485=ORIENTED_EDGE('',*,*,#899,.T.);
#486=ORIENTED_EDGE('',*,*,#779,.F.);
#487=ORIENTED_EDGE('',*,*,#901,.F.);
#488=ORIENTED_EDGE('',*,*,#862,.F.);
#489=ORIENTED_EDGE('',*,*,#900,.T.);
#490=ORIENTED_EDGE('',*,*,#874,.F.);
#491=ORIENTED_EDGE('',*,*,#902,.F.);
#492=ORIENTED_EDGE('',*,*,#775,.F.);
#493=ORIENTED_EDGE('',*,*,#901,.T.);
#494=ORIENTED_EDGE('',*,*,#778,.F.);
#495=ORIENTED_EDGE('',*,*,#903,.F.);
#496=ORIENTED_EDGE('',*,*,#895,.F.);
#497=ORIENTED_EDGE('',*,*,#902,.T.);
#498=ORIENTED_EDGE('',*,*,#893,.F.);
#499=ORIENTED_EDGE('',*,*,#904,.F.);
#500=ORIENTED_EDGE('',*,*,#776,.F.);
#501=ORIENTED_EDGE('',*,*,#903,.T.);
#502=ORIENTED_EDGE('',*,*,#777,.F.);
#503=ORIENTED_EDGE('',*,*,#904,.T.);
#504=ORIENTED_EDGE('',*,*,#878,.F.);
#505=ORIENTED_EDGE('',*,*,#905,.F.);
#506=ORIENTED_EDGE('',*,*,#817,.F.);
#507=ORIENTED_EDGE('',*,*,#906,.F.);
#508=ORIENTED_EDGE('',*,*,#885,.F.);
#509=ORIENTED_EDGE('',*,*,#907,.F.);
#510=ORIENTED_EDGE('',*,*,#908,.F.);
#511=ORIENTED_EDGE('',*,*,#909,.T.);
#512=ORIENTED_EDGE('',*,*,#910,.T.);
#513=ORIENTED_EDGE('',*,*,#887,.T.);
#514=ORIENTED_EDGE('',*,*,#911,.F.);
#515=ORIENTED_EDGE('',*,*,#815,.T.);
#516=ORIENTED_EDGE('',*,*,#912,.F.);
#517=ORIENTED_EDGE('',*,*,#881,.T.);
#518=ORIENTED_EDGE('',*,*,#913,.F.);
#519=ORIENTED_EDGE('',*,*,#813,.T.);
#520=ORIENTED_EDGE('',*,*,#914,.F.);
#521=ORIENTED_EDGE('',*,*,#915,.F.);
#522=ORIENTED_EDGE('',*,*,#819,.F.);
#523=ORIENTED_EDGE('',*,*,#916,.F.);
#524=ORIENTED_EDGE('',*,*,#883,.F.);
#525=ORIENTED_EDGE('',*,*,#914,.T.);
#526=ORIENTED_EDGE('',*,*,#820,.T.);
#527=ORIENTED_EDGE('',*,*,#915,.T.);
#528=ORIENTED_EDGE('',*,*,#882,.F.);
#529=ORIENTED_EDGE('',*,*,#912,.T.);
#530=ORIENTED_EDGE('',*,*,#814,.T.);
#531=ORIENTED_EDGE('',*,*,#913,.T.);
#532=ORIENTED_EDGE('',*,*,#888,.F.);
#533=ORIENTED_EDGE('',*,*,#916,.T.);
#534=ORIENTED_EDGE('',*,*,#818,.T.);
#535=ORIENTED_EDGE('',*,*,#905,.T.);
#536=ORIENTED_EDGE('',*,*,#884,.F.);
#537=ORIENTED_EDGE('',*,*,#906,.T.);
#538=ORIENTED_EDGE('',*,*,#816,.T.);
#539=ORIENTED_EDGE('',*,*,#911,.T.);
#540=ORIENTED_EDGE('',*,*,#886,.F.);
#541=ORIENTED_EDGE('',*,*,#917,.T.);
#542=ORIENTED_EDGE('',*,*,#812,.T.);
#543=ORIENTED_EDGE('',*,*,#918,.F.);
#544=ORIENTED_EDGE('',*,*,#917,.F.);
#545=ORIENTED_EDGE('',*,*,#919,.T.);
#546=ORIENTED_EDGE('',*,*,#811,.T.);
#547=ORIENTED_EDGE('',*,*,#920,.F.);
#548=ORIENTED_EDGE('',*,*,#919,.F.);
#549=ORIENTED_EDGE('',*,*,#921,.T.);
#550=ORIENTED_EDGE('',*,*,#810,.T.);
#551=ORIENTED_EDGE('',*,*,#922,.F.);
#552=ORIENTED_EDGE('',*,*,#921,.F.);
#553=ORIENTED_EDGE('',*,*,#923,.T.);
#554=ORIENTED_EDGE('',*,*,#809,.T.);
#555=ORIENTED_EDGE('',*,*,#924,.F.);
#556=ORIENTED_EDGE('',*,*,#923,.F.);
#557=ORIENTED_EDGE('',*,*,#925,.T.);
#558=ORIENTED_EDGE('',*,*,#924,.T.);
#559=ORIENTED_EDGE('',*,*,#925,.F.);
#560=ORIENTED_EDGE('',*,*,#926,.T.);
#561=ORIENTED_EDGE('',*,*,#922,.T.);
#562=ORIENTED_EDGE('',*,*,#926,.F.);
#563=ORIENTED_EDGE('',*,*,#927,.T.);
#564=ORIENTED_EDGE('',*,*,#920,.T.);
#565=ORIENTED_EDGE('',*,*,#927,.F.);
#566=ORIENTED_EDGE('',*,*,#928,.T.);
#567=ORIENTED_EDGE('',*,*,#918,.T.);
#568=ORIENTED_EDGE('',*,*,#928,.F.);
#569=ORIENTED_EDGE('',*,*,#783,.F.);
#570=ORIENTED_EDGE('',*,*,#808,.T.);
#571=ORIENTED_EDGE('',*,*,#789,.T.);
#572=ORIENTED_EDGE('',*,*,#929,.F.);
#573=ORIENTED_EDGE('',*,*,#825,.F.);
#574=ORIENTED_EDGE('',*,*,#930,.F.);
#575=ORIENTED_EDGE('',*,*,#931,.F.);
#576=ORIENTED_EDGE('',*,*,#827,.T.);
#577=ORIENTED_EDGE('',*,*,#932,.F.);
#578=ORIENTED_EDGE('',*,*,#787,.F.);
#579=ORIENTED_EDGE('',*,*,#933,.F.);
#580=ORIENTED_EDGE('',*,*,#821,.T.);
#581=ORIENTED_EDGE('',*,*,#934,.F.);
#582=ORIENTED_EDGE('',*,*,#785,.F.);
#583=ORIENTED_EDGE('',*,*,#791,.T.);
#584=ORIENTED_EDGE('',*,*,#935,.F.);
#585=ORIENTED_EDGE('',*,*,#823,.F.);
#586=ORIENTED_EDGE('',*,*,#936,.F.);
#587=ORIENTED_EDGE('',*,*,#784,.T.);
#588=ORIENTED_EDGE('',*,*,#936,.T.);
#589=ORIENTED_EDGE('',*,*,#822,.F.);
#590=ORIENTED_EDGE('',*,*,#933,.T.);
#591=ORIENTED_EDGE('',*,*,#786,.T.);
#592=ORIENTED_EDGE('',*,*,#934,.T.);
#593=ORIENTED_EDGE('',*,*,#828,.F.);
#594=ORIENTED_EDGE('',*,*,#931,.T.);
#595=ORIENTED_EDGE('',*,*,#790,.T.);
#596=ORIENTED_EDGE('',*,*,#930,.T.);
#597=ORIENTED_EDGE('',*,*,#824,.F.);
#598=ORIENTED_EDGE('',*,*,#935,.T.);
#599=ORIENTED_EDGE('',*,*,#788,.T.);
#600=ORIENTED_EDGE('',*,*,#932,.T.);
#601=ORIENTED_EDGE('',*,*,#826,.F.);
#602=ORIENTED_EDGE('',*,*,#929,.T.);
#603=ORIENTED_EDGE('',*,*,#772,.T.);
#604=ORIENTED_EDGE('',*,*,#937,.F.);
#605=ORIENTED_EDGE('',*,*,#833,.F.);
#606=ORIENTED_EDGE('',*,*,#938,.F.);
#607=ORIENTED_EDGE('',*,*,#939,.F.);
#608=ORIENTED_EDGE('',*,*,#835,.T.);
#609=ORIENTED_EDGE('',*,*,#940,.F.);
#610=ORIENTED_EDGE('',*,*,#770,.F.);
#611=ORIENTED_EDGE('',*,*,#941,.F.);
#612=ORIENTED_EDGE('',*,*,#829,.T.);
#613=ORIENTED_EDGE('',*,*,#942,.F.);
#614=ORIENTED_EDGE('',*,*,#768,.F.);
#615=ORIENTED_EDGE('',*,*,#774,.T.);
#616=ORIENTED_EDGE('',*,*,#943,.F.);
#617=ORIENTED_EDGE('',*,*,#831,.F.);
#618=ORIENTED_EDGE('',*,*,#944,.F.);
#619=ORIENTED_EDGE('',*,*,#767,.T.);
#620=ORIENTED_EDGE('',*,*,#944,.T.);
#621=ORIENTED_EDGE('',*,*,#830,.F.);
#622=ORIENTED_EDGE('',*,*,#941,.T.);
#623=ORIENTED_EDGE('',*,*,#769,.T.);
#624=ORIENTED_EDGE('',*,*,#942,.T.);
#625=ORIENTED_EDGE('',*,*,#836,.F.);
#626=ORIENTED_EDGE('',*,*,#939,.T.);
#627=ORIENTED_EDGE('',*,*,#773,.T.);
#628=ORIENTED_EDGE('',*,*,#938,.T.);
#629=ORIENTED_EDGE('',*,*,#832,.F.);
#630=ORIENTED_EDGE('',*,*,#943,.T.);
#631=ORIENTED_EDGE('',*,*,#771,.T.);
#632=ORIENTED_EDGE('',*,*,#940,.T.);
#633=ORIENTED_EDGE('',*,*,#834,.F.);
#634=ORIENTED_EDGE('',*,*,#937,.T.);
#635=ORIENTED_EDGE('',*,*,#797,.T.);
#636=ORIENTED_EDGE('',*,*,#945,.F.);
#637=ORIENTED_EDGE('',*,*,#841,.F.);
#638=ORIENTED_EDGE('',*,*,#946,.F.);
#639=ORIENTED_EDGE('',*,*,#947,.F.);
#640=ORIENTED_EDGE('',*,*,#843,.T.);
#641=ORIENTED_EDGE('',*,*,#948,.F.);
#642=ORIENTED_EDGE('',*,*,#795,.F.);
#643=ORIENTED_EDGE('',*,*,#949,.F.);
#644=ORIENTED_EDGE('',*,*,#837,.T.);
#645=ORIENTED_EDGE('',*,*,#950,.F.);
#646=ORIENTED_EDGE('',*,*,#793,.F.);
#647=ORIENTED_EDGE('',*,*,#799,.T.);
#648=ORIENTED_EDGE('',*,*,#951,.F.);
#649=ORIENTED_EDGE('',*,*,#839,.F.);
#650=ORIENTED_EDGE('',*,*,#952,.F.);
#651=ORIENTED_EDGE('',*,*,#792,.T.);
#652=ORIENTED_EDGE('',*,*,#952,.T.);
#653=ORIENTED_EDGE('',*,*,#838,.F.);
#654=ORIENTED_EDGE('',*,*,#949,.T.);
#655=ORIENTED_EDGE('',*,*,#794,.T.);
#656=ORIENTED_EDGE('',*,*,#950,.T.);
#657=ORIENTED_EDGE('',*,*,#844,.F.);
#658=ORIENTED_EDGE('',*,*,#947,.T.);
#659=ORIENTED_EDGE('',*,*,#798,.T.);
#660=ORIENTED_EDGE('',*,*,#946,.T.);
#661=ORIENTED_EDGE('',*,*,#840,.F.);
#662=ORIENTED_EDGE('',*,*,#951,.T.);
#663=ORIENTED_EDGE('',*,*,#796,.T.);
#664=ORIENTED_EDGE('',*,*,#948,.T.);
#665=ORIENTED_EDGE('',*,*,#842,.F.);
#666=ORIENTED_EDGE('',*,*,#945,.T.);
#667=ORIENTED_EDGE('',*,*,#764,.T.);
#668=ORIENTED_EDGE('',*,*,#953,.F.);
#669=ORIENTED_EDGE('',*,*,#849,.F.);
#670=ORIENTED_EDGE('',*,*,#954,.F.);
#671=ORIENTED_EDGE('',*,*,#955,.F.);
#672=ORIENTED_EDGE('',*,*,#851,.T.);
#673=ORIENTED_EDGE('',*,*,#956,.F.);
#674=ORIENTED_EDGE('',*,*,#762,.F.);
#675=ORIENTED_EDGE('',*,*,#957,.F.);
#676=ORIENTED_EDGE('',*,*,#845,.T.);
#677=ORIENTED_EDGE('',*,*,#958,.F.);
#678=ORIENTED_EDGE('',*,*,#760,.F.);
#679=ORIENTED_EDGE('',*,*,#766,.T.);
#680=ORIENTED_EDGE('',*,*,#959,.F.);
#681=ORIENTED_EDGE('',*,*,#847,.F.);
#682=ORIENTED_EDGE('',*,*,#960,.F.);
#683=ORIENTED_EDGE('',*,*,#759,.T.);
#684=ORIENTED_EDGE('',*,*,#960,.T.);
#685=ORIENTED_EDGE('',*,*,#846,.F.);
#686=ORIENTED_EDGE('',*,*,#957,.T.);
#687=ORIENTED_EDGE('',*,*,#761,.T.);
#688=ORIENTED_EDGE('',*,*,#958,.T.);
#689=ORIENTED_EDGE('',*,*,#852,.F.);
#690=ORIENTED_EDGE('',*,*,#955,.T.);
#691=ORIENTED_EDGE('',*,*,#765,.T.);
#692=ORIENTED_EDGE('',*,*,#954,.T.);
#693=ORIENTED_EDGE('',*,*,#848,.F.);
#694=ORIENTED_EDGE('',*,*,#959,.T.);
#695=ORIENTED_EDGE('',*,*,#763,.T.);
#696=ORIENTED_EDGE('',*,*,#956,.T.);
#697=ORIENTED_EDGE('',*,*,#850,.F.);
#698=ORIENTED_EDGE('',*,*,#953,.T.);
#699=ORIENTED_EDGE('',*,*,#805,.T.);
#700=ORIENTED_EDGE('',*,*,#961,.F.);
#701=ORIENTED_EDGE('',*,*,#857,.F.);
#702=ORIENTED_EDGE('',*,*,#962,.F.);
#703=ORIENTED_EDGE('',*,*,#963,.F.);
#704=ORIENTED_EDGE('',*,*,#859,.T.);
#705=ORIENTED_EDGE('',*,*,#964,.F.);
#706=ORIENTED_EDGE('',*,*,#803,.F.);
#707=ORIENTED_EDGE('',*,*,#965,.F.);
#708=ORIENTED_EDGE('',*,*,#853,.T.);
#709=ORIENTED_EDGE('',*,*,#966,.F.);
#710=ORIENTED_EDGE('',*,*,#801,.F.);
#711=ORIENTED_EDGE('',*,*,#807,.T.);
#712=ORIENTED_EDGE('',*,*,#967,.F.);
#713=ORIENTED_EDGE('',*,*,#855,.F.);
#714=ORIENTED_EDGE('',*,*,#968,.F.);
#715=ORIENTED_EDGE('',*,*,#800,.T.);
#716=ORIENTED_EDGE('',*,*,#968,.T.);
#717=ORIENTED_EDGE('',*,*,#854,.F.);
#718=ORIENTED_EDGE('',*,*,#965,.T.);
#719=ORIENTED_EDGE('',*,*,#802,.T.);
#720=ORIENTED_EDGE('',*,*,#966,.T.);
#721=ORIENTED_EDGE('',*,*,#860,.F.);
#722=ORIENTED_EDGE('',*,*,#963,.T.);
#723=ORIENTED_EDGE('',*,*,#806,.T.);
#724=ORIENTED_EDGE('',*,*,#962,.T.);
#725=ORIENTED_EDGE('',*,*,#856,.F.);
#726=ORIENTED_EDGE('',*,*,#967,.T.);
#727=ORIENTED_EDGE('',*,*,#804,.T.);
#728=ORIENTED_EDGE('',*,*,#964,.T.);
#729=ORIENTED_EDGE('',*,*,#858,.F.);
#730=ORIENTED_EDGE('',*,*,#961,.T.);
#731=ORIENTED_EDGE('',*,*,#969,.T.);
#732=ORIENTED_EDGE('',*,*,#970,.T.);
#733=ORIENTED_EDGE('',*,*,#971,.T.);
#734=ORIENTED_EDGE('',*,*,#866,.F.);
#735=ORIENTED_EDGE('',*,*,#972,.T.);
#736=ORIENTED_EDGE('',*,*,#973,.T.);
#737=ORIENTED_EDGE('',*,*,#974,.T.);
#738=ORIENTED_EDGE('',*,*,#868,.F.);
#739=ORIENTED_EDGE('',*,*,#974,.F.);
#740=ORIENTED_EDGE('',*,*,#975,.T.);
#741=ORIENTED_EDGE('',*,*,#907,.T.);
#742=ORIENTED_EDGE('',*,*,#976,.F.);
#743=ORIENTED_EDGE('',*,*,#969,.F.);
#744=ORIENTED_EDGE('',*,*,#865,.F.);
#745=ORIENTED_EDGE('',*,*,#867,.T.);
#746=ORIENTED_EDGE('',*,*,#971,.F.);
#747=ORIENTED_EDGE('',*,*,#977,.T.);
#748=ORIENTED_EDGE('',*,*,#909,.F.);
#749=ORIENTED_EDGE('',*,*,#978,.F.);
#750=ORIENTED_EDGE('',*,*,#972,.F.);
#751=ORIENTED_EDGE('',*,*,#908,.T.);
#752=ORIENTED_EDGE('',*,*,#975,.F.);
#753=ORIENTED_EDGE('',*,*,#973,.F.);
#754=ORIENTED_EDGE('',*,*,#978,.T.);
#755=ORIENTED_EDGE('',*,*,#977,.F.);
#756=ORIENTED_EDGE('',*,*,#970,.F.);
#757=ORIENTED_EDGE('',*,*,#976,.T.);
#758=ORIENTED_EDGE('',*,*,#910,.F.);
#759=EDGE_CURVE('',#979,#980,#1129,.T.);
#760=EDGE_CURVE('',#979,#981,#59,.T.);
#761=EDGE_CURVE('',#982,#981,#1130,.T.);
#762=EDGE_CURVE('',#982,#983,#60,.T.);
#763=EDGE_CURVE('',#984,#983,#1131,.T.);
#764=EDGE_CURVE('',#985,#984,#61,.T.);
#765=EDGE_CURVE('',#986,#985,#1132,.T.);
#766=EDGE_CURVE('',#980,#986,#62,.T.);
#767=EDGE_CURVE('',#987,#988,#1133,.T.);
#768=EDGE_CURVE('',#987,#989,#63,.T.);
#769=EDGE_CURVE('',#990,#989,#1134,.T.);
#770=EDGE_CURVE('',#990,#991,#64,.T.);
#771=EDGE_CURVE('',#992,#991,#1135,.T.);
#772=EDGE_CURVE('',#993,#992,#65,.T.);
#773=EDGE_CURVE('',#994,#993,#1136,.T.);
#774=EDGE_CURVE('',#988,#994,#66,.T.);
#775=EDGE_CURVE('',#995,#996,#67,.T.);
#776=EDGE_CURVE('',#996,#997,#1137,.T.);
#777=EDGE_CURVE('',#997,#998,#68,.F.);
#778=EDGE_CURVE('',#998,#999,#1138,.T.);
#779=EDGE_CURVE('',#999,#1000,#69,.F.);
#780=EDGE_CURVE('',#1000,#1001,#1139,.T.);
#781=EDGE_CURVE('',#1001,#1002,#70,.T.);
#782=EDGE_CURVE('',#1002,#995,#1140,.T.);
#783=EDGE_CURVE('',#1003,#1003,#1141,.F.);
#784=EDGE_CURVE('',#1004,#1005,#1142,.T.);
#785=EDGE_CURVE('',#1004,#1006,#71,.T.);
#786=EDGE_CURVE('',#1007,#1006,#1143,.T.);
#787=EDGE_CURVE('',#1007,#1008,#72,.T.);
#788=EDGE_CURVE('',#1009,#1008,#1144,.T.);
#789=EDGE_CURVE('',#1010,#1009,#73,.T.);
#790=EDGE_CURVE('',#1011,#1010,#1145,.T.);
#791=EDGE_CURVE('',#1005,#1011,#74,.T.);
#792=EDGE_CURVE('',#1012,#1013,#1146,.T.);
#793=EDGE_CURVE('',#1012,#1014,#75,.T.);
#794=EDGE_CURVE('',#1015,#1014,#1147,.T.);
#795=EDGE_CURVE('',#1015,#1016,#76,.T.);
#796=EDGE_CURVE('',#1017,#1016,#1148,.T.);
#797=EDGE_CURVE('',#1018,#1017,#77,.T.);
#798=EDGE_CURVE('',#1019,#1018,#1149,.T.);
#799=EDGE_CURVE('',#1013,#1019,#78,.T.);
#800=EDGE_CURVE('',#1020,#1021,#1150,.T.);
#801=EDGE_CURVE('',#1020,#1022,#79,.T.);
#802=EDGE_CURVE('',#1023,#1022,#1151,.T.);
#803=EDGE_CURVE('',#1023,#1024,#80,.T.);
#804=EDGE_CURVE('',#1025,#1024,#1152,.T.);
#805=EDGE_CURVE('',#1026,#1025,#81,.T.);
#806=EDGE_CURVE('',#1027,#1026,#1153,.T.);
#807=EDGE_CURVE('',#1021,#1027,#82,.T.);
#808=EDGE_CURVE('',#1028,#1028,#1154,.F.);
#809=EDGE_CURVE('',#1029,#1029,#1155,.F.);
#810=EDGE_CURVE('',#1030,#1030,#1156,.F.);
#811=EDGE_CURVE('',#1031,#1031,#1157,.F.);
#812=EDGE_CURVE('',#1032,#1032,#1158,.F.);
#813=EDGE_CURVE('',#1033,#1034,#83,.T.);
#814=EDGE_CURVE('',#1035,#1033,#1159,.T.);
#815=EDGE_CURVE('',#1036,#1035,#84,.T.);
#816=EDGE_CURVE('',#1037,#1036,#1160,.T.);
#817=EDGE_CURVE('',#1037,#1038,#85,.T.);
#818=EDGE_CURVE('',#1039,#1038,#1161,.T.);
#819=EDGE_CURVE('',#1039,#1040,#86,.T.);
#820=EDGE_CURVE('',#1034,#1040,#1162,.T.);
#821=EDGE_CURVE('',#1041,#1042,#87,.T.);
#822=EDGE_CURVE('',#1041,#1043,#1163,.T.);
#823=EDGE_CURVE('',#1043,#1044,#88,.T.);
#824=EDGE_CURVE('',#1044,#1045,#1164,.T.);
#825=EDGE_CURVE('',#1045,#1046,#89,.T.);
#826=EDGE_CURVE('',#1046,#1047,#1165,.T.);
#827=EDGE_CURVE('',#1048,#1047,#90,.T.);
#828=EDGE_CURVE('',#1048,#1042,#1166,.T.);
#829=EDGE_CURVE('',#1049,#1050,#91,.T.);
#830=EDGE_CURVE('',#1049,#1051,#1167,.T.);
#831=EDGE_CURVE('',#1051,#1052,#92,.T.);
#832=EDGE_CURVE('',#1052,#1053,#1168,.T.);
#833=EDGE_CURVE('',#1053,#1054,#93,.T.);
#834=EDGE_CURVE('',#1054,#1055,#1169,.T.);
#835=EDGE_CURVE('',#1056,#1055,#94,.T.);
#836=EDGE_CURVE('',#1056,#1050,#1170,.T.);
#837=EDGE_CURVE('',#1057,#1058,#95,.T.);
#838=EDGE_CURVE('',#1057,#1059,#1171,.T.);
#839=EDGE_CURVE('',#1059,#1060,#96,.T.);
#840=EDGE_CURVE('',#1060,#1061,#1172,.T.);
#841=EDGE_CURVE('',#1061,#1062,#97,.T.);
#842=EDGE_CURVE('',#1062,#1063,#1173,.T.);
#843=EDGE_CURVE('',#1064,#1063,#98,.T.);
#844=EDGE_CURVE('',#1064,#1058,#1174,.T.);
#845=EDGE_CURVE('',#1065,#1066,#99,.T.);
#846=EDGE_CURVE('',#1065,#1067,#1175,.T.);
#847=EDGE_CURVE('',#1067,#1068,#100,.T.);
#848=EDGE_CURVE('',#1068,#1069,#1176,.T.);
#849=EDGE_CURVE('',#1069,#1070,#101,.T.);
#850=EDGE_CURVE('',#1070,#1071,#1177,.T.);
#851=EDGE_CURVE('',#1072,#1071,#102,.T.);
#852=EDGE_CURVE('',#1072,#1066,#1178,.T.);
#853=EDGE_CURVE('',#1073,#1074,#103,.T.);
#854=EDGE_CURVE('',#1073,#1075,#1179,.T.);
#855=EDGE_CURVE('',#1075,#1076,#104,.T.);
#856=EDGE_CURVE('',#1076,#1077,#1180,.T.);
#857=EDGE_CURVE('',#1077,#1078,#105,.T.);
#858=EDGE_CURVE('',#1078,#1079,#1181,.T.);
#859=EDGE_CURVE('',#1080,#1079,#106,.T.);
#860=EDGE_CURVE('',#1080,#1074,#1182,.T.);
#861=EDGE_CURVE('',#1081,#1082,#107,.F.);
#862=EDGE_CURVE('',#1082,#1083,#108,.T.);
#863=EDGE_CURVE('',#1083,#1084,#109,.T.);
#864=EDGE_CURVE('',#1081,#1084,#110,.T.);
#865=EDGE_CURVE('',#1085,#1086,#111,.T.);
#866=EDGE_CURVE('',#1086,#1087,#112,.T.);
#867=EDGE_CURVE('',#1088,#1087,#113,.T.);
#868=EDGE_CURVE('',#1088,#1085,#114,.T.);
#869=EDGE_CURVE('',#1089,#1090,#115,.F.);
#870=EDGE_CURVE('',#1090,#1091,#116,.F.);
#871=EDGE_CURVE('',#1091,#1092,#117,.T.);
#872=EDGE_CURVE('',#1092,#1089,#118,.T.);
#873=EDGE_CURVE('',#1093,#1094,#119,.F.);
#874=EDGE_CURVE('',#1094,#1095,#120,.F.);
#875=EDGE_CURVE('',#1095,#1096,#121,.T.);
#876=EDGE_CURVE('',#1096,#1093,#122,.T.);
#877=EDGE_CURVE('',#1097,#1098,#123,.F.);
#878=EDGE_CURVE('',#1098,#1099,#124,.T.);
#879=EDGE_CURVE('',#1099,#1100,#125,.T.);
#880=EDGE_CURVE('',#1097,#1100,#126,.T.);
#881=EDGE_CURVE('',#1101,#1102,#127,.T.);
#882=EDGE_CURVE('',#1101,#1103,#1183,.T.);
#883=EDGE_CURVE('',#1103,#1104,#128,.T.);
#884=EDGE_CURVE('',#1104,#1105,#1184,.T.);
#885=EDGE_CURVE('',#1105,#1106,#129,.T.);
#886=EDGE_CURVE('',#1106,#1107,#1185,.T.);
#887=EDGE_CURVE('',#1108,#1107,#130,.T.);
#888=EDGE_CURVE('',#1108,#1102,#1186,.T.);
#889=EDGE_CURVE('',#1100,#1093,#1187,.F.);
#890=EDGE_CURVE('',#1096,#1089,#1188,.F.);
#891=EDGE_CURVE('',#1092,#1081,#1189,.F.);
#892=EDGE_CURVE('',#1084,#1097,#1190,.F.);
#893=EDGE_CURVE('',#1099,#1094,#1191,.F.);
#894=EDGE_CURVE('',#1095,#1090,#1192,.F.);
#895=EDGE_CURVE('',#1083,#1098,#1193,.F.);
#896=EDGE_CURVE('',#1091,#1082,#1194,.F.);
#897=EDGE_CURVE('',#1002,#1090,#1195,.T.);
#898=EDGE_CURVE('',#1091,#1001,#1196,.T.);
#899=EDGE_CURVE('',#1082,#1000,#1197,.T.);
#900=EDGE_CURVE('',#995,#1095,#1198,.T.);
#901=EDGE_CURVE('',#1083,#999,#1199,.T.);
#902=EDGE_CURVE('',#996,#1094,#1200,.T.);
#903=EDGE_CURVE('',#1098,#998,#1201,.T.);
#904=EDGE_CURVE('',#997,#1099,#1202,.T.);
#905=EDGE_CURVE('',#1038,#1105,#131,.T.);
#906=EDGE_CURVE('',#1106,#1037,#132,.F.);
#907=EDGE_CURVE('',#1109,#1110,#133,.T.);
#908=EDGE_CURVE('',#1111,#1109,#134,.T.);
#909=EDGE_CURVE('',#1111,#1112,#135,.T.);
#910=EDGE_CURVE('',#1112,#1110,#136,.T.);
#911=EDGE_CURVE('',#1036,#1107,#137,.T.);
#912=EDGE_CURVE('',#1108,#1035,#138,.F.);
#913=EDGE_CURVE('',#1033,#1102,#139,.T.);
#914=EDGE_CURVE('',#1101,#1034,#140,.F.);
#915=EDGE_CURVE('',#1040,#1103,#141,.T.);
#916=EDGE_CURVE('',#1104,#1039,#142,.F.);
#917=EDGE_CURVE('',#1113,#1113,#1203,.T.);
#918=EDGE_CURVE('',#1114,#1114,#1204,.F.);
#919=EDGE_CURVE('',#1115,#1115,#1205,.T.);
#920=EDGE_CURVE('',#1116,#1116,#1206,.F.);
#921=EDGE_CURVE('',#1117,#1117,#1207,.T.);
#922=EDGE_CURVE('',#1118,#1118,#1208,.F.);
#923=EDGE_CURVE('',#1119,#1119,#1209,.T.);
#924=EDGE_CURVE('',#1120,#1120,#1210,.F.);
#925=EDGE_CURVE('',#1121,#1121,#1211,.T.);
#926=EDGE_CURVE('',#1122,#1122,#1212,.T.);
#927=EDGE_CURVE('',#1123,#1123,#1213,.T.);
#928=EDGE_CURVE('',#1124,#1124,#1214,.T.);
#929=EDGE_CURVE('',#1046,#1009,#143,.F.);
#930=EDGE_CURVE('',#1010,#1045,#144,.T.);
#931=EDGE_CURVE('',#1048,#1007,#145,.F.);
#932=EDGE_CURVE('',#1008,#1047,#146,.T.);
#933=EDGE_CURVE('',#1041,#1004,#147,.F.);
#934=EDGE_CURVE('',#1006,#1042,#148,.T.);
#935=EDGE_CURVE('',#1044,#1011,#149,.F.);
#936=EDGE_CURVE('',#1005,#1043,#150,.T.);
#937=EDGE_CURVE('',#1054,#992,#151,.F.);
#938=EDGE_CURVE('',#993,#1053,#152,.T.);
#939=EDGE_CURVE('',#1056,#990,#153,.F.);
#940=EDGE_CURVE('',#991,#1055,#154,.T.);
#941=EDGE_CURVE('',#1049,#987,#155,.F.);
#942=EDGE_CURVE('',#989,#1050,#156,.T.);
#943=EDGE_CURVE('',#1052,#994,#157,.F.);
#944=EDGE_CURVE('',#988,#1051,#158,.T.);
#945=EDGE_CURVE('',#1062,#1017,#159,.F.);
#946=EDGE_CURVE('',#1018,#1061,#160,.T.);
#947=EDGE_CURVE('',#1064,#1015,#161,.F.);
#948=EDGE_CURVE('',#1016,#1063,#162,.T.);
#949=EDGE_CURVE('',#1057,#1012,#163,.F.);
#950=EDGE_CURVE('',#1014,#1058,#164,.T.);
#951=EDGE_CURVE('',#1060,#1019,#165,.F.);
#952=EDGE_CURVE('',#1013,#1059,#166,.T.);
#953=EDGE_CURVE('',#1070,#984,#167,.F.);
#954=EDGE_CURVE('',#985,#1069,#168,.T.);
#955=EDGE_CURVE('',#1072,#982,#169,.F.);
#956=EDGE_CURVE('',#983,#1071,#170,.T.);
#957=EDGE_CURVE('',#1065,#979,#171,.F.);
#958=EDGE_CURVE('',#981,#1066,#172,.T.);
#959=EDGE_CURVE('',#1068,#986,#173,.F.);
#960=EDGE_CURVE('',#980,#1067,#174,.T.);
#961=EDGE_CURVE('',#1078,#1025,#175,.F.);
#962=EDGE_CURVE('',#1026,#1077,#176,.T.);
#963=EDGE_CURVE('',#1080,#1023,#177,.F.);
#964=EDGE_CURVE('',#1024,#1079,#178,.T.);
#965=EDGE_CURVE('',#1073,#1020,#179,.F.);
#966=EDGE_CURVE('',#1022,#1074,#180,.T.);
#967=EDGE_CURVE('',#1076,#1027,#181,.F.);
#968=EDGE_CURVE('',#1021,#1075,#182,.T.);
#969=EDGE_CURVE('',#1086,#1125,#1215,.T.);
#970=EDGE_CURVE('',#1125,#1126,#183,.T.);
#971=EDGE_CURVE('',#1126,#1087,#1216,.F.);
#972=EDGE_CURVE('',#1088,#1127,#1217,.F.);
#973=EDGE_CURVE('',#1127,#1128,#184,.F.);
#974=EDGE_CURVE('',#1128,#1085,#1218,.T.);
#975=EDGE_CURVE('',#1128,#1109,#185,.T.);
#976=EDGE_CURVE('',#1125,#1110,#186,.T.);
#977=EDGE_CURVE('',#1126,#1112,#187,.T.);
#978=EDGE_CURVE('',#1127,#1111,#188,.T.);
#979=VERTEX_POINT('',#2284);
#980=VERTEX_POINT('',#2285);
#981=VERTEX_POINT('',#2287);
#982=VERTEX_POINT('',#2289);
#983=VERTEX_POINT('',#2291);
#984=VERTEX_POINT('',#2293);
#985=VERTEX_POINT('',#2295);
#986=VERTEX_POINT('',#2297);
#987=VERTEX_POINT('',#2300);
#988=VERTEX_POINT('',#2301);
#989=VERTEX_POINT('',#2303);
#990=VERTEX_POINT('',#2305);
#991=VERTEX_POINT('',#2307);
#992=VERTEX_POINT('',#2309);
#993=VERTEX_POINT('',#2311);
#994=VERTEX_POINT('',#2313);
#995=VERTEX_POINT('',#2316);
#996=VERTEX_POINT('',#2317);
#997=VERTEX_POINT('',#2319);
#998=VERTEX_POINT('',#2321);
#999=VERTEX_POINT('',#2323);
#1000=VERTEX_POINT('',#2325);
#1001=VERTEX_POINT('',#2327);
#1002=VERTEX_POINT('',#2329);
#1003=VERTEX_POINT('',#2332);
#1004=VERTEX_POINT('',#2334);
#1005=VERTEX_POINT('',#2335);
#1006=VERTEX_POINT('',#2337);
#1007=VERTEX_POINT('',#2339);
#1008=VERTEX_POINT('',#2341);
#1009=VERTEX_POINT('',#2343);
#1010=VERTEX_POINT('',#2345);
#1011=VERTEX_POINT('',#2347);
#1012=VERTEX_POINT('',#2350);
#1013=VERTEX_POINT('',#2351);
#1014=VERTEX_POINT('',#2353);
#1015=VERTEX_POINT('',#2355);
#1016=VERTEX_POINT('',#2357);
#1017=VERTEX_POINT('',#2359);
#1018=VERTEX_POINT('',#2361);
#1019=VERTEX_POINT('',#2363);
#1020=VERTEX_POINT('',#2366);
#1021=VERTEX_POINT('',#2367);
#1022=VERTEX_POINT('',#2369);
#1023=VERTEX_POINT('',#2371);
#1024=VERTEX_POINT('',#2373);
#1025=VERTEX_POINT('',#2375);
#1026=VERTEX_POINT('',#2377);
#1027=VERTEX_POINT('',#2379);
#1028=VERTEX_POINT('',#2383);
#1029=VERTEX_POINT('',#2385);
#1030=VERTEX_POINT('',#2387);
#1031=VERTEX_POINT('',#2389);
#1032=VERTEX_POINT('',#2391);
#1033=VERTEX_POINT('',#2393);
#1034=VERTEX_POINT('',#2394);
#1035=VERTEX_POINT('',#2396);
#1036=VERTEX_POINT('',#2398);
#1037=VERTEX_POINT('',#2400);
#1038=VERTEX_POINT('',#2402);
#1039=VERTEX_POINT('',#2404);
#1040=VERTEX_POINT('',#2406);
#1041=VERTEX_POINT('',#2409);
#1042=VERTEX_POINT('',#2410);
#1043=VERTEX_POINT('',#2412);
#1044=VERTEX_POINT('',#2414);
#1045=VERTEX_POINT('',#2416);
#1046=VERTEX_POINT('',#2418);
#1047=VERTEX_POINT('',#2420);
#1048=VERTEX_POINT('',#2422);
#1049=VERTEX_POINT('',#2425);
#1050=VERTEX_POINT('',#2426);
#1051=VERTEX_POINT('',#2428);
#1052=VERTEX_POINT('',#2430);
#1053=VERTEX_POINT('',#2432);
#1054=VERTEX_POINT('',#2434);
#1055=VERTEX_POINT('',#2436);
#1056=VERTEX_POINT('',#2438);
#1057=VERTEX_POINT('',#2441);
#1058=VERTEX_POINT('',#2442);
#1059=VERTEX_POINT('',#2444);
#1060=VERTEX_POINT('',#2446);
#1061=VERTEX_POINT('',#2448);
#1062=VERTEX_POINT('',#2450);
#1063=VERTEX_POINT('',#2452);
#1064=VERTEX_POINT('',#2454);
#1065=VERTEX_POINT('',#2457);
#1066=VERTEX_POINT('',#2458);
#1067=VERTEX_POINT('',#2460);
#1068=VERTEX_POINT('',#2462);
#1069=VERTEX_POINT('',#2464);
#1070=VERTEX_POINT('',#2466);
#1071=VERTEX_POINT('',#2468);
#1072=VERTEX_POINT('',#2470);
#1073=VERTEX_POINT('',#2473);
#1074=VERTEX_POINT('',#2474);
#1075=VERTEX_POINT('',#2476);
#1076=VERTEX_POINT('',#2478);
#1077=VERTEX_POINT('',#2480);
#1078=VERTEX_POINT('',#2482);
#1079=VERTEX_POINT('',#2484);
#1080=VERTEX_POINT('',#2486);
#1081=VERTEX_POINT('',#2490);
#1082=VERTEX_POINT('',#2491);
#1083=VERTEX_POINT('',#2493);
#1084=VERTEX_POINT('',#2495);
#1085=VERTEX_POINT('',#2499);
#1086=VERTEX_POINT('',#2500);
#1087=VERTEX_POINT('',#2502);
#1088=VERTEX_POINT('',#2504);
#1089=VERTEX_POINT('',#2507);
#1090=VERTEX_POINT('',#2508);
#1091=VERTEX_POINT('',#2510);
#1092=VERTEX_POINT('',#2512);
#1093=VERTEX_POINT('',#2516);
#1094=VERTEX_POINT('',#2517);
#1095=VERTEX_POINT('',#2519);
#1096=VERTEX_POINT('',#2521);
#1097=VERTEX_POINT('',#2525);
#1098=VERTEX_POINT('',#2526);
#1099=VERTEX_POINT('',#2528);
#1100=VERTEX_POINT('',#2530);
#1101=VERTEX_POINT('',#2534);
#1102=VERTEX_POINT('',#2535);
#1103=VERTEX_POINT('',#2537);
#1104=VERTEX_POINT('',#2539);
#1105=VERTEX_POINT('',#2541);
#1106=VERTEX_POINT('',#2543);
#1107=VERTEX_POINT('',#2545);
#1108=VERTEX_POINT('',#2547);
#1109=VERTEX_POINT('',#2582);
#1110=VERTEX_POINT('',#2583);
#1111=VERTEX_POINT('',#2585);
#1112=VERTEX_POINT('',#2587);
#1113=VERTEX_POINT('',#2603);
#1114=VERTEX_POINT('',#2606);
#1115=VERTEX_POINT('',#2609);
#1116=VERTEX_POINT('',#2612);
#1117=VERTEX_POINT('',#2615);
#1118=VERTEX_POINT('',#2618);
#1119=VERTEX_POINT('',#2621);
#1120=VERTEX_POINT('',#2624);
#1121=VERTEX_POINT('',#2627);
#1122=VERTEX_POINT('',#2631);
#1123=VERTEX_POINT('',#2635);
#1124=VERTEX_POINT('',#2639);
#1125=VERTEX_POINT('',#2724);
#1126=VERTEX_POINT('',#2726);
#1127=VERTEX_POINT('',#2730);
#1128=VERTEX_POINT('',#2732);
#1129=CIRCLE('',#1610,0.0004);
#1130=CIRCLE('',#1611,0.0004);
#1131=CIRCLE('',#1612,0.0004);
#1132=CIRCLE('',#1613,0.0004);
#1133=CIRCLE('',#1614,0.001);
#1134=CIRCLE('',#1615,0.001);
#1135=CIRCLE('',#1616,0.001);
#1136=CIRCLE('',#1617,0.001);
#1137=CIRCLE('',#1618,0.002);
#1138=CIRCLE('',#1619,0.002);
#1139=CIRCLE('',#1620,0.002);
#1140=CIRCLE('',#1621,0.002);
#1141=CIRCLE('',#1622,0.0066);
#1142=CIRCLE('',#1623,0.0004);
#1143=CIRCLE('',#1624,0.0004);
#1144=CIRCLE('',#1625,0.0004);
#1145=CIRCLE('',#1626,0.0004);
#1146=CIRCLE('',#1627,0.0004);
#1147=CIRCLE('',#1628,0.0004);
#1148=CIRCLE('',#1629,0.0004);
#1149=CIRCLE('',#1630,0.0004);
#1150=CIRCLE('',#1631,0.0004);
#1151=CIRCLE('',#1632,0.0004);
#1152=CIRCLE('',#1633,0.0004);
#1153=CIRCLE('',#1634,0.0004);
#1154=CIRCLE('',#1636,0.0066);
#1155=CIRCLE('',#1637,0.0035);
#1156=CIRCLE('',#1638,0.0035);
#1157=CIRCLE('',#1639,0.0035);
#1158=CIRCLE('',#1640,0.0035);
#1159=CIRCLE('',#1641,0.001);
#1160=CIRCLE('',#1642,0.001);
#1161=CIRCLE('',#1643,0.001);
#1162=CIRCLE('',#1644,0.001);
#1163=CIRCLE('',#1645,0.0004);
#1164=CIRCLE('',#1646,0.0004);
#1165=CIRCLE('',#1647,0.0004);
#1166=CIRCLE('',#1648,0.0004);
#1167=CIRCLE('',#1649,0.001);
#1168=CIRCLE('',#1650,0.001);
#1169=CIRCLE('',#1651,0.001);
#1170=CIRCLE('',#1652,0.001);
#1171=CIRCLE('',#1653,0.0004);
#1172=CIRCLE('',#1654,0.0004);
#1173=CIRCLE('',#1655,0.0004);
#1174=CIRCLE('',#1656,0.0004);
#1175=CIRCLE('',#1657,0.0004);
#1176=CIRCLE('',#1658,0.0004);
#1177=CIRCLE('',#1659,0.0004);
#1178=CIRCLE('',#1660,0.0004);
#1179=CIRCLE('',#1661,0.0004);
#1180=CIRCLE('',#1662,0.0004);
#1181=CIRCLE('',#1663,0.0004);
#1182=CIRCLE('',#1664,0.0004);
#1183=CIRCLE('',#1670,0.001);
#1184=CIRCLE('',#1671,0.001);
#1185=CIRCLE('',#1672,0.001);
#1186=CIRCLE('',#1673,0.001);
#1187=CIRCLE('',#1674,0.0034);
#1188=CIRCLE('',#1675,0.0034);
#1189=CIRCLE('',#1676,0.0034);
#1190=CIRCLE('',#1677,0.0034);
#1191=CIRCLE('',#1679,0.0034);
#1192=CIRCLE('',#1681,0.0034);
#1193=CIRCLE('',#1683,0.0034);
#1194=CIRCLE('',#1685,0.0034);
#1195=CIRCLE('',#1687,0.0014);
#1196=CIRCLE('',#1688,0.0014);
#1197=CIRCLE('',#1690,0.0014);
#1198=CIRCLE('',#1692,0.0014);
#1199=CIRCLE('',#1694,0.0014);
#1200=CIRCLE('',#1696,0.0014);
#1201=CIRCLE('',#1698,0.0014);
#1202=CIRCLE('',#1700,0.0014);
#1203=CIRCLE('',#1711,0.0035);
#1204=CIRCLE('',#1713,0.0013);
#1205=CIRCLE('',#1715,0.0035);
#1206=CIRCLE('',#1717,0.0013);
#1207=CIRCLE('',#1719,0.0035);
#1208=CIRCLE('',#1721,0.0013);
#1209=CIRCLE('',#1723,0.0035);
#1210=CIRCLE('',#1725,0.0013);
#1211=CIRCLE('',#1727,0.0013);
#1212=CIRCLE('',#1730,0.0013);
#1213=CIRCLE('',#1733,0.0013);
#1214=CIRCLE('',#1736,0.0013);
#1215=CIRCLE('',#1780,0.0008);
#1216=CIRCLE('',#1781,0.0008);
#1217=CIRCLE('',#1783,0.0008);
#1218=CIRCLE('',#1784,0.0008);
#1219=EDGE_LOOP('',(#319,#320,#321,#322,#323,#324,#325,#326));
#1220=EDGE_LOOP('',(#327,#328,#329,#330,#331,#332,#333,#334));
#1221=EDGE_LOOP('',(#335,#336,#337,#338,#339,#340,#341,#342));
#1222=EDGE_LOOP('',(#343));
#1223=EDGE_LOOP('',(#344,#345,#346,#347,#348,#349,#350,#351));
#1224=EDGE_LOOP('',(#352,#353,#354,#355,#356,#357,#358,#359));
#1225=EDGE_LOOP('',(#360,#361,#362,#363,#364,#365,#366,#367));
#1226=EDGE_LOOP('',(#368));
#1227=EDGE_LOOP('',(#369));
#1228=EDGE_LOOP('',(#370));
#1229=EDGE_LOOP('',(#371));
#1230=EDGE_LOOP('',(#372));
#1231=EDGE_LOOP('',(#373,#374,#375,#376,#377,#378,#379,#380));
#1232=EDGE_LOOP('',(#381,#382,#383,#384,#385,#386,#387,#388));
#1233=EDGE_LOOP('',(#389,#390,#391,#392,#393,#394,#395,#396));
#1234=EDGE_LOOP('',(#397,#398,#399,#400,#401,#402,#403,#404));
#1235=EDGE_LOOP('',(#405,#406,#407,#408,#409,#410,#411,#412));
#1236=EDGE_LOOP('',(#413,#414,#415,#416,#417,#418,#419,#420));
#1237=EDGE_LOOP('',(#421,#422,#423,#424));
#1238=EDGE_LOOP('',(#425,#426,#427,#428));
#1239=EDGE_LOOP('',(#429,#430,#431,#432));
#1240=EDGE_LOOP('',(#433,#434,#435,#436));
#1241=EDGE_LOOP('',(#437,#438,#439,#440));
#1242=EDGE_LOOP('',(#441,#442,#443,#444,#445,#446,#447,#448));
#1243=EDGE_LOOP('',(#449,#450,#451,#452,#453,#454,#455,#456));
#1244=EDGE_LOOP('',(#457,#458,#459,#460));
#1245=EDGE_LOOP('',(#461,#462,#463,#464));
#1246=EDGE_LOOP('',(#465,#466,#467,#468));
#1247=EDGE_LOOP('',(#469,#470,#471,#472));
#1248=EDGE_LOOP('',(#473,#474,#475,#476));
#1249=EDGE_LOOP('',(#477,#478,#479,#480));
#1250=EDGE_LOOP('',(#481,#482,#483,#484));
#1251=EDGE_LOOP('',(#485,#486,#487,#488));
#1252=EDGE_LOOP('',(#489,#490,#491,#492));
#1253=EDGE_LOOP('',(#493,#494,#495,#496));
#1254=EDGE_LOOP('',(#497,#498,#499,#500));
#1255=EDGE_LOOP('',(#501,#502,#503,#504));
#1256=EDGE_LOOP('',(#505,#506,#507,#508));
#1257=EDGE_LOOP('',(#509,#510,#511,#512));
#1258=EDGE_LOOP('',(#513,#514,#515,#516));
#1259=EDGE_LOOP('',(#517,#518,#519,#520));
#1260=EDGE_LOOP('',(#521,#522,#523,#524));
#1261=EDGE_LOOP('',(#525,#526,#527,#528));
#1262=EDGE_LOOP('',(#529,#530,#531,#532));
#1263=EDGE_LOOP('',(#533,#534,#535,#536));
#1264=EDGE_LOOP('',(#537,#538,#539,#540));
#1265=EDGE_LOOP('',(#541));
#1266=EDGE_LOOP('',(#542));
#1267=EDGE_LOOP('',(#543));
#1268=EDGE_LOOP('',(#544));
#1269=EDGE_LOOP('',(#545));
#1270=EDGE_LOOP('',(#546));
#1271=EDGE_LOOP('',(#547));
#1272=EDGE_LOOP('',(#548));
#1273=EDGE_LOOP('',(#549));
#1274=EDGE_LOOP('',(#550));
#1275=EDGE_LOOP('',(#551));
#1276=EDGE_LOOP('',(#552));
#1277=EDGE_LOOP('',(#553));
#1278=EDGE_LOOP('',(#554));
#1279=EDGE_LOOP('',(#555));
#1280=EDGE_LOOP('',(#556));
#1281=EDGE_LOOP('',(#557));
#1282=EDGE_LOOP('',(#558));
#1283=EDGE_LOOP('',(#559));
#1284=EDGE_LOOP('',(#560));
#1285=EDGE_LOOP('',(#561));
#1286=EDGE_LOOP('',(#562));
#1287=EDGE_LOOP('',(#563));
#1288=EDGE_LOOP('',(#564));
#1289=EDGE_LOOP('',(#565));
#1290=EDGE_LOOP('',(#566));
#1291=EDGE_LOOP('',(#567));
#1292=EDGE_LOOP('',(#568));
#1293=EDGE_LOOP('',(#569));
#1294=EDGE_LOOP('',(#570));
#1295=EDGE_LOOP('',(#571,#572,#573,#574));
#1296=EDGE_LOOP('',(#575,#576,#577,#578));
#1297=EDGE_LOOP('',(#579,#580,#581,#582));
#1298=EDGE_LOOP('',(#583,#584,#585,#586));
#1299=EDGE_LOOP('',(#587,#588,#589,#590));
#1300=EDGE_LOOP('',(#591,#592,#593,#594));
#1301=EDGE_LOOP('',(#595,#596,#597,#598));
#1302=EDGE_LOOP('',(#599,#600,#601,#602));
#1303=EDGE_LOOP('',(#603,#604,#605,#606));
#1304=EDGE_LOOP('',(#607,#608,#609,#610));
#1305=EDGE_LOOP('',(#611,#612,#613,#614));
#1306=EDGE_LOOP('',(#615,#616,#617,#618));
#1307=EDGE_LOOP('',(#619,#620,#621,#622));
#1308=EDGE_LOOP('',(#623,#624,#625,#626));
#1309=EDGE_LOOP('',(#627,#628,#629,#630));
#1310=EDGE_LOOP('',(#631,#632,#633,#634));
#1311=EDGE_LOOP('',(#635,#636,#637,#638));
#1312=EDGE_LOOP('',(#639,#640,#641,#642));
#1313=EDGE_LOOP('',(#643,#644,#645,#646));
#1314=EDGE_LOOP('',(#647,#648,#649,#650));
#1315=EDGE_LOOP('',(#651,#652,#653,#654));
#1316=EDGE_LOOP('',(#655,#656,#657,#658));
#1317=EDGE_LOOP('',(#659,#660,#661,#662));
#1318=EDGE_LOOP('',(#663,#664,#665,#666));
#1319=EDGE_LOOP('',(#667,#668,#669,#670));
#1320=EDGE_LOOP('',(#671,#672,#673,#674));
#1321=EDGE_LOOP('',(#675,#676,#677,#678));
#1322=EDGE_LOOP('',(#679,#680,#681,#682));
#1323=EDGE_LOOP('',(#683,#684,#685,#686));
#1324=EDGE_LOOP('',(#687,#688,#689,#690));
#1325=EDGE_LOOP('',(#691,#692,#693,#694));
#1326=EDGE_LOOP('',(#695,#696,#697,#698));
#1327=EDGE_LOOP('',(#699,#700,#701,#702));
#1328=EDGE_LOOP('',(#703,#704,#705,#706));
#1329=EDGE_LOOP('',(#707,#708,#709,#710));
#1330=EDGE_LOOP('',(#711,#712,#713,#714));
#1331=EDGE_LOOP('',(#715,#716,#717,#718));
#1332=EDGE_LOOP('',(#719,#720,#721,#722));
#1333=EDGE_LOOP('',(#723,#724,#725,#726));
#1334=EDGE_LOOP('',(#727,#728,#729,#730));
#1335=EDGE_LOOP('',(#731,#732,#733,#734));
#1336=EDGE_LOOP('',(#735,#736,#737,#738));
#1337=EDGE_LOOP('',(#739,#740,#741,#742,#743,#744));
#1338=EDGE_LOOP('',(#745,#746,#747,#748,#749,#750));
#1339=EDGE_LOOP('',(#751,#752,#753,#754));
#1340=EDGE_LOOP('',(#755,#756,#757,#758));
#1341=FACE_BOUND('',#1219,.T.);
#1342=FACE_BOUND('',#1220,.T.);
#1343=FACE_BOUND('',#1221,.T.);
#1344=FACE_BOUND('',#1222,.T.);
#1345=FACE_BOUND('',#1223,.T.);
#1346=FACE_BOUND('',#1224,.T.);
#1347=FACE_BOUND('',#1225,.T.);
#1348=FACE_BOUND('',#1226,.T.);
#1349=FACE_BOUND('',#1227,.T.);
#1350=FACE_BOUND('',#1228,.T.);
#1351=FACE_BOUND('',#1229,.T.);
#1352=FACE_BOUND('',#1230,.T.);
#1353=FACE_BOUND('',#1231,.T.);
#1354=FACE_BOUND('',#1232,.T.);
#1355=FACE_BOUND('',#1233,.T.);
#1356=FACE_BOUND('',#1234,.T.);
#1357=FACE_BOUND('',#1235,.T.);
#1358=FACE_BOUND('',#1236,.T.);
#1359=FACE_BOUND('',#1237,.T.);
#1360=FACE_BOUND('',#1238,.T.);
#1361=FACE_BOUND('',#1239,.T.);
#1362=FACE_BOUND('',#1240,.T.);
#1363=FACE_BOUND('',#1241,.T.);
#1364=FACE_BOUND('',#1242,.T.);
#1365=FACE_BOUND('',#1243,.T.);
#1366=FACE_BOUND('',#1244,.T.);
#1367=FACE_BOUND('',#1245,.T.);
#1368=FACE_BOUND('',#1246,.T.);
#1369=FACE_BOUND('',#1247,.T.);
#1370=FACE_BOUND('',#1248,.T.);
#1371=FACE_BOUND('',#1249,.T.);
#1372=FACE_BOUND('',#1250,.T.);
#1373=FACE_BOUND('',#1251,.T.);
#1374=FACE_BOUND('',#1252,.T.);
#1375=FACE_BOUND('',#1253,.T.);
#1376=FACE_BOUND('',#1254,.T.);
#1377=FACE_BOUND('',#1255,.T.);
#1378=FACE_BOUND('',#1256,.T.);
#1379=FACE_BOUND('',#1257,.T.);
#1380=FACE_BOUND('',#1258,.T.);
#1381=FACE_BOUND('',#1259,.T.);
#1382=FACE_BOUND('',#1260,.T.);
#1383=FACE_BOUND('',#1261,.T.);
#1384=FACE_BOUND('',#1262,.T.);
#1385=FACE_BOUND('',#1263,.T.);
#1386=FACE_BOUND('',#1264,.T.);
#1387=FACE_BOUND('',#1265,.T.);
#1388=FACE_BOUND('',#1266,.T.);
#1389=FACE_BOUND('',#1267,.T.);
#1390=FACE_BOUND('',#1268,.T.);
#1391=FACE_BOUND('',#1269,.T.);
#1392=FACE_BOUND('',#1270,.T.);
#1393=FACE_BOUND('',#1271,.T.);
#1394=FACE_BOUND('',#1272,.T.);
#1395=FACE_BOUND('',#1273,.T.);
#1396=FACE_BOUND('',#1274,.T.);
#1397=FACE_BOUND('',#1275,.T.);
#1398=FACE_BOUND('',#1276,.T.);
#1399=FACE_BOUND('',#1277,.T.);
#1400=FACE_BOUND('',#1278,.T.);
#1401=FACE_BOUND('',#1279,.T.);
#1402=FACE_BOUND('',#1280,.T.);
#1403=FACE_BOUND('',#1281,.T.);
#1404=FACE_BOUND('',#1282,.T.);
#1405=FACE_BOUND('',#1283,.T.);
#1406=FACE_BOUND('',#1284,.T.);
#1407=FACE_BOUND('',#1285,.T.);
#1408=FACE_BOUND('',#1286,.T.);
#1409=FACE_BOUND('',#1287,.T.);
#1410=FACE_BOUND('',#1288,.T.);
#1411=FACE_BOUND('',#1289,.T.);
#1412=FACE_BOUND('',#1290,.T.);
#1413=FACE_BOUND('',#1291,.T.);
#1414=FACE_BOUND('',#1292,.T.);
#1415=FACE_BOUND('',#1293,.T.);
#1416=FACE_BOUND('',#1294,.T.);
#1417=FACE_BOUND('',#1295,.T.);
#1418=FACE_BOUND('',#1296,.T.);
#1419=FACE_BOUND('',#1297,.T.);
#1420=FACE_BOUND('',#1298,.T.);
#1421=FACE_BOUND('',#1299,.T.);
#1422=FACE_BOUND('',#1300,.T.);
#1423=FACE_BOUND('',#1301,.T.);
#1424=FACE_BOUND('',#1302,.T.);
#1425=FACE_BOUND('',#1303,.T.);
#1426=FACE_BOUND('',#1304,.T.);
#1427=FACE_BOUND('',#1305,.T.);
#1428=FACE_BOUND('',#1306,.T.);
#1429=FACE_BOUND('',#1307,.T.);
#1430=FACE_BOUND('',#1308,.T.);
#1431=FACE_BOUND('',#1309,.T.);
#1432=FACE_BOUND('',#1310,.T.);
#1433=FACE_BOUND('',#1311,.T.);
#1434=FACE_BOUND('',#1312,.T.);
#1435=FACE_BOUND('',#1313,.T.);
#1436=FACE_BOUND('',#1314,.T.);
#1437=FACE_BOUND('',#1315,.T.);
#1438=FACE_BOUND('',#1316,.T.);
#1439=FACE_BOUND('',#1317,.T.);
#1440=FACE_BOUND('',#1318,.T.);
#1441=FACE_BOUND('',#1319,.T.);
#1442=FACE_BOUND('',#1320,.T.);
#1443=FACE_BOUND('',#1321,.T.);
#1444=FACE_BOUND('',#1322,.T.);
#1445=FACE_BOUND('',#1323,.T.);
#1446=FACE_BOUND('',#1324,.T.);
#1447=FACE_BOUND('',#1325,.T.);
#1448=FACE_BOUND('',#1326,.T.);
#1449=FACE_BOUND('',#1327,.T.);
#1450=FACE_BOUND('',#1328,.T.);
#1451=FACE_BOUND('',#1329,.T.);
#1452=FACE_BOUND('',#1330,.T.);
#1453=FACE_BOUND('',#1331,.T.);
#1454=FACE_BOUND('',#1332,.T.);
#1455=FACE_BOUND('',#1333,.T.);
#1456=FACE_BOUND('',#1334,.T.);
#1457=FACE_BOUND('',#1335,.T.);
#1458=FACE_BOUND('',#1336,.T.);
#1459=FACE_BOUND('',#1337,.T.);
#1460=FACE_BOUND('',#1338,.T.);
#1461=FACE_BOUND('',#1339,.T.);
#1462=FACE_BOUND('',#1340,.T.);
#1463=PLANE('',#1609);
#1464=PLANE('',#1635);
#1465=PLANE('',#1665);
#1466=PLANE('',#1666);
#1467=PLANE('',#1667);
#1468=PLANE('',#1668);
#1469=PLANE('',#1669);
#1470=PLANE('',#1702);
#1471=PLANE('',#1703);
#1472=PLANE('',#1704);
#1473=PLANE('',#1705);
#1474=PLANE('',#1712);
#1475=PLANE('',#1716);
#1476=PLANE('',#1720);
#1477=PLANE('',#1724);
#1478=PLANE('',#1728);
#1479=PLANE('',#1731);
#1480=PLANE('',#1734);
#1481=PLANE('',#1737);
#1482=PLANE('',#1739);
#1483=PLANE('',#1740);
#1484=PLANE('',#1741);
#1485=PLANE('',#1742);
#1486=PLANE('',#1747);
#1487=PLANE('',#1748);
#1488=PLANE('',#1749);
#1489=PLANE('',#1750);
#1490=PLANE('',#1755);
#1491=PLANE('',#1756);
#1492=PLANE('',#1757);
#1493=PLANE('',#1758);
#1494=PLANE('',#1763);
#1495=PLANE('',#1764);
#1496=PLANE('',#1765);
#1497=PLANE('',#1766);
#1498=PLANE('',#1771);
#1499=PLANE('',#1772);
#1500=PLANE('',#1773);
#1501=PLANE('',#1774);
#1502=PLANE('',#1785);
#1503=PLANE('',#1786);
#1504=PLANE('',#1787);
#1505=PLANE('',#1788);
#1506=ADVANCED_FACE('',(#1341,#1342,#1343,#1344,#1345,#1346,#1347),#1463,
 .T.);
#1507=ADVANCED_FACE('',(#1348,#1349,#1350,#1351,#1352,#1353,#1354,#1355,
#1356,#1357,#1358),#1464,.F.);
#1508=ADVANCED_FACE('',(#1359),#1465,.T.);
#1509=ADVANCED_FACE('',(#1360,#1361),#1466,.F.);
#1510=ADVANCED_FACE('',(#1362),#1467,.F.);
#1511=ADVANCED_FACE('',(#1363),#1468,.T.);
#1512=ADVANCED_FACE('',(#1364,#1365),#1469,.F.);
#1513=ADVANCED_FACE('',(#1366),#16,.T.);
#1514=ADVANCED_FACE('',(#1367),#17,.T.);
#1515=ADVANCED_FACE('',(#1368),#18,.T.);
#1516=ADVANCED_FACE('',(#1369),#19,.T.);
#1517=ADVANCED_FACE('',(#1370),#20,.T.);
#1518=ADVANCED_FACE('',(#1371),#12,.T.);
#1519=ADVANCED_FACE('',(#1372),#13,.T.);
#1520=ADVANCED_FACE('',(#1373),#21,.T.);
#1521=ADVANCED_FACE('',(#1374),#22,.T.);
#1522=ADVANCED_FACE('',(#1375),#14,.T.);
#1523=ADVANCED_FACE('',(#1376),#15,.T.);
#1524=ADVANCED_FACE('',(#1377),#23,.T.);
#1525=ADVANCED_FACE('',(#1378),#1470,.F.);
#1526=ADVANCED_FACE('',(#1379,#1380),#1471,.T.);
#1527=ADVANCED_FACE('',(#1381),#1472,.T.);
#1528=ADVANCED_FACE('',(#1382),#1473,.F.);
#1529=ADVANCED_FACE('',(#1383),#24,.F.);
#1530=ADVANCED_FACE('',(#1384),#25,.F.);
#1531=ADVANCED_FACE('',(#1385),#26,.F.);
#1532=ADVANCED_FACE('',(#1386),#27,.F.);
#1533=ADVANCED_FACE('',(#1387,#1388),#28,.T.);
#1534=ADVANCED_FACE('',(#1389,#1390),#1474,.F.);
#1535=ADVANCED_FACE('',(#1391,#1392),#29,.T.);
#1536=ADVANCED_FACE('',(#1393,#1394),#1475,.F.);
#1537=ADVANCED_FACE('',(#1395,#1396),#30,.T.);
#1538=ADVANCED_FACE('',(#1397,#1398),#1476,.F.);
#1539=ADVANCED_FACE('',(#1399,#1400),#31,.T.);
#1540=ADVANCED_FACE('',(#1401,#1402),#1477,.F.);
#1541=ADVANCED_FACE('',(#1403,#1404),#32,.F.);
#1542=ADVANCED_FACE('',(#1405),#1478,.F.);
#1543=ADVANCED_FACE('',(#1406,#1407),#33,.F.);
#1544=ADVANCED_FACE('',(#1408),#1479,.F.);
#1545=ADVANCED_FACE('',(#1409,#1410),#34,.F.);
#1546=ADVANCED_FACE('',(#1411),#1480,.F.);
#1547=ADVANCED_FACE('',(#1412,#1413),#35,.F.);
#1548=ADVANCED_FACE('',(#1414),#1481,.F.);
#1549=ADVANCED_FACE('',(#1415,#1416),#36,.F.);
#1550=ADVANCED_FACE('',(#1417),#1482,.F.);
#1551=ADVANCED_FACE('',(#1418),#1483,.T.);
#1552=ADVANCED_FACE('',(#1419),#1484,.T.);
#1553=ADVANCED_FACE('',(#1420),#1485,.F.);
#1554=ADVANCED_FACE('',(#1421),#37,.F.);
#1555=ADVANCED_FACE('',(#1422),#38,.F.);
#1556=ADVANCED_FACE('',(#1423),#39,.F.);
#1557=ADVANCED_FACE('',(#1424),#40,.F.);
#1558=ADVANCED_FACE('',(#1425),#1486,.F.);
#1559=ADVANCED_FACE('',(#1426),#1487,.T.);
#1560=ADVANCED_FACE('',(#1427),#1488,.T.);
#1561=ADVANCED_FACE('',(#1428),#1489,.F.);
#1562=ADVANCED_FACE('',(#1429),#41,.F.);
#1563=ADVANCED_FACE('',(#1430),#42,.F.);
#1564=ADVANCED_FACE('',(#1431),#43,.F.);
#1565=ADVANCED_FACE('',(#1432),#44,.F.);
#1566=ADVANCED_FACE('',(#1433),#1490,.F.);
#1567=ADVANCED_FACE('',(#1434),#1491,.T.);
#1568=ADVANCED_FACE('',(#1435),#1492,.T.);
#1569=ADVANCED_FACE('',(#1436),#1493,.F.);
#1570=ADVANCED_FACE('',(#1437),#45,.F.);
#1571=ADVANCED_FACE('',(#1438),#46,.F.);
#1572=ADVANCED_FACE('',(#1439),#47,.F.);
#1573=ADVANCED_FACE('',(#1440),#48,.F.);
#1574=ADVANCED_FACE('',(#1441),#1494,.F.);
#1575=ADVANCED_FACE('',(#1442),#1495,.T.);
#1576=ADVANCED_FACE('',(#1443),#1496,.T.);
#1577=ADVANCED_FACE('',(#1444),#1497,.F.);
#1578=ADVANCED_FACE('',(#1445),#49,.F.);
#1579=ADVANCED_FACE('',(#1446),#50,.F.);
#1580=ADVANCED_FACE('',(#1447),#51,.F.);
#1581=ADVANCED_FACE('',(#1448),#52,.F.);
#1582=ADVANCED_FACE('',(#1449),#1498,.F.);
#1583=ADVANCED_FACE('',(#1450),#1499,.T.);
#1584=ADVANCED_FACE('',(#1451),#1500,.T.);
#1585=ADVANCED_FACE('',(#1452),#1501,.F.);
#1586=ADVANCED_FACE('',(#1453),#53,.F.);
#1587=ADVANCED_FACE('',(#1454),#54,.F.);
#1588=ADVANCED_FACE('',(#1455),#55,.F.);
#1589=ADVANCED_FACE('',(#1456),#56,.F.);
#1590=ADVANCED_FACE('',(#1457),#57,.F.);
#1591=ADVANCED_FACE('',(#1458),#58,.F.);
#1592=ADVANCED_FACE('',(#1459),#1502,.F.);
#1593=ADVANCED_FACE('',(#1460),#1503,.T.);
#1594=ADVANCED_FACE('',(#1461),#1504,.F.);
#1595=ADVANCED_FACE('',(#1462),#1505,.T.);
#1596=CLOSED_SHELL('',(#1506,#1507,#1508,#1509,#1510,#1511,#1512,#1513,
#1514,#1515,#1516,#1517,#1518,#1519,#1520,#1521,#1522,#1523,#1524,#1525,
#1526,#1527,#1528,#1529,#1530,#1531,#1532,#1533,#1534,#1535,#1536,#1537,
#1538,#1539,#1540,#1541,#1542,#1543,#1544,#1545,#1546,#1547,#1548,#1549,
#1550,#1551,#1552,#1553,#1554,#1555,#1556,#1557,#1558,#1559,#1560,#1561,
#1562,#1563,#1564,#1565,#1566,#1567,#1568,#1569,#1570,#1571,#1572,#1573,
#1574,#1575,#1576,#1577,#1578,#1579,#1580,#1581,#1582,#1583,#1584,#1585,
#1586,#1587,#1588,#1589,#1590,#1591,#1592,#1593,#1594,#1595));
#1597=STYLED_ITEM('',(#1598),#1605);
#1598=PRESENTATION_STYLE_ASSIGNMENT((#1599));
#1599=SURFACE_STYLE_USAGE(.BOTH.,#1600);
#1600=SURFACE_SIDE_STYLE('',(#1601));
#1601=SURFACE_STYLE_FILL_AREA(#1602);
#1602=FILL_AREA_STYLE('',(#1603));
#1603=FILL_AREA_STYLE_COLOUR('',#1604);
#1604=COLOUR_RGB('',0.513725490196078,0.737254901960784,0.407843137254902);
#1605=MANIFOLD_SOLID_BREP('Case Top',#1596);
#1606=SHAPE_DEFINITION_REPRESENTATION(#2748,#1607);
#1607=SHAPE_REPRESENTATION('Case Top',(#1608),#2743);
#1608=AXIS2_PLACEMENT_3D('',#2281,#1789,#1790);
#1609=AXIS2_PLACEMENT_3D('',#2282,#1791,#1792);
#1610=AXIS2_PLACEMENT_3D('',#2283,#1793,#1794);
#1611=AXIS2_PLACEMENT_3D('',#2288,#1796,#1797);
#1612=AXIS2_PLACEMENT_3D('',#2292,#1799,#1800);
#1613=AXIS2_PLACEMENT_3D('',#2296,#1802,#1803);
#1614=AXIS2_PLACEMENT_3D('',#2299,#1805,#1806);
#1615=AXIS2_PLACEMENT_3D('',#2304,#1808,#1809);
#1616=AXIS2_PLACEMENT_3D('',#2308,#1811,#1812);
#1617=AXIS2_PLACEMENT_3D('',#2312,#1814,#1815);
#1618=AXIS2_PLACEMENT_3D('',#2318,#1818,#1819);
#1619=AXIS2_PLACEMENT_3D('',#2322,#1821,#1822);
#1620=AXIS2_PLACEMENT_3D('',#2326,#1824,#1825);
#1621=AXIS2_PLACEMENT_3D('',#2330,#1827,#1828);
#1622=AXIS2_PLACEMENT_3D('',#2331,#1829,#1830);
#1623=AXIS2_PLACEMENT_3D('',#2333,#1831,#1832);
#1624=AXIS2_PLACEMENT_3D('',#2338,#1834,#1835);
#1625=AXIS2_PLACEMENT_3D('',#2342,#1837,#1838);
#1626=AXIS2_PLACEMENT_3D('',#2346,#1840,#1841);
#1627=AXIS2_PLACEMENT_3D('',#2349,#1843,#1844);
#1628=AXIS2_PLACEMENT_3D('',#2354,#1846,#1847);
#1629=AXIS2_PLACEMENT_3D('',#2358,#1849,#1850);
#1630=AXIS2_PLACEMENT_3D('',#2362,#1852,#1853);
#1631=AXIS2_PLACEMENT_3D('',#2365,#1855,#1856);
#1632=AXIS2_PLACEMENT_3D('',#2370,#1858,#1859);
#1633=AXIS2_PLACEMENT_3D('',#2374,#1861,#1862);
#1634=AXIS2_PLACEMENT_3D('',#2378,#1864,#1865);
#1635=AXIS2_PLACEMENT_3D('',#2381,#1867,#1868);
#1636=AXIS2_PLACEMENT_3D('',#2382,#1869,#1870);
#1637=AXIS2_PLACEMENT_3D('',#2384,#1871,#1872);
#1638=AXIS2_PLACEMENT_3D('',#2386,#1873,#1874);
#1639=AXIS2_PLACEMENT_3D('',#2388,#1875,#1876);
#1640=AXIS2_PLACEMENT_3D('',#2390,#1877,#1878);
#1641=AXIS2_PLACEMENT_3D('',#2395,#1880,#1881);
#1642=AXIS2_PLACEMENT_3D('',#2399,#1883,#1884);
#1643=AXIS2_PLACEMENT_3D('',#2403,#1886,#1887);
#1644=AXIS2_PLACEMENT_3D('',#2407,#1889,#1890);
#1645=AXIS2_PLACEMENT_3D('',#2411,#1892,#1893);
#1646=AXIS2_PLACEMENT_3D('',#2415,#1895,#1896);
#1647=AXIS2_PLACEMENT_3D('',#2419,#1898,#1899);
#1648=AXIS2_PLACEMENT_3D('',#2423,#1901,#1902);
#1649=AXIS2_PLACEMENT_3D('',#2427,#1904,#1905);
#1650=AXIS2_PLACEMENT_3D('',#2431,#1907,#1908);
#1651=AXIS2_PLACEMENT_3D('',#2435,#1910,#1911);
#1652=AXIS2_PLACEMENT_3D('',#2439,#1913,#1914);
#1653=AXIS2_PLACEMENT_3D('',#2443,#1916,#1917);
#1654=AXIS2_PLACEMENT_3D('',#2447,#1919,#1920);
#1655=AXIS2_PLACEMENT_3D('',#2451,#1922,#1923);
#1656=AXIS2_PLACEMENT_3D('',#2455,#1925,#1926);
#1657=AXIS2_PLACEMENT_3D('',#2459,#1928,#1929);
#1658=AXIS2_PLACEMENT_3D('',#2463,#1931,#1932);
#1659=AXIS2_PLACEMENT_3D('',#2467,#1934,#1935);
#1660=AXIS2_PLACEMENT_3D('',#2471,#1937,#1938);
#1661=AXIS2_PLACEMENT_3D('',#2475,#1940,#1941);
#1662=AXIS2_PLACEMENT_3D('',#2479,#1943,#1944);
#1663=AXIS2_PLACEMENT_3D('',#2483,#1946,#1947);
#1664=AXIS2_PLACEMENT_3D('',#2487,#1949,#1950);
#1665=AXIS2_PLACEMENT_3D('',#2488,#1951,#1952);
#1666=AXIS2_PLACEMENT_3D('',#2497,#1957,#1958);
#1667=AXIS2_PLACEMENT_3D('',#2514,#1967,#1968);
#1668=AXIS2_PLACEMENT_3D('',#2523,#1973,#1974);
#1669=AXIS2_PLACEMENT_3D('',#2532,#1979,#1980);
#1670=AXIS2_PLACEMENT_3D('',#2536,#1982,#1983);
#1671=AXIS2_PLACEMENT_3D('',#2540,#1985,#1986);
#1672=AXIS2_PLACEMENT_3D('',#2544,#1988,#1989);
#1673=AXIS2_PLACEMENT_3D('',#2548,#1991,#1992);
#1674=AXIS2_PLACEMENT_3D('',#2549,#1993,#1994);
#1675=AXIS2_PLACEMENT_3D('',#2550,#1995,#1996);
#1676=AXIS2_PLACEMENT_3D('',#2551,#1997,#1998);
#1677=AXIS2_PLACEMENT_3D('',#2552,#1999,#2000);
#1678=AXIS2_PLACEMENT_3D('',#2553,#2001,#2002);
#1679=AXIS2_PLACEMENT_3D('',#2554,#2003,#2004);
#1680=AXIS2_PLACEMENT_3D('',#2555,#2005,#2006);
#1681=AXIS2_PLACEMENT_3D('',#2556,#2007,#2008);
#1682=AXIS2_PLACEMENT_3D('',#2557,#2009,#2010);
#1683=AXIS2_PLACEMENT_3D('',#2558,#2011,#2012);
#1684=AXIS2_PLACEMENT_3D('',#2559,#2013,#2014);
#1685=AXIS2_PLACEMENT_3D('',#2560,#2015,#2016);
#1686=AXIS2_PLACEMENT_3D('',#2561,#2017,#2018);
#1687=AXIS2_PLACEMENT_3D('',#2562,#2019,#2020);
#1688=AXIS2_PLACEMENT_3D('',#2563,#2021,#2022);
#1689=AXIS2_PLACEMENT_3D('',#2564,#2023,#2024);
#1690=AXIS2_PLACEMENT_3D('',#2565,#2025,#2026);
#1691=AXIS2_PLACEMENT_3D('',#2566,#2027,#2028);
#1692=AXIS2_PLACEMENT_3D('',#2567,#2029,#2030);
#1693=AXIS2_PLACEMENT_3D('',#2568,#2031,#2032);
#1694=AXIS2_PLACEMENT_3D('',#2569,#2033,#2034);
#1695=AXIS2_PLACEMENT_3D('',#2570,#2035,#2036);
#1696=AXIS2_PLACEMENT_3D('',#2571,#2037,#2038);
#1697=AXIS2_PLACEMENT_3D('',#2572,#2039,#2040);
#1698=AXIS2_PLACEMENT_3D('',#2573,#2041,#2042);
#1699=AXIS2_PLACEMENT_3D('',#2574,#2043,#2044);
#1700=AXIS2_PLACEMENT_3D('',#2575,#2045,#2046);
#1701=AXIS2_PLACEMENT_3D('',#2576,#2047,#2048);
#1702=AXIS2_PLACEMENT_3D('',#2577,#2049,#2050);
#1703=AXIS2_PLACEMENT_3D('',#2580,#2053,#2054);
#1704=AXIS2_PLACEMENT_3D('',#2591,#2061,#2062);
#1705=AXIS2_PLACEMENT_3D('',#2594,#2065,#2066);
#1706=AXIS2_PLACEMENT_3D('',#2597,#2069,#2070);
#1707=AXIS2_PLACEMENT_3D('',#2598,#2071,#2072);
#1708=AXIS2_PLACEMENT_3D('',#2599,#2073,#2074);
#1709=AXIS2_PLACEMENT_3D('',#2600,#2075,#2076);
#1710=AXIS2_PLACEMENT_3D('',#2601,#2077,#2078);
#1711=AXIS2_PLACEMENT_3D('',#2602,#2079,#2080);
#1712=AXIS2_PLACEMENT_3D('',#2604,#2081,#2082);
#1713=AXIS2_PLACEMENT_3D('',#2605,#2083,#2084);
#1714=AXIS2_PLACEMENT_3D('',#2607,#2085,#2086);
#1715=AXIS2_PLACEMENT_3D('',#2608,#2087,#2088);
#1716=AXIS2_PLACEMENT_3D('',#2610,#2089,#2090);
#1717=AXIS2_PLACEMENT_3D('',#2611,#2091,#2092);
#1718=AXIS2_PLACEMENT_3D('',#2613,#2093,#2094);
#1719=AXIS2_PLACEMENT_3D('',#2614,#2095,#2096);
#1720=AXIS2_PLACEMENT_3D('',#2616,#2097,#2098);
#1721=AXIS2_PLACEMENT_3D('',#2617,#2099,#2100);
#1722=AXIS2_PLACEMENT_3D('',#2619,#2101,#2102);
#1723=AXIS2_PLACEMENT_3D('',#2620,#2103,#2104);
#1724=AXIS2_PLACEMENT_3D('',#2622,#2105,#2106);
#1725=AXIS2_PLACEMENT_3D('',#2623,#2107,#2108);
#1726=AXIS2_PLACEMENT_3D('',#2625,#2109,#2110);
#1727=AXIS2_PLACEMENT_3D('',#2626,#2111,#2112);
#1728=AXIS2_PLACEMENT_3D('',#2628,#2113,#2114);
#1729=AXIS2_PLACEMENT_3D('',#2629,#2115,#2116);
#1730=AXIS2_PLACEMENT_3D('',#2630,#2117,#2118);
#1731=AXIS2_PLACEMENT_3D('',#2632,#2119,#2120);
#1732=AXIS2_PLACEMENT_3D('',#2633,#2121,#2122);
#1733=AXIS2_PLACEMENT_3D('',#2634,#2123,#2124);
#1734=AXIS2_PLACEMENT_3D('',#2636,#2125,#2126);
#1735=AXIS2_PLACEMENT_3D('',#2637,#2127,#2128);
#1736=AXIS2_PLACEMENT_3D('',#2638,#2129,#2130);
#1737=AXIS2_PLACEMENT_3D('',#2640,#2131,#2132);
#1738=AXIS2_PLACEMENT_3D('',#2641,#2133,#2134);
#1739=AXIS2_PLACEMENT_3D('',#2642,#2135,#2136);
#1740=AXIS2_PLACEMENT_3D('',#2645,#2139,#2140);
#1741=AXIS2_PLACEMENT_3D('',#2648,#2143,#2144);
#1742=AXIS2_PLACEMENT_3D('',#2651,#2147,#2148);
#1743=AXIS2_PLACEMENT_3D('',#2654,#2151,#2152);
#1744=AXIS2_PLACEMENT_3D('',#2655,#2153,#2154);
#1745=AXIS2_PLACEMENT_3D('',#2656,#2155,#2156);
#1746=AXIS2_PLACEMENT_3D('',#2657,#2157,#2158);
#1747=AXIS2_PLACEMENT_3D('',#2658,#2159,#2160);
#1748=AXIS2_PLACEMENT_3D('',#2661,#2163,#2164);
#1749=AXIS2_PLACEMENT_3D('',#2664,#2167,#2168);
#1750=AXIS2_PLACEMENT_3D('',#2667,#2171,#2172);
#1751=AXIS2_PLACEMENT_3D('',#2670,#2175,#2176);
#1752=AXIS2_PLACEMENT_3D('',#2671,#2177,#2178);
#1753=AXIS2_PLACEMENT_3D('',#2672,#2179,#2180);
#1754=AXIS2_PLACEMENT_3D('',#2673,#2181,#2182);
#1755=AXIS2_PLACEMENT_3D('',#2674,#2183,#2184);
#1756=AXIS2_PLACEMENT_3D('',#2677,#2187,#2188);
#1757=AXIS2_PLACEMENT_3D('',#2680,#2191,#2192);
#1758=AXIS2_PLACEMENT_3D('',#2683,#2195,#2196);
#1759=AXIS2_PLACEMENT_3D('',#2686,#2199,#2200);
#1760=AXIS2_PLACEMENT_3D('',#2687,#2201,#2202);
#1761=AXIS2_PLACEMENT_3D('',#2688,#2203,#2204);
#1762=AXIS2_PLACEMENT_3D('',#2689,#2205,#2206);
#1763=AXIS2_PLACEMENT_3D('',#2690,#2207,#2208);
#1764=AXIS2_PLACEMENT_3D('',#2693,#2211,#2212);
#1765=AXIS2_PLACEMENT_3D('',#2696,#2215,#2216);
#1766=AXIS2_PLACEMENT_3D('',#2699,#2219,#2220);
#1767=AXIS2_PLACEMENT_3D('',#2702,#2223,#2224);
#1768=AXIS2_PLACEMENT_3D('',#2703,#2225,#2226);
#1769=AXIS2_PLACEMENT_3D('',#2704,#2227,#2228);
#1770=AXIS2_PLACEMENT_3D('',#2705,#2229,#2230);
#1771=AXIS2_PLACEMENT_3D('',#2706,#2231,#2232);
#1772=AXIS2_PLACEMENT_3D('',#2709,#2235,#2236);
#1773=AXIS2_PLACEMENT_3D('',#2712,#2239,#2240);
#1774=AXIS2_PLACEMENT_3D('',#2715,#2243,#2244);
#1775=AXIS2_PLACEMENT_3D('',#2718,#2247,#2248);
#1776=AXIS2_PLACEMENT_3D('',#2719,#2249,#2250);
#1777=AXIS2_PLACEMENT_3D('',#2720,#2251,#2252);
#1778=AXIS2_PLACEMENT_3D('',#2721,#2253,#2254);
#1779=AXIS2_PLACEMENT_3D('',#2722,#2255,#2256);
#1780=AXIS2_PLACEMENT_3D('',#2723,#2257,#2258);
#1781=AXIS2_PLACEMENT_3D('',#2727,#2260,#2261);
#1782=AXIS2_PLACEMENT_3D('',#2728,#2262,#2263);
#1783=AXIS2_PLACEMENT_3D('',#2729,#2264,#2265);
#1784=AXIS2_PLACEMENT_3D('',#2733,#2267,#2268);
#1785=AXIS2_PLACEMENT_3D('',#2734,#2269,#2270);
#1786=AXIS2_PLACEMENT_3D('',#2737,#2273,#2274);
#1787=AXIS2_PLACEMENT_3D('',#2740,#2277,#2278);
#1788=AXIS2_PLACEMENT_3D('',#2741,#2279,#2280);
#1789=DIRECTION('',(0.,0.,1.));
#1790=DIRECTION('',(1.,0.,0.));
#1791=DIRECTION('',(0.,0.,1.));
#1792=DIRECTION('',(1.,0.,0.));
#1793=DIRECTION('',(0.,0.,1.));
#1794=DIRECTION('',(1.,0.,0.));
#1795=DIRECTION('',(0.,-1.,0.));
#1796=DIRECTION('',(0.,0.,1.));
#1797=DIRECTION('',(1.,0.,0.));
#1798=DIRECTION('',(-1.,0.,0.));
#1799=DIRECTION('',(0.,0.,1.));
#1800=DIRECTION('',(1.,0.,0.));
#1801=DIRECTION('',(0.,-1.,0.));
#1802=DIRECTION('',(0.,0.,1.));
#1803=DIRECTION('',(1.,0.,0.));
#1804=DIRECTION('',(-1.,0.,0.));
#1805=DIRECTION('',(0.,0.,1.));
#1806=DIRECTION('',(1.,0.,0.));
#1807=DIRECTION('',(0.,-1.,0.));
#1808=DIRECTION('',(0.,0.,1.));
#1809=DIRECTION('',(1.,0.,0.));
#1810=DIRECTION('',(-1.,0.,0.));
#1811=DIRECTION('',(0.,0.,1.));
#1812=DIRECTION('',(1.,0.,0.));
#1813=DIRECTION('',(0.,-1.,0.));
#1814=DIRECTION('',(0.,0.,1.));
#1815=DIRECTION('',(1.,0.,0.));
#1816=DIRECTION('',(-1.,0.,0.));
#1817=DIRECTION('',(0.,1.,0.));
#1818=DIRECTION('',(0.,0.,1.));
#1819=DIRECTION('',(1.,0.,0.));
#1820=DIRECTION('',(1.,0.,0.));
#1821=DIRECTION('',(0.,0.,1.));
#1822=DIRECTION('',(1.,0.,0.));
#1823=DIRECTION('',(0.,1.,0.));
#1824=DIRECTION('',(0.,0.,1.));
#1825=DIRECTION('',(1.,0.,0.));
#1826=DIRECTION('',(1.,0.,0.));
#1827=DIRECTION('',(0.,0.,1.));
#1828=DIRECTION('',(1.,0.,0.));
#1829=DIRECTION('',(0.,0.,1.));
#1830=DIRECTION('',(1.,0.,0.));
#1831=DIRECTION('',(0.,0.,1.));
#1832=DIRECTION('',(1.,0.,0.));
#1833=DIRECTION('',(0.,-1.,0.));
#1834=DIRECTION('',(0.,0.,1.));
#1835=DIRECTION('',(1.,0.,0.));
#1836=DIRECTION('',(-1.,0.,0.));
#1837=DIRECTION('',(0.,0.,1.));
#1838=DIRECTION('',(1.,0.,0.));
#1839=DIRECTION('',(0.,-1.,0.));
#1840=DIRECTION('',(0.,0.,1.));
#1841=DIRECTION('',(1.,0.,0.));
#1842=DIRECTION('',(-1.,0.,0.));
#1843=DIRECTION('',(0.,0.,1.));
#1844=DIRECTION('',(1.,0.,0.));
#1845=DIRECTION('',(0.,-1.,0.));
#1846=DIRECTION('',(0.,0.,1.));
#1847=DIRECTION('',(1.,0.,0.));
#1848=DIRECTION('',(-1.,0.,0.));
#1849=DIRECTION('',(0.,0.,1.));
#1850=DIRECTION('',(1.,0.,0.));
#1851=DIRECTION('',(0.,-1.,0.));
#1852=DIRECTION('',(0.,0.,1.));
#1853=DIRECTION('',(1.,0.,0.));
#1854=DIRECTION('',(-1.,0.,0.));
#1855=DIRECTION('',(0.,0.,1.));
#1856=DIRECTION('',(1.,0.,0.));
#1857=DIRECTION('',(0.,-1.,0.));
#1858=DIRECTION('',(0.,0.,1.));
#1859=DIRECTION('',(1.,0.,0.));
#1860=DIRECTION('',(-1.,0.,0.));
#1861=DIRECTION('',(0.,0.,1.));
#1862=DIRECTION('',(1.,0.,0.));
#1863=DIRECTION('',(0.,-1.,0.));
#1864=DIRECTION('',(0.,0.,1.));
#1865=DIRECTION('',(1.,0.,0.));
#1866=DIRECTION('',(-1.,0.,0.));
#1867=DIRECTION('',(0.,0.,1.));
#1868=DIRECTION('',(1.,0.,0.));
#1869=DIRECTION('',(0.,0.,1.));
#1870=DIRECTION('',(1.,0.,0.));
#1871=DIRECTION('',(0.,0.,1.));
#1872=DIRECTION('',(1.,0.,0.));
#1873=DIRECTION('',(0.,0.,1.));
#1874=DIRECTION('',(1.,0.,0.));
#1875=DIRECTION('',(0.,0.,1.));
#1876=DIRECTION('',(1.,0.,0.));
#1877=DIRECTION('',(0.,0.,1.));
#1878=DIRECTION('',(1.,0.,0.));
#1879=DIRECTION('',(0.,1.,0.));
#1880=DIRECTION('',(0.,0.,1.));
#1881=DIRECTION('',(1.,0.,0.));
#1882=DIRECTION('',(1.,0.,0.));
#1883=DIRECTION('',(0.,0.,1.));
#1884=DIRECTION('',(1.,0.,0.));
#1885=DIRECTION('',(0.,1.,0.));
#1886=DIRECTION('',(0.,0.,1.));
#1887=DIRECTION('',(1.,0.,0.));
#1888=DIRECTION('',(1.,0.,0.));
#1889=DIRECTION('',(0.,0.,1.));
#1890=DIRECTION('',(1.,0.,0.));
#1891=DIRECTION('',(0.,-1.,0.));
#1892=DIRECTION('',(0.,0.,1.));
#1893=DIRECTION('',(1.,0.,0.));
#1894=DIRECTION('',(-1.,0.,0.));
#1895=DIRECTION('',(0.,0.,1.));
#1896=DIRECTION('',(1.,0.,0.));
#1897=DIRECTION('',(0.,-1.,0.));
#1898=DIRECTION('',(0.,0.,1.));
#1899=DIRECTION('',(1.,0.,0.));
#1900=DIRECTION('',(-1.,0.,0.));
#1901=DIRECTION('',(0.,0.,1.));
#1902=DIRECTION('',(1.,0.,0.));
#1903=DIRECTION('',(0.,-1.,0.));
#1904=DIRECTION('',(0.,0.,1.));
#1905=DIRECTION('',(1.,0.,0.));
#1906=DIRECTION('',(-1.,0.,0.));
#1907=DIRECTION('',(0.,0.,1.));
#1908=DIRECTION('',(1.,0.,0.));
#1909=DIRECTION('',(0.,-1.,0.));
#1910=DIRECTION('',(0.,0.,1.));
#1911=DIRECTION('',(1.,0.,0.));
#1912=DIRECTION('',(-1.,0.,0.));
#1913=DIRECTION('',(0.,0.,1.));
#1914=DIRECTION('',(1.,0.,0.));
#1915=DIRECTION('',(0.,-1.,0.));
#1916=DIRECTION('',(0.,0.,1.));
#1917=DIRECTION('',(1.,0.,0.));
#1918=DIRECTION('',(-1.,0.,0.));
#1919=DIRECTION('',(0.,0.,1.));
#1920=DIRECTION('',(1.,0.,0.));
#1921=DIRECTION('',(0.,-1.,0.));
#1922=DIRECTION('',(0.,0.,1.));
#1923=DIRECTION('',(1.,0.,0.));
#1924=DIRECTION('',(-1.,0.,0.));
#1925=DIRECTION('',(0.,0.,1.));
#1926=DIRECTION('',(1.,0.,0.));
#1927=DIRECTION('',(0.,-1.,0.));
#1928=DIRECTION('',(0.,0.,1.));
#1929=DIRECTION('',(1.,0.,0.));
#1930=DIRECTION('',(-1.,0.,0.));
#1931=DIRECTION('',(0.,0.,1.));
#1932=DIRECTION('',(1.,0.,0.));
#1933=DIRECTION('',(0.,-1.,0.));
#1934=DIRECTION('',(0.,0.,1.));
#1935=DIRECTION('',(1.,0.,0.));
#1936=DIRECTION('',(-1.,0.,0.));
#1937=DIRECTION('',(0.,0.,1.));
#1938=DIRECTION('',(1.,0.,0.));
#1939=DIRECTION('',(0.,-1.,0.));
#1940=DIRECTION('',(0.,0.,1.));
#1941=DIRECTION('',(1.,0.,0.));
#1942=DIRECTION('',(-1.,0.,0.));
#1943=DIRECTION('',(0.,0.,1.));
#1944=DIRECTION('',(1.,0.,0.));
#1945=DIRECTION('',(0.,-1.,0.));
#1946=DIRECTION('',(0.,0.,1.));
#1947=DIRECTION('',(1.,0.,0.));
#1948=DIRECTION('',(-1.,0.,0.));
#1949=DIRECTION('',(0.,0.,1.));
#1950=DIRECTION('',(1.,0.,0.));
#1951=DIRECTION('',(-1.,0.,0.));
#1952=DIRECTION('',(0.,0.,1.));
#1953=DIRECTION('',(0.,0.,-1.));
#1954=DIRECTION('',(0.,1.,0.));
#1955=DIRECTION('',(0.,0.,-1.));
#1956=DIRECTION('',(0.,1.,0.));
#1957=DIRECTION('',(0.,1.,0.));
#1958=DIRECTION('',(0.,0.,1.));
#1959=DIRECTION('',(1.,0.,0.));
#1960=DIRECTION('',(0.,0.,-1.));
#1961=DIRECTION('',(1.,0.,0.));
#1962=DIRECTION('',(0.,0.,1.));
#1963=DIRECTION('',(0.,0.,-1.));
#1964=DIRECTION('',(1.,0.,0.));
#1965=DIRECTION('',(0.,0.,-1.));
#1966=DIRECTION('',(1.,0.,0.));
#1967=DIRECTION('',(-1.,0.,0.));
#1968=DIRECTION('',(0.,0.,1.));
#1969=DIRECTION('',(0.,0.,-1.));
#1970=DIRECTION('',(0.,1.,0.));
#1971=DIRECTION('',(0.,0.,-1.));
#1972=DIRECTION('',(0.,1.,0.));
#1973=DIRECTION('',(0.,1.,0.));
#1974=DIRECTION('',(0.,0.,1.));
#1975=DIRECTION('',(0.,0.,-1.));
#1976=DIRECTION('',(1.,0.,0.));
#1977=DIRECTION('',(0.,0.,-1.));
#1978=DIRECTION('',(1.,0.,0.));
#1979=DIRECTION('',(0.,0.,1.));
#1980=DIRECTION('',(1.,0.,0.));
#1981=DIRECTION('',(0.,-1.,0.));
#1982=DIRECTION('',(0.,0.,1.));
#1983=DIRECTION('',(1.,0.,0.));
#1984=DIRECTION('',(-1.,0.,0.));
#1985=DIRECTION('',(0.,0.,1.));
#1986=DIRECTION('',(1.,0.,0.));
#1987=DIRECTION('',(0.,-1.,0.));
#1988=DIRECTION('',(0.,0.,1.));
#1989=DIRECTION('',(1.,0.,0.));
#1990=DIRECTION('',(-1.,0.,0.));
#1991=DIRECTION('',(0.,0.,1.));
#1992=DIRECTION('',(1.,0.,0.));
#1993=DIRECTION('',(0.,0.,1.));
#1994=DIRECTION('',(1.,0.,0.));
#1995=DIRECTION('',(0.,0.,1.));
#1996=DIRECTION('',(1.,0.,0.));
#1997=DIRECTION('',(0.,0.,1.));
#1998=DIRECTION('',(1.,0.,0.));
#1999=DIRECTION('',(0.,0.,1.));
#2000=DIRECTION('',(1.,0.,0.));
#2001=DIRECTION('',(0.,0.,1.));
#2002=DIRECTION('',(1.,0.,0.));
#2003=DIRECTION('',(0.,0.,1.));
#2004=DIRECTION('',(1.,0.,0.));
#2005=DIRECTION('',(0.,0.,-1.));
#2006=DIRECTION('',(-1.,0.,0.));
#2007=DIRECTION('',(0.,0.,1.));
#2008=DIRECTION('',(1.,0.,0.));
#2009=DIRECTION('',(0.,0.,-1.));
#2010=DIRECTION('',(-1.,0.,0.));
#2011=DIRECTION('',(0.,0.,1.));
#2012=DIRECTION('',(1.,0.,0.));
#2013=DIRECTION('',(0.,0.,1.));
#2014=DIRECTION('',(1.,0.,0.));
#2015=DIRECTION('',(0.,0.,1.));
#2016=DIRECTION('',(1.,0.,0.));
#2017=DIRECTION('',(-1.,0.,0.));
#2018=DIRECTION('',(0.,0.,1.));
#2019=DIRECTION('',(1.,0.,0.));
#2020=DIRECTION('',(0.,0.,-1.));
#2021=DIRECTION('',(-1.,0.,0.));
#2022=DIRECTION('',(0.,0.,1.));
#2023=DIRECTION('',(0.,0.,1.));
#2024=DIRECTION('',(1.,0.,0.));
#2025=DIRECTION('',(0.,1.,0.));
#2026=DIRECTION('',(0.,0.,1.));
#2027=DIRECTION('',(0.,0.,1.));
#2028=DIRECTION('',(1.,0.,0.));
#2029=DIRECTION('',(0.,1.,0.));
#2030=DIRECTION('',(0.,0.,1.));
#2031=DIRECTION('',(0.,1.,0.));
#2032=DIRECTION('',(0.,0.,1.));
#2033=DIRECTION('',(0.,1.,0.));
#2034=DIRECTION('',(0.,0.,1.));
#2035=DIRECTION('',(0.,-1.,0.));
#2036=DIRECTION('',(0.,0.,-1.));
#2037=DIRECTION('',(0.,1.,0.));
#2038=DIRECTION('',(0.,0.,1.));
#2039=DIRECTION('',(0.,0.,1.));
#2040=DIRECTION('',(1.,0.,0.));
#2041=DIRECTION('',(1.,0.,0.));
#2042=DIRECTION('',(0.,0.,-1.));
#2043=DIRECTION('',(0.,0.,1.));
#2044=DIRECTION('',(1.,0.,0.));
#2045=DIRECTION('',(-1.,0.,0.));
#2046=DIRECTION('',(0.,0.,1.));
#2047=DIRECTION('',(1.,0.,0.));
#2048=DIRECTION('',(0.,0.,-1.));
#2049=DIRECTION('',(-1.,0.,0.));
#2050=DIRECTION('',(0.,0.,1.));
#2051=DIRECTION('',(0.,0.,-1.));
#2052=DIRECTION('',(0.,0.,-1.));
#2053=DIRECTION('',(0.,1.,0.));
#2054=DIRECTION('',(0.,0.,1.));
#2055=DIRECTION('',(1.,0.,0.));
#2056=DIRECTION('',(0.,0.,1.));
#2057=DIRECTION('',(1.,0.,0.));
#2058=DIRECTION('',(0.,0.,1.));
#2059=DIRECTION('',(0.,0.,-1.));
#2060=DIRECTION('',(0.,0.,-1.));
#2061=DIRECTION('',(-1.,0.,0.));
#2062=DIRECTION('',(0.,0.,1.));
#2063=DIRECTION('',(0.,0.,-1.));
#2064=DIRECTION('',(0.,0.,-1.));
#2065=DIRECTION('',(0.,1.,0.));
#2066=DIRECTION('',(0.,0.,1.));
#2067=DIRECTION('',(0.,0.,-1.));
#2068=DIRECTION('',(0.,0.,-1.));
#2069=DIRECTION('',(0.,0.,1.));
#2070=DIRECTION('',(1.,0.,0.));
#2071=DIRECTION('',(0.,0.,-1.));
#2072=DIRECTION('',(-1.,0.,0.));
#2073=DIRECTION('',(0.,0.,-1.));
#2074=DIRECTION('',(-1.,0.,0.));
#2075=DIRECTION('',(0.,0.,1.));
#2076=DIRECTION('',(1.,0.,0.));
#2077=DIRECTION('',(0.,0.,-1.));
#2078=DIRECTION('',(-1.,0.,0.));
#2079=DIRECTION('',(0.,0.,1.));
#2080=DIRECTION('',(1.,0.,0.));
#2081=DIRECTION('',(0.,0.,1.));
#2082=DIRECTION('',(1.,0.,0.));
#2083=DIRECTION('',(0.,0.,1.));
#2084=DIRECTION('',(1.,0.,0.));
#2085=DIRECTION('',(0.,0.,-1.));
#2086=DIRECTION('',(-1.,0.,0.));
#2087=DIRECTION('',(0.,0.,1.));
#2088=DIRECTION('',(1.,0.,0.));
#2089=DIRECTION('',(0.,0.,1.));
#2090=DIRECTION('',(1.,0.,0.));
#2091=DIRECTION('',(0.,0.,1.));
#2092=DIRECTION('',(1.,0.,0.));
#2093=DIRECTION('',(0.,0.,-1.));
#2094=DIRECTION('',(-1.,0.,0.));
#2095=DIRECTION('',(0.,0.,1.));
#2096=DIRECTION('',(1.,0.,0.));
#2097=DIRECTION('',(0.,0.,1.));
#2098=DIRECTION('',(1.,0.,0.));
#2099=DIRECTION('',(0.,0.,1.));
#2100=DIRECTION('',(1.,0.,0.));
#2101=DIRECTION('',(0.,0.,-1.));
#2102=DIRECTION('',(-1.,0.,0.));
#2103=DIRECTION('',(0.,0.,1.));
#2104=DIRECTION('',(1.,0.,0.));
#2105=DIRECTION('',(0.,0.,1.));
#2106=DIRECTION('',(1.,0.,0.));
#2107=DIRECTION('',(0.,0.,1.));
#2108=DIRECTION('',(1.,0.,0.));
#2109=DIRECTION('',(0.,0.,-1.));
#2110=DIRECTION('',(-1.,0.,0.));
#2111=DIRECTION('',(0.,0.,1.));
#2112=DIRECTION('',(1.,0.,0.));
#2113=DIRECTION('',(0.,0.,1.));
#2114=DIRECTION('',(1.,0.,0.));
#2115=DIRECTION('',(0.,0.,-1.));
#2116=DIRECTION('',(-1.,0.,0.));
#2117=DIRECTION('',(0.,0.,1.));
#2118=DIRECTION('',(1.,0.,0.));
#2119=DIRECTION('',(0.,0.,1.));
#2120=DIRECTION('',(1.,0.,0.));
#2121=DIRECTION('',(0.,0.,-1.));
#2122=DIRECTION('',(-1.,0.,0.));
#2123=DIRECTION('',(0.,0.,1.));
#2124=DIRECTION('',(1.,0.,0.));
#2125=DIRECTION('',(0.,0.,1.));
#2126=DIRECTION('',(1.,0.,0.));
#2127=DIRECTION('',(0.,0.,-1.));
#2128=DIRECTION('',(-1.,0.,0.));
#2129=DIRECTION('',(0.,0.,1.));
#2130=DIRECTION('',(1.,0.,0.));
#2131=DIRECTION('',(0.,0.,1.));
#2132=DIRECTION('',(1.,0.,0.));
#2133=DIRECTION('',(0.,0.,-1.));
#2134=DIRECTION('',(-1.,0.,0.));
#2135=DIRECTION('',(-1.,0.,0.));
#2136=DIRECTION('',(0.,0.,1.));
#2137=DIRECTION('',(0.,0.,-1.));
#2138=DIRECTION('',(0.,0.,-1.));
#2139=DIRECTION('',(0.,1.,0.));
#2140=DIRECTION('',(0.,0.,1.));
#2141=DIRECTION('',(0.,0.,-1.));
#2142=DIRECTION('',(0.,0.,-1.));
#2143=DIRECTION('',(-1.,0.,0.));
#2144=DIRECTION('',(0.,0.,1.));
#2145=DIRECTION('',(0.,0.,-1.));
#2146=DIRECTION('',(0.,0.,-1.));
#2147=DIRECTION('',(0.,1.,0.));
#2148=DIRECTION('',(0.,0.,1.));
#2149=DIRECTION('',(0.,0.,-1.));
#2150=DIRECTION('',(0.,0.,-1.));
#2151=DIRECTION('',(0.,0.,1.));
#2152=DIRECTION('',(1.,0.,0.));
#2153=DIRECTION('',(0.,0.,-1.));
#2154=DIRECTION('',(-1.,0.,0.));
#2155=DIRECTION('',(0.,0.,-1.));
#2156=DIRECTION('',(-1.,0.,0.));
#2157=DIRECTION('',(0.,0.,1.));
#2158=DIRECTION('',(1.,0.,0.));
#2159=DIRECTION('',(-1.,0.,0.));
#2160=DIRECTION('',(0.,0.,1.));
#2161=DIRECTION('',(0.,0.,-1.));
#2162=DIRECTION('',(0.,0.,-1.));
#2163=DIRECTION('',(0.,1.,0.));
#2164=DIRECTION('',(0.,0.,1.));
#2165=DIRECTION('',(0.,0.,-1.));
#2166=DIRECTION('',(0.,0.,-1.));
#2167=DIRECTION('',(-1.,0.,0.));
#2168=DIRECTION('',(0.,0.,1.));
#2169=DIRECTION('',(0.,0.,-1.));
#2170=DIRECTION('',(0.,0.,-1.));
#2171=DIRECTION('',(0.,1.,0.));
#2172=DIRECTION('',(0.,0.,1.));
#2173=DIRECTION('',(0.,0.,-1.));
#2174=DIRECTION('',(0.,0.,-1.));
#2175=DIRECTION('',(0.,0.,1.));
#2176=DIRECTION('',(1.,0.,0.));
#2177=DIRECTION('',(0.,0.,-1.));
#2178=DIRECTION('',(-1.,0.,0.));
#2179=DIRECTION('',(0.,0.,-1.));
#2180=DIRECTION('',(-1.,0.,0.));
#2181=DIRECTION('',(0.,0.,1.));
#2182=DIRECTION('',(1.,0.,0.));
#2183=DIRECTION('',(-1.,0.,0.));
#2184=DIRECTION('',(0.,0.,1.));
#2185=DIRECTION('',(0.,0.,-1.));
#2186=DIRECTION('',(0.,0.,-1.));
#2187=DIRECTION('',(0.,1.,0.));
#2188=DIRECTION('',(0.,0.,1.));
#2189=DIRECTION('',(0.,0.,-1.));
#2190=DIRECTION('',(0.,0.,-1.));
#2191=DIRECTION('',(-1.,0.,0.));
#2192=DIRECTION('',(0.,0.,1.));
#2193=DIRECTION('',(0.,0.,-1.));
#2194=DIRECTION('',(0.,0.,-1.));
#2195=DIRECTION('',(0.,1.,0.));
#2196=DIRECTION('',(0.,0.,1.));
#2197=DIRECTION('',(0.,0.,-1.));
#2198=DIRECTION('',(0.,0.,-1.));
#2199=DIRECTION('',(0.,0.,1.));
#2200=DIRECTION('',(1.,0.,0.));
#2201=DIRECTION('',(0.,0.,-1.));
#2202=DIRECTION('',(-1.,0.,0.));
#2203=DIRECTION('',(0.,0.,-1.));
#2204=DIRECTION('',(-1.,0.,0.));
#2205=DIRECTION('',(0.,0.,1.));
#2206=DIRECTION('',(1.,0.,0.));
#2207=DIRECTION('',(-1.,0.,0.));
#2208=DIRECTION('',(0.,0.,1.));
#2209=DIRECTION('',(0.,0.,-1.));
#2210=DIRECTION('',(0.,0.,-1.));
#2211=DIRECTION('',(0.,1.,0.));
#2212=DIRECTION('',(0.,0.,1.));
#2213=DIRECTION('',(0.,0.,-1.));
#2214=DIRECTION('',(0.,0.,-1.));
#2215=DIRECTION('',(-1.,0.,0.));
#2216=DIRECTION('',(0.,0.,1.));
#2217=DIRECTION('',(0.,0.,-1.));
#2218=DIRECTION('',(0.,0.,-1.));
#2219=DIRECTION('',(0.,1.,0.));
#2220=DIRECTION('',(0.,0.,1.));
#2221=DIRECTION('',(0.,0.,-1.));
#2222=DIRECTION('',(0.,0.,-1.));
#2223=DIRECTION('',(0.,0.,1.));
#2224=DIRECTION('',(1.,0.,0.));
#2225=DIRECTION('',(0.,0.,-1.));
#2226=DIRECTION('',(-1.,0.,0.));
#2227=DIRECTION('',(0.,0.,-1.));
#2228=DIRECTION('',(-1.,0.,0.));
#2229=DIRECTION('',(0.,0.,1.));
#2230=DIRECTION('',(1.,0.,0.));
#2231=DIRECTION('',(-1.,0.,0.));
#2232=DIRECTION('',(0.,0.,1.));
#2233=DIRECTION('',(0.,0.,-1.));
#2234=DIRECTION('',(0.,0.,-1.));
#2235=DIRECTION('',(0.,1.,0.));
#2236=DIRECTION('',(0.,0.,1.));
#2237=DIRECTION('',(0.,0.,-1.));
#2238=DIRECTION('',(0.,0.,-1.));
#2239=DIRECTION('',(-1.,0.,0.));
#2240=DIRECTION('',(0.,0.,1.));
#2241=DIRECTION('',(0.,0.,-1.));
#2242=DIRECTION('',(0.,0.,-1.));
#2243=DIRECTION('',(0.,1.,0.));
#2244=DIRECTION('',(0.,0.,1.));
#2245=DIRECTION('',(0.,0.,-1.));
#2246=DIRECTION('',(0.,0.,-1.));
#2247=DIRECTION('',(0.,0.,1.));
#2248=DIRECTION('',(1.,0.,0.));
#2249=DIRECTION('',(0.,0.,-1.));
#2250=DIRECTION('',(-1.,0.,0.));
#2251=DIRECTION('',(0.,0.,-1.));
#2252=DIRECTION('',(-1.,0.,0.));
#2253=DIRECTION('',(0.,0.,1.));
#2254=DIRECTION('',(1.,0.,0.));
#2255=DIRECTION('',(0.,0.,-1.));
#2256=DIRECTION('',(-1.,0.,0.));
#2257=DIRECTION('',(0.,0.,1.));
#2258=DIRECTION('',(1.,0.,0.));
#2259=DIRECTION('',(0.,0.,-1.));
#2260=DIRECTION('',(0.,0.,1.));
#2261=DIRECTION('',(1.,0.,0.));
#2262=DIRECTION('',(0.,0.,1.));
#2263=DIRECTION('',(1.,0.,0.));
#2264=DIRECTION('',(0.,0.,1.));
#2265=DIRECTION('',(1.,0.,0.));
#2266=DIRECTION('',(0.,0.,-1.));
#2267=DIRECTION('',(0.,0.,1.));
#2268=DIRECTION('',(1.,0.,0.));
#2269=DIRECTION('',(0.,0.,1.));
#2270=DIRECTION('',(1.,0.,0.));
#2271=DIRECTION('',(0.,1.,0.));
#2272=DIRECTION('',(0.,1.,0.));
#2273=DIRECTION('',(0.,0.,1.));
#2274=DIRECTION('',(1.,0.,0.));
#2275=DIRECTION('',(0.,1.,0.));
#2276=DIRECTION('',(0.,1.,0.));
#2277=DIRECTION('',(-1.,0.,0.));
#2278=DIRECTION('',(0.,0.,1.));
#2279=DIRECTION('',(-1.,0.,0.));
#2280=DIRECTION('',(0.,0.,1.));
#2281=CARTESIAN_POINT('',(0.,0.,0.));
#2282=CARTESIAN_POINT('',(0.141,-0.09925,0.0066));
#2283=CARTESIAN_POINT('',(0.1816,-0.0814,0.0066));
#2284=CARTESIAN_POINT('',(0.182,-0.0814,0.0066));
#2285=CARTESIAN_POINT('',(0.1816,-0.081,0.0066));
#2286=CARTESIAN_POINT('',(0.182,-0.09925,0.0066));
#2287=CARTESIAN_POINT('',(0.182,-0.0946,0.0066));
#2288=CARTESIAN_POINT('',(0.1816,-0.0946,0.0066));
#2289=CARTESIAN_POINT('',(0.1816,-0.095,0.0066));
#2290=CARTESIAN_POINT('',(0.141,-0.095,0.0066));
#2291=CARTESIAN_POINT('',(0.1684,-0.095,0.0066));
#2292=CARTESIAN_POINT('',(0.1684,-0.0946,0.0066));
#2293=CARTESIAN_POINT('',(0.168,-0.0946,0.0066));
#2294=CARTESIAN_POINT('',(0.168,-0.09925,0.0066));
#2295=CARTESIAN_POINT('',(0.168,-0.0814,0.0066));
#2296=CARTESIAN_POINT('',(0.1684,-0.0814,0.0066));
#2297=CARTESIAN_POINT('',(0.1684,-0.081,0.0066));
#2298=CARTESIAN_POINT('',(0.141,-0.081,0.0066));
#2299=CARTESIAN_POINT('',(0.153,-0.091,0.0066));
#2300=CARTESIAN_POINT('',(0.154,-0.091,0.0066));
#2301=CARTESIAN_POINT('',(0.153,-0.09,0.0066));
#2302=CARTESIAN_POINT('',(0.154,-0.09925,0.0066));
#2303=CARTESIAN_POINT('',(0.154,-0.095,0.0066));
#2304=CARTESIAN_POINT('',(0.153,-0.095,0.0066));
#2305=CARTESIAN_POINT('',(0.153,-0.096,0.0066));
#2306=CARTESIAN_POINT('',(0.141,-0.096,0.0066));
#2307=CARTESIAN_POINT('',(0.129,-0.096,0.0066));
#2308=CARTESIAN_POINT('',(0.129,-0.095,0.0066));
#2309=CARTESIAN_POINT('',(0.128,-0.095,0.0066));
#2310=CARTESIAN_POINT('',(0.128,-0.09925,0.0066));
#2311=CARTESIAN_POINT('',(0.128,-0.091,0.0066));
#2312=CARTESIAN_POINT('',(0.129,-0.091,0.0066));
#2313=CARTESIAN_POINT('',(0.129,-0.09,0.0066));
#2314=CARTESIAN_POINT('',(0.141,-0.09,0.0066));
#2315=CARTESIAN_POINT('',(0.1954,-0.0661,0.0066));
#2316=CARTESIAN_POINT('',(0.1954,-0.1324,0.0066));
#2317=CARTESIAN_POINT('',(0.1954,-0.0661,0.0066));
#2318=CARTESIAN_POINT('',(0.1934,-0.0661,0.0066));
#2319=CARTESIAN_POINT('',(0.1934,-0.0641,0.0066));
#2320=CARTESIAN_POINT('',(0.141,-0.0641,0.0066));
#2321=CARTESIAN_POINT('',(0.0886,-0.0641,0.0066));
#2322=CARTESIAN_POINT('',(0.0886,-0.0661,0.0066));
#2323=CARTESIAN_POINT('',(0.0866,-0.0661,0.0066));
#2324=CARTESIAN_POINT('',(0.0866,-0.09925,0.0066));
#2325=CARTESIAN_POINT('',(0.0866,-0.1324,0.0066));
#2326=CARTESIAN_POINT('',(0.0886,-0.1324,0.0066));
#2327=CARTESIAN_POINT('',(0.0886,-0.1344,0.0066));
#2328=CARTESIAN_POINT('',(0.1934,-0.1344,0.0066));
#2329=CARTESIAN_POINT('',(0.1934,-0.1344,0.0066));
#2330=CARTESIAN_POINT('',(0.1934,-0.1324,0.0066));
#2331=CARTESIAN_POINT('',(0.141,-0.0742,0.0066));
#2332=CARTESIAN_POINT('',(0.1476,-0.0742,0.0066));
#2333=CARTESIAN_POINT('',(0.1036,-0.0814,0.0066));
#2334=CARTESIAN_POINT('',(0.104,-0.0814,0.0066));
#2335=CARTESIAN_POINT('',(0.1036,-0.081,0.0066));
#2336=CARTESIAN_POINT('',(0.104,-0.09925,0.0066));
#2337=CARTESIAN_POINT('',(0.104,-0.0946,0.0066));
#2338=CARTESIAN_POINT('',(0.1036,-0.0946,0.0066));
#2339=CARTESIAN_POINT('',(0.1036,-0.095,0.0066));
#2340=CARTESIAN_POINT('',(0.141,-0.095,0.0066));
#2341=CARTESIAN_POINT('',(0.0904,-0.095,0.0066));
#2342=CARTESIAN_POINT('',(0.0904,-0.0946,0.0066));
#2343=CARTESIAN_POINT('',(0.09,-0.0946,0.0066));
#2344=CARTESIAN_POINT('',(0.09,-0.09925,0.0066));
#2345=CARTESIAN_POINT('',(0.09,-0.0814,0.0066));
#2346=CARTESIAN_POINT('',(0.0904,-0.0814,0.0066));
#2347=CARTESIAN_POINT('',(0.0904,-0.081,0.0066));
#2348=CARTESIAN_POINT('',(0.141,-0.081,0.0066));
#2349=CARTESIAN_POINT('',(0.1816,-0.1054,0.0066));
#2350=CARTESIAN_POINT('',(0.182,-0.1054,0.0066));
#2351=CARTESIAN_POINT('',(0.1816,-0.105,0.0066));
#2352=CARTESIAN_POINT('',(0.182,-0.09925,0.0066));
#2353=CARTESIAN_POINT('',(0.182,-0.1186,0.0066));
#2354=CARTESIAN_POINT('',(0.1816,-0.1186,0.0066));
#2355=CARTESIAN_POINT('',(0.1816,-0.119,0.0066));
#2356=CARTESIAN_POINT('',(0.141,-0.119,0.0066));
#2357=CARTESIAN_POINT('',(0.1684,-0.119,0.0066));
#2358=CARTESIAN_POINT('',(0.1684,-0.1186,0.0066));
#2359=CARTESIAN_POINT('',(0.168,-0.1186,0.0066));
#2360=CARTESIAN_POINT('',(0.168,-0.09925,0.0066));
#2361=CARTESIAN_POINT('',(0.168,-0.1054,0.0066));
#2362=CARTESIAN_POINT('',(0.1684,-0.1054,0.0066));
#2363=CARTESIAN_POINT('',(0.1684,-0.105,0.0066));
#2364=CARTESIAN_POINT('',(0.141,-0.105,0.0066));
#2365=CARTESIAN_POINT('',(0.1036,-0.1054,0.0066));
#2366=CARTESIAN_POINT('',(0.104,-0.1054,0.0066));
#2367=CARTESIAN_POINT('',(0.1036,-0.105,0.0066));
#2368=CARTESIAN_POINT('',(0.104,-0.09925,0.0066));
#2369=CARTESIAN_POINT('',(0.104,-0.1186,0.0066));
#2370=CARTESIAN_POINT('',(0.1036,-0.1186,0.0066));
#2371=CARTESIAN_POINT('',(0.1036,-0.119,0.0066));
#2372=CARTESIAN_POINT('',(0.141,-0.119,0.0066));
#2373=CARTESIAN_POINT('',(0.0904,-0.119,0.0066));
#2374=CARTESIAN_POINT('',(0.0904,-0.1186,0.0066));
#2375=CARTESIAN_POINT('',(0.09,-0.1186,0.0066));
#2376=CARTESIAN_POINT('',(0.09,-0.09925,0.0066));
#2377=CARTESIAN_POINT('',(0.09,-0.1054,0.0066));
#2378=CARTESIAN_POINT('',(0.0904,-0.1054,0.0066));
#2379=CARTESIAN_POINT('',(0.0904,-0.105,0.0066));
#2380=CARTESIAN_POINT('',(0.141,-0.105,0.0066));
#2381=CARTESIAN_POINT('',(0.141,-0.09925,0.0051));
#2382=CARTESIAN_POINT('',(0.141,-0.0742,0.0051));
#2383=CARTESIAN_POINT('',(0.1476,-0.0742,0.0051));
#2384=CARTESIAN_POINT('',(0.19,-0.0735,0.0051));
#2385=CARTESIAN_POINT('',(0.1935,-0.0735,0.0051));
#2386=CARTESIAN_POINT('',(0.092,-0.1275,0.0051));
#2387=CARTESIAN_POINT('',(0.0955,-0.1275,0.0051));
#2388=CARTESIAN_POINT('',(0.19,-0.1275,0.0051));
#2389=CARTESIAN_POINT('',(0.1935,-0.1275,0.0051));
#2390=CARTESIAN_POINT('',(0.092,-0.0735,0.0051));
#2391=CARTESIAN_POINT('',(0.0955,-0.0735,0.0051));
#2392=CARTESIAN_POINT('',(0.1944,-0.09925,0.0051));
#2393=CARTESIAN_POINT('',(0.1944,-0.1324,0.0051));
#2394=CARTESIAN_POINT('',(0.1944,-0.0661,0.0051));
#2395=CARTESIAN_POINT('',(0.1934,-0.1324,0.0051));
#2396=CARTESIAN_POINT('',(0.1934,-0.1334,0.0051));
#2397=CARTESIAN_POINT('',(0.141,-0.1334,0.0051));
#2398=CARTESIAN_POINT('',(0.0886,-0.1334,0.0051));
#2399=CARTESIAN_POINT('',(0.0886,-0.1324,0.0051));
#2400=CARTESIAN_POINT('',(0.0876,-0.1324,0.0051));
#2401=CARTESIAN_POINT('',(0.0876,-0.09925,0.0051));
#2402=CARTESIAN_POINT('',(0.0876,-0.0661,0.0051));
#2403=CARTESIAN_POINT('',(0.0886,-0.0661,0.0051));
#2404=CARTESIAN_POINT('',(0.0886,-0.0651,0.0051));
#2405=CARTESIAN_POINT('',(0.141,-0.0651,0.0051));
#2406=CARTESIAN_POINT('',(0.1934,-0.0651,0.0051));
#2407=CARTESIAN_POINT('',(0.1934,-0.0661,0.0051));
#2408=CARTESIAN_POINT('',(0.104,-0.09925,0.0051));
#2409=CARTESIAN_POINT('',(0.104,-0.0814,0.0051));
#2410=CARTESIAN_POINT('',(0.104,-0.0946,0.0051));
#2411=CARTESIAN_POINT('',(0.1036,-0.0814,0.0051));
#2412=CARTESIAN_POINT('',(0.1036,-0.081,0.0051));
#2413=CARTESIAN_POINT('',(0.141,-0.081,0.0051));
#2414=CARTESIAN_POINT('',(0.0904,-0.081,0.0051));
#2415=CARTESIAN_POINT('',(0.0904,-0.0814,0.0051));
#2416=CARTESIAN_POINT('',(0.09,-0.0814,0.0051));
#2417=CARTESIAN_POINT('',(0.09,-0.09925,0.0051));
#2418=CARTESIAN_POINT('',(0.09,-0.0946,0.0051));
#2419=CARTESIAN_POINT('',(0.0904,-0.0946,0.0051));
#2420=CARTESIAN_POINT('',(0.0904,-0.095,0.0051));
#2421=CARTESIAN_POINT('',(0.141,-0.095,0.0051));
#2422=CARTESIAN_POINT('',(0.1036,-0.095,0.0051));
#2423=CARTESIAN_POINT('',(0.1036,-0.0946,0.0051));
#2424=CARTESIAN_POINT('',(0.154,-0.09925,0.0051));
#2425=CARTESIAN_POINT('',(0.154,-0.091,0.0051));
#2426=CARTESIAN_POINT('',(0.154,-0.095,0.0051));
#2427=CARTESIAN_POINT('',(0.153,-0.091,0.0051));
#2428=CARTESIAN_POINT('',(0.153,-0.09,0.0051));
#2429=CARTESIAN_POINT('',(0.141,-0.09,0.0051));
#2430=CARTESIAN_POINT('',(0.129,-0.09,0.0051));
#2431=CARTESIAN_POINT('',(0.129,-0.091,0.0051));
#2432=CARTESIAN_POINT('',(0.128,-0.091,0.0051));
#2433=CARTESIAN_POINT('',(0.128,-0.09925,0.0051));
#2434=CARTESIAN_POINT('',(0.128,-0.095,0.0051));
#2435=CARTESIAN_POINT('',(0.129,-0.095,0.0051));
#2436=CARTESIAN_POINT('',(0.129,-0.096,0.0051));
#2437=CARTESIAN_POINT('',(0.141,-0.096,0.0051));
#2438=CARTESIAN_POINT('',(0.153,-0.096,0.0051));
#2439=CARTESIAN_POINT('',(0.153,-0.095,0.0051));
#2440=CARTESIAN_POINT('',(0.182,-0.09925,0.0051));
#2441=CARTESIAN_POINT('',(0.182,-0.1054,0.0051));
#2442=CARTESIAN_POINT('',(0.182,-0.1186,0.0051));
#2443=CARTESIAN_POINT('',(0.1816,-0.1054,0.0051));
#2444=CARTESIAN_POINT('',(0.1816,-0.105,0.0051));
#2445=CARTESIAN_POINT('',(0.141,-0.105,0.0051));
#2446=CARTESIAN_POINT('',(0.1684,-0.105,0.0051));
#2447=CARTESIAN_POINT('',(0.1684,-0.1054,0.0051));
#2448=CARTESIAN_POINT('',(0.168,-0.1054,0.0051));
#2449=CARTESIAN_POINT('',(0.168,-0.09925,0.0051));
#2450=CARTESIAN_POINT('',(0.168,-0.1186,0.0051));
#2451=CARTESIAN_POINT('',(0.1684,-0.1186,0.0051));
#2452=CARTESIAN_POINT('',(0.1684,-0.119,0.0051));
#2453=CARTESIAN_POINT('',(0.141,-0.119,0.0051));
#2454=CARTESIAN_POINT('',(0.1816,-0.119,0.0051));
#2455=CARTESIAN_POINT('',(0.1816,-0.1186,0.0051));
#2456=CARTESIAN_POINT('',(0.182,-0.09925,0.0051));
#2457=CARTESIAN_POINT('',(0.182,-0.0814,0.0051));
#2458=CARTESIAN_POINT('',(0.182,-0.0946,0.0051));
#2459=CARTESIAN_POINT('',(0.1816,-0.0814,0.0051));
#2460=CARTESIAN_POINT('',(0.1816,-0.081,0.0051));
#2461=CARTESIAN_POINT('',(0.141,-0.081,0.0051));
#2462=CARTESIAN_POINT('',(0.1684,-0.081,0.0051));
#2463=CARTESIAN_POINT('',(0.1684,-0.0814,0.0051));
#2464=CARTESIAN_POINT('',(0.168,-0.0814,0.0051));
#2465=CARTESIAN_POINT('',(0.168,-0.09925,0.0051));
#2466=CARTESIAN_POINT('',(0.168,-0.0946,0.0051));
#2467=CARTESIAN_POINT('',(0.1684,-0.0946,0.0051));
#2468=CARTESIAN_POINT('',(0.1684,-0.095,0.0051));
#2469=CARTESIAN_POINT('',(0.141,-0.095,0.0051));
#2470=CARTESIAN_POINT('',(0.1816,-0.095,0.0051));
#2471=CARTESIAN_POINT('',(0.1816,-0.0946,0.0051));
#2472=CARTESIAN_POINT('',(0.104,-0.09925,0.0051));
#2473=CARTESIAN_POINT('',(0.104,-0.1054,0.0051));
#2474=CARTESIAN_POINT('',(0.104,-0.1186,0.0051));
#2475=CARTESIAN_POINT('',(0.1036,-0.1054,0.0051));
#2476=CARTESIAN_POINT('',(0.1036,-0.105,0.0051));
#2477=CARTESIAN_POINT('',(0.141,-0.105,0.0051));
#2478=CARTESIAN_POINT('',(0.0904,-0.105,0.0051));
#2479=CARTESIAN_POINT('',(0.0904,-0.1054,0.0051));
#2480=CARTESIAN_POINT('',(0.09,-0.1054,0.0051));
#2481=CARTESIAN_POINT('',(0.09,-0.09925,0.0051));
#2482=CARTESIAN_POINT('',(0.09,-0.1186,0.0051));
#2483=CARTESIAN_POINT('',(0.0904,-0.1186,0.0051));
#2484=CARTESIAN_POINT('',(0.0904,-0.119,0.0051));
#2485=CARTESIAN_POINT('',(0.141,-0.119,0.0051));
#2486=CARTESIAN_POINT('',(0.1036,-0.119,0.0051));
#2487=CARTESIAN_POINT('',(0.1036,-0.1186,0.0051));
#2488=CARTESIAN_POINT('',(0.0852,-0.09925,0.0066));
#2489=CARTESIAN_POINT('',(0.0852,-0.1324,0.0066));
#2490=CARTESIAN_POINT('',(0.0852,-0.1324,-0.0005));
#2491=CARTESIAN_POINT('',(0.0852,-0.1324,0.0052));
#2492=CARTESIAN_POINT('',(0.0852,-0.09925,0.0052));
#2493=CARTESIAN_POINT('',(0.0852,-0.0661,0.0052));
#2494=CARTESIAN_POINT('',(0.0852,-0.0661,0.0066));
#2495=CARTESIAN_POINT('',(0.0852,-0.0661,-0.0005));
#2496=CARTESIAN_POINT('',(0.0852,-0.09925,-0.0005));
#2497=CARTESIAN_POINT('',(0.141,-0.1358,0.0066));
#2498=CARTESIAN_POINT('',(0.141,-0.1358,0.005));
#2499=CARTESIAN_POINT('',(0.135006274606681,-0.1358,0.005));
#2500=CARTESIAN_POINT('',(0.146993725393319,-0.1358,0.005));
#2501=CARTESIAN_POINT('',(0.146993725393319,-0.1358,0.005));
#2502=CARTESIAN_POINT('',(0.146993725393319,-0.1358,0.0003));
#2503=CARTESIAN_POINT('',(0.141,-0.1358,0.0003));
#2504=CARTESIAN_POINT('',(0.135006274606681,-0.1358,0.0003));
#2505=CARTESIAN_POINT('',(0.135006274606681,-0.1358,0.005));
#2506=CARTESIAN_POINT('',(0.1934,-0.1358,0.0066));
#2507=CARTESIAN_POINT('',(0.1934,-0.1358,-0.0005));
#2508=CARTESIAN_POINT('',(0.1934,-0.1358,0.0052));
#2509=CARTESIAN_POINT('',(0.0886,-0.1358,0.0052));
#2510=CARTESIAN_POINT('',(0.0886,-0.1358,0.0052));
#2511=CARTESIAN_POINT('',(0.0886,-0.1358,-0.0005));
#2512=CARTESIAN_POINT('',(0.0886,-0.1358,-0.0005));
#2513=CARTESIAN_POINT('',(0.141,-0.1358,-0.0005));
#2514=CARTESIAN_POINT('',(0.1968,-0.09925,0.0066));
#2515=CARTESIAN_POINT('',(0.1968,-0.0661,0.0066));
#2516=CARTESIAN_POINT('',(0.1968,-0.0661,-0.0005));
#2517=CARTESIAN_POINT('',(0.1968,-0.0661,0.0052));
#2518=CARTESIAN_POINT('',(0.1968,-0.1324,0.0052));
#2519=CARTESIAN_POINT('',(0.1968,-0.1324,0.0052));
#2520=CARTESIAN_POINT('',(0.1968,-0.1324,0.0066));
#2521=CARTESIAN_POINT('',(0.1968,-0.1324,-0.0005));
#2522=CARTESIAN_POINT('',(0.1968,-0.09925,-0.0005));
#2523=CARTESIAN_POINT('',(0.141,-0.0627,0.0066));
#2524=CARTESIAN_POINT('',(0.0886,-0.0627,0.0066));
#2525=CARTESIAN_POINT('',(0.0886,-0.0627,-0.0005));
#2526=CARTESIAN_POINT('',(0.0886,-0.0627,0.0052));
#2527=CARTESIAN_POINT('',(0.141,-0.0627,0.0052));
#2528=CARTESIAN_POINT('',(0.1934,-0.0627,0.0052));
#2529=CARTESIAN_POINT('',(0.1934,-0.0627,-0.0005));
#2530=CARTESIAN_POINT('',(0.1934,-0.0627,-0.0005));
#2531=CARTESIAN_POINT('',(0.141,-0.0627,-0.0005));
#2532=CARTESIAN_POINT('',(0.141,-0.09925,-0.0005));
#2533=CARTESIAN_POINT('',(0.1944,-0.09925,-0.0005));
#2534=CARTESIAN_POINT('',(0.1944,-0.0661,-0.0005));
#2535=CARTESIAN_POINT('',(0.1944,-0.1324,-0.0005));
#2536=CARTESIAN_POINT('',(0.1934,-0.0661,-0.0005));
#2537=CARTESIAN_POINT('',(0.1934,-0.0651,-0.0005));
#2538=CARTESIAN_POINT('',(0.141,-0.0651,-0.0005));
#2539=CARTESIAN_POINT('',(0.0886,-0.0651,-0.0005));
#2540=CARTESIAN_POINT('',(0.0886,-0.0661,-0.0005));
#2541=CARTESIAN_POINT('',(0.0876,-0.0661,-0.0005));
#2542=CARTESIAN_POINT('',(0.0876,-0.09925,-0.0005));
#2543=CARTESIAN_POINT('',(0.0876,-0.1324,-0.0005));
#2544=CARTESIAN_POINT('',(0.0886,-0.1324,-0.0005));
#2545=CARTESIAN_POINT('',(0.0886,-0.1334,-0.0005));
#2546=CARTESIAN_POINT('',(0.141,-0.1334,-0.0005));
#2547=CARTESIAN_POINT('',(0.1934,-0.1334,-0.0005));
#2548=CARTESIAN_POINT('',(0.1934,-0.1324,-0.0005));
#2549=CARTESIAN_POINT('',(0.1934,-0.0661,-0.0005));
#2550=CARTESIAN_POINT('',(0.1934,-0.1324,-0.0005));
#2551=CARTESIAN_POINT('',(0.0886,-0.1324,-0.0005));
#2552=CARTESIAN_POINT('',(0.0886,-0.0661,-0.0005));
#2553=CARTESIAN_POINT('',(0.1934,-0.0661,0.0066));
#2554=CARTESIAN_POINT('',(0.1934,-0.0661,0.0052));
#2555=CARTESIAN_POINT('',(0.1934,-0.1324,0.0066));
#2556=CARTESIAN_POINT('',(0.1934,-0.1324,0.0052));
#2557=CARTESIAN_POINT('',(0.0886,-0.0661,0.0066));
#2558=CARTESIAN_POINT('',(0.0886,-0.0661,0.0052));
#2559=CARTESIAN_POINT('',(0.0886,-0.1324,0.0066));
#2560=CARTESIAN_POINT('',(0.0886,-0.1324,0.0052));
#2561=CARTESIAN_POINT('',(0.141,-0.1344,0.0052));
#2562=CARTESIAN_POINT('',(0.1934,-0.1344,0.0052));
#2563=CARTESIAN_POINT('',(0.0886,-0.1344,0.0052));
#2564=CARTESIAN_POINT('',(0.0886,-0.1324,0.0052));
#2565=CARTESIAN_POINT('',(0.0866,-0.1324,0.0052));
#2566=CARTESIAN_POINT('',(0.1934,-0.1324,0.0052));
#2567=CARTESIAN_POINT('',(0.1954,-0.1324,0.0052));
#2568=CARTESIAN_POINT('',(0.0866,-0.09925,0.0052));
#2569=CARTESIAN_POINT('',(0.0866,-0.0661,0.0052));
#2570=CARTESIAN_POINT('',(0.1954,-0.09925,0.0052));
#2571=CARTESIAN_POINT('',(0.1954,-0.0661,0.0052));
#2572=CARTESIAN_POINT('',(0.0886,-0.0661,0.0052));
#2573=CARTESIAN_POINT('',(0.0886,-0.0641,0.0052));
#2574=CARTESIAN_POINT('',(0.1934,-0.0661,0.0052));
#2575=CARTESIAN_POINT('',(0.1934,-0.0641,0.0052));
#2576=CARTESIAN_POINT('',(0.141,-0.0641,0.0052));
#2577=CARTESIAN_POINT('',(0.0876,-0.09925,0.0051));
#2578=CARTESIAN_POINT('',(0.0876,-0.0661,0.0051));
#2579=CARTESIAN_POINT('',(0.0876,-0.1324,0.0051));
#2580=CARTESIAN_POINT('',(0.141,-0.1334,0.0051));
#2581=CARTESIAN_POINT('',(0.141,-0.1334,0.005));
#2582=CARTESIAN_POINT('',(0.135,-0.1334,0.005));
#2583=CARTESIAN_POINT('',(0.147,-0.1334,0.005));
#2584=CARTESIAN_POINT('',(0.135,-0.1334,0.0051));
#2585=CARTESIAN_POINT('',(0.135,-0.1334,0.0003));
#2586=CARTESIAN_POINT('',(0.141,-0.1334,0.0003));
#2587=CARTESIAN_POINT('',(0.147,-0.1334,0.0003));
#2588=CARTESIAN_POINT('',(0.147,-0.1334,0.0051));
#2589=CARTESIAN_POINT('',(0.0886,-0.1334,-0.001));
#2590=CARTESIAN_POINT('',(0.1934,-0.1334,0.0051));
#2591=CARTESIAN_POINT('',(0.1944,-0.09925,0.0051));
#2592=CARTESIAN_POINT('',(0.1944,-0.1324,0.0051));
#2593=CARTESIAN_POINT('',(0.1944,-0.0661,0.0051));
#2594=CARTESIAN_POINT('',(0.141,-0.0651,0.0051));
#2595=CARTESIAN_POINT('',(0.1934,-0.0651,-0.001));
#2596=CARTESIAN_POINT('',(0.0886,-0.0651,0.0051));
#2597=CARTESIAN_POINT('',(0.1934,-0.0661,0.0051));
#2598=CARTESIAN_POINT('',(0.1934,-0.1324,0.0051));
#2599=CARTESIAN_POINT('',(0.0886,-0.0661,0.0051));
#2600=CARTESIAN_POINT('',(0.0886,-0.1324,0.0051));
#2601=CARTESIAN_POINT('',(0.092,-0.0735,0.0053));
#2602=CARTESIAN_POINT('',(0.092,-0.0735,0.0016));
#2603=CARTESIAN_POINT('',(0.0955,-0.0735,0.0016));
#2604=CARTESIAN_POINT('',(0.092,-0.0735,0.0016));
#2605=CARTESIAN_POINT('',(0.092,-0.0735,0.0016));
#2606=CARTESIAN_POINT('',(0.0933,-0.0735,0.0016));
#2607=CARTESIAN_POINT('',(0.19,-0.1275,0.0053));
#2608=CARTESIAN_POINT('',(0.19,-0.1275,0.0016));
#2609=CARTESIAN_POINT('',(0.1935,-0.1275,0.0016));
#2610=CARTESIAN_POINT('',(0.19,-0.1275,0.0016));
#2611=CARTESIAN_POINT('',(0.19,-0.1275,0.0016));
#2612=CARTESIAN_POINT('',(0.1913,-0.1275,0.0016));
#2613=CARTESIAN_POINT('',(0.092,-0.1275,0.0053));
#2614=CARTESIAN_POINT('',(0.092,-0.1275,0.0016));
#2615=CARTESIAN_POINT('',(0.0955,-0.1275,0.0016));
#2616=CARTESIAN_POINT('',(0.092,-0.1275,0.0016));
#2617=CARTESIAN_POINT('',(0.092,-0.1275,0.0016));
#2618=CARTESIAN_POINT('',(0.0933,-0.1275,0.0016));
#2619=CARTESIAN_POINT('',(0.19,-0.0735,0.0053));
#2620=CARTESIAN_POINT('',(0.19,-0.0735,0.0016));
#2621=CARTESIAN_POINT('',(0.1935,-0.0735,0.0016));
#2622=CARTESIAN_POINT('',(0.19,-0.0735,0.0016));
#2623=CARTESIAN_POINT('',(0.19,-0.0735,0.0016));
#2624=CARTESIAN_POINT('',(0.1913,-0.0735,0.0016));
#2625=CARTESIAN_POINT('',(0.19,-0.0735,0.0048));
#2626=CARTESIAN_POINT('',(0.19,-0.0735,0.0048));
#2627=CARTESIAN_POINT('',(0.1913,-0.0735,0.0048));
#2628=CARTESIAN_POINT('',(0.19,-0.0735,0.0048));
#2629=CARTESIAN_POINT('',(0.092,-0.1275,0.0048));
#2630=CARTESIAN_POINT('',(0.092,-0.1275,0.0048));
#2631=CARTESIAN_POINT('',(0.0933,-0.1275,0.0048));
#2632=CARTESIAN_POINT('',(0.092,-0.1275,0.0048));
#2633=CARTESIAN_POINT('',(0.19,-0.1275,0.0048));
#2634=CARTESIAN_POINT('',(0.19,-0.1275,0.0048));
#2635=CARTESIAN_POINT('',(0.1913,-0.1275,0.0048));
#2636=CARTESIAN_POINT('',(0.19,-0.1275,0.0048));
#2637=CARTESIAN_POINT('',(0.092,-0.0735,0.0048));
#2638=CARTESIAN_POINT('',(0.092,-0.0735,0.0048));
#2639=CARTESIAN_POINT('',(0.0933,-0.0735,0.0048));
#2640=CARTESIAN_POINT('',(0.092,-0.0735,0.0048));
#2641=CARTESIAN_POINT('',(0.141,-0.0742,0.007));
#2642=CARTESIAN_POINT('',(0.09,-0.088,0.007));
#2643=CARTESIAN_POINT('',(0.09,-0.0946,0.007));
#2644=CARTESIAN_POINT('',(0.09,-0.0814,0.007));
#2645=CARTESIAN_POINT('',(0.097,-0.095,0.007));
#2646=CARTESIAN_POINT('',(0.1036,-0.095,0.007));
#2647=CARTESIAN_POINT('',(0.0904,-0.095,0.0045));
#2648=CARTESIAN_POINT('',(0.104,-0.088,0.007));
#2649=CARTESIAN_POINT('',(0.104,-0.0814,0.007));
#2650=CARTESIAN_POINT('',(0.104,-0.0946,0.007));
#2651=CARTESIAN_POINT('',(0.097,-0.081,0.007));
#2652=CARTESIAN_POINT('',(0.0904,-0.081,0.007));
#2653=CARTESIAN_POINT('',(0.1036,-0.081,0.0045));
#2654=CARTESIAN_POINT('',(0.1036,-0.0814,0.007));
#2655=CARTESIAN_POINT('',(0.1036,-0.0946,0.007));
#2656=CARTESIAN_POINT('',(0.0904,-0.0814,0.007));
#2657=CARTESIAN_POINT('',(0.0904,-0.0946,0.007));
#2658=CARTESIAN_POINT('',(0.128,-0.093,0.007));
#2659=CARTESIAN_POINT('',(0.128,-0.095,0.007));
#2660=CARTESIAN_POINT('',(0.128,-0.091,0.007));
#2661=CARTESIAN_POINT('',(0.141,-0.096,0.007));
#2662=CARTESIAN_POINT('',(0.153,-0.096,0.007));
#2663=CARTESIAN_POINT('',(0.129,-0.096,0.0045));
#2664=CARTESIAN_POINT('',(0.154,-0.093,0.007));
#2665=CARTESIAN_POINT('',(0.154,-0.091,0.007));
#2666=CARTESIAN_POINT('',(0.154,-0.095,0.007));
#2667=CARTESIAN_POINT('',(0.141,-0.09,0.007));
#2668=CARTESIAN_POINT('',(0.129,-0.09,0.007));
#2669=CARTESIAN_POINT('',(0.153,-0.09,0.0045));
#2670=CARTESIAN_POINT('',(0.153,-0.091,0.007));
#2671=CARTESIAN_POINT('',(0.153,-0.095,0.007));
#2672=CARTESIAN_POINT('',(0.129,-0.091,0.007));
#2673=CARTESIAN_POINT('',(0.129,-0.095,0.007));
#2674=CARTESIAN_POINT('',(0.168,-0.112,0.007));
#2675=CARTESIAN_POINT('',(0.168,-0.1186,0.007));
#2676=CARTESIAN_POINT('',(0.168,-0.1054,0.007));
#2677=CARTESIAN_POINT('',(0.175,-0.119,0.007));
#2678=CARTESIAN_POINT('',(0.1816,-0.119,0.007));
#2679=CARTESIAN_POINT('',(0.1684,-0.119,0.0045));
#2680=CARTESIAN_POINT('',(0.182,-0.112,0.007));
#2681=CARTESIAN_POINT('',(0.182,-0.1054,0.007));
#2682=CARTESIAN_POINT('',(0.182,-0.1186,0.007));
#2683=CARTESIAN_POINT('',(0.175,-0.105,0.007));
#2684=CARTESIAN_POINT('',(0.1684,-0.105,0.007));
#2685=CARTESIAN_POINT('',(0.1816,-0.105,0.0045));
#2686=CARTESIAN_POINT('',(0.1816,-0.1054,0.007));
#2687=CARTESIAN_POINT('',(0.1816,-0.1186,0.007));
#2688=CARTESIAN_POINT('',(0.1684,-0.1054,0.007));
#2689=CARTESIAN_POINT('',(0.1684,-0.1186,0.007));
#2690=CARTESIAN_POINT('',(0.168,-0.088,0.007));
#2691=CARTESIAN_POINT('',(0.168,-0.0946,0.007));
#2692=CARTESIAN_POINT('',(0.168,-0.0814,0.007));
#2693=CARTESIAN_POINT('',(0.175,-0.095,0.007));
#2694=CARTESIAN_POINT('',(0.1816,-0.095,0.007));
#2695=CARTESIAN_POINT('',(0.1684,-0.095,0.0045));
#2696=CARTESIAN_POINT('',(0.182,-0.088,0.007));
#2697=CARTESIAN_POINT('',(0.182,-0.0814,0.007));
#2698=CARTESIAN_POINT('',(0.182,-0.0946,0.007));
#2699=CARTESIAN_POINT('',(0.175,-0.081,0.007));
#2700=CARTESIAN_POINT('',(0.1684,-0.081,0.007));
#2701=CARTESIAN_POINT('',(0.1816,-0.081,0.0045));
#2702=CARTESIAN_POINT('',(0.1816,-0.0814,0.007));
#2703=CARTESIAN_POINT('',(0.1816,-0.0946,0.007));
#2704=CARTESIAN_POINT('',(0.1684,-0.0814,0.007));
#2705=CARTESIAN_POINT('',(0.1684,-0.0946,0.007));
#2706=CARTESIAN_POINT('',(0.09,-0.112,0.007));
#2707=CARTESIAN_POINT('',(0.09,-0.1186,0.007));
#2708=CARTESIAN_POINT('',(0.09,-0.1054,0.007));
#2709=CARTESIAN_POINT('',(0.097,-0.119,0.007));
#2710=CARTESIAN_POINT('',(0.1036,-0.119,0.007));
#2711=CARTESIAN_POINT('',(0.0904,-0.119,0.0045));
#2712=CARTESIAN_POINT('',(0.104,-0.112,0.007));
#2713=CARTESIAN_POINT('',(0.104,-0.1054,0.007));
#2714=CARTESIAN_POINT('',(0.104,-0.1186,0.007));
#2715=CARTESIAN_POINT('',(0.097,-0.105,0.007));
#2716=CARTESIAN_POINT('',(0.0904,-0.105,0.007));
#2717=CARTESIAN_POINT('',(0.1036,-0.105,0.0045));
#2718=CARTESIAN_POINT('',(0.1036,-0.1054,0.007));
#2719=CARTESIAN_POINT('',(0.1036,-0.1186,0.007));
#2720=CARTESIAN_POINT('',(0.0904,-0.1054,0.007));
#2721=CARTESIAN_POINT('',(0.0904,-0.1186,0.007));
#2722=CARTESIAN_POINT('',(0.1462,-0.1357,0.005));
#2723=CARTESIAN_POINT('',(0.1462,-0.1357,0.005));
#2724=CARTESIAN_POINT('',(0.147,-0.1357,0.005));
#2725=CARTESIAN_POINT('',(0.147,-0.1357,0.005));
#2726=CARTESIAN_POINT('',(0.147,-0.1357,0.0003));
#2727=CARTESIAN_POINT('',(0.1462,-0.1357,0.0003));
#2728=CARTESIAN_POINT('',(0.1358,-0.1357,0.005));
#2729=CARTESIAN_POINT('',(0.1358,-0.1357,0.0003));
#2730=CARTESIAN_POINT('',(0.135,-0.1357,0.0003));
#2731=CARTESIAN_POINT('',(0.135,-0.1357,0.005));
#2732=CARTESIAN_POINT('',(0.135,-0.1357,0.005));
#2733=CARTESIAN_POINT('',(0.1358,-0.1357,0.005));
#2734=CARTESIAN_POINT('',(0.141,-0.13445,0.005));
#2735=CARTESIAN_POINT('',(0.135,-0.13445,0.005));
#2736=CARTESIAN_POINT('',(0.147,-0.13445,0.005));
#2737=CARTESIAN_POINT('',(0.141,-0.13445,0.0003));
#2738=CARTESIAN_POINT('',(0.147,-0.13445,0.0003));
#2739=CARTESIAN_POINT('',(0.135,-0.13445,0.0003));
#2740=CARTESIAN_POINT('',(0.135,-0.13445,0.005));
#2741=CARTESIAN_POINT('',(0.147,-0.13445,0.005));
#2742=MECHANICAL_DESIGN_GEOMETRIC_PRESENTATION_REPRESENTATION('',(#1597),
#2743);
#2743=(
GEOMETRIC_REPRESENTATION_CONTEXT(3)
GLOBAL_UNCERTAINTY_ASSIGNED_CONTEXT((#2744))
GLOBAL_UNIT_ASSIGNED_CONTEXT((#2747,#2746,#2745))
REPRESENTATION_CONTEXT('Case Top','TOP_LEVEL_ASSEMBLY_PART')
);
#2744=UNCERTAINTY_MEASURE_WITH_UNIT(LENGTH_MEASURE(1.E-8),#2747,
'DISTANCE_ACCURACY_VALUE','Maximum Tolerance applied to model');
#2745=(
NAMED_UNIT(*)
SI_UNIT($,.STERADIAN.)
SOLID_ANGLE_UNIT()
);
#2746=(
NAMED_UNIT(*)
PLANE_ANGLE_UNIT()
SI_UNIT($,.RADIAN.)
);
#2747=(
LENGTH_UNIT()
NAMED_UNIT(*)
SI_UNIT($,.METRE.)
);
#2748=PRODUCT_DEFINITION_SHAPE('','',#2749);
#2749=PRODUCT_DEFINITION('','',#2751,#2750);
#2750=PRODUCT_DEFINITION_CONTEXT('',#2757,'design');
#2751=PRODUCT_DEFINITION_FORMATION_WITH_SPECIFIED_SOURCE('','',#2753,
 .NOT_KNOWN.);
#2752=PRODUCT_RELATED_PRODUCT_CATEGORY('','',(#2753));
#2753=PRODUCT('Case Top','Case Top','Case Top',(#2755));
#2754=PRODUCT_CATEGORY('','');
#2755=PRODUCT_CONTEXT('',#2757,'mechanical');
#2756=APPLICATION_PROTOCOL_DEFINITION('international standard',
'ap242_managed_model_based_3d_engineering',2020,#2757);
#2757=APPLICATION_CONTEXT('managed model based 3d engineering');
ENDSEC;
END-ISO-10303-21;
