ISO-10303-21;
HEADER;
FILE_DESCRIPTION(('KiCad electronic assembly'),'2;1');
FILE_NAME('YourClock.step','2026-09-25T22:33:44',('Pcbnew'),('Kicad'),
  'Open CASCADE STEP processor 7.9','KiCad to STEP converter','Unknown'
  );
FILE_SCHEMA(('AUTOMOTIVE_DESIGN { 1 0 10303 214 1 1 1 1 }'));
ENDSEC;
DATA;
#1 = APPLICATION_PROTOCOL_DEFINITION('international standard',
  'automotive_design',2000,#2);
#2 = APPLICATION_CONTEXT(
  'core data for automotive mechanical design processes');
#3 = SHAPE_DEFINITION_REPRESENTATION(#4,#10);
#4 = PRODUCT_DEFINITION_SHAPE('','',#5);
#5 = PRODUCT_DEFINITION('design','',#6,#9);
#6 = PRODUCT_DEFINITION_FORMATION('','',#7);
#7 = PRODUCT('YourClock 1','YourClock 1','',(#8));
#8 = PRODUCT_CONTEXT('',#2,'mechanical');
#9 = PRODUCT_DEFINITION_CONTEXT('part definition',#2,'design');
#10 = SHAPE_REPRESENTATION('',(#11,#15,#19,#23,#27,#31,#35,#39),#43);
#11 = AXIS2_PLACEMENT_3D('',#12,#13,#14);
#12 = CARTESIAN_POINT('',(0.,0.,0.));
#13 = DIRECTION('',(0.,0.,1.));
#14 = DIRECTION('',(1.,0.,-0.));
#15 = AXIS2_PLACEMENT_3D('',#16,#17,#18);
#16 = CARTESIAN_POINT('',(102.08,-114.54,1.595));
#17 = DIRECTION('',(0.,-0.,1.));
#18 = DIRECTION('',(1.110223024625E-16,1.,0.));
#19 = AXIS2_PLACEMENT_3D('',#20,#21,#22);
#20 = CARTESIAN_POINT('',(180.08,-114.54,1.595));
#21 = DIRECTION('',(0.,-0.,1.));
#22 = DIRECTION('',(1.110223024625E-16,1.,0.));
#23 = AXIS2_PLACEMENT_3D('',#24,#25,#26);
#24 = CARTESIAN_POINT('',(132.1,-93.,1.595));
#25 = DIRECTION('',(0.,-0.,1.));
#26 = DIRECTION('',(1.110223024625E-16,1.,0.));
#27 = AXIS2_PLACEMENT_3D('',#28,#29,#30);
#28 = CARTESIAN_POINT('',(102.08,-90.54,1.595));
#29 = DIRECTION('',(0.,-0.,1.));
#30 = DIRECTION('',(1.110223024625E-16,1.,0.));
#31 = AXIS2_PLACEMENT_3D('',#32,#33,#34);
#32 = CARTESIAN_POINT('',(180.08,-90.54,1.595));
#33 = DIRECTION('',(0.,-0.,1.));
#34 = DIRECTION('',(1.110223024625E-16,1.,0.));
#35 = AXIS2_PLACEMENT_3D('',#36,#37,#38);
#36 = CARTESIAN_POINT('',(141.,-78.,1.595));
#37 = DIRECTION('',(0.,-0.,1.));
#38 = DIRECTION('',(1.110223024625E-16,1.,0.));
#39 = AXIS2_PLACEMENT_3D('',#40,#41,#42);
#40 = CARTESIAN_POINT('',(0.,0.,0.));
#41 = DIRECTION('',(0.,0.,1.));
#42 = DIRECTION('',(1.,0.,-0.));
#43 = ( GEOMETRIC_REPRESENTATION_CONTEXT(3) 
GLOBAL_UNCERTAINTY_ASSIGNED_CONTEXT((#47)) GLOBAL_UNIT_ASSIGNED_CONTEXT(
(#44,#45,#46)) REPRESENTATION_CONTEXT('Context #1',
  '3D Context with UNIT and UNCERTAINTY') );
#44 = ( LENGTH_UNIT() NAMED_UNIT(*) SI_UNIT(.MILLI.,.METRE.) );
#45 = ( NAMED_UNIT(*) PLANE_ANGLE_UNIT() SI_UNIT($,.RADIAN.) );
#46 = ( NAMED_UNIT(*) SI_UNIT($,.STERADIAN.) SOLID_ANGLE_UNIT() );
#47 = UNCERTAINTY_MEASURE_WITH_UNIT(LENGTH_MEASURE(2.E-07),#44,
  'distance_accuracy_value','confusion accuracy');
#48 = PRODUCT_RELATED_PRODUCT_CATEGORY('part',$,(#7));
#49 = SHAPE_DEFINITION_REPRESENTATION(#50,#56);
#50 = PRODUCT_DEFINITION_SHAPE('','',#51);
#51 = PRODUCT_DEFINITION('design','',#52,#55);
#52 = PRODUCT_DEFINITION_FORMATION('','',#53);
#53 = PRODUCT('REDragon-MX-ZT02','REDragon-MX-ZT02','',(#54));
#54 = PRODUCT_CONTEXT('',#2,'mechanical');
#55 = PRODUCT_DEFINITION_CONTEXT('part definition',#2,'design');
#56 = SHAPE_REPRESENTATION('',(#11,#57),#61);
#57 = AXIS2_PLACEMENT_3D('',#58,#59,#60);
#58 = CARTESIAN_POINT('',(0.,0.,0.));
#59 = DIRECTION('',(0.,0.,1.));
#60 = DIRECTION('',(1.,0.,-0.));
#61 = ( GEOMETRIC_REPRESENTATION_CONTEXT(3) 
GLOBAL_UNCERTAINTY_ASSIGNED_CONTEXT((#65)) GLOBAL_UNIT_ASSIGNED_CONTEXT(
(#62,#63,#64)) REPRESENTATION_CONTEXT('Context #1',
  '3D Context with UNIT and UNCERTAINTY') );
#62 = ( LENGTH_UNIT() NAMED_UNIT(*) SI_UNIT(.MILLI.,.METRE.) );
#63 = ( NAMED_UNIT(*) PLANE_ANGLE_UNIT() SI_UNIT($,.RADIAN.) );
#64 = ( NAMED_UNIT(*) SI_UNIT($,.STERADIAN.) SOLID_ANGLE_UNIT() );
#65 = UNCERTAINTY_MEASURE_WITH_UNIT(LENGTH_MEASURE(2.E-07),#62,
  'distance_accuracy_value','confusion accuracy');
#66 = CONTEXT_DEPENDENT_SHAPE_REPRESENTATION(#67,#69);
#67 = ( REPRESENTATION_RELATIONSHIP('','',#56,#10) 
REPRESENTATION_RELATIONSHIP_WITH_TRANSFORMATION(#68) 
SHAPE_REPRESENTATION_RELATIONSHIP() );
#68 = ITEM_DEFINED_TRANSFORMATION('','',#11,#15);
#69 = PRODUCT_DEFINITION_SHAPE('Placement','Placement of an item',#70);
#70 = NEXT_ASSEMBLY_USAGE_OCCURRENCE('5','SW2','',#5,#51,$);
#71 = PRODUCT_RELATED_PRODUCT_CATEGORY('part',$,(#53));
#72 = SHAPE_DEFINITION_REPRESENTATION(#73,#79);
#73 = PRODUCT_DEFINITION_SHAPE('','',#74);
#74 = PRODUCT_DEFINITION('design','',#75,#78);
#75 = PRODUCT_DEFINITION_FORMATION('','',#76);
#76 = PRODUCT('REDragon-MX-ZT02','REDragon-MX-ZT02','',(#77));
#77 = PRODUCT_CONTEXT('',#2,'mechanical');
#78 = PRODUCT_DEFINITION_CONTEXT('part definition',#2,'design');
#79 = SHAPE_REPRESENTATION('',(#11,#80,#84,#88),#92);
#80 = AXIS2_PLACEMENT_3D('',#81,#82,#83);
#81 = CARTESIAN_POINT('',(0.,0.,0.));
#82 = DIRECTION('',(0.,0.,1.));
#83 = DIRECTION('',(1.,0.,0.));
#84 = AXIS2_PLACEMENT_3D('',#85,#86,#87);
#85 = CARTESIAN_POINT('',(-3.880729939564E-17,-9.313751854954E-16,11.1)
  );
#86 = DIRECTION('',(0.,0.,1.));
#87 = DIRECTION('',(1.,0.,0.));
#88 = AXIS2_PLACEMENT_3D('',#89,#90,#91);
#89 = CARTESIAN_POINT('',(2.4,4.95,2.));
#90 = DIRECTION('',(0.,0.,-1.));
#91 = DIRECTION('',(-1.,0.,0.));
#92 = ( GEOMETRIC_REPRESENTATION_CONTEXT(3) 
GLOBAL_UNCERTAINTY_ASSIGNED_CONTEXT((#96)) GLOBAL_UNIT_ASSIGNED_CONTEXT(
(#93,#94,#95)) REPRESENTATION_CONTEXT('Context #1',
  '3D Context with UNIT and UNCERTAINTY') );
#93 = ( LENGTH_UNIT() NAMED_UNIT(*) SI_UNIT(.MILLI.,.METRE.) );
#94 = ( NAMED_UNIT(*) PLANE_ANGLE_UNIT() SI_UNIT($,.RADIAN.) );
#95 = ( NAMED_UNIT(*) SI_UNIT($,.STERADIAN.) SOLID_ANGLE_UNIT() );
#96 = UNCERTAINTY_MEASURE_WITH_UNIT(LENGTH_MEASURE(2.E-07),#93,
  'distance_accuracy_value','confusion accuracy');
#97 = CONTEXT_DEPENDENT_SHAPE_REPRESENTATION(#98,#100);
#98 = ( REPRESENTATION_RELATIONSHIP('','',#79,#56) 
REPRESENTATION_RELATIONSHIP_WITH_TRANSFORMATION(#99) 
SHAPE_REPRESENTATION_RELATIONSHIP() );
#99 = ITEM_DEFINED_TRANSFORMATION('','',#11,#57);
#100 = PRODUCT_DEFINITION_SHAPE('Placement','Placement of an item',#101
  );
#101 = NEXT_ASSEMBLY_USAGE_OCCURRENCE('4','=>[0:1:1:3]','',#51,#74,$);
#102 = PRODUCT_RELATED_PRODUCT_CATEGORY('part',$,(#76));
#103 = SHAPE_DEFINITION_REPRESENTATION(#104,#110);
#104 = PRODUCT_DEFINITION_SHAPE('','',#105);
#105 = PRODUCT_DEFINITION('design','',#106,#109);
#106 = PRODUCT_DEFINITION_FORMATION('','',#107);
#107 = PRODUCT('Body','Body','',(#108));
#108 = PRODUCT_CONTEXT('',#2,'mechanical');
#109 = PRODUCT_DEFINITION_CONTEXT('part definition',#2,'design');
#110 = ADVANCED_BREP_SHAPE_REPRESENTATION('',(#11,#111),#3514);
#111 = MANIFOLD_SOLID_BREP('',#112);
#112 = CLOSED_SHELL('',(#113,#153,#193,#233,#273,#327,#358,#389,#420,
    #451,#484,#517,#557,#597,#636,#775,#806,#838,#871,#912,#936,#967,
    #991,#1015,#1032,#1044,#1198,#1239,#1279,#1302,#1319,#1444,#1475,
    #1523,#1547,#1595,#1619,#1636,#1656,#1673,#1695,#1709,#1727,#1752,
    #1785,#1818,#1844,#1870,#1887,#1899,#1925,#1943,#1960,#1977,#1989,
    #2000,#2017,#2030,#2070,#2110,#2134,#2193,#2233,#2273,#2297,#2348,
    #2397,#2428,#2452,#2501,#2532,#2556,#2580,#2597,#2609,#2633,#2650,
    #2662,#2702,#2733,#2770,#2803,#2836,#2885,#2916,#2947,#2969,#2981,
    #3031,#3076,#3112,#3216,#3235,#3247,#3266,#3278,#3295,#3307,#3324,
    #3343,#3357,#3381,#3405,#3414,#3423,#3435,#3447,#3488,#3505));
#113 = ADVANCED_FACE('',(#114),#148,.F.);
#114 = FACE_BOUND('',#115,.T.);
#115 = EDGE_LOOP('',(#116,#126,#134,#142));
#116 = ORIENTED_EDGE('',*,*,#117,.F.);
#117 = EDGE_CURVE('',#118,#120,#122,.T.);
#118 = VERTEX_POINT('',#119);
#119 = CARTESIAN_POINT('',(-7.,5.2,5.));
#120 = VERTEX_POINT('',#121);
#121 = CARTESIAN_POINT('',(-7.8,5.2,5.));
#122 = LINE('',#123,#124);
#123 = CARTESIAN_POINT('',(-3.9,5.2,5.));
#124 = VECTOR('',#125,1.);
#125 = DIRECTION('',(-1.,0.,0.));
#126 = ORIENTED_EDGE('',*,*,#127,.F.);
#127 = EDGE_CURVE('',#128,#118,#130,.T.);
#128 = VERTEX_POINT('',#129);
#129 = CARTESIAN_POINT('',(-7.,5.2,6.));
#130 = LINE('',#131,#132);
#131 = CARTESIAN_POINT('',(-7.,5.2,6.));
#132 = VECTOR('',#133,1.);
#133 = DIRECTION('',(0.,0.,-1.));
#134 = ORIENTED_EDGE('',*,*,#135,.F.);
#135 = EDGE_CURVE('',#136,#128,#138,.T.);
#136 = VERTEX_POINT('',#137);
#137 = CARTESIAN_POINT('',(-7.8,5.2,6.));
#138 = LINE('',#139,#140);
#139 = CARTESIAN_POINT('',(-3.9,5.2,6.));
#140 = VECTOR('',#141,1.);
#141 = DIRECTION('',(1.,0.,0.));
#142 = ORIENTED_EDGE('',*,*,#143,.F.);
#143 = EDGE_CURVE('',#120,#136,#144,.T.);
#144 = LINE('',#145,#146);
#145 = CARTESIAN_POINT('',(-7.8,5.2,5.5));
#146 = VECTOR('',#147,1.);
#147 = DIRECTION('',(0.,0.,1.));
#148 = PLANE('',#149);
#149 = AXIS2_PLACEMENT_3D('',#150,#151,#152);
#150 = CARTESIAN_POINT('',(-7.8,5.2,6.));
#151 = DIRECTION('',(0.,1.,0.));
#152 = DIRECTION('',(1.,0.,0.));
#153 = ADVANCED_FACE('',(#154),#188,.F.);
#154 = FACE_BOUND('',#155,.T.);
#155 = EDGE_LOOP('',(#156,#166,#174,#182));
#156 = ORIENTED_EDGE('',*,*,#157,.F.);
#157 = EDGE_CURVE('',#158,#160,#162,.T.);
#158 = VERTEX_POINT('',#159);
#159 = CARTESIAN_POINT('',(-7.8,-5.2,5.));
#160 = VERTEX_POINT('',#161);
#161 = CARTESIAN_POINT('',(-7.,-5.2,5.));
#162 = LINE('',#163,#164);
#163 = CARTESIAN_POINT('',(-3.5,-5.2,5.));
#164 = VECTOR('',#165,1.);
#165 = DIRECTION('',(1.,0.,0.));
#166 = ORIENTED_EDGE('',*,*,#167,.F.);
#167 = EDGE_CURVE('',#168,#158,#170,.T.);
#168 = VERTEX_POINT('',#169);
#169 = CARTESIAN_POINT('',(-7.8,-5.2,6.));
#170 = LINE('',#171,#172);
#171 = CARTESIAN_POINT('',(-7.8,-5.2,5.5));
#172 = VECTOR('',#173,1.);
#173 = DIRECTION('',(0.,0.,-1.));
#174 = ORIENTED_EDGE('',*,*,#175,.F.);
#175 = EDGE_CURVE('',#176,#168,#178,.T.);
#176 = VERTEX_POINT('',#177);
#177 = CARTESIAN_POINT('',(-7.,-5.2,6.));
#178 = LINE('',#179,#180);
#179 = CARTESIAN_POINT('',(-3.5,-5.2,6.));
#180 = VECTOR('',#181,1.);
#181 = DIRECTION('',(-1.,0.,0.));
#182 = ORIENTED_EDGE('',*,*,#183,.T.);
#183 = EDGE_CURVE('',#176,#160,#184,.T.);
#184 = LINE('',#185,#186);
#185 = CARTESIAN_POINT('',(-7.,-5.2,6.));
#186 = VECTOR('',#187,1.);
#187 = DIRECTION('',(0.,0.,-1.));
#188 = PLANE('',#189);
#189 = AXIS2_PLACEMENT_3D('',#190,#191,#192);
#190 = CARTESIAN_POINT('',(-7.,-5.2,6.));
#191 = DIRECTION('',(0.,-1.,0.));
#192 = DIRECTION('',(-1.,0.,0.));
#193 = ADVANCED_FACE('',(#194),#228,.F.);
#194 = FACE_BOUND('',#195,.T.);
#195 = EDGE_LOOP('',(#196,#206,#214,#222));
#196 = ORIENTED_EDGE('',*,*,#197,.F.);
#197 = EDGE_CURVE('',#198,#200,#202,.T.);
#198 = VERTEX_POINT('',#199);
#199 = CARTESIAN_POINT('',(7.8,5.2,5.));
#200 = VERTEX_POINT('',#201);
#201 = CARTESIAN_POINT('',(7.,5.2,5.));
#202 = LINE('',#203,#204);
#203 = CARTESIAN_POINT('',(3.5,5.2,5.));
#204 = VECTOR('',#205,1.);
#205 = DIRECTION('',(-1.,0.,0.));
#206 = ORIENTED_EDGE('',*,*,#207,.F.);
#207 = EDGE_CURVE('',#208,#198,#210,.T.);
#208 = VERTEX_POINT('',#209);
#209 = CARTESIAN_POINT('',(7.8,5.2,6.));
#210 = LINE('',#211,#212);
#211 = CARTESIAN_POINT('',(7.8,5.2,5.5));
#212 = VECTOR('',#213,1.);
#213 = DIRECTION('',(0.,0.,-1.));
#214 = ORIENTED_EDGE('',*,*,#215,.F.);
#215 = EDGE_CURVE('',#216,#208,#218,.T.);
#216 = VERTEX_POINT('',#217);
#217 = CARTESIAN_POINT('',(7.,5.2,6.));
#218 = LINE('',#219,#220);
#219 = CARTESIAN_POINT('',(3.5,5.2,6.));
#220 = VECTOR('',#221,1.);
#221 = DIRECTION('',(1.,0.,0.));
#222 = ORIENTED_EDGE('',*,*,#223,.T.);
#223 = EDGE_CURVE('',#216,#200,#224,.T.);
#224 = LINE('',#225,#226);
#225 = CARTESIAN_POINT('',(7.,5.2,6.));
#226 = VECTOR('',#227,1.);
#227 = DIRECTION('',(0.,0.,-1.));
#228 = PLANE('',#229);
#229 = AXIS2_PLACEMENT_3D('',#230,#231,#232);
#230 = CARTESIAN_POINT('',(7.,5.2,6.));
#231 = DIRECTION('',(0.,1.,0.));
#232 = DIRECTION('',(1.,0.,0.));
#233 = ADVANCED_FACE('',(#234),#268,.F.);
#234 = FACE_BOUND('',#235,.T.);
#235 = EDGE_LOOP('',(#236,#246,#254,#262));
#236 = ORIENTED_EDGE('',*,*,#237,.F.);
#237 = EDGE_CURVE('',#238,#240,#242,.T.);
#238 = VERTEX_POINT('',#239);
#239 = CARTESIAN_POINT('',(7.,-5.2,5.));
#240 = VERTEX_POINT('',#241);
#241 = CARTESIAN_POINT('',(7.8,-5.2,5.));
#242 = LINE('',#243,#244);
#243 = CARTESIAN_POINT('',(3.9,-5.2,5.));
#244 = VECTOR('',#245,1.);
#245 = DIRECTION('',(1.,0.,0.));
#246 = ORIENTED_EDGE('',*,*,#247,.F.);
#247 = EDGE_CURVE('',#248,#238,#250,.T.);
#248 = VERTEX_POINT('',#249);
#249 = CARTESIAN_POINT('',(7.,-5.2,6.));
#250 = LINE('',#251,#252);
#251 = CARTESIAN_POINT('',(7.,-5.2,6.));
#252 = VECTOR('',#253,1.);
#253 = DIRECTION('',(0.,0.,-1.));
#254 = ORIENTED_EDGE('',*,*,#255,.F.);
#255 = EDGE_CURVE('',#256,#248,#258,.T.);
#256 = VERTEX_POINT('',#257);
#257 = CARTESIAN_POINT('',(7.8,-5.2,6.));
#258 = LINE('',#259,#260);
#259 = CARTESIAN_POINT('',(3.9,-5.2,6.));
#260 = VECTOR('',#261,1.);
#261 = DIRECTION('',(-1.,0.,0.));
#262 = ORIENTED_EDGE('',*,*,#263,.F.);
#263 = EDGE_CURVE('',#240,#256,#264,.T.);
#264 = LINE('',#265,#266);
#265 = CARTESIAN_POINT('',(7.8,-5.2,5.5));
#266 = VECTOR('',#267,1.);
#267 = DIRECTION('',(0.,0.,1.));
#268 = PLANE('',#269);
#269 = AXIS2_PLACEMENT_3D('',#270,#271,#272);
#270 = CARTESIAN_POINT('',(7.8,-5.2,6.));
#271 = DIRECTION('',(0.,-1.,0.));
#272 = DIRECTION('',(-1.,0.,0.));
#273 = ADVANCED_FACE('',(#274),#322,.T.);
#274 = FACE_BOUND('',#275,.T.);
#275 = EDGE_LOOP('',(#276,#284,#292,#300,#308,#314,#315,#321));
#276 = ORIENTED_EDGE('',*,*,#277,.F.);
#277 = EDGE_CURVE('',#278,#118,#280,.T.);
#278 = VERTEX_POINT('',#279);
#279 = CARTESIAN_POINT('',(-7.,7.,5.));
#280 = LINE('',#281,#282);
#281 = CARTESIAN_POINT('',(-7.,7.,5.));
#282 = VECTOR('',#283,1.);
#283 = DIRECTION('',(3.172065784643E-16,-1.,0.));
#284 = ORIENTED_EDGE('',*,*,#285,.F.);
#285 = EDGE_CURVE('',#286,#278,#288,.T.);
#286 = VERTEX_POINT('',#287);
#287 = CARTESIAN_POINT('',(-7.,7.,3.7));
#288 = LINE('',#289,#290);
#289 = CARTESIAN_POINT('',(-7.,7.,0.));
#290 = VECTOR('',#291,1.);
#291 = DIRECTION('',(0.,0.,1.));
#292 = ORIENTED_EDGE('',*,*,#293,.T.);
#293 = EDGE_CURVE('',#286,#294,#296,.T.);
#294 = VERTEX_POINT('',#295);
#295 = CARTESIAN_POINT('',(-7.,-7.,3.7));
#296 = LINE('',#297,#298);
#297 = CARTESIAN_POINT('',(-7.,-2.889019914629E-15,3.7));
#298 = VECTOR('',#299,1.);
#299 = DIRECTION('',(3.172065784643E-16,-1.,-1.561632386286E-15));
#300 = ORIENTED_EDGE('',*,*,#301,.T.);
#301 = EDGE_CURVE('',#294,#302,#304,.T.);
#302 = VERTEX_POINT('',#303);
#303 = CARTESIAN_POINT('',(-7.,-7.,5.));
#304 = LINE('',#305,#306);
#305 = CARTESIAN_POINT('',(-7.,-7.,0.));
#306 = VECTOR('',#307,1.);
#307 = DIRECTION('',(0.,0.,1.));
#308 = ORIENTED_EDGE('',*,*,#309,.F.);
#309 = EDGE_CURVE('',#160,#302,#310,.T.);
#310 = LINE('',#311,#312);
#311 = CARTESIAN_POINT('',(-7.,7.,5.));
#312 = VECTOR('',#313,1.);
#313 = DIRECTION('',(3.172065784643E-16,-1.,0.));
#314 = ORIENTED_EDGE('',*,*,#183,.F.);
#315 = ORIENTED_EDGE('',*,*,#316,.F.);
#316 = EDGE_CURVE('',#128,#176,#317,.T.);
#317 = LINE('',#318,#319);
#318 = CARTESIAN_POINT('',(-7.,2.6,6.));
#319 = VECTOR('',#320,1.);
#320 = DIRECTION('',(0.,-1.,0.));
#321 = ORIENTED_EDGE('',*,*,#127,.T.);
#322 = PLANE('',#323);
#323 = AXIS2_PLACEMENT_3D('',#324,#325,#326);
#324 = CARTESIAN_POINT('',(-7.,7.,0.));
#325 = DIRECTION('',(-1.,-3.172065784643E-16,0.));
#326 = DIRECTION('',(3.172065784643E-16,-1.,0.));
#327 = ADVANCED_FACE('',(#328),#353,.T.);
#328 = FACE_BOUND('',#329,.T.);
#329 = EDGE_LOOP('',(#330,#331,#339,#347));
#330 = ORIENTED_EDGE('',*,*,#143,.T.);
#331 = ORIENTED_EDGE('',*,*,#332,.F.);
#332 = EDGE_CURVE('',#333,#136,#335,.T.);
#333 = VERTEX_POINT('',#334);
#334 = CARTESIAN_POINT('',(-7.8,7.8,6.));
#335 = LINE('',#336,#337);
#336 = CARTESIAN_POINT('',(-7.8,-7.8,6.));
#337 = VECTOR('',#338,1.);
#338 = DIRECTION('',(0.,-1.,0.));
#339 = ORIENTED_EDGE('',*,*,#340,.F.);
#340 = EDGE_CURVE('',#341,#333,#343,.T.);
#341 = VERTEX_POINT('',#342);
#342 = CARTESIAN_POINT('',(-7.8,7.8,5.));
#343 = LINE('',#344,#345);
#344 = CARTESIAN_POINT('',(-7.8,7.8,5.));
#345 = VECTOR('',#346,1.);
#346 = DIRECTION('',(0.,0.,1.));
#347 = ORIENTED_EDGE('',*,*,#348,.F.);
#348 = EDGE_CURVE('',#120,#341,#349,.T.);
#349 = LINE('',#350,#351);
#350 = CARTESIAN_POINT('',(-7.8,-7.8,5.));
#351 = VECTOR('',#352,1.);
#352 = DIRECTION('',(0.,1.,0.));
#353 = PLANE('',#354);
#354 = AXIS2_PLACEMENT_3D('',#355,#356,#357);
#355 = CARTESIAN_POINT('',(-7.8,7.8,5.));
#356 = DIRECTION('',(-1.,0.,0.));
#357 = DIRECTION('',(0.,-1.,0.));
#358 = ADVANCED_FACE('',(#359),#384,.T.);
#359 = FACE_BOUND('',#360,.T.);
#360 = EDGE_LOOP('',(#361,#362,#370,#378));
#361 = ORIENTED_EDGE('',*,*,#167,.T.);
#362 = ORIENTED_EDGE('',*,*,#363,.F.);
#363 = EDGE_CURVE('',#364,#158,#366,.T.);
#364 = VERTEX_POINT('',#365);
#365 = CARTESIAN_POINT('',(-7.8,-7.8,5.));
#366 = LINE('',#367,#368);
#367 = CARTESIAN_POINT('',(-7.8,-7.8,5.));
#368 = VECTOR('',#369,1.);
#369 = DIRECTION('',(0.,1.,0.));
#370 = ORIENTED_EDGE('',*,*,#371,.T.);
#371 = EDGE_CURVE('',#364,#372,#374,.T.);
#372 = VERTEX_POINT('',#373);
#373 = CARTESIAN_POINT('',(-7.8,-7.8,6.));
#374 = LINE('',#375,#376);
#375 = CARTESIAN_POINT('',(-7.8,-7.8,5.));
#376 = VECTOR('',#377,1.);
#377 = DIRECTION('',(0.,0.,1.));
#378 = ORIENTED_EDGE('',*,*,#379,.F.);
#379 = EDGE_CURVE('',#168,#372,#380,.T.);
#380 = LINE('',#381,#382);
#381 = CARTESIAN_POINT('',(-7.8,-7.8,6.));
#382 = VECTOR('',#383,1.);
#383 = DIRECTION('',(0.,-1.,0.));
#384 = PLANE('',#385);
#385 = AXIS2_PLACEMENT_3D('',#386,#387,#388);
#386 = CARTESIAN_POINT('',(-7.8,7.8,5.));
#387 = DIRECTION('',(-1.,0.,0.));
#388 = DIRECTION('',(0.,-1.,0.));
#389 = ADVANCED_FACE('',(#390),#415,.T.);
#390 = FACE_BOUND('',#391,.T.);
#391 = EDGE_LOOP('',(#392,#393,#401,#409));
#392 = ORIENTED_EDGE('',*,*,#263,.T.);
#393 = ORIENTED_EDGE('',*,*,#394,.F.);
#394 = EDGE_CURVE('',#395,#256,#397,.T.);
#395 = VERTEX_POINT('',#396);
#396 = CARTESIAN_POINT('',(7.8,-7.8,6.));
#397 = LINE('',#398,#399);
#398 = CARTESIAN_POINT('',(7.8,7.8,6.));
#399 = VECTOR('',#400,1.);
#400 = DIRECTION('',(0.,1.,0.));
#401 = ORIENTED_EDGE('',*,*,#402,.F.);
#402 = EDGE_CURVE('',#403,#395,#405,.T.);
#403 = VERTEX_POINT('',#404);
#404 = CARTESIAN_POINT('',(7.8,-7.8,5.));
#405 = LINE('',#406,#407);
#406 = CARTESIAN_POINT('',(7.8,-7.8,5.));
#407 = VECTOR('',#408,1.);
#408 = DIRECTION('',(0.,0.,1.));
#409 = ORIENTED_EDGE('',*,*,#410,.F.);
#410 = EDGE_CURVE('',#240,#403,#411,.T.);
#411 = LINE('',#412,#413);
#412 = CARTESIAN_POINT('',(7.8,7.8,5.));
#413 = VECTOR('',#414,1.);
#414 = DIRECTION('',(0.,-1.,0.));
#415 = PLANE('',#416);
#416 = AXIS2_PLACEMENT_3D('',#417,#418,#419);
#417 = CARTESIAN_POINT('',(7.8,-7.8,5.));
#418 = DIRECTION('',(1.,0.,0.));
#419 = DIRECTION('',(-0.,1.,0.));
#420 = ADVANCED_FACE('',(#421),#446,.T.);
#421 = FACE_BOUND('',#422,.T.);
#422 = EDGE_LOOP('',(#423,#424,#432,#440));
#423 = ORIENTED_EDGE('',*,*,#207,.T.);
#424 = ORIENTED_EDGE('',*,*,#425,.F.);
#425 = EDGE_CURVE('',#426,#198,#428,.T.);
#426 = VERTEX_POINT('',#427);
#427 = CARTESIAN_POINT('',(7.8,7.8,5.));
#428 = LINE('',#429,#430);
#429 = CARTESIAN_POINT('',(7.8,7.8,5.));
#430 = VECTOR('',#431,1.);
#431 = DIRECTION('',(0.,-1.,0.));
#432 = ORIENTED_EDGE('',*,*,#433,.T.);
#433 = EDGE_CURVE('',#426,#434,#436,.T.);
#434 = VERTEX_POINT('',#435);
#435 = CARTESIAN_POINT('',(7.8,7.8,6.));
#436 = LINE('',#437,#438);
#437 = CARTESIAN_POINT('',(7.8,7.8,5.));
#438 = VECTOR('',#439,1.);
#439 = DIRECTION('',(0.,0.,1.));
#440 = ORIENTED_EDGE('',*,*,#441,.F.);
#441 = EDGE_CURVE('',#208,#434,#442,.T.);
#442 = LINE('',#443,#444);
#443 = CARTESIAN_POINT('',(7.8,7.8,6.));
#444 = VECTOR('',#445,1.);
#445 = DIRECTION('',(0.,1.,0.));
#446 = PLANE('',#447);
#447 = AXIS2_PLACEMENT_3D('',#448,#449,#450);
#448 = CARTESIAN_POINT('',(7.8,-7.8,5.));
#449 = DIRECTION('',(1.,0.,0.));
#450 = DIRECTION('',(-0.,1.,0.));
#451 = ADVANCED_FACE('',(#452),#479,.F.);
#452 = FACE_BOUND('',#453,.T.);
#453 = EDGE_LOOP('',(#454,#455,#456,#464,#470,#471,#472,#478));
#454 = ORIENTED_EDGE('',*,*,#157,.T.);
#455 = ORIENTED_EDGE('',*,*,#309,.T.);
#456 = ORIENTED_EDGE('',*,*,#457,.T.);
#457 = EDGE_CURVE('',#302,#458,#460,.T.);
#458 = VERTEX_POINT('',#459);
#459 = CARTESIAN_POINT('',(7.,-7.,5.));
#460 = LINE('',#461,#462);
#461 = CARTESIAN_POINT('',(-7.,-7.,5.));
#462 = VECTOR('',#463,1.);
#463 = DIRECTION('',(1.,0.,0.));
#464 = ORIENTED_EDGE('',*,*,#465,.T.);
#465 = EDGE_CURVE('',#458,#238,#466,.T.);
#466 = LINE('',#467,#468);
#467 = CARTESIAN_POINT('',(7.,-7.,5.));
#468 = VECTOR('',#469,1.);
#469 = DIRECTION('',(-1.586032892322E-16,1.,0.));
#470 = ORIENTED_EDGE('',*,*,#237,.T.);
#471 = ORIENTED_EDGE('',*,*,#410,.T.);
#472 = ORIENTED_EDGE('',*,*,#473,.T.);
#473 = EDGE_CURVE('',#403,#364,#474,.T.);
#474 = LINE('',#475,#476);
#475 = CARTESIAN_POINT('',(7.8,-7.8,5.));
#476 = VECTOR('',#477,1.);
#477 = DIRECTION('',(-1.,0.,0.));
#478 = ORIENTED_EDGE('',*,*,#363,.T.);
#479 = PLANE('',#480);
#480 = AXIS2_PLACEMENT_3D('',#481,#482,#483);
#481 = CARTESIAN_POINT('',(0.,0.,5.));
#482 = DIRECTION('',(0.,0.,1.));
#483 = DIRECTION('',(1.,0.,-0.));
#484 = ADVANCED_FACE('',(#485),#512,.F.);
#485 = FACE_BOUND('',#486,.T.);
#486 = EDGE_LOOP('',(#487,#488,#489,#495,#496,#497,#505,#511));
#487 = ORIENTED_EDGE('',*,*,#117,.T.);
#488 = ORIENTED_EDGE('',*,*,#348,.T.);
#489 = ORIENTED_EDGE('',*,*,#490,.T.);
#490 = EDGE_CURVE('',#341,#426,#491,.T.);
#491 = LINE('',#492,#493);
#492 = CARTESIAN_POINT('',(-7.8,7.8,5.));
#493 = VECTOR('',#494,1.);
#494 = DIRECTION('',(1.,0.,0.));
#495 = ORIENTED_EDGE('',*,*,#425,.T.);
#496 = ORIENTED_EDGE('',*,*,#197,.T.);
#497 = ORIENTED_EDGE('',*,*,#498,.T.);
#498 = EDGE_CURVE('',#200,#499,#501,.T.);
#499 = VERTEX_POINT('',#500);
#500 = CARTESIAN_POINT('',(7.,7.,5.));
#501 = LINE('',#502,#503);
#502 = CARTESIAN_POINT('',(7.,-7.,5.));
#503 = VECTOR('',#504,1.);
#504 = DIRECTION('',(-1.586032892322E-16,1.,0.));
#505 = ORIENTED_EDGE('',*,*,#506,.T.);
#506 = EDGE_CURVE('',#499,#278,#507,.T.);
#507 = LINE('',#508,#509);
#508 = CARTESIAN_POINT('',(7.,7.,5.));
#509 = VECTOR('',#510,1.);
#510 = DIRECTION('',(-1.,-1.586032892322E-16,0.));
#511 = ORIENTED_EDGE('',*,*,#277,.T.);
#512 = PLANE('',#513);
#513 = AXIS2_PLACEMENT_3D('',#514,#515,#516);
#514 = CARTESIAN_POINT('',(0.,0.,5.));
#515 = DIRECTION('',(0.,0.,1.));
#516 = DIRECTION('',(1.,0.,-0.));
#517 = ADVANCED_FACE('',(#518),#552,.T.);
#518 = FACE_BOUND('',#519,.T.);
#519 = EDGE_LOOP('',(#520,#521,#529,#537,#543,#544,#545,#551));
#520 = ORIENTED_EDGE('',*,*,#465,.F.);
#521 = ORIENTED_EDGE('',*,*,#522,.F.);
#522 = EDGE_CURVE('',#523,#458,#525,.T.);
#523 = VERTEX_POINT('',#524);
#524 = CARTESIAN_POINT('',(7.,-7.,3.7));
#525 = LINE('',#526,#527);
#526 = CARTESIAN_POINT('',(7.,-7.,0.));
#527 = VECTOR('',#528,1.);
#528 = DIRECTION('',(0.,0.,1.));
#529 = ORIENTED_EDGE('',*,*,#530,.T.);
#530 = EDGE_CURVE('',#523,#531,#533,.T.);
#531 = VERTEX_POINT('',#532);
#532 = CARTESIAN_POINT('',(7.,7.,3.7));
#533 = LINE('',#534,#535);
#534 = CARTESIAN_POINT('',(7.,-7.,3.7));
#535 = VECTOR('',#536,1.);
#536 = DIRECTION('',(-1.586032892322E-16,1.,-7.80816193143E-16));
#537 = ORIENTED_EDGE('',*,*,#538,.T.);
#538 = EDGE_CURVE('',#531,#499,#539,.T.);
#539 = LINE('',#540,#541);
#540 = CARTESIAN_POINT('',(7.,7.,0.));
#541 = VECTOR('',#542,1.);
#542 = DIRECTION('',(0.,0.,1.));
#543 = ORIENTED_EDGE('',*,*,#498,.F.);
#544 = ORIENTED_EDGE('',*,*,#223,.F.);
#545 = ORIENTED_EDGE('',*,*,#546,.F.);
#546 = EDGE_CURVE('',#248,#216,#547,.T.);
#547 = LINE('',#548,#549);
#548 = CARTESIAN_POINT('',(7.,-2.6,6.));
#549 = VECTOR('',#550,1.);
#550 = DIRECTION('',(0.,1.,0.));
#551 = ORIENTED_EDGE('',*,*,#247,.T.);
#552 = PLANE('',#553);
#553 = AXIS2_PLACEMENT_3D('',#554,#555,#556);
#554 = CARTESIAN_POINT('',(7.,-7.,0.));
#555 = DIRECTION('',(1.,1.586032892322E-16,0.));
#556 = DIRECTION('',(-1.586032892322E-16,1.,0.));
#557 = ADVANCED_FACE('',(#558),#592,.T.);
#558 = FACE_BOUND('',#559,.T.);
#559 = EDGE_LOOP('',(#560,#570,#578,#586));
#560 = ORIENTED_EDGE('',*,*,#561,.T.);
#561 = EDGE_CURVE('',#562,#564,#566,.T.);
#562 = VERTEX_POINT('',#563);
#563 = CARTESIAN_POINT('',(-6.9,-3.1,9.5));
#564 = VERTEX_POINT('',#565);
#565 = CARTESIAN_POINT('',(-6.1,-3.1,11.1));
#566 = LINE('',#567,#568);
#567 = CARTESIAN_POINT('',(-6.38,-3.1,10.54));
#568 = VECTOR('',#569,1.);
#569 = DIRECTION('',(0.4472135955,0.,0.894427191));
#570 = ORIENTED_EDGE('',*,*,#571,.T.);
#571 = EDGE_CURVE('',#564,#572,#574,.T.);
#572 = VERTEX_POINT('',#573);
#573 = CARTESIAN_POINT('',(-6.1,3.1,11.1));
#574 = LINE('',#575,#576);
#575 = CARTESIAN_POINT('',(-6.1,2.7,11.1));
#576 = VECTOR('',#577,1.);
#577 = DIRECTION('',(0.,1.,0.));
#578 = ORIENTED_EDGE('',*,*,#579,.T.);
#579 = EDGE_CURVE('',#572,#580,#582,.T.);
#580 = VERTEX_POINT('',#581);
#581 = CARTESIAN_POINT('',(-6.9,3.1,9.5));
#582 = LINE('',#583,#584);
#583 = CARTESIAN_POINT('',(-6.18,3.1,10.94));
#584 = VECTOR('',#585,1.);
#585 = DIRECTION('',(-0.4472135955,0.,-0.894427191));
#586 = ORIENTED_EDGE('',*,*,#587,.T.);
#587 = EDGE_CURVE('',#580,#562,#588,.T.);
#588 = LINE('',#589,#590);
#589 = CARTESIAN_POINT('',(-6.9,2.7,9.5));
#590 = VECTOR('',#591,1.);
#591 = DIRECTION('',(0.,-1.,0.));
#592 = PLANE('',#593);
#593 = AXIS2_PLACEMENT_3D('',#594,#595,#596);
#594 = CARTESIAN_POINT('',(-6.5,2.7,10.3));
#595 = DIRECTION('',(-0.894427191,0.,0.4472135955));
#596 = DIRECTION('',(0.4472135955,0.,0.894427191));
#597 = ADVANCED_FACE('',(#598),#631,.F.);
#598 = FACE_BOUND('',#599,.T.);
#599 = EDGE_LOOP('',(#600,#601,#609,#617,#625));
#600 = ORIENTED_EDGE('',*,*,#579,.F.);
#601 = ORIENTED_EDGE('',*,*,#602,.F.);
#602 = EDGE_CURVE('',#603,#572,#605,.T.);
#603 = VERTEX_POINT('',#604);
#604 = CARTESIAN_POINT('',(-4.9,3.1,11.1));
#605 = LINE('',#606,#607);
#606 = CARTESIAN_POINT('',(-2.45,3.1,11.1));
#607 = VECTOR('',#608,1.);
#608 = DIRECTION('',(-1.,0.,0.));
#609 = ORIENTED_EDGE('',*,*,#610,.T.);
#610 = EDGE_CURVE('',#603,#611,#613,.T.);
#611 = VERTEX_POINT('',#612);
#612 = CARTESIAN_POINT('',(-4.9,3.1,7.5));
#613 = LINE('',#614,#615);
#614 = CARTESIAN_POINT('',(-4.9,3.1,11.1));
#615 = VECTOR('',#616,1.);
#616 = DIRECTION('',(0.,0.,-1.));
#617 = ORIENTED_EDGE('',*,*,#618,.T.);
#618 = EDGE_CURVE('',#611,#619,#621,.T.);
#619 = VERTEX_POINT('',#620);
#620 = CARTESIAN_POINT('',(-6.9,3.1,7.5));
#621 = LINE('',#622,#623);
#622 = CARTESIAN_POINT('',(-4.9,3.1,7.5));
#623 = VECTOR('',#624,1.);
#624 = DIRECTION('',(-1.,0.,0.));
#625 = ORIENTED_EDGE('',*,*,#626,.F.);
#626 = EDGE_CURVE('',#580,#619,#627,.T.);
#627 = LINE('',#628,#629);
#628 = CARTESIAN_POINT('',(-6.9,3.1,8.55));
#629 = VECTOR('',#630,1.);
#630 = DIRECTION('',(0.,0.,-1.));
#631 = PLANE('',#632);
#632 = AXIS2_PLACEMENT_3D('',#633,#634,#635);
#633 = CARTESIAN_POINT('',(-4.9,3.1,11.1));
#634 = DIRECTION('',(0.,-1.,0.));
#635 = DIRECTION('',(-1.,0.,0.));
#636 = ADVANCED_FACE('',(#637,#736),#770,.T.);
#637 = FACE_BOUND('',#638,.T.);
#638 = EDGE_LOOP('',(#639,#640,#648,#656,#664,#673,#681,#689,#697,#705,
    #713,#721,#729,#735));
#639 = ORIENTED_EDGE('',*,*,#571,.F.);
#640 = ORIENTED_EDGE('',*,*,#641,.T.);
#641 = EDGE_CURVE('',#564,#642,#644,.T.);
#642 = VERTEX_POINT('',#643);
#643 = CARTESIAN_POINT('',(-4.9,-3.1,11.1));
#644 = LINE('',#645,#646);
#645 = CARTESIAN_POINT('',(-3.45,-3.1,11.1));
#646 = VECTOR('',#647,1.);
#647 = DIRECTION('',(1.,0.,0.));
#648 = ORIENTED_EDGE('',*,*,#649,.T.);
#649 = EDGE_CURVE('',#642,#650,#652,.T.);
#650 = VERTEX_POINT('',#651);
#651 = CARTESIAN_POINT('',(-4.9,-3.6,11.1));
#652 = LINE('',#653,#654);
#653 = CARTESIAN_POINT('',(-4.9,-1.55,11.1));
#654 = VECTOR('',#655,1.);
#655 = DIRECTION('',(0.,-1.,0.));
#656 = ORIENTED_EDGE('',*,*,#657,.T.);
#657 = EDGE_CURVE('',#650,#658,#660,.T.);
#658 = VERTEX_POINT('',#659);
#659 = CARTESIAN_POINT('',(-0.901387818866,-3.6,11.1));
#660 = LINE('',#661,#662);
#661 = CARTESIAN_POINT('',(3.9,-3.6,11.1));
#662 = VECTOR('',#663,1.);
#663 = DIRECTION('',(1.,0.,0.));
#664 = ORIENTED_EDGE('',*,*,#665,.T.);
#665 = EDGE_CURVE('',#658,#666,#668,.T.);
#666 = VERTEX_POINT('',#667);
#667 = CARTESIAN_POINT('',(0.901387818866,-3.6,11.1));
#668 = CIRCLE('',#669,1.75);
#669 = AXIS2_PLACEMENT_3D('',#670,#671,#672);
#670 = CARTESIAN_POINT('',(0.,-5.1,11.1));
#671 = DIRECTION('',(0.,0.,-1.));
#672 = DIRECTION('',(0.8,0.6,0.));
#673 = ORIENTED_EDGE('',*,*,#674,.T.);
#674 = EDGE_CURVE('',#666,#675,#677,.T.);
#675 = VERTEX_POINT('',#676);
#676 = CARTESIAN_POINT('',(4.9,-3.6,11.1));
#677 = LINE('',#678,#679);
#678 = CARTESIAN_POINT('',(3.9,-3.6,11.1));
#679 = VECTOR('',#680,1.);
#680 = DIRECTION('',(1.,0.,0.));
#681 = ORIENTED_EDGE('',*,*,#682,.T.);
#682 = EDGE_CURVE('',#675,#683,#685,.T.);
#683 = VERTEX_POINT('',#684);
#684 = CARTESIAN_POINT('',(4.9,-3.1,11.1));
#685 = LINE('',#686,#687);
#686 = CARTESIAN_POINT('',(4.9,-7.25,11.1));
#687 = VECTOR('',#688,1.);
#688 = DIRECTION('',(5.843279076974E-16,1.,0.));
#689 = ORIENTED_EDGE('',*,*,#690,.T.);
#690 = EDGE_CURVE('',#683,#691,#693,.T.);
#691 = VERTEX_POINT('',#692);
#692 = CARTESIAN_POINT('',(6.1,-3.1,11.1));
#693 = LINE('',#694,#695);
#694 = CARTESIAN_POINT('',(2.45,-3.1,11.1));
#695 = VECTOR('',#696,1.);
#696 = DIRECTION('',(1.,0.,0.));
#697 = ORIENTED_EDGE('',*,*,#698,.F.);
#698 = EDGE_CURVE('',#699,#691,#701,.T.);
#699 = VERTEX_POINT('',#700);
#700 = CARTESIAN_POINT('',(6.1,3.1,11.1));
#701 = LINE('',#702,#703);
#702 = CARTESIAN_POINT('',(6.1,-2.7,11.1));
#703 = VECTOR('',#704,1.);
#704 = DIRECTION('',(0.,-1.,0.));
#705 = ORIENTED_EDGE('',*,*,#706,.T.);
#706 = EDGE_CURVE('',#699,#707,#709,.T.);
#707 = VERTEX_POINT('',#708);
#708 = CARTESIAN_POINT('',(4.9,3.1,11.1));
#709 = LINE('',#710,#711);
#710 = CARTESIAN_POINT('',(3.45,3.1,11.1));
#711 = VECTOR('',#712,1.);
#712 = DIRECTION('',(-1.,0.,0.));
#713 = ORIENTED_EDGE('',*,*,#714,.T.);
#714 = EDGE_CURVE('',#707,#715,#717,.T.);
#715 = VERTEX_POINT('',#716);
#716 = CARTESIAN_POINT('',(4.9,5.044681918309,11.1));
#717 = LINE('',#718,#719);
#718 = CARTESIAN_POINT('',(4.9,1.55,11.1));
#719 = VECTOR('',#720,1.);
#720 = DIRECTION('',(0.,1.,0.));
#721 = ORIENTED_EDGE('',*,*,#722,.F.);
#722 = EDGE_CURVE('',#723,#715,#725,.T.);
#723 = VERTEX_POINT('',#724);
#724 = CARTESIAN_POINT('',(-4.9,5.044681918309,11.1));
#725 = LINE('',#726,#727);
#726 = CARTESIAN_POINT('',(3.9,5.044681918309,11.1));
#727 = VECTOR('',#728,1.);
#728 = DIRECTION('',(1.,0.,0.));
#729 = ORIENTED_EDGE('',*,*,#730,.T.);
#730 = EDGE_CURVE('',#723,#603,#731,.T.);
#731 = LINE('',#732,#733);
#732 = CARTESIAN_POINT('',(-4.9,7.25,11.1));
#733 = VECTOR('',#734,1.);
#734 = DIRECTION('',(-5.843279076974E-16,-1.,0.));
#735 = ORIENTED_EDGE('',*,*,#602,.T.);
#736 = FACE_BOUND('',#737,.T.);
#737 = EDGE_LOOP('',(#738,#748,#756,#764));
#738 = ORIENTED_EDGE('',*,*,#739,.T.);
#739 = EDGE_CURVE('',#740,#742,#744,.T.);
#740 = VERTEX_POINT('',#741);
#741 = CARTESIAN_POINT('',(3.55,2.75,11.1));
#742 = VERTEX_POINT('',#743);
#743 = CARTESIAN_POINT('',(3.55,-2.75,11.1));
#744 = LINE('',#745,#746);
#745 = CARTESIAN_POINT('',(3.55,1.375,11.1));
#746 = VECTOR('',#747,1.);
#747 = DIRECTION('',(0.,-1.,0.));
#748 = ORIENTED_EDGE('',*,*,#749,.T.);
#749 = EDGE_CURVE('',#742,#750,#752,.T.);
#750 = VERTEX_POINT('',#751);
#751 = CARTESIAN_POINT('',(-3.55,-2.75,11.1));
#752 = LINE('',#753,#754);
#753 = CARTESIAN_POINT('',(1.775,-2.75,11.1));
#754 = VECTOR('',#755,1.);
#755 = DIRECTION('',(-1.,0.,0.));
#756 = ORIENTED_EDGE('',*,*,#757,.T.);
#757 = EDGE_CURVE('',#750,#758,#760,.T.);
#758 = VERTEX_POINT('',#759);
#759 = CARTESIAN_POINT('',(-3.55,2.75,11.1));
#760 = LINE('',#761,#762);
#761 = CARTESIAN_POINT('',(-3.55,-1.375,11.1));
#762 = VECTOR('',#763,1.);
#763 = DIRECTION('',(0.,1.,0.));
#764 = ORIENTED_EDGE('',*,*,#765,.T.);
#765 = EDGE_CURVE('',#758,#740,#766,.T.);
#766 = LINE('',#767,#768);
#767 = CARTESIAN_POINT('',(-1.775,2.75,11.1));
#768 = VECTOR('',#769,1.);
#769 = DIRECTION('',(1.,0.,0.));
#770 = PLANE('',#771);
#771 = AXIS2_PLACEMENT_3D('',#772,#773,#774);
#772 = CARTESIAN_POINT('',(-3.880729939564E-17,-9.313751854954E-16,11.1)
  );
#773 = DIRECTION('',(0.,0.,1.));
#774 = DIRECTION('',(1.,0.,-0.));
#775 = ADVANCED_FACE('',(#776),#801,.T.);
#776 = FACE_BOUND('',#777,.T.);
#777 = EDGE_LOOP('',(#778,#786,#787,#795));
#778 = ORIENTED_EDGE('',*,*,#779,.T.);
#779 = EDGE_CURVE('',#780,#699,#782,.T.);
#780 = VERTEX_POINT('',#781);
#781 = CARTESIAN_POINT('',(6.9,3.1,9.5));
#782 = LINE('',#783,#784);
#783 = CARTESIAN_POINT('',(6.38,3.1,10.54));
#784 = VECTOR('',#785,1.);
#785 = DIRECTION('',(-0.4472135955,0.,0.894427191));
#786 = ORIENTED_EDGE('',*,*,#698,.T.);
#787 = ORIENTED_EDGE('',*,*,#788,.T.);
#788 = EDGE_CURVE('',#691,#789,#791,.T.);
#789 = VERTEX_POINT('',#790);
#790 = CARTESIAN_POINT('',(6.9,-3.1,9.5));
#791 = LINE('',#792,#793);
#792 = CARTESIAN_POINT('',(6.18,-3.1,10.94));
#793 = VECTOR('',#794,1.);
#794 = DIRECTION('',(0.4472135955,0.,-0.894427191));
#795 = ORIENTED_EDGE('',*,*,#796,.T.);
#796 = EDGE_CURVE('',#789,#780,#797,.T.);
#797 = LINE('',#798,#799);
#798 = CARTESIAN_POINT('',(6.9,-2.7,9.5));
#799 = VECTOR('',#800,1.);
#800 = DIRECTION('',(0.,1.,0.));
#801 = PLANE('',#802);
#802 = AXIS2_PLACEMENT_3D('',#803,#804,#805);
#803 = CARTESIAN_POINT('',(6.5,-2.7,10.3));
#804 = DIRECTION('',(0.894427191,0.,0.4472135955));
#805 = DIRECTION('',(0.4472135955,0.,-0.894427191));
#806 = ADVANCED_FACE('',(#807),#833,.F.);
#807 = FACE_BOUND('',#808,.T.);
#808 = EDGE_LOOP('',(#809,#810,#811,#819,#827));
#809 = ORIENTED_EDGE('',*,*,#788,.F.);
#810 = ORIENTED_EDGE('',*,*,#690,.F.);
#811 = ORIENTED_EDGE('',*,*,#812,.T.);
#812 = EDGE_CURVE('',#683,#813,#815,.T.);
#813 = VERTEX_POINT('',#814);
#814 = CARTESIAN_POINT('',(4.9,-3.1,7.5));
#815 = LINE('',#816,#817);
#816 = CARTESIAN_POINT('',(4.9,-3.1,11.1));
#817 = VECTOR('',#818,1.);
#818 = DIRECTION('',(0.,0.,-1.));
#819 = ORIENTED_EDGE('',*,*,#820,.T.);
#820 = EDGE_CURVE('',#813,#821,#823,.T.);
#821 = VERTEX_POINT('',#822);
#822 = CARTESIAN_POINT('',(6.9,-3.1,7.5));
#823 = LINE('',#824,#825);
#824 = CARTESIAN_POINT('',(4.9,-3.1,7.5));
#825 = VECTOR('',#826,1.);
#826 = DIRECTION('',(1.,0.,0.));
#827 = ORIENTED_EDGE('',*,*,#828,.F.);
#828 = EDGE_CURVE('',#789,#821,#829,.T.);
#829 = LINE('',#830,#831);
#830 = CARTESIAN_POINT('',(6.9,-3.1,8.55));
#831 = VECTOR('',#832,1.);
#832 = DIRECTION('',(0.,0.,-1.));
#833 = PLANE('',#834);
#834 = AXIS2_PLACEMENT_3D('',#835,#836,#837);
#835 = CARTESIAN_POINT('',(4.9,-3.1,11.1));
#836 = DIRECTION('',(0.,1.,0.));
#837 = DIRECTION('',(1.,0.,0.));
#838 = ADVANCED_FACE('',(#839),#866,.T.);
#839 = FACE_BOUND('',#840,.T.);
#840 = EDGE_LOOP('',(#841,#850,#851,#860));
#841 = ORIENTED_EDGE('',*,*,#842,.T.);
#842 = EDGE_CURVE('',#843,#723,#845,.T.);
#843 = VERTEX_POINT('',#844);
#844 = CARTESIAN_POINT('',(-4.9,6.006560915367,10.373475401124));
#845 = CIRCLE('',#846,1.);
#846 = AXIS2_PLACEMENT_3D('',#847,#848,#849);
#847 = CARTESIAN_POINT('',(-4.9,5.044681918309,10.1));
#848 = DIRECTION('',(1.,-5.843279076974E-16,0.));
#849 = DIRECTION('',(3.521817058469E-16,0.602712451703,0.797958457917));
#850 = ORIENTED_EDGE('',*,*,#722,.T.);
#851 = ORIENTED_EDGE('',*,*,#852,.T.);
#852 = EDGE_CURVE('',#715,#853,#855,.T.);
#853 = VERTEX_POINT('',#854);
#854 = CARTESIAN_POINT('',(4.9,6.006560915367,10.373475401124));
#855 = CIRCLE('',#856,1.);
#856 = AXIS2_PLACEMENT_3D('',#857,#858,#859);
#857 = CARTESIAN_POINT('',(4.9,5.044681918309,10.1));
#858 = DIRECTION('',(-1.,-8.180590707764E-15,0.));
#859 = DIRECTION('',(-4.930543881856E-15,0.602712451703,0.797958457917)
  );
#860 = ORIENTED_EDGE('',*,*,#861,.T.);
#861 = EDGE_CURVE('',#853,#843,#862,.T.);
#862 = LINE('',#863,#864);
#863 = CARTESIAN_POINT('',(3.9,6.006560915367,10.373475401124));
#864 = VECTOR('',#865,1.);
#865 = DIRECTION('',(-1.,0.,0.));
#866 = CYLINDRICAL_SURFACE('',#867,1.);
#867 = AXIS2_PLACEMENT_3D('',#868,#869,#870);
#868 = CARTESIAN_POINT('',(3.9,5.044681918309,10.1));
#869 = DIRECTION('',(-1.,0.,0.));
#870 = DIRECTION('',(0.,0.602712451703,0.797958457917));
#871 = ADVANCED_FACE('',(#872),#907,.T.);
#872 = FACE_BOUND('',#873,.T.);
#873 = EDGE_LOOP('',(#874,#875,#883,#891,#899,#905,#906));
#874 = ORIENTED_EDGE('',*,*,#842,.F.);
#875 = ORIENTED_EDGE('',*,*,#876,.T.);
#876 = EDGE_CURVE('',#843,#877,#879,.T.);
#877 = VERTEX_POINT('',#878);
#878 = CARTESIAN_POINT('',(-4.9,7.25,6.));
#879 = LINE('',#880,#881);
#880 = CARTESIAN_POINT('',(-4.9,7.25,6.));
#881 = VECTOR('',#882,1.);
#882 = DIRECTION('',(1.597993089456E-16,0.273475401124,-0.961878997057)
  );
#883 = ORIENTED_EDGE('',*,*,#884,.F.);
#884 = EDGE_CURVE('',#885,#877,#887,.T.);
#885 = VERTEX_POINT('',#886);
#886 = CARTESIAN_POINT('',(-4.9,6.3,6.));
#887 = LINE('',#888,#889);
#888 = CARTESIAN_POINT('',(-4.9,3.625,6.));
#889 = VECTOR('',#890,1.);
#890 = DIRECTION('',(5.843279076974E-16,1.,0.));
#891 = ORIENTED_EDGE('',*,*,#892,.T.);
#892 = EDGE_CURVE('',#885,#893,#895,.T.);
#893 = VERTEX_POINT('',#894);
#894 = CARTESIAN_POINT('',(-4.9,6.3,7.5));
#895 = LINE('',#896,#897);
#896 = CARTESIAN_POINT('',(-4.9,6.3,6.));
#897 = VECTOR('',#898,1.);
#898 = DIRECTION('',(0.,0.,1.));
#899 = ORIENTED_EDGE('',*,*,#900,.T.);
#900 = EDGE_CURVE('',#893,#611,#901,.T.);
#901 = LINE('',#902,#903);
#902 = CARTESIAN_POINT('',(-4.9,7.25,7.5));
#903 = VECTOR('',#904,1.);
#904 = DIRECTION('',(0.,-1.,0.));
#905 = ORIENTED_EDGE('',*,*,#610,.F.);
#906 = ORIENTED_EDGE('',*,*,#730,.F.);
#907 = PLANE('',#908);
#908 = AXIS2_PLACEMENT_3D('',#909,#910,#911);
#909 = CARTESIAN_POINT('',(-4.9,7.25,6.));
#910 = DIRECTION('',(-1.,5.843279076974E-16,0.));
#911 = DIRECTION('',(-5.843279076974E-16,-1.,0.));
#912 = ADVANCED_FACE('',(#913),#931,.F.);
#913 = FACE_BOUND('',#914,.T.);
#914 = EDGE_LOOP('',(#915,#916,#924,#930));
#915 = ORIENTED_EDGE('',*,*,#861,.F.);
#916 = ORIENTED_EDGE('',*,*,#917,.F.);
#917 = EDGE_CURVE('',#918,#853,#920,.T.);
#918 = VERTEX_POINT('',#919);
#919 = CARTESIAN_POINT('',(4.9,7.25,6.));
#920 = LINE('',#921,#922);
#921 = CARTESIAN_POINT('',(4.9,7.214475322365,6.124948866163));
#922 = VECTOR('',#923,1.);
#923 = DIRECTION('',(2.237190325238E-15,-0.273475401124,0.961878997057)
  );
#924 = ORIENTED_EDGE('',*,*,#925,.F.);
#925 = EDGE_CURVE('',#877,#918,#926,.T.);
#926 = LINE('',#927,#928);
#927 = CARTESIAN_POINT('',(0.,7.25,6.));
#928 = VECTOR('',#929,1.);
#929 = DIRECTION('',(1.,0.,0.));
#930 = ORIENTED_EDGE('',*,*,#876,.F.);
#931 = PLANE('',#932);
#932 = AXIS2_PLACEMENT_3D('',#933,#934,#935);
#933 = CARTESIAN_POINT('',(7.8,7.25,6.));
#934 = DIRECTION('',(0.,-0.961878997057,-0.273475401124));
#935 = DIRECTION('',(0.,-0.273475401124,0.961878997057));
#936 = ADVANCED_FACE('',(#937),#962,.F.);
#937 = FACE_BOUND('',#938,.T.);
#938 = EDGE_LOOP('',(#939,#940,#948,#956));
#939 = ORIENTED_EDGE('',*,*,#739,.F.);
#940 = ORIENTED_EDGE('',*,*,#941,.T.);
#941 = EDGE_CURVE('',#740,#942,#944,.T.);
#942 = VERTEX_POINT('',#943);
#943 = CARTESIAN_POINT('',(3.55,2.75,10.1));
#944 = LINE('',#945,#946);
#945 = CARTESIAN_POINT('',(3.55,2.75,11.1));
#946 = VECTOR('',#947,1.);
#947 = DIRECTION('',(0.,0.,-1.));
#948 = ORIENTED_EDGE('',*,*,#949,.T.);
#949 = EDGE_CURVE('',#942,#950,#952,.T.);
#950 = VERTEX_POINT('',#951);
#951 = CARTESIAN_POINT('',(3.55,-2.75,10.1));
#952 = LINE('',#953,#954);
#953 = CARTESIAN_POINT('',(3.55,2.75,10.1));
#954 = VECTOR('',#955,1.);
#955 = DIRECTION('',(0.,-1.,0.));
#956 = ORIENTED_EDGE('',*,*,#957,.F.);
#957 = EDGE_CURVE('',#742,#950,#958,.T.);
#958 = LINE('',#959,#960);
#959 = CARTESIAN_POINT('',(3.55,-2.75,11.1));
#960 = VECTOR('',#961,1.);
#961 = DIRECTION('',(0.,0.,-1.));
#962 = PLANE('',#963);
#963 = AXIS2_PLACEMENT_3D('',#964,#965,#966);
#964 = CARTESIAN_POINT('',(3.55,2.75,11.1));
#965 = DIRECTION('',(1.,0.,0.));
#966 = DIRECTION('',(0.,-1.,0.));
#967 = ADVANCED_FACE('',(#968),#986,.F.);
#968 = FACE_BOUND('',#969,.T.);
#969 = EDGE_LOOP('',(#970,#971,#979,#985));
#970 = ORIENTED_EDGE('',*,*,#765,.F.);
#971 = ORIENTED_EDGE('',*,*,#972,.T.);
#972 = EDGE_CURVE('',#758,#973,#975,.T.);
#973 = VERTEX_POINT('',#974);
#974 = CARTESIAN_POINT('',(-3.55,2.75,10.1));
#975 = LINE('',#976,#977);
#976 = CARTESIAN_POINT('',(-3.55,2.75,11.1));
#977 = VECTOR('',#978,1.);
#978 = DIRECTION('',(0.,0.,-1.));
#979 = ORIENTED_EDGE('',*,*,#980,.T.);
#980 = EDGE_CURVE('',#973,#942,#981,.T.);
#981 = LINE('',#982,#983);
#982 = CARTESIAN_POINT('',(-3.55,2.75,10.1));
#983 = VECTOR('',#984,1.);
#984 = DIRECTION('',(1.,0.,0.));
#985 = ORIENTED_EDGE('',*,*,#941,.F.);
#986 = PLANE('',#987);
#987 = AXIS2_PLACEMENT_3D('',#988,#989,#990);
#988 = CARTESIAN_POINT('',(-3.55,2.75,11.1));
#989 = DIRECTION('',(0.,1.,0.));
#990 = DIRECTION('',(1.,0.,0.));
#991 = ADVANCED_FACE('',(#992),#1010,.F.);
#992 = FACE_BOUND('',#993,.T.);
#993 = EDGE_LOOP('',(#994,#995,#1003,#1009));
#994 = ORIENTED_EDGE('',*,*,#757,.F.);
#995 = ORIENTED_EDGE('',*,*,#996,.T.);
#996 = EDGE_CURVE('',#750,#997,#999,.T.);
#997 = VERTEX_POINT('',#998);
#998 = CARTESIAN_POINT('',(-3.55,-2.75,10.1));
#999 = LINE('',#1000,#1001);
#1000 = CARTESIAN_POINT('',(-3.55,-2.75,11.1));
#1001 = VECTOR('',#1002,1.);
#1002 = DIRECTION('',(0.,0.,-1.));
#1003 = ORIENTED_EDGE('',*,*,#1004,.T.);
#1004 = EDGE_CURVE('',#997,#973,#1005,.T.);
#1005 = LINE('',#1006,#1007);
#1006 = CARTESIAN_POINT('',(-3.55,-2.75,10.1));
#1007 = VECTOR('',#1008,1.);
#1008 = DIRECTION('',(0.,1.,0.));
#1009 = ORIENTED_EDGE('',*,*,#972,.F.);
#1010 = PLANE('',#1011);
#1011 = AXIS2_PLACEMENT_3D('',#1012,#1013,#1014);
#1012 = CARTESIAN_POINT('',(-3.55,-2.75,11.1));
#1013 = DIRECTION('',(-1.,0.,0.));
#1014 = DIRECTION('',(0.,1.,0.));
#1015 = ADVANCED_FACE('',(#1016),#1027,.F.);
#1016 = FACE_BOUND('',#1017,.T.);
#1017 = EDGE_LOOP('',(#1018,#1019,#1020,#1026));
#1018 = ORIENTED_EDGE('',*,*,#749,.F.);
#1019 = ORIENTED_EDGE('',*,*,#957,.T.);
#1020 = ORIENTED_EDGE('',*,*,#1021,.T.);
#1021 = EDGE_CURVE('',#950,#997,#1022,.T.);
#1022 = LINE('',#1023,#1024);
#1023 = CARTESIAN_POINT('',(3.55,-2.75,10.1));
#1024 = VECTOR('',#1025,1.);
#1025 = DIRECTION('',(-1.,0.,0.));
#1026 = ORIENTED_EDGE('',*,*,#996,.F.);
#1027 = PLANE('',#1028);
#1028 = AXIS2_PLACEMENT_3D('',#1029,#1030,#1031);
#1029 = CARTESIAN_POINT('',(3.55,-2.75,11.1));
#1030 = DIRECTION('',(0.,-1.,0.));
#1031 = DIRECTION('',(-1.,0.,0.));
#1032 = ADVANCED_FACE('',(#1033),#1039,.F.);
#1033 = FACE_BOUND('',#1034,.T.);
#1034 = EDGE_LOOP('',(#1035,#1036,#1037,#1038));
#1035 = ORIENTED_EDGE('',*,*,#1021,.F.);
#1036 = ORIENTED_EDGE('',*,*,#949,.F.);
#1037 = ORIENTED_EDGE('',*,*,#980,.F.);
#1038 = ORIENTED_EDGE('',*,*,#1004,.F.);
#1039 = PLANE('',#1040);
#1040 = AXIS2_PLACEMENT_3D('',#1041,#1042,#1043);
#1041 = CARTESIAN_POINT('',(0.,0.,10.1));
#1042 = DIRECTION('',(0.,0.,-1.));
#1043 = DIRECTION('',(-1.,0.,0.));
#1044 = ADVANCED_FACE('',(#1045),#1193,.F.);
#1045 = FACE_BOUND('',#1046,.T.);
#1046 = EDGE_LOOP('',(#1047,#1055,#1063,#1072,#1080,#1088,#1096,#1104,
    #1112,#1121,#1129,#1135,#1136,#1145,#1153,#1161,#1169,#1177,#1185,
    #1192));
#1047 = ORIENTED_EDGE('',*,*,#1048,.F.);
#1048 = EDGE_CURVE('',#1049,#650,#1051,.T.);
#1049 = VERTEX_POINT('',#1050);
#1050 = CARTESIAN_POINT('',(-4.9,-6.176470588235,7.5));
#1051 = LINE('',#1052,#1053);
#1052 = CARTESIAN_POINT('',(-4.9,-5.264110468442,8.774804550944));
#1053 = VECTOR('',#1054,1.);
#1054 = DIRECTION('',(0.,0.581992098984,0.813194439676));
#1055 = ORIENTED_EDGE('',*,*,#1056,.F.);
#1056 = EDGE_CURVE('',#1057,#1049,#1059,.T.);
#1057 = VERTEX_POINT('',#1058);
#1058 = CARTESIAN_POINT('',(-6.455075186761,-6.176470588235,7.5));
#1059 = LINE('',#1060,#1061);
#1060 = CARTESIAN_POINT('',(0.95,-6.176470588235,7.5));
#1061 = VECTOR('',#1062,1.);
#1062 = DIRECTION('',(1.,0.,0.));
#1063 = ORIENTED_EDGE('',*,*,#1064,.F.);
#1064 = EDGE_CURVE('',#1065,#1057,#1067,.T.);
#1065 = VERTEX_POINT('',#1066);
#1066 = CARTESIAN_POINT('',(-6.,-6.3,7.327397260274));
#1067 = ELLIPSE('',#1068,1.546412746103,0.9);
#1068 = AXIS2_PLACEMENT_3D('',#1069,#1070,#1071);
#1069 = CARTESIAN_POINT('',(-6.,-5.4,8.584931506849));
#1070 = DIRECTION('',(0.,0.813194439676,-0.581992098984));
#1071 = DIRECTION('',(0.,-0.581992098984,-0.813194439676));
#1072 = ORIENTED_EDGE('',*,*,#1073,.F.);
#1073 = EDGE_CURVE('',#1074,#1065,#1076,.T.);
#1074 = VERTEX_POINT('',#1075);
#1075 = CARTESIAN_POINT('',(-4.9,-6.3,7.327397260274));
#1076 = LINE('',#1077,#1078);
#1077 = CARTESIAN_POINT('',(0.9,-6.3,7.327397260274));
#1078 = VECTOR('',#1079,1.);
#1079 = DIRECTION('',(-1.,-1.00929365875E-15,-1.410245934144E-15));
#1080 = ORIENTED_EDGE('',*,*,#1081,.F.);
#1081 = EDGE_CURVE('',#1082,#1074,#1084,.T.);
#1082 = VERTEX_POINT('',#1083);
#1083 = CARTESIAN_POINT('',(-4.9,-7.25,6.));
#1084 = LINE('',#1085,#1086);
#1085 = CARTESIAN_POINT('',(-4.9,-5.264110468442,8.774804550944));
#1086 = VECTOR('',#1087,1.);
#1087 = DIRECTION('',(0.,0.581992098984,0.813194439676));
#1088 = ORIENTED_EDGE('',*,*,#1089,.F.);
#1089 = EDGE_CURVE('',#1090,#1082,#1092,.T.);
#1090 = VERTEX_POINT('',#1091);
#1091 = CARTESIAN_POINT('',(4.9,-7.25,6.));
#1092 = LINE('',#1093,#1094);
#1093 = CARTESIAN_POINT('',(-2.45,-7.25,6.));
#1094 = VECTOR('',#1095,1.);
#1095 = DIRECTION('',(-1.,-2.265761274745E-16,0.));
#1096 = ORIENTED_EDGE('',*,*,#1097,.F.);
#1097 = EDGE_CURVE('',#1098,#1090,#1100,.T.);
#1098 = VERTEX_POINT('',#1099);
#1099 = CARTESIAN_POINT('',(4.9,-6.3,7.327397260274));
#1100 = LINE('',#1101,#1102);
#1101 = CARTESIAN_POINT('',(4.9,-5.425,8.55));
#1102 = VECTOR('',#1103,1.);
#1103 = DIRECTION('',(-3.400742254957E-16,-0.581992098984,
    -0.813194439676));
#1104 = ORIENTED_EDGE('',*,*,#1105,.F.);
#1105 = EDGE_CURVE('',#1106,#1098,#1108,.T.);
#1106 = VERTEX_POINT('',#1107);
#1107 = CARTESIAN_POINT('',(6.,-6.3,7.327397260274));
#1108 = LINE('',#1109,#1110);
#1109 = CARTESIAN_POINT('',(6.35,-6.3,7.327397260274));
#1110 = VECTOR('',#1111,1.);
#1111 = DIRECTION('',(-1.,0.,0.));
#1112 = ORIENTED_EDGE('',*,*,#1113,.F.);
#1113 = EDGE_CURVE('',#1114,#1106,#1116,.T.);
#1114 = VERTEX_POINT('',#1115);
#1115 = CARTESIAN_POINT('',(6.455075186761,-6.176470588235,7.5));
#1116 = ELLIPSE('',#1117,1.546412746103,0.9);
#1117 = AXIS2_PLACEMENT_3D('',#1118,#1119,#1120);
#1118 = CARTESIAN_POINT('',(6.,-5.4,8.584931506849));
#1119 = DIRECTION('',(1.972152263053E-31,0.813194439676,-0.581992098984)
  );
#1120 = DIRECTION('',(-2.15380342814E-15,-0.581992098984,-0.813194439676
    ));
#1121 = ORIENTED_EDGE('',*,*,#1122,.F.);
#1122 = EDGE_CURVE('',#1123,#1114,#1125,.T.);
#1123 = VERTEX_POINT('',#1124);
#1124 = CARTESIAN_POINT('',(4.9,-6.176470588235,7.5));
#1125 = LINE('',#1126,#1127);
#1126 = CARTESIAN_POINT('',(6.85,-6.176470588235,7.5));
#1127 = VECTOR('',#1128,1.);
#1128 = DIRECTION('',(1.,0.,0.));
#1129 = ORIENTED_EDGE('',*,*,#1130,.F.);
#1130 = EDGE_CURVE('',#675,#1123,#1131,.T.);
#1131 = LINE('',#1132,#1133);
#1132 = CARTESIAN_POINT('',(4.9,-5.425,8.55));
#1133 = VECTOR('',#1134,1.);
#1134 = DIRECTION('',(-3.400742254957E-16,-0.581992098984,
    -0.813194439676));
#1135 = ORIENTED_EDGE('',*,*,#674,.F.);
#1136 = ORIENTED_EDGE('',*,*,#1137,.F.);
#1137 = EDGE_CURVE('',#1138,#666,#1140,.T.);
#1138 = VERTEX_POINT('',#1139);
#1139 = CARTESIAN_POINT('',(1.4,-4.05,10.471232876712));
#1140 = ELLIPSE('',#1141,3.006913672978,1.75);
#1141 = AXIS2_PLACEMENT_3D('',#1142,#1143,#1144);
#1142 = CARTESIAN_POINT('',(0.,-5.1,9.004109589041));
#1143 = DIRECTION('',(0.,-0.813194439676,0.581992098984));
#1144 = DIRECTION('',(-4.615293060299E-17,0.581992098984,0.813194439676)
  );
#1145 = ORIENTED_EDGE('',*,*,#1146,.F.);
#1146 = EDGE_CURVE('',#1147,#1138,#1149,.T.);
#1147 = VERTEX_POINT('',#1148);
#1148 = CARTESIAN_POINT('',(4.25,-4.05,10.471232876712));
#1149 = LINE('',#1150,#1151);
#1150 = CARTESIAN_POINT('',(4.6,-4.05,10.471232876712));
#1151 = VECTOR('',#1152,1.);
#1152 = DIRECTION('',(-1.,0.,0.));
#1153 = ORIENTED_EDGE('',*,*,#1154,.F.);
#1154 = EDGE_CURVE('',#1155,#1147,#1157,.T.);
#1155 = VERTEX_POINT('',#1156);
#1156 = CARTESIAN_POINT('',(4.25,-6.605882352941,6.9));
#1157 = LINE('',#1158,#1159);
#1158 = CARTESIAN_POINT('',(4.25,-3.676210830738,10.993513633763));
#1159 = VECTOR('',#1160,1.);
#1160 = DIRECTION('',(0.,0.581992098984,0.813194439676));
#1161 = ORIENTED_EDGE('',*,*,#1162,.F.);
#1162 = EDGE_CURVE('',#1163,#1155,#1165,.T.);
#1163 = VERTEX_POINT('',#1164);
#1164 = CARTESIAN_POINT('',(-4.25,-6.605882352941,6.9));
#1165 = LINE('',#1166,#1167);
#1166 = CARTESIAN_POINT('',(3.9,-6.605882352941,6.9));
#1167 = VECTOR('',#1168,1.);
#1168 = DIRECTION('',(1.,0.,0.));
#1169 = ORIENTED_EDGE('',*,*,#1170,.F.);
#1170 = EDGE_CURVE('',#1171,#1163,#1173,.T.);
#1171 = VERTEX_POINT('',#1172);
#1172 = CARTESIAN_POINT('',(-4.25,-4.05,10.471232876712));
#1173 = LINE('',#1174,#1175);
#1174 = CARTESIAN_POINT('',(-4.25,-4.218154515986,10.236277251637));
#1175 = VECTOR('',#1176,1.);
#1176 = DIRECTION('',(0.,-0.581992098984,-0.813194439676));
#1177 = ORIENTED_EDGE('',*,*,#1178,.F.);
#1178 = EDGE_CURVE('',#1179,#1171,#1181,.T.);
#1179 = VERTEX_POINT('',#1180);
#1180 = CARTESIAN_POINT('',(-1.4,-4.05,10.471232876712));
#1181 = LINE('',#1182,#1183);
#1182 = CARTESIAN_POINT('',(1.775,-4.05,10.471232876712));
#1183 = VECTOR('',#1184,1.);
#1184 = DIRECTION('',(-1.,0.,0.));
#1185 = ORIENTED_EDGE('',*,*,#1186,.F.);
#1186 = EDGE_CURVE('',#658,#1179,#1187,.T.);
#1187 = ELLIPSE('',#1188,3.006913672978,1.75);
#1188 = AXIS2_PLACEMENT_3D('',#1189,#1190,#1191);
#1189 = CARTESIAN_POINT('',(0.,-5.1,9.004109589041));
#1190 = DIRECTION('',(0.,-0.813194439676,0.581992098984));
#1191 = DIRECTION('',(-4.615293060299E-17,0.581992098984,0.813194439676)
  );
#1192 = ORIENTED_EDGE('',*,*,#657,.F.);
#1193 = PLANE('',#1194);
#1194 = AXIS2_PLACEMENT_3D('',#1195,#1196,#1197);
#1195 = CARTESIAN_POINT('',(7.8,-3.6,11.1));
#1196 = DIRECTION('',(0.,0.813194439676,-0.581992098984));
#1197 = DIRECTION('',(0.,-0.581992098984,-0.813194439676));
#1198 = ADVANCED_FACE('',(#1199),#1234,.T.);
#1199 = FACE_BOUND('',#1200,.T.);
#1200 = EDGE_LOOP('',(#1201,#1202,#1203,#1211,#1219,#1227,#1233));
#1201 = ORIENTED_EDGE('',*,*,#852,.F.);
#1202 = ORIENTED_EDGE('',*,*,#714,.F.);
#1203 = ORIENTED_EDGE('',*,*,#1204,.T.);
#1204 = EDGE_CURVE('',#707,#1205,#1207,.T.);
#1205 = VERTEX_POINT('',#1206);
#1206 = CARTESIAN_POINT('',(4.9,3.1,7.5));
#1207 = LINE('',#1208,#1209);
#1208 = CARTESIAN_POINT('',(4.9,3.1,11.1));
#1209 = VECTOR('',#1210,1.);
#1210 = DIRECTION('',(0.,0.,-1.));
#1211 = ORIENTED_EDGE('',*,*,#1212,.T.);
#1212 = EDGE_CURVE('',#1205,#1213,#1215,.T.);
#1213 = VERTEX_POINT('',#1214);
#1214 = CARTESIAN_POINT('',(4.9,6.3,7.5));
#1215 = LINE('',#1216,#1217);
#1216 = CARTESIAN_POINT('',(4.9,7.25,7.5));
#1217 = VECTOR('',#1218,1.);
#1218 = DIRECTION('',(0.,1.,0.));
#1219 = ORIENTED_EDGE('',*,*,#1220,.F.);
#1220 = EDGE_CURVE('',#1221,#1213,#1223,.T.);
#1221 = VERTEX_POINT('',#1222);
#1222 = CARTESIAN_POINT('',(4.9,6.3,6.));
#1223 = LINE('',#1224,#1225);
#1224 = CARTESIAN_POINT('',(4.9,6.3,6.));
#1225 = VECTOR('',#1226,1.);
#1226 = DIRECTION('',(0.,0.,1.));
#1227 = ORIENTED_EDGE('',*,*,#1228,.F.);
#1228 = EDGE_CURVE('',#918,#1221,#1229,.T.);
#1229 = LINE('',#1230,#1231);
#1230 = CARTESIAN_POINT('',(4.9,3.15,6.));
#1231 = VECTOR('',#1232,1.);
#1232 = DIRECTION('',(8.180590707764E-15,-1.,0.));
#1233 = ORIENTED_EDGE('',*,*,#917,.T.);
#1234 = PLANE('',#1235);
#1235 = AXIS2_PLACEMENT_3D('',#1236,#1237,#1238);
#1236 = CARTESIAN_POINT('',(4.9,6.3,6.));
#1237 = DIRECTION('',(1.,8.180590707764E-15,0.));
#1238 = DIRECTION('',(-8.180590707764E-15,1.,0.));
#1239 = ADVANCED_FACE('',(#1240),#1274,.F.);
#1240 = FACE_BOUND('',#1241,.T.);
#1241 = EDGE_LOOP('',(#1242,#1243,#1251,#1259,#1267));
#1242 = ORIENTED_EDGE('',*,*,#1056,.T.);
#1243 = ORIENTED_EDGE('',*,*,#1244,.F.);
#1244 = EDGE_CURVE('',#1245,#1049,#1247,.T.);
#1245 = VERTEX_POINT('',#1246);
#1246 = CARTESIAN_POINT('',(-4.9,-3.1,7.5));
#1247 = LINE('',#1248,#1249);
#1248 = CARTESIAN_POINT('',(-4.9,-7.25,7.5));
#1249 = VECTOR('',#1250,1.);
#1250 = DIRECTION('',(0.,-1.,0.));
#1251 = ORIENTED_EDGE('',*,*,#1252,.F.);
#1252 = EDGE_CURVE('',#1253,#1245,#1255,.T.);
#1253 = VERTEX_POINT('',#1254);
#1254 = CARTESIAN_POINT('',(-6.9,-3.1,7.5));
#1255 = LINE('',#1256,#1257);
#1256 = CARTESIAN_POINT('',(-4.9,-3.1,7.5));
#1257 = VECTOR('',#1258,1.);
#1258 = DIRECTION('',(1.,0.,0.));
#1259 = ORIENTED_EDGE('',*,*,#1260,.F.);
#1260 = EDGE_CURVE('',#1261,#1253,#1263,.T.);
#1261 = VERTEX_POINT('',#1262);
#1262 = CARTESIAN_POINT('',(-6.9,-5.4,7.5));
#1263 = LINE('',#1264,#1265);
#1264 = CARTESIAN_POINT('',(-6.9,0.1125,7.5));
#1265 = VECTOR('',#1266,1.);
#1266 = DIRECTION('',(0.,1.,0.));
#1267 = ORIENTED_EDGE('',*,*,#1268,.F.);
#1268 = EDGE_CURVE('',#1057,#1261,#1269,.T.);
#1269 = CIRCLE('',#1270,0.9);
#1270 = AXIS2_PLACEMENT_3D('',#1271,#1272,#1273);
#1271 = CARTESIAN_POINT('',(-6.,-5.4,7.5));
#1272 = DIRECTION('',(0.,0.,-1.));
#1273 = DIRECTION('',(-1.,0.,0.));
#1274 = PLANE('',#1275);
#1275 = AXIS2_PLACEMENT_3D('',#1276,#1277,#1278);
#1276 = CARTESIAN_POINT('',(-5.9,-5.175,7.5));
#1277 = DIRECTION('',(0.,0.,-1.));
#1278 = DIRECTION('',(-1.,0.,0.));
#1279 = ADVANCED_FACE('',(#1280),#1297,.T.);
#1280 = FACE_BOUND('',#1281,.T.);
#1281 = EDGE_LOOP('',(#1282,#1283,#1291));
#1282 = ORIENTED_EDGE('',*,*,#1081,.T.);
#1283 = ORIENTED_EDGE('',*,*,#1284,.F.);
#1284 = EDGE_CURVE('',#1285,#1074,#1287,.T.);
#1285 = VERTEX_POINT('',#1286);
#1286 = CARTESIAN_POINT('',(-4.9,-6.3,6.));
#1287 = LINE('',#1288,#1289);
#1288 = CARTESIAN_POINT('',(-4.9,-6.3,6.));
#1289 = VECTOR('',#1290,1.);
#1290 = DIRECTION('',(0.,0.,1.));
#1291 = ORIENTED_EDGE('',*,*,#1292,.F.);
#1292 = EDGE_CURVE('',#1082,#1285,#1293,.T.);
#1293 = LINE('',#1294,#1295);
#1294 = CARTESIAN_POINT('',(-4.9,-3.15,6.));
#1295 = VECTOR('',#1296,1.);
#1296 = DIRECTION('',(0.,1.,0.));
#1297 = PLANE('',#1298);
#1298 = AXIS2_PLACEMENT_3D('',#1299,#1300,#1301);
#1299 = CARTESIAN_POINT('',(-4.9,-6.3,6.));
#1300 = DIRECTION('',(-1.,0.,0.));
#1301 = DIRECTION('',(0.,-1.,0.));
#1302 = ADVANCED_FACE('',(#1303),#1314,.T.);
#1303 = FACE_BOUND('',#1304,.T.);
#1304 = EDGE_LOOP('',(#1305,#1306,#1307,#1313));
#1305 = ORIENTED_EDGE('',*,*,#1048,.T.);
#1306 = ORIENTED_EDGE('',*,*,#649,.F.);
#1307 = ORIENTED_EDGE('',*,*,#1308,.T.);
#1308 = EDGE_CURVE('',#642,#1245,#1309,.T.);
#1309 = LINE('',#1310,#1311);
#1310 = CARTESIAN_POINT('',(-4.9,-3.1,11.1));
#1311 = VECTOR('',#1312,1.);
#1312 = DIRECTION('',(0.,0.,-1.));
#1313 = ORIENTED_EDGE('',*,*,#1244,.T.);
#1314 = PLANE('',#1315);
#1315 = AXIS2_PLACEMENT_3D('',#1316,#1317,#1318);
#1316 = CARTESIAN_POINT('',(-4.9,-6.3,6.));
#1317 = DIRECTION('',(-1.,0.,0.));
#1318 = DIRECTION('',(0.,-1.,0.));
#1319 = ADVANCED_FACE('',(#1320,#1344),#1439,.T.);
#1320 = FACE_BOUND('',#1321,.T.);
#1321 = EDGE_LOOP('',(#1322,#1323,#1324,#1330,#1331,#1332,#1333,#1334,
    #1335,#1341,#1342,#1343));
#1322 = ORIENTED_EDGE('',*,*,#175,.T.);
#1323 = ORIENTED_EDGE('',*,*,#379,.T.);
#1324 = ORIENTED_EDGE('',*,*,#1325,.T.);
#1325 = EDGE_CURVE('',#372,#395,#1326,.T.);
#1326 = LINE('',#1327,#1328);
#1327 = CARTESIAN_POINT('',(7.8,-7.8,6.));
#1328 = VECTOR('',#1329,1.);
#1329 = DIRECTION('',(1.,0.,0.));
#1330 = ORIENTED_EDGE('',*,*,#394,.T.);
#1331 = ORIENTED_EDGE('',*,*,#255,.T.);
#1332 = ORIENTED_EDGE('',*,*,#546,.T.);
#1333 = ORIENTED_EDGE('',*,*,#215,.T.);
#1334 = ORIENTED_EDGE('',*,*,#441,.T.);
#1335 = ORIENTED_EDGE('',*,*,#1336,.T.);
#1336 = EDGE_CURVE('',#434,#333,#1337,.T.);
#1337 = LINE('',#1338,#1339);
#1338 = CARTESIAN_POINT('',(-7.8,7.8,6.));
#1339 = VECTOR('',#1340,1.);
#1340 = DIRECTION('',(-1.,0.,0.));
#1341 = ORIENTED_EDGE('',*,*,#332,.T.);
#1342 = ORIENTED_EDGE('',*,*,#135,.T.);
#1343 = ORIENTED_EDGE('',*,*,#316,.T.);
#1344 = FACE_BOUND('',#1345,.T.);
#1345 = EDGE_LOOP('',(#1346,#1347,#1355,#1364,#1372,#1381,#1389,#1395,
    #1396,#1397,#1405,#1414,#1422,#1431,#1437,#1438));
#1346 = ORIENTED_EDGE('',*,*,#1228,.T.);
#1347 = ORIENTED_EDGE('',*,*,#1348,.T.);
#1348 = EDGE_CURVE('',#1221,#1349,#1351,.T.);
#1349 = VERTEX_POINT('',#1350);
#1350 = CARTESIAN_POINT('',(6.,6.3,6.));
#1351 = LINE('',#1352,#1353);
#1352 = CARTESIAN_POINT('',(3.,6.3,6.));
#1353 = VECTOR('',#1354,1.);
#1354 = DIRECTION('',(1.,1.00929365875E-15,0.));
#1355 = ORIENTED_EDGE('',*,*,#1356,.T.);
#1356 = EDGE_CURVE('',#1349,#1357,#1359,.T.);
#1357 = VERTEX_POINT('',#1358);
#1358 = CARTESIAN_POINT('',(6.9,5.4,6.));
#1359 = CIRCLE('',#1360,0.9);
#1360 = AXIS2_PLACEMENT_3D('',#1361,#1362,#1363);
#1361 = CARTESIAN_POINT('',(6.,5.4,6.));
#1362 = DIRECTION('',(0.,0.,-1.));
#1363 = DIRECTION('',(1.,-4.93432455389E-15,0.));
#1364 = ORIENTED_EDGE('',*,*,#1365,.T.);
#1365 = EDGE_CURVE('',#1357,#1366,#1368,.T.);
#1366 = VERTEX_POINT('',#1367);
#1367 = CARTESIAN_POINT('',(6.9,-5.4,6.));
#1368 = LINE('',#1369,#1370);
#1369 = CARTESIAN_POINT('',(6.9,-2.7,6.));
#1370 = VECTOR('',#1371,1.);
#1371 = DIRECTION('',(0.,-1.,0.));
#1372 = ORIENTED_EDGE('',*,*,#1373,.T.);
#1373 = EDGE_CURVE('',#1366,#1374,#1376,.T.);
#1374 = VERTEX_POINT('',#1375);
#1375 = CARTESIAN_POINT('',(6.,-6.3,6.));
#1376 = CIRCLE('',#1377,0.9);
#1377 = AXIS2_PLACEMENT_3D('',#1378,#1379,#1380);
#1378 = CARTESIAN_POINT('',(6.,-5.4,6.));
#1379 = DIRECTION('',(0.,0.,-1.));
#1380 = DIRECTION('',(-3.700743415417E-15,-1.,-0.));
#1381 = ORIENTED_EDGE('',*,*,#1382,.T.);
#1382 = EDGE_CURVE('',#1374,#1383,#1385,.T.);
#1383 = VERTEX_POINT('',#1384);
#1384 = CARTESIAN_POINT('',(4.9,-6.3,6.));
#1385 = LINE('',#1386,#1387);
#1386 = CARTESIAN_POINT('',(2.45,-6.3,6.));
#1387 = VECTOR('',#1388,1.);
#1388 = DIRECTION('',(-1.,0.,0.));
#1389 = ORIENTED_EDGE('',*,*,#1390,.T.);
#1390 = EDGE_CURVE('',#1383,#1090,#1391,.T.);
#1391 = LINE('',#1392,#1393);
#1392 = CARTESIAN_POINT('',(4.9,-3.625,6.));
#1393 = VECTOR('',#1394,1.);
#1394 = DIRECTION('',(-5.843279076974E-16,-1.,0.));
#1395 = ORIENTED_EDGE('',*,*,#1089,.T.);
#1396 = ORIENTED_EDGE('',*,*,#1292,.T.);
#1397 = ORIENTED_EDGE('',*,*,#1398,.T.);
#1398 = EDGE_CURVE('',#1285,#1399,#1401,.T.);
#1399 = VERTEX_POINT('',#1400);
#1400 = CARTESIAN_POINT('',(-6.,-6.3,6.));
#1401 = LINE('',#1402,#1403);
#1402 = CARTESIAN_POINT('',(-3.,-6.3,6.));
#1403 = VECTOR('',#1404,1.);
#1404 = DIRECTION('',(-1.,-1.00929365875E-15,0.));
#1405 = ORIENTED_EDGE('',*,*,#1406,.T.);
#1406 = EDGE_CURVE('',#1399,#1407,#1409,.T.);
#1407 = VERTEX_POINT('',#1408);
#1408 = CARTESIAN_POINT('',(-6.9,-5.4,6.));
#1409 = CIRCLE('',#1410,0.9);
#1410 = AXIS2_PLACEMENT_3D('',#1411,#1412,#1413);
#1411 = CARTESIAN_POINT('',(-6.,-5.4,6.));
#1412 = DIRECTION('',(0.,0.,-1.));
#1413 = DIRECTION('',(-1.,0.,0.));
#1414 = ORIENTED_EDGE('',*,*,#1415,.T.);
#1415 = EDGE_CURVE('',#1407,#1416,#1418,.T.);
#1416 = VERTEX_POINT('',#1417);
#1417 = CARTESIAN_POINT('',(-6.9,5.4,6.));
#1418 = LINE('',#1419,#1420);
#1419 = CARTESIAN_POINT('',(-6.9,2.7,6.));
#1420 = VECTOR('',#1421,1.);
#1421 = DIRECTION('',(0.,1.,0.));
#1422 = ORIENTED_EDGE('',*,*,#1423,.T.);
#1423 = EDGE_CURVE('',#1416,#1424,#1426,.T.);
#1424 = VERTEX_POINT('',#1425);
#1425 = CARTESIAN_POINT('',(-6.,6.3,6.));
#1426 = CIRCLE('',#1427,0.9);
#1427 = AXIS2_PLACEMENT_3D('',#1428,#1429,#1430);
#1428 = CARTESIAN_POINT('',(-6.,5.4,6.));
#1429 = DIRECTION('',(0.,0.,-1.));
#1430 = DIRECTION('',(4.93432455389E-15,1.,0.));
#1431 = ORIENTED_EDGE('',*,*,#1432,.T.);
#1432 = EDGE_CURVE('',#1424,#885,#1433,.T.);
#1433 = LINE('',#1434,#1435);
#1434 = CARTESIAN_POINT('',(-2.45,6.3,6.));
#1435 = VECTOR('',#1436,1.);
#1436 = DIRECTION('',(1.,-3.02788097625E-15,0.));
#1437 = ORIENTED_EDGE('',*,*,#884,.T.);
#1438 = ORIENTED_EDGE('',*,*,#925,.T.);
#1439 = PLANE('',#1440);
#1440 = AXIS2_PLACEMENT_3D('',#1441,#1442,#1443);
#1441 = CARTESIAN_POINT('',(0.,0.,6.));
#1442 = DIRECTION('',(0.,0.,1.));
#1443 = DIRECTION('',(1.,0.,-0.));
#1444 = ADVANCED_FACE('',(#1445),#1470,.F.);
#1445 = FACE_BOUND('',#1446,.T.);
#1446 = EDGE_LOOP('',(#1447,#1448,#1456,#1464));
#1447 = ORIENTED_EDGE('',*,*,#1178,.T.);
#1448 = ORIENTED_EDGE('',*,*,#1449,.T.);
#1449 = EDGE_CURVE('',#1171,#1450,#1452,.T.);
#1450 = VERTEX_POINT('',#1451);
#1451 = CARTESIAN_POINT('',(-4.25,-4.05,6.9));
#1452 = LINE('',#1453,#1454);
#1453 = CARTESIAN_POINT('',(-4.25,-4.05,11.1));
#1454 = VECTOR('',#1455,1.);
#1455 = DIRECTION('',(0.,0.,-1.));
#1456 = ORIENTED_EDGE('',*,*,#1457,.T.);
#1457 = EDGE_CURVE('',#1450,#1458,#1460,.T.);
#1458 = VERTEX_POINT('',#1459);
#1459 = CARTESIAN_POINT('',(-1.4,-4.05,6.9));
#1460 = LINE('',#1461,#1462);
#1461 = CARTESIAN_POINT('',(-1.4,-4.05,6.9));
#1462 = VECTOR('',#1463,1.);
#1463 = DIRECTION('',(1.,0.,0.));
#1464 = ORIENTED_EDGE('',*,*,#1465,.F.);
#1465 = EDGE_CURVE('',#1179,#1458,#1466,.T.);
#1466 = LINE('',#1467,#1468);
#1467 = CARTESIAN_POINT('',(-1.4,-4.05,11.1));
#1468 = VECTOR('',#1469,1.);
#1469 = DIRECTION('',(0.,0.,-1.));
#1470 = PLANE('',#1471);
#1471 = AXIS2_PLACEMENT_3D('',#1472,#1473,#1474);
#1472 = CARTESIAN_POINT('',(-4.25,-4.05,11.1));
#1473 = DIRECTION('',(0.,1.,0.));
#1474 = DIRECTION('',(1.,0.,0.));
#1475 = ADVANCED_FACE('',(#1476),#1518,.F.);
#1476 = FACE_BOUND('',#1477,.T.);
#1477 = EDGE_LOOP('',(#1478,#1479,#1487,#1495,#1503,#1511,#1517));
#1478 = ORIENTED_EDGE('',*,*,#1170,.T.);
#1479 = ORIENTED_EDGE('',*,*,#1480,.T.);
#1480 = EDGE_CURVE('',#1163,#1481,#1483,.T.);
#1481 = VERTEX_POINT('',#1482);
#1482 = CARTESIAN_POINT('',(-4.25,-5.7,6.9));
#1483 = LINE('',#1484,#1485);
#1484 = CARTESIAN_POINT('',(-4.25,-4.05,6.9));
#1485 = VECTOR('',#1486,1.);
#1486 = DIRECTION('',(0.,1.,0.));
#1487 = ORIENTED_EDGE('',*,*,#1488,.T.);
#1488 = EDGE_CURVE('',#1481,#1489,#1491,.T.);
#1489 = VERTEX_POINT('',#1490);
#1490 = CARTESIAN_POINT('',(-4.25,-5.7,5.6));
#1491 = LINE('',#1492,#1493);
#1492 = CARTESIAN_POINT('',(-4.25,-5.7,6.9));
#1493 = VECTOR('',#1494,1.);
#1494 = DIRECTION('',(0.,0.,-1.));
#1495 = ORIENTED_EDGE('',*,*,#1496,.F.);
#1496 = EDGE_CURVE('',#1497,#1489,#1499,.T.);
#1497 = VERTEX_POINT('',#1498);
#1498 = CARTESIAN_POINT('',(-4.25,-4.5,5.6));
#1499 = LINE('',#1500,#1501);
#1500 = CARTESIAN_POINT('',(-4.25,-5.45,5.6));
#1501 = VECTOR('',#1502,1.);
#1502 = DIRECTION('',(0.,-1.,0.));
#1503 = ORIENTED_EDGE('',*,*,#1504,.F.);
#1504 = EDGE_CURVE('',#1505,#1497,#1507,.T.);
#1505 = VERTEX_POINT('',#1506);
#1506 = CARTESIAN_POINT('',(-4.25,-4.5,6.9));
#1507 = LINE('',#1508,#1509);
#1508 = CARTESIAN_POINT('',(-4.25,-4.5,6.9));
#1509 = VECTOR('',#1510,1.);
#1510 = DIRECTION('',(0.,0.,-1.));
#1511 = ORIENTED_EDGE('',*,*,#1512,.T.);
#1512 = EDGE_CURVE('',#1505,#1450,#1513,.T.);
#1513 = LINE('',#1514,#1515);
#1514 = CARTESIAN_POINT('',(-4.25,-4.05,6.9));
#1515 = VECTOR('',#1516,1.);
#1516 = DIRECTION('',(0.,1.,0.));
#1517 = ORIENTED_EDGE('',*,*,#1449,.F.);
#1518 = PLANE('',#1519);
#1519 = AXIS2_PLACEMENT_3D('',#1520,#1521,#1522);
#1520 = CARTESIAN_POINT('',(-4.25,-7.25,11.1));
#1521 = DIRECTION('',(-1.,0.,0.));
#1522 = DIRECTION('',(0.,1.,0.));
#1523 = ADVANCED_FACE('',(#1524),#1542,.T.);
#1524 = FACE_BOUND('',#1525,.T.);
#1525 = EDGE_LOOP('',(#1526,#1527,#1535,#1541));
#1526 = ORIENTED_EDGE('',*,*,#1162,.T.);
#1527 = ORIENTED_EDGE('',*,*,#1528,.F.);
#1528 = EDGE_CURVE('',#1529,#1155,#1531,.T.);
#1529 = VERTEX_POINT('',#1530);
#1530 = CARTESIAN_POINT('',(4.25,-5.7,6.9));
#1531 = LINE('',#1532,#1533);
#1532 = CARTESIAN_POINT('',(4.25,-7.25,6.9));
#1533 = VECTOR('',#1534,1.);
#1534 = DIRECTION('',(0.,-1.,0.));
#1535 = ORIENTED_EDGE('',*,*,#1536,.T.);
#1536 = EDGE_CURVE('',#1529,#1481,#1537,.T.);
#1537 = LINE('',#1538,#1539);
#1538 = CARTESIAN_POINT('',(2.125,-5.7,6.9));
#1539 = VECTOR('',#1540,1.);
#1540 = DIRECTION('',(-1.,0.,0.));
#1541 = ORIENTED_EDGE('',*,*,#1480,.F.);
#1542 = PLANE('',#1543);
#1543 = AXIS2_PLACEMENT_3D('',#1544,#1545,#1546);
#1544 = CARTESIAN_POINT('',(0.,-5.62682646407,6.9));
#1545 = DIRECTION('',(0.,0.,1.));
#1546 = DIRECTION('',(1.,0.,-0.));
#1547 = ADVANCED_FACE('',(#1548),#1590,.F.);
#1548 = FACE_BOUND('',#1549,.T.);
#1549 = EDGE_LOOP('',(#1550,#1551,#1559,#1567,#1575,#1583,#1589));
#1550 = ORIENTED_EDGE('',*,*,#1154,.T.);
#1551 = ORIENTED_EDGE('',*,*,#1552,.T.);
#1552 = EDGE_CURVE('',#1147,#1553,#1555,.T.);
#1553 = VERTEX_POINT('',#1554);
#1554 = CARTESIAN_POINT('',(4.25,-4.05,6.9));
#1555 = LINE('',#1556,#1557);
#1556 = CARTESIAN_POINT('',(4.25,-4.05,11.1));
#1557 = VECTOR('',#1558,1.);
#1558 = DIRECTION('',(0.,0.,-1.));
#1559 = ORIENTED_EDGE('',*,*,#1560,.T.);
#1560 = EDGE_CURVE('',#1553,#1561,#1563,.T.);
#1561 = VERTEX_POINT('',#1562);
#1562 = CARTESIAN_POINT('',(4.25,-4.5,6.9));
#1563 = LINE('',#1564,#1565);
#1564 = CARTESIAN_POINT('',(4.25,-7.25,6.9));
#1565 = VECTOR('',#1566,1.);
#1566 = DIRECTION('',(0.,-1.,0.));
#1567 = ORIENTED_EDGE('',*,*,#1568,.T.);
#1568 = EDGE_CURVE('',#1561,#1569,#1571,.T.);
#1569 = VERTEX_POINT('',#1570);
#1570 = CARTESIAN_POINT('',(4.25,-4.5,5.6));
#1571 = LINE('',#1572,#1573);
#1572 = CARTESIAN_POINT('',(4.25,-4.5,6.9));
#1573 = VECTOR('',#1574,1.);
#1574 = DIRECTION('',(0.,0.,-1.));
#1575 = ORIENTED_EDGE('',*,*,#1576,.F.);
#1576 = EDGE_CURVE('',#1577,#1569,#1579,.T.);
#1577 = VERTEX_POINT('',#1578);
#1578 = CARTESIAN_POINT('',(4.25,-5.7,5.6));
#1579 = LINE('',#1580,#1581);
#1580 = CARTESIAN_POINT('',(4.25,-4.85,5.6));
#1581 = VECTOR('',#1582,1.);
#1582 = DIRECTION('',(0.,1.,0.));
#1583 = ORIENTED_EDGE('',*,*,#1584,.F.);
#1584 = EDGE_CURVE('',#1529,#1577,#1585,.T.);
#1585 = LINE('',#1586,#1587);
#1586 = CARTESIAN_POINT('',(4.25,-5.7,6.9));
#1587 = VECTOR('',#1588,1.);
#1588 = DIRECTION('',(0.,0.,-1.));
#1589 = ORIENTED_EDGE('',*,*,#1528,.T.);
#1590 = PLANE('',#1591);
#1591 = AXIS2_PLACEMENT_3D('',#1592,#1593,#1594);
#1592 = CARTESIAN_POINT('',(4.25,-4.05,11.1));
#1593 = DIRECTION('',(1.,0.,0.));
#1594 = DIRECTION('',(0.,-1.,0.));
#1595 = ADVANCED_FACE('',(#1596),#1614,.F.);
#1596 = FACE_BOUND('',#1597,.T.);
#1597 = EDGE_LOOP('',(#1598,#1599,#1607,#1613));
#1598 = ORIENTED_EDGE('',*,*,#1146,.T.);
#1599 = ORIENTED_EDGE('',*,*,#1600,.T.);
#1600 = EDGE_CURVE('',#1138,#1601,#1603,.T.);
#1601 = VERTEX_POINT('',#1602);
#1602 = CARTESIAN_POINT('',(1.4,-4.05,6.9));
#1603 = LINE('',#1604,#1605);
#1604 = CARTESIAN_POINT('',(1.4,-4.05,11.1));
#1605 = VECTOR('',#1606,1.);
#1606 = DIRECTION('',(0.,0.,-1.));
#1607 = ORIENTED_EDGE('',*,*,#1608,.T.);
#1608 = EDGE_CURVE('',#1601,#1553,#1609,.T.);
#1609 = LINE('',#1610,#1611);
#1610 = CARTESIAN_POINT('',(4.25,-4.05,6.9));
#1611 = VECTOR('',#1612,1.);
#1612 = DIRECTION('',(1.,0.,0.));
#1613 = ORIENTED_EDGE('',*,*,#1552,.F.);
#1614 = PLANE('',#1615);
#1615 = AXIS2_PLACEMENT_3D('',#1616,#1617,#1618);
#1616 = CARTESIAN_POINT('',(1.4,-4.05,11.1));
#1617 = DIRECTION('',(0.,1.,0.));
#1618 = DIRECTION('',(1.,0.,0.));
#1619 = ADVANCED_FACE('',(#1620),#1631,.T.);
#1620 = FACE_BOUND('',#1621,.T.);
#1621 = EDGE_LOOP('',(#1622,#1623,#1629,#1630));
#1622 = ORIENTED_EDGE('',*,*,#1130,.T.);
#1623 = ORIENTED_EDGE('',*,*,#1624,.T.);
#1624 = EDGE_CURVE('',#1123,#813,#1625,.T.);
#1625 = LINE('',#1626,#1627);
#1626 = CARTESIAN_POINT('',(4.9,-7.25,7.5));
#1627 = VECTOR('',#1628,1.);
#1628 = DIRECTION('',(0.,1.,0.));
#1629 = ORIENTED_EDGE('',*,*,#812,.F.);
#1630 = ORIENTED_EDGE('',*,*,#682,.F.);
#1631 = PLANE('',#1632);
#1632 = AXIS2_PLACEMENT_3D('',#1633,#1634,#1635);
#1633 = CARTESIAN_POINT('',(4.9,-7.25,6.));
#1634 = DIRECTION('',(1.,-5.843279076974E-16,0.));
#1635 = DIRECTION('',(5.843279076974E-16,1.,0.));
#1636 = ADVANCED_FACE('',(#1637),#1651,.F.);
#1637 = FACE_BOUND('',#1638,.F.);
#1638 = EDGE_LOOP('',(#1639,#1640,#1641,#1642,#1649,#1650));
#1639 = ORIENTED_EDGE('',*,*,#665,.T.);
#1640 = ORIENTED_EDGE('',*,*,#1137,.F.);
#1641 = ORIENTED_EDGE('',*,*,#1600,.T.);
#1642 = ORIENTED_EDGE('',*,*,#1643,.F.);
#1643 = EDGE_CURVE('',#1458,#1601,#1644,.T.);
#1644 = CIRCLE('',#1645,1.75);
#1645 = AXIS2_PLACEMENT_3D('',#1646,#1647,#1648);
#1646 = CARTESIAN_POINT('',(0.,-5.1,6.9));
#1647 = DIRECTION('',(0.,0.,-1.));
#1648 = DIRECTION('',(0.8,0.6,0.));
#1649 = ORIENTED_EDGE('',*,*,#1465,.F.);
#1650 = ORIENTED_EDGE('',*,*,#1186,.F.);
#1651 = CYLINDRICAL_SURFACE('',#1652,1.75);
#1652 = AXIS2_PLACEMENT_3D('',#1653,#1654,#1655);
#1653 = CARTESIAN_POINT('',(0.,-5.1,11.1));
#1654 = DIRECTION('',(0.,0.,-1.));
#1655 = DIRECTION('',(0.8,0.6,0.));
#1656 = ADVANCED_FACE('',(#1657),#1668,.F.);
#1657 = FACE_BOUND('',#1658,.T.);
#1658 = EDGE_LOOP('',(#1659,#1665,#1666,#1667));
#1659 = ORIENTED_EDGE('',*,*,#1660,.F.);
#1660 = EDGE_CURVE('',#1489,#1577,#1661,.T.);
#1661 = LINE('',#1662,#1663);
#1662 = CARTESIAN_POINT('',(2.125,-5.7,5.6));
#1663 = VECTOR('',#1664,1.);
#1664 = DIRECTION('',(1.,0.,0.));
#1665 = ORIENTED_EDGE('',*,*,#1488,.F.);
#1666 = ORIENTED_EDGE('',*,*,#1536,.F.);
#1667 = ORIENTED_EDGE('',*,*,#1584,.T.);
#1668 = PLANE('',#1669);
#1669 = AXIS2_PLACEMENT_3D('',#1670,#1671,#1672);
#1670 = CARTESIAN_POINT('',(4.25,-5.7,6.9));
#1671 = DIRECTION('',(0.,-1.,0.));
#1672 = DIRECTION('',(-1.,0.,0.));
#1673 = ADVANCED_FACE('',(#1674),#1690,.F.);
#1674 = FACE_BOUND('',#1675,.T.);
#1675 = EDGE_LOOP('',(#1676,#1682,#1683,#1689));
#1676 = ORIENTED_EDGE('',*,*,#1677,.F.);
#1677 = EDGE_CURVE('',#1569,#1497,#1678,.T.);
#1678 = LINE('',#1679,#1680);
#1679 = CARTESIAN_POINT('',(-2.125,-4.5,5.6));
#1680 = VECTOR('',#1681,1.);
#1681 = DIRECTION('',(-1.,0.,0.));
#1682 = ORIENTED_EDGE('',*,*,#1568,.F.);
#1683 = ORIENTED_EDGE('',*,*,#1684,.F.);
#1684 = EDGE_CURVE('',#1505,#1561,#1685,.T.);
#1685 = LINE('',#1686,#1687);
#1686 = CARTESIAN_POINT('',(-2.125,-4.5,6.9));
#1687 = VECTOR('',#1688,1.);
#1688 = DIRECTION('',(1.,0.,0.));
#1689 = ORIENTED_EDGE('',*,*,#1504,.T.);
#1690 = PLANE('',#1691);
#1691 = AXIS2_PLACEMENT_3D('',#1692,#1693,#1694);
#1692 = CARTESIAN_POINT('',(-4.25,-4.5,6.9));
#1693 = DIRECTION('',(0.,1.,0.));
#1694 = DIRECTION('',(1.,0.,0.));
#1695 = ADVANCED_FACE('',(#1696),#1704,.T.);
#1696 = FACE_BOUND('',#1697,.T.);
#1697 = EDGE_LOOP('',(#1698,#1699,#1700,#1701,#1702,#1703));
#1698 = ORIENTED_EDGE('',*,*,#1684,.T.);
#1699 = ORIENTED_EDGE('',*,*,#1560,.F.);
#1700 = ORIENTED_EDGE('',*,*,#1608,.F.);
#1701 = ORIENTED_EDGE('',*,*,#1643,.F.);
#1702 = ORIENTED_EDGE('',*,*,#1457,.F.);
#1703 = ORIENTED_EDGE('',*,*,#1512,.F.);
#1704 = PLANE('',#1705);
#1705 = AXIS2_PLACEMENT_3D('',#1706,#1707,#1708);
#1706 = CARTESIAN_POINT('',(0.,-5.62682646407,6.9));
#1707 = DIRECTION('',(0.,0.,1.));
#1708 = DIRECTION('',(1.,0.,-0.));
#1709 = ADVANCED_FACE('',(#1710),#1722,.F.);
#1710 = FACE_BOUND('',#1711,.T.);
#1711 = EDGE_LOOP('',(#1712,#1713,#1719,#1720,#1721));
#1712 = ORIENTED_EDGE('',*,*,#561,.F.);
#1713 = ORIENTED_EDGE('',*,*,#1714,.F.);
#1714 = EDGE_CURVE('',#1253,#562,#1715,.T.);
#1715 = LINE('',#1716,#1717);
#1716 = CARTESIAN_POINT('',(-6.9,-3.1,8.55));
#1717 = VECTOR('',#1718,1.);
#1718 = DIRECTION('',(0.,0.,1.));
#1719 = ORIENTED_EDGE('',*,*,#1252,.T.);
#1720 = ORIENTED_EDGE('',*,*,#1308,.F.);
#1721 = ORIENTED_EDGE('',*,*,#641,.F.);
#1722 = PLANE('',#1723);
#1723 = AXIS2_PLACEMENT_3D('',#1724,#1725,#1726);
#1724 = CARTESIAN_POINT('',(-6.9,-3.1,11.1));
#1725 = DIRECTION('',(0.,1.,0.));
#1726 = DIRECTION('',(1.,0.,0.));
#1727 = ADVANCED_FACE('',(#1728),#1747,.F.);
#1728 = FACE_BOUND('',#1729,.T.);
#1729 = EDGE_LOOP('',(#1730,#1731,#1739,#1745,#1746));
#1730 = ORIENTED_EDGE('',*,*,#779,.F.);
#1731 = ORIENTED_EDGE('',*,*,#1732,.F.);
#1732 = EDGE_CURVE('',#1733,#780,#1735,.T.);
#1733 = VERTEX_POINT('',#1734);
#1734 = CARTESIAN_POINT('',(6.9,3.1,7.5));
#1735 = LINE('',#1736,#1737);
#1736 = CARTESIAN_POINT('',(6.9,3.1,8.55));
#1737 = VECTOR('',#1738,1.);
#1738 = DIRECTION('',(0.,0.,1.));
#1739 = ORIENTED_EDGE('',*,*,#1740,.T.);
#1740 = EDGE_CURVE('',#1733,#1205,#1741,.T.);
#1741 = LINE('',#1742,#1743);
#1742 = CARTESIAN_POINT('',(4.9,3.1,7.5));
#1743 = VECTOR('',#1744,1.);
#1744 = DIRECTION('',(-1.,0.,0.));
#1745 = ORIENTED_EDGE('',*,*,#1204,.F.);
#1746 = ORIENTED_EDGE('',*,*,#706,.F.);
#1747 = PLANE('',#1748);
#1748 = AXIS2_PLACEMENT_3D('',#1749,#1750,#1751);
#1749 = CARTESIAN_POINT('',(6.9,3.1,11.1));
#1750 = DIRECTION('',(0.,-1.,0.));
#1751 = DIRECTION('',(-1.,0.,0.));
#1752 = ADVANCED_FACE('',(#1753),#1780,.F.);
#1753 = FACE_BOUND('',#1754,.T.);
#1754 = EDGE_LOOP('',(#1755,#1766,#1772,#1773,#1774));
#1755 = ORIENTED_EDGE('',*,*,#1756,.F.);
#1756 = EDGE_CURVE('',#1757,#1759,#1761,.T.);
#1757 = VERTEX_POINT('',#1758);
#1758 = CARTESIAN_POINT('',(6.,6.3,7.5));
#1759 = VERTEX_POINT('',#1760);
#1760 = CARTESIAN_POINT('',(6.9,5.4,7.5));
#1761 = CIRCLE('',#1762,0.9);
#1762 = AXIS2_PLACEMENT_3D('',#1763,#1764,#1765);
#1763 = CARTESIAN_POINT('',(6.,5.4,7.5));
#1764 = DIRECTION('',(0.,0.,-1.));
#1765 = DIRECTION('',(1.,-4.93432455389E-15,0.));
#1766 = ORIENTED_EDGE('',*,*,#1767,.F.);
#1767 = EDGE_CURVE('',#1213,#1757,#1768,.T.);
#1768 = LINE('',#1769,#1770);
#1769 = CARTESIAN_POINT('',(5.95,6.3,7.5));
#1770 = VECTOR('',#1771,1.);
#1771 = DIRECTION('',(1.,1.00929365875E-15,0.));
#1772 = ORIENTED_EDGE('',*,*,#1212,.F.);
#1773 = ORIENTED_EDGE('',*,*,#1740,.F.);
#1774 = ORIENTED_EDGE('',*,*,#1775,.F.);
#1775 = EDGE_CURVE('',#1759,#1733,#1776,.T.);
#1776 = LINE('',#1777,#1778);
#1777 = CARTESIAN_POINT('',(6.9,-0.1125,7.5));
#1778 = VECTOR('',#1779,1.);
#1779 = DIRECTION('',(0.,-1.,0.));
#1780 = PLANE('',#1781);
#1781 = AXIS2_PLACEMENT_3D('',#1782,#1783,#1784);
#1782 = CARTESIAN_POINT('',(5.9,5.175,7.5));
#1783 = DIRECTION('',(0.,0.,-1.));
#1784 = DIRECTION('',(-1.,0.,0.));
#1785 = ADVANCED_FACE('',(#1786),#1813,.F.);
#1786 = FACE_BOUND('',#1787,.T.);
#1787 = EDGE_LOOP('',(#1788,#1799,#1805,#1806,#1807));
#1788 = ORIENTED_EDGE('',*,*,#1789,.F.);
#1789 = EDGE_CURVE('',#1790,#1792,#1794,.T.);
#1790 = VERTEX_POINT('',#1791);
#1791 = CARTESIAN_POINT('',(-6.9,5.4,7.5));
#1792 = VERTEX_POINT('',#1793);
#1793 = CARTESIAN_POINT('',(-6.,6.3,7.5));
#1794 = CIRCLE('',#1795,0.9);
#1795 = AXIS2_PLACEMENT_3D('',#1796,#1797,#1798);
#1796 = CARTESIAN_POINT('',(-6.,5.4,7.5));
#1797 = DIRECTION('',(0.,0.,-1.));
#1798 = DIRECTION('',(4.93432455389E-15,1.,0.));
#1799 = ORIENTED_EDGE('',*,*,#1800,.F.);
#1800 = EDGE_CURVE('',#619,#1790,#1801,.T.);
#1801 = LINE('',#1802,#1803);
#1802 = CARTESIAN_POINT('',(-6.9,5.2875,7.5));
#1803 = VECTOR('',#1804,1.);
#1804 = DIRECTION('',(0.,1.,0.));
#1805 = ORIENTED_EDGE('',*,*,#618,.F.);
#1806 = ORIENTED_EDGE('',*,*,#900,.F.);
#1807 = ORIENTED_EDGE('',*,*,#1808,.F.);
#1808 = EDGE_CURVE('',#1792,#893,#1809,.T.);
#1809 = LINE('',#1810,#1811);
#1810 = CARTESIAN_POINT('',(-5.4,6.3,7.5));
#1811 = VECTOR('',#1812,1.);
#1812 = DIRECTION('',(1.,-3.02788097625E-15,0.));
#1813 = PLANE('',#1814);
#1814 = AXIS2_PLACEMENT_3D('',#1815,#1816,#1817);
#1815 = CARTESIAN_POINT('',(-5.9,5.175,7.5));
#1816 = DIRECTION('',(0.,0.,-1.));
#1817 = DIRECTION('',(-1.,0.,0.));
#1818 = ADVANCED_FACE('',(#1819),#1839,.F.);
#1819 = FACE_BOUND('',#1820,.T.);
#1820 = EDGE_LOOP('',(#1821,#1822,#1831,#1837,#1838));
#1821 = ORIENTED_EDGE('',*,*,#1122,.T.);
#1822 = ORIENTED_EDGE('',*,*,#1823,.F.);
#1823 = EDGE_CURVE('',#1824,#1114,#1826,.T.);
#1824 = VERTEX_POINT('',#1825);
#1825 = CARTESIAN_POINT('',(6.9,-5.4,7.5));
#1826 = CIRCLE('',#1827,0.9);
#1827 = AXIS2_PLACEMENT_3D('',#1828,#1829,#1830);
#1828 = CARTESIAN_POINT('',(6.,-5.4,7.5));
#1829 = DIRECTION('',(0.,0.,-1.));
#1830 = DIRECTION('',(-3.700743415417E-15,-1.,-0.));
#1831 = ORIENTED_EDGE('',*,*,#1832,.F.);
#1832 = EDGE_CURVE('',#821,#1824,#1833,.T.);
#1833 = LINE('',#1834,#1835);
#1834 = CARTESIAN_POINT('',(6.9,-5.2875,7.5));
#1835 = VECTOR('',#1836,1.);
#1836 = DIRECTION('',(0.,-1.,0.));
#1837 = ORIENTED_EDGE('',*,*,#820,.F.);
#1838 = ORIENTED_EDGE('',*,*,#1624,.F.);
#1839 = PLANE('',#1840);
#1840 = AXIS2_PLACEMENT_3D('',#1841,#1842,#1843);
#1841 = CARTESIAN_POINT('',(5.9,-5.175,7.5));
#1842 = DIRECTION('',(0.,0.,-1.));
#1843 = DIRECTION('',(-1.,0.,0.));
#1844 = ADVANCED_FACE('',(#1845),#1865,.T.);
#1845 = FACE_BOUND('',#1846,.T.);
#1846 = EDGE_LOOP('',(#1847,#1848,#1849,#1850,#1856,#1857,#1863,#1864));
#1847 = ORIENTED_EDGE('',*,*,#587,.F.);
#1848 = ORIENTED_EDGE('',*,*,#626,.T.);
#1849 = ORIENTED_EDGE('',*,*,#1800,.T.);
#1850 = ORIENTED_EDGE('',*,*,#1851,.F.);
#1851 = EDGE_CURVE('',#1416,#1790,#1852,.T.);
#1852 = LINE('',#1853,#1854);
#1853 = CARTESIAN_POINT('',(-6.9,5.4,6.));
#1854 = VECTOR('',#1855,1.);
#1855 = DIRECTION('',(0.,0.,1.));
#1856 = ORIENTED_EDGE('',*,*,#1415,.F.);
#1857 = ORIENTED_EDGE('',*,*,#1858,.T.);
#1858 = EDGE_CURVE('',#1407,#1261,#1859,.T.);
#1859 = LINE('',#1860,#1861);
#1860 = CARTESIAN_POINT('',(-6.9,-5.4,6.));
#1861 = VECTOR('',#1862,1.);
#1862 = DIRECTION('',(0.,0.,1.));
#1863 = ORIENTED_EDGE('',*,*,#1260,.T.);
#1864 = ORIENTED_EDGE('',*,*,#1714,.T.);
#1865 = PLANE('',#1866);
#1866 = AXIS2_PLACEMENT_3D('',#1867,#1868,#1869);
#1867 = CARTESIAN_POINT('',(-6.9,5.4,6.));
#1868 = DIRECTION('',(-1.,0.,0.));
#1869 = DIRECTION('',(0.,-1.,0.));
#1870 = ADVANCED_FACE('',(#1871),#1882,.T.);
#1871 = FACE_BOUND('',#1872,.T.);
#1872 = EDGE_LOOP('',(#1873,#1874,#1880,#1881));
#1873 = ORIENTED_EDGE('',*,*,#1789,.T.);
#1874 = ORIENTED_EDGE('',*,*,#1875,.F.);
#1875 = EDGE_CURVE('',#1424,#1792,#1876,.T.);
#1876 = LINE('',#1877,#1878);
#1877 = CARTESIAN_POINT('',(-6.,6.3,6.));
#1878 = VECTOR('',#1879,1.);
#1879 = DIRECTION('',(0.,0.,1.));
#1880 = ORIENTED_EDGE('',*,*,#1423,.F.);
#1881 = ORIENTED_EDGE('',*,*,#1851,.T.);
#1882 = CYLINDRICAL_SURFACE('',#1883,0.9);
#1883 = AXIS2_PLACEMENT_3D('',#1884,#1885,#1886);
#1884 = CARTESIAN_POINT('',(-6.,5.4,6.));
#1885 = DIRECTION('',(0.,0.,1.));
#1886 = DIRECTION('',(4.93432455389E-15,1.,-0.));
#1887 = ADVANCED_FACE('',(#1888),#1894,.T.);
#1888 = FACE_BOUND('',#1889,.T.);
#1889 = EDGE_LOOP('',(#1890,#1891,#1892,#1893));
#1890 = ORIENTED_EDGE('',*,*,#1808,.T.);
#1891 = ORIENTED_EDGE('',*,*,#892,.F.);
#1892 = ORIENTED_EDGE('',*,*,#1432,.F.);
#1893 = ORIENTED_EDGE('',*,*,#1875,.T.);
#1894 = PLANE('',#1895);
#1895 = AXIS2_PLACEMENT_3D('',#1896,#1897,#1898);
#1896 = CARTESIAN_POINT('',(-4.9,6.3,6.));
#1897 = DIRECTION('',(3.02788097625E-15,1.,0.));
#1898 = DIRECTION('',(-1.,3.02788097625E-15,0.));
#1899 = ADVANCED_FACE('',(#1900),#1920,.T.);
#1900 = FACE_BOUND('',#1901,.T.);
#1901 = EDGE_LOOP('',(#1902,#1903,#1904,#1905,#1911,#1912,#1918,#1919));
#1902 = ORIENTED_EDGE('',*,*,#796,.F.);
#1903 = ORIENTED_EDGE('',*,*,#828,.T.);
#1904 = ORIENTED_EDGE('',*,*,#1832,.T.);
#1905 = ORIENTED_EDGE('',*,*,#1906,.F.);
#1906 = EDGE_CURVE('',#1366,#1824,#1907,.T.);
#1907 = LINE('',#1908,#1909);
#1908 = CARTESIAN_POINT('',(6.9,-5.4,6.));
#1909 = VECTOR('',#1910,1.);
#1910 = DIRECTION('',(0.,0.,1.));
#1911 = ORIENTED_EDGE('',*,*,#1365,.F.);
#1912 = ORIENTED_EDGE('',*,*,#1913,.T.);
#1913 = EDGE_CURVE('',#1357,#1759,#1914,.T.);
#1914 = LINE('',#1915,#1916);
#1915 = CARTESIAN_POINT('',(6.9,5.4,6.));
#1916 = VECTOR('',#1917,1.);
#1917 = DIRECTION('',(0.,0.,1.));
#1918 = ORIENTED_EDGE('',*,*,#1775,.T.);
#1919 = ORIENTED_EDGE('',*,*,#1732,.T.);
#1920 = PLANE('',#1921);
#1921 = AXIS2_PLACEMENT_3D('',#1922,#1923,#1924);
#1922 = CARTESIAN_POINT('',(6.9,-5.4,6.));
#1923 = DIRECTION('',(1.,0.,0.));
#1924 = DIRECTION('',(-0.,1.,0.));
#1925 = ADVANCED_FACE('',(#1926),#1938,.T.);
#1926 = FACE_BOUND('',#1927,.T.);
#1927 = EDGE_LOOP('',(#1928,#1929,#1935,#1936,#1937));
#1928 = ORIENTED_EDGE('',*,*,#1113,.T.);
#1929 = ORIENTED_EDGE('',*,*,#1930,.F.);
#1930 = EDGE_CURVE('',#1374,#1106,#1931,.T.);
#1931 = LINE('',#1932,#1933);
#1932 = CARTESIAN_POINT('',(6.,-6.3,6.));
#1933 = VECTOR('',#1934,1.);
#1934 = DIRECTION('',(0.,0.,1.));
#1935 = ORIENTED_EDGE('',*,*,#1373,.F.);
#1936 = ORIENTED_EDGE('',*,*,#1906,.T.);
#1937 = ORIENTED_EDGE('',*,*,#1823,.T.);
#1938 = CYLINDRICAL_SURFACE('',#1939,0.9);
#1939 = AXIS2_PLACEMENT_3D('',#1940,#1941,#1942);
#1940 = CARTESIAN_POINT('',(6.,-5.4,6.));
#1941 = DIRECTION('',(0.,0.,1.));
#1942 = DIRECTION('',(-3.700743415417E-15,-1.,0.));
#1943 = ADVANCED_FACE('',(#1944),#1955,.T.);
#1944 = FACE_BOUND('',#1945,.T.);
#1945 = EDGE_LOOP('',(#1946,#1947,#1953,#1954));
#1946 = ORIENTED_EDGE('',*,*,#1105,.T.);
#1947 = ORIENTED_EDGE('',*,*,#1948,.F.);
#1948 = EDGE_CURVE('',#1383,#1098,#1949,.T.);
#1949 = LINE('',#1950,#1951);
#1950 = CARTESIAN_POINT('',(4.9,-6.3,6.));
#1951 = VECTOR('',#1952,1.);
#1952 = DIRECTION('',(0.,0.,1.));
#1953 = ORIENTED_EDGE('',*,*,#1382,.F.);
#1954 = ORIENTED_EDGE('',*,*,#1930,.T.);
#1955 = PLANE('',#1956);
#1956 = AXIS2_PLACEMENT_3D('',#1957,#1958,#1959);
#1957 = CARTESIAN_POINT('',(4.9,-6.3,6.));
#1958 = DIRECTION('',(0.,-1.,0.));
#1959 = DIRECTION('',(1.,0.,0.));
#1960 = ADVANCED_FACE('',(#1961),#1972,.T.);
#1961 = FACE_BOUND('',#1962,.T.);
#1962 = EDGE_LOOP('',(#1963,#1964,#1970,#1971));
#1963 = ORIENTED_EDGE('',*,*,#1767,.T.);
#1964 = ORIENTED_EDGE('',*,*,#1965,.F.);
#1965 = EDGE_CURVE('',#1349,#1757,#1966,.T.);
#1966 = LINE('',#1967,#1968);
#1967 = CARTESIAN_POINT('',(6.,6.3,6.));
#1968 = VECTOR('',#1969,1.);
#1969 = DIRECTION('',(0.,0.,1.));
#1970 = ORIENTED_EDGE('',*,*,#1348,.F.);
#1971 = ORIENTED_EDGE('',*,*,#1220,.T.);
#1972 = PLANE('',#1973);
#1973 = AXIS2_PLACEMENT_3D('',#1974,#1975,#1976);
#1974 = CARTESIAN_POINT('',(6.,6.3,6.));
#1975 = DIRECTION('',(-1.00929365875E-15,1.,0.));
#1976 = DIRECTION('',(-1.,-1.00929365875E-15,0.));
#1977 = ADVANCED_FACE('',(#1978),#1984,.T.);
#1978 = FACE_BOUND('',#1979,.T.);
#1979 = EDGE_LOOP('',(#1980,#1981,#1982,#1983));
#1980 = ORIENTED_EDGE('',*,*,#1756,.T.);
#1981 = ORIENTED_EDGE('',*,*,#1913,.F.);
#1982 = ORIENTED_EDGE('',*,*,#1356,.F.);
#1983 = ORIENTED_EDGE('',*,*,#1965,.T.);
#1984 = CYLINDRICAL_SURFACE('',#1985,0.9);
#1985 = AXIS2_PLACEMENT_3D('',#1986,#1987,#1988);
#1986 = CARTESIAN_POINT('',(6.,5.4,6.));
#1987 = DIRECTION('',(0.,0.,1.));
#1988 = DIRECTION('',(1.,-4.93432455389E-15,0.));
#1989 = ADVANCED_FACE('',(#1990),#1995,.T.);
#1990 = FACE_BOUND('',#1991,.T.);
#1991 = EDGE_LOOP('',(#1992,#1993,#1994));
#1992 = ORIENTED_EDGE('',*,*,#1097,.T.);
#1993 = ORIENTED_EDGE('',*,*,#1390,.F.);
#1994 = ORIENTED_EDGE('',*,*,#1948,.T.);
#1995 = PLANE('',#1996);
#1996 = AXIS2_PLACEMENT_3D('',#1997,#1998,#1999);
#1997 = CARTESIAN_POINT('',(4.9,-7.25,6.));
#1998 = DIRECTION('',(1.,-5.843279076974E-16,0.));
#1999 = DIRECTION('',(5.843279076974E-16,1.,0.));
#2000 = ADVANCED_FACE('',(#2001),#2012,.T.);
#2001 = FACE_BOUND('',#2002,.T.);
#2002 = EDGE_LOOP('',(#2003,#2004,#2010,#2011));
#2003 = ORIENTED_EDGE('',*,*,#1073,.T.);
#2004 = ORIENTED_EDGE('',*,*,#2005,.F.);
#2005 = EDGE_CURVE('',#1399,#1065,#2006,.T.);
#2006 = LINE('',#2007,#2008);
#2007 = CARTESIAN_POINT('',(-6.,-6.3,6.));
#2008 = VECTOR('',#2009,1.);
#2009 = DIRECTION('',(0.,0.,1.));
#2010 = ORIENTED_EDGE('',*,*,#1398,.F.);
#2011 = ORIENTED_EDGE('',*,*,#1284,.T.);
#2012 = PLANE('',#2013);
#2013 = AXIS2_PLACEMENT_3D('',#2014,#2015,#2016);
#2014 = CARTESIAN_POINT('',(-6.,-6.3,6.));
#2015 = DIRECTION('',(1.00929365875E-15,-1.,0.));
#2016 = DIRECTION('',(1.,1.00929365875E-15,0.));
#2017 = ADVANCED_FACE('',(#2018),#2025,.T.);
#2018 = FACE_BOUND('',#2019,.T.);
#2019 = EDGE_LOOP('',(#2020,#2021,#2022,#2023,#2024));
#2020 = ORIENTED_EDGE('',*,*,#1064,.T.);
#2021 = ORIENTED_EDGE('',*,*,#1268,.T.);
#2022 = ORIENTED_EDGE('',*,*,#1858,.F.);
#2023 = ORIENTED_EDGE('',*,*,#1406,.F.);
#2024 = ORIENTED_EDGE('',*,*,#2005,.T.);
#2025 = CYLINDRICAL_SURFACE('',#2026,0.9);
#2026 = AXIS2_PLACEMENT_3D('',#2027,#2028,#2029);
#2027 = CARTESIAN_POINT('',(-6.,-5.4,6.));
#2028 = DIRECTION('',(0.,0.,1.));
#2029 = DIRECTION('',(-1.,0.,0.));
#2030 = ADVANCED_FACE('',(#2031),#2065,.F.);
#2031 = FACE_BOUND('',#2032,.T.);
#2032 = EDGE_LOOP('',(#2033,#2043,#2051,#2059));
#2033 = ORIENTED_EDGE('',*,*,#2034,.F.);
#2034 = EDGE_CURVE('',#2035,#2037,#2039,.T.);
#2035 = VERTEX_POINT('',#2036);
#2036 = CARTESIAN_POINT('',(-2.46,2.04,0.2));
#2037 = VERTEX_POINT('',#2038);
#2038 = CARTESIAN_POINT('',(-2.46,2.04,0.));
#2039 = LINE('',#2040,#2041);
#2040 = CARTESIAN_POINT('',(-2.46,2.04,0.));
#2041 = VECTOR('',#2042,1.);
#2042 = DIRECTION('',(0.,0.,-1.));
#2043 = ORIENTED_EDGE('',*,*,#2044,.T.);
#2044 = EDGE_CURVE('',#2035,#2045,#2047,.T.);
#2045 = VERTEX_POINT('',#2046);
#2046 = CARTESIAN_POINT('',(-2.46,2.54,0.2));
#2047 = LINE('',#2048,#2049);
#2048 = CARTESIAN_POINT('',(-2.46,2.54,0.2));
#2049 = VECTOR('',#2050,1.);
#2050 = DIRECTION('',(-1.02798428206E-15,1.,0.));
#2051 = ORIENTED_EDGE('',*,*,#2052,.F.);
#2052 = EDGE_CURVE('',#2053,#2045,#2055,.T.);
#2053 = VERTEX_POINT('',#2054);
#2054 = CARTESIAN_POINT('',(-2.46,2.54,0.));
#2055 = LINE('',#2056,#2057);
#2056 = CARTESIAN_POINT('',(-2.46,2.54,0.));
#2057 = VECTOR('',#2058,1.);
#2058 = DIRECTION('',(0.,0.,1.));
#2059 = ORIENTED_EDGE('',*,*,#2060,.F.);
#2060 = EDGE_CURVE('',#2037,#2053,#2061,.T.);
#2061 = LINE('',#2062,#2063);
#2062 = CARTESIAN_POINT('',(-2.46,1.,0.));
#2063 = VECTOR('',#2064,1.);
#2064 = DIRECTION('',(-1.02798428206E-15,1.,0.));
#2065 = PLANE('',#2066);
#2066 = AXIS2_PLACEMENT_3D('',#2067,#2068,#2069);
#2067 = CARTESIAN_POINT('',(-2.46,2.,0.));
#2068 = DIRECTION('',(1.,1.02798428206E-15,0.));
#2069 = DIRECTION('',(-1.02798428206E-15,1.,0.));
#2070 = ADVANCED_FACE('',(#2071),#2105,.F.);
#2071 = FACE_BOUND('',#2072,.T.);
#2072 = EDGE_LOOP('',(#2073,#2083,#2091,#2099));
#2073 = ORIENTED_EDGE('',*,*,#2074,.F.);
#2074 = EDGE_CURVE('',#2075,#2077,#2079,.T.);
#2075 = VERTEX_POINT('',#2076);
#2076 = CARTESIAN_POINT('',(-5.16,2.54,0.));
#2077 = VERTEX_POINT('',#2078);
#2078 = CARTESIAN_POINT('',(-5.16,2.,0.));
#2079 = LINE('',#2080,#2081);
#2080 = CARTESIAN_POINT('',(-5.16,1.27,0.));
#2081 = VECTOR('',#2082,1.);
#2082 = DIRECTION('',(2.055968564121E-15,-1.,0.));
#2083 = ORIENTED_EDGE('',*,*,#2084,.T.);
#2084 = EDGE_CURVE('',#2075,#2085,#2087,.T.);
#2085 = VERTEX_POINT('',#2086);
#2086 = CARTESIAN_POINT('',(-5.16,2.54,0.2));
#2087 = LINE('',#2088,#2089);
#2088 = CARTESIAN_POINT('',(-5.16,2.54,0.));
#2089 = VECTOR('',#2090,1.);
#2090 = DIRECTION('',(0.,0.,1.));
#2091 = ORIENTED_EDGE('',*,*,#2092,.T.);
#2092 = EDGE_CURVE('',#2085,#2093,#2095,.T.);
#2093 = VERTEX_POINT('',#2094);
#2094 = CARTESIAN_POINT('',(-5.16,2.,0.2));
#2095 = LINE('',#2096,#2097);
#2096 = CARTESIAN_POINT('',(-5.16,2.,0.2));
#2097 = VECTOR('',#2098,1.);
#2098 = DIRECTION('',(2.055968564121E-15,-1.,0.));
#2099 = ORIENTED_EDGE('',*,*,#2100,.F.);
#2100 = EDGE_CURVE('',#2077,#2093,#2101,.T.);
#2101 = LINE('',#2102,#2103);
#2102 = CARTESIAN_POINT('',(-5.16,2.,0.));
#2103 = VECTOR('',#2104,1.);
#2104 = DIRECTION('',(0.,0.,1.));
#2105 = PLANE('',#2106);
#2106 = AXIS2_PLACEMENT_3D('',#2107,#2108,#2109);
#2107 = CARTESIAN_POINT('',(-5.16,2.54,0.));
#2108 = DIRECTION('',(-1.,-2.055968564121E-15,0.));
#2109 = DIRECTION('',(2.055968564121E-15,-1.,0.));
#2110 = ADVANCED_FACE('',(#2111),#2129,.F.);
#2111 = FACE_BOUND('',#2112,.F.);
#2112 = EDGE_LOOP('',(#2113,#2114,#2121,#2122));
#2113 = ORIENTED_EDGE('',*,*,#2084,.T.);
#2114 = ORIENTED_EDGE('',*,*,#2115,.F.);
#2115 = EDGE_CURVE('',#2045,#2085,#2116,.T.);
#2116 = CIRCLE('',#2117,1.35);
#2117 = AXIS2_PLACEMENT_3D('',#2118,#2119,#2120);
#2118 = CARTESIAN_POINT('',(-3.81,2.54,0.2));
#2119 = DIRECTION('',(0.,0.,1.));
#2120 = DIRECTION('',(-1.,0.,0.));
#2121 = ORIENTED_EDGE('',*,*,#2052,.F.);
#2122 = ORIENTED_EDGE('',*,*,#2123,.T.);
#2123 = EDGE_CURVE('',#2053,#2075,#2124,.T.);
#2124 = CIRCLE('',#2125,1.35);
#2125 = AXIS2_PLACEMENT_3D('',#2126,#2127,#2128);
#2126 = CARTESIAN_POINT('',(-3.81,2.54,0.));
#2127 = DIRECTION('',(0.,0.,1.));
#2128 = DIRECTION('',(-1.,0.,0.));
#2129 = CYLINDRICAL_SURFACE('',#2130,1.35);
#2130 = AXIS2_PLACEMENT_3D('',#2131,#2132,#2133);
#2131 = CARTESIAN_POINT('',(-3.81,2.54,0.));
#2132 = DIRECTION('',(0.,0.,1.));
#2133 = DIRECTION('',(-1.,0.,0.));
#2134 = ADVANCED_FACE('',(#2135,#2154),#2188,.F.);
#2135 = FACE_BOUND('',#2136,.T.);
#2136 = EDGE_LOOP('',(#2137,#2145,#2151,#2152,#2153));
#2137 = ORIENTED_EDGE('',*,*,#2138,.F.);
#2138 = EDGE_CURVE('',#2139,#2035,#2141,.T.);
#2139 = VERTEX_POINT('',#2140);
#2140 = CARTESIAN_POINT('',(-2.5,2.,0.2));
#2141 = LINE('',#2142,#2143);
#2142 = CARTESIAN_POINT('',(-2.657153350459,1.842846649541,0.2));
#2143 = VECTOR('',#2144,1.);
#2144 = DIRECTION('',(0.707106781187,0.707106781187,0.));
#2145 = ORIENTED_EDGE('',*,*,#2146,.F.);
#2146 = EDGE_CURVE('',#2093,#2139,#2147,.T.);
#2147 = LINE('',#2148,#2149);
#2148 = CARTESIAN_POINT('',(-5.405,2.,0.2));
#2149 = VECTOR('',#2150,1.);
#2150 = DIRECTION('',(1.,0.,0.));
#2151 = ORIENTED_EDGE('',*,*,#2092,.F.);
#2152 = ORIENTED_EDGE('',*,*,#2115,.F.);
#2153 = ORIENTED_EDGE('',*,*,#2044,.F.);
#2154 = FACE_BOUND('',#2155,.T.);
#2155 = EDGE_LOOP('',(#2156,#2166,#2174,#2182));
#2156 = ORIENTED_EDGE('',*,*,#2157,.F.);
#2157 = EDGE_CURVE('',#2158,#2160,#2162,.T.);
#2158 = VERTEX_POINT('',#2159);
#2159 = CARTESIAN_POINT('',(-3.41,2.74,0.2));
#2160 = VERTEX_POINT('',#2161);
#2161 = CARTESIAN_POINT('',(-3.41,2.34,0.2));
#2162 = LINE('',#2163,#2164);
#2163 = CARTESIAN_POINT('',(-3.41,2.510693299082,0.2));
#2164 = VECTOR('',#2165,1.);
#2165 = DIRECTION('',(0.,-1.,0.));
#2166 = ORIENTED_EDGE('',*,*,#2167,.F.);
#2167 = EDGE_CURVE('',#2168,#2158,#2170,.T.);
#2168 = VERTEX_POINT('',#2169);
#2169 = CARTESIAN_POINT('',(-4.21,2.74,0.2));
#2170 = LINE('',#2171,#2172);
#2171 = CARTESIAN_POINT('',(-3.61,2.74,0.2));
#2172 = VECTOR('',#2173,1.);
#2173 = DIRECTION('',(1.,0.,0.));
#2174 = ORIENTED_EDGE('',*,*,#2175,.F.);
#2175 = EDGE_CURVE('',#2176,#2168,#2178,.T.);
#2176 = VERTEX_POINT('',#2177);
#2177 = CARTESIAN_POINT('',(-4.21,2.34,0.2));
#2178 = LINE('',#2179,#2180);
#2179 = CARTESIAN_POINT('',(-4.21,2.710693299082,0.2));
#2180 = VECTOR('',#2181,1.);
#2181 = DIRECTION('',(0.,1.,0.));
#2182 = ORIENTED_EDGE('',*,*,#2183,.F.);
#2183 = EDGE_CURVE('',#2160,#2176,#2184,.T.);
#2184 = LINE('',#2185,#2186);
#2185 = CARTESIAN_POINT('',(-4.01,2.34,0.2));
#2186 = VECTOR('',#2187,1.);
#2187 = DIRECTION('',(-1.,3.469446951954E-16,0.));
#2188 = PLANE('',#2189);
#2189 = AXIS2_PLACEMENT_3D('',#2190,#2191,#2192);
#2190 = CARTESIAN_POINT('',(-3.81,2.681386598163,0.2));
#2191 = DIRECTION('',(0.,0.,1.));
#2192 = DIRECTION('',(1.,0.,-0.));
#2193 = ADVANCED_FACE('',(#2194),#2228,.F.);
#2194 = FACE_BOUND('',#2195,.T.);
#2195 = EDGE_LOOP('',(#2196,#2206,#2214,#2222));
#2196 = ORIENTED_EDGE('',*,*,#2197,.F.);
#2197 = EDGE_CURVE('',#2198,#2200,#2202,.T.);
#2198 = VERTEX_POINT('',#2199);
#2199 = CARTESIAN_POINT('',(1.5,3.77,0.));
#2200 = VERTEX_POINT('',#2201);
#2201 = CARTESIAN_POINT('',(2.54,3.77,0.));
#2202 = LINE('',#2203,#2204);
#2203 = CARTESIAN_POINT('',(0.75,3.77,0.));
#2204 = VECTOR('',#2205,1.);
#2205 = DIRECTION('',(1.,0.,0.));
#2206 = ORIENTED_EDGE('',*,*,#2207,.F.);
#2207 = EDGE_CURVE('',#2208,#2198,#2210,.T.);
#2208 = VERTEX_POINT('',#2209);
#2209 = CARTESIAN_POINT('',(1.5,3.77,0.2));
#2210 = LINE('',#2211,#2212);
#2211 = CARTESIAN_POINT('',(1.5,3.77,0.));
#2212 = VECTOR('',#2213,1.);
#2213 = DIRECTION('',(0.,0.,-1.));
#2214 = ORIENTED_EDGE('',*,*,#2215,.T.);
#2215 = EDGE_CURVE('',#2208,#2216,#2218,.T.);
#2216 = VERTEX_POINT('',#2217);
#2217 = CARTESIAN_POINT('',(2.54,3.77,0.2));
#2218 = LINE('',#2219,#2220);
#2219 = CARTESIAN_POINT('',(2.54,3.77,0.2));
#2220 = VECTOR('',#2221,1.);
#2221 = DIRECTION('',(1.,0.,0.));
#2222 = ORIENTED_EDGE('',*,*,#2223,.F.);
#2223 = EDGE_CURVE('',#2200,#2216,#2224,.T.);
#2224 = LINE('',#2225,#2226);
#2225 = CARTESIAN_POINT('',(2.54,3.77,0.));
#2226 = VECTOR('',#2227,1.);
#2227 = DIRECTION('',(0.,0.,1.));
#2228 = PLANE('',#2229);
#2229 = AXIS2_PLACEMENT_3D('',#2230,#2231,#2232);
#2230 = CARTESIAN_POINT('',(1.5,3.77,0.));
#2231 = DIRECTION('',(0.,-1.,0.));
#2232 = DIRECTION('',(1.,0.,0.));
#2233 = ADVANCED_FACE('',(#2234),#2268,.F.);
#2234 = FACE_BOUND('',#2235,.T.);
#2235 = EDGE_LOOP('',(#2236,#2246,#2254,#2262));
#2236 = ORIENTED_EDGE('',*,*,#2237,.F.);
#2237 = EDGE_CURVE('',#2238,#2240,#2242,.T.);
#2238 = VERTEX_POINT('',#2239);
#2239 = CARTESIAN_POINT('',(2.54,6.47,0.));
#2240 = VERTEX_POINT('',#2241);
#2241 = CARTESIAN_POINT('',(1.5,6.47,0.));
#2242 = LINE('',#2243,#2244);
#2243 = CARTESIAN_POINT('',(1.27,6.47,0.));
#2244 = VECTOR('',#2245,1.);
#2245 = DIRECTION('',(-1.,0.,0.));
#2246 = ORIENTED_EDGE('',*,*,#2247,.T.);
#2247 = EDGE_CURVE('',#2238,#2248,#2250,.T.);
#2248 = VERTEX_POINT('',#2249);
#2249 = CARTESIAN_POINT('',(2.54,6.47,0.2));
#2250 = LINE('',#2251,#2252);
#2251 = CARTESIAN_POINT('',(2.54,6.47,0.));
#2252 = VECTOR('',#2253,1.);
#2253 = DIRECTION('',(0.,0.,1.));
#2254 = ORIENTED_EDGE('',*,*,#2255,.T.);
#2255 = EDGE_CURVE('',#2248,#2256,#2258,.T.);
#2256 = VERTEX_POINT('',#2257);
#2257 = CARTESIAN_POINT('',(1.5,6.47,0.2));
#2258 = LINE('',#2259,#2260);
#2259 = CARTESIAN_POINT('',(1.5,6.47,0.2));
#2260 = VECTOR('',#2261,1.);
#2261 = DIRECTION('',(-1.,0.,0.));
#2262 = ORIENTED_EDGE('',*,*,#2263,.F.);
#2263 = EDGE_CURVE('',#2240,#2256,#2264,.T.);
#2264 = LINE('',#2265,#2266);
#2265 = CARTESIAN_POINT('',(1.5,6.47,0.));
#2266 = VECTOR('',#2267,1.);
#2267 = DIRECTION('',(0.,0.,1.));
#2268 = PLANE('',#2269);
#2269 = AXIS2_PLACEMENT_3D('',#2270,#2271,#2272);
#2270 = CARTESIAN_POINT('',(2.54,6.47,0.));
#2271 = DIRECTION('',(0.,1.,0.));
#2272 = DIRECTION('',(-1.,0.,0.));
#2273 = ADVANCED_FACE('',(#2274),#2292,.F.);
#2274 = FACE_BOUND('',#2275,.F.);
#2275 = EDGE_LOOP('',(#2276,#2277,#2284,#2285));
#2276 = ORIENTED_EDGE('',*,*,#2247,.T.);
#2277 = ORIENTED_EDGE('',*,*,#2278,.F.);
#2278 = EDGE_CURVE('',#2216,#2248,#2279,.T.);
#2279 = CIRCLE('',#2280,1.35);
#2280 = AXIS2_PLACEMENT_3D('',#2281,#2282,#2283);
#2281 = CARTESIAN_POINT('',(2.54,5.12,0.2));
#2282 = DIRECTION('',(0.,-0.,1.));
#2283 = DIRECTION('',(0.,1.,0.));
#2284 = ORIENTED_EDGE('',*,*,#2223,.F.);
#2285 = ORIENTED_EDGE('',*,*,#2286,.T.);
#2286 = EDGE_CURVE('',#2200,#2238,#2287,.T.);
#2287 = CIRCLE('',#2288,1.35);
#2288 = AXIS2_PLACEMENT_3D('',#2289,#2290,#2291);
#2289 = CARTESIAN_POINT('',(2.54,5.12,0.));
#2290 = DIRECTION('',(0.,-0.,1.));
#2291 = DIRECTION('',(0.,1.,0.));
#2292 = CYLINDRICAL_SURFACE('',#2293,1.35);
#2293 = AXIS2_PLACEMENT_3D('',#2294,#2295,#2296);
#2294 = CARTESIAN_POINT('',(2.54,5.12,0.));
#2295 = DIRECTION('',(0.,0.,1.));
#2296 = DIRECTION('',(0.,1.,0.));
#2297 = ADVANCED_FACE('',(#2298,#2309),#2343,.F.);
#2298 = FACE_BOUND('',#2299,.T.);
#2299 = EDGE_LOOP('',(#2300,#2301,#2302,#2308));
#2300 = ORIENTED_EDGE('',*,*,#2278,.F.);
#2301 = ORIENTED_EDGE('',*,*,#2215,.F.);
#2302 = ORIENTED_EDGE('',*,*,#2303,.F.);
#2303 = EDGE_CURVE('',#2256,#2208,#2304,.T.);
#2304 = LINE('',#2305,#2306);
#2305 = CARTESIAN_POINT('',(1.5,6.06,0.2));
#2306 = VECTOR('',#2307,1.);
#2307 = DIRECTION('',(6.938893903907E-17,-1.,0.));
#2308 = ORIENTED_EDGE('',*,*,#2255,.F.);
#2309 = FACE_BOUND('',#2310,.T.);
#2310 = EDGE_LOOP('',(#2311,#2321,#2329,#2337));
#2311 = ORIENTED_EDGE('',*,*,#2312,.F.);
#2312 = EDGE_CURVE('',#2313,#2315,#2317,.T.);
#2313 = VERTEX_POINT('',#2314);
#2314 = CARTESIAN_POINT('',(2.94,5.27,0.2));
#2315 = VERTEX_POINT('',#2316);
#2316 = CARTESIAN_POINT('',(2.94,4.97,0.2));
#2317 = LINE('',#2318,#2319);
#2318 = CARTESIAN_POINT('',(2.94,5.045,0.2));
#2319 = VECTOR('',#2320,1.);
#2320 = DIRECTION('',(-1.850371707709E-15,-1.,0.));
#2321 = ORIENTED_EDGE('',*,*,#2322,.F.);
#2322 = EDGE_CURVE('',#2323,#2313,#2325,.T.);
#2323 = VERTEX_POINT('',#2324);
#2324 = CARTESIAN_POINT('',(2.14,5.27,0.2));
#2325 = LINE('',#2326,#2327);
#2326 = CARTESIAN_POINT('',(2.667405647746,5.27,0.2));
#2327 = VECTOR('',#2328,1.);
#2328 = DIRECTION('',(1.,0.,0.));
#2329 = ORIENTED_EDGE('',*,*,#2330,.F.);
#2330 = EDGE_CURVE('',#2331,#2323,#2333,.T.);
#2331 = VERTEX_POINT('',#2332);
#2332 = CARTESIAN_POINT('',(2.14,4.97,0.2));
#2333 = LINE('',#2334,#2335);
#2334 = CARTESIAN_POINT('',(2.14,5.195,0.2));
#2335 = VECTOR('',#2336,1.);
#2336 = DIRECTION('',(0.,1.,0.));
#2337 = ORIENTED_EDGE('',*,*,#2338,.F.);
#2338 = EDGE_CURVE('',#2315,#2331,#2339,.T.);
#2339 = LINE('',#2340,#2341);
#2340 = CARTESIAN_POINT('',(2.267405647746,4.97,0.2));
#2341 = VECTOR('',#2342,1.);
#2342 = DIRECTION('',(-1.,0.,0.));
#2343 = PLANE('',#2344);
#2344 = AXIS2_PLACEMENT_3D('',#2345,#2346,#2347);
#2345 = CARTESIAN_POINT('',(2.394811295492,5.12,0.2));
#2346 = DIRECTION('',(0.,0.,1.));
#2347 = DIRECTION('',(1.,0.,-0.));
#2348 = ADVANCED_FACE('',(#2349),#2392,.F.);
#2349 = FACE_BOUND('',#2350,.T.);
#2350 = EDGE_LOOP('',(#2351,#2352,#2353,#2354,#2362,#2370,#2378,#2386));
#2351 = ORIENTED_EDGE('',*,*,#2060,.T.);
#2352 = ORIENTED_EDGE('',*,*,#2123,.T.);
#2353 = ORIENTED_EDGE('',*,*,#2074,.T.);
#2354 = ORIENTED_EDGE('',*,*,#2355,.T.);
#2355 = EDGE_CURVE('',#2077,#2356,#2358,.T.);
#2356 = VERTEX_POINT('',#2357);
#2357 = CARTESIAN_POINT('',(-6.2484375,2.,0.));
#2358 = LINE('',#2359,#2360);
#2359 = CARTESIAN_POINT('',(-3.5,2.,0.));
#2360 = VECTOR('',#2361,1.);
#2361 = DIRECTION('',(-1.,0.,0.));
#2362 = ORIENTED_EDGE('',*,*,#2363,.T.);
#2363 = EDGE_CURVE('',#2356,#2364,#2366,.T.);
#2364 = VERTEX_POINT('',#2365);
#2365 = CARTESIAN_POINT('',(-6.2484375,6.75,1.387778780781E-16));
#2366 = LINE('',#2367,#2368);
#2367 = CARTESIAN_POINT('',(-6.2484375,-3.5,1.387778780781E-16));
#2368 = VECTOR('',#2369,1.);
#2369 = DIRECTION('',(0.,1.,0.));
#2370 = ORIENTED_EDGE('',*,*,#2371,.T.);
#2371 = EDGE_CURVE('',#2364,#2372,#2374,.T.);
#2372 = VERTEX_POINT('',#2373);
#2373 = CARTESIAN_POINT('',(-1.5,6.75,0.));
#2374 = LINE('',#2375,#2376);
#2375 = CARTESIAN_POINT('',(3.5,6.75,-6.938893903907E-17));
#2376 = VECTOR('',#2377,1.);
#2377 = DIRECTION('',(1.,1.500301384629E-16,0.));
#2378 = ORIENTED_EDGE('',*,*,#2379,.T.);
#2379 = EDGE_CURVE('',#2372,#2380,#2382,.T.);
#2380 = VERTEX_POINT('',#2381);
#2381 = CARTESIAN_POINT('',(-1.5,3.,0.));
#2382 = LINE('',#2383,#2384);
#2383 = CARTESIAN_POINT('',(-1.5,1.5,0.));
#2384 = VECTOR('',#2385,1.);
#2385 = DIRECTION('',(6.938893903907E-17,-1.,0.));
#2386 = ORIENTED_EDGE('',*,*,#2387,.T.);
#2387 = EDGE_CURVE('',#2380,#2037,#2388,.T.);
#2388 = LINE('',#2389,#2390);
#2389 = CARTESIAN_POINT('',(-2.375,2.125,0.));
#2390 = VECTOR('',#2391,1.);
#2391 = DIRECTION('',(-0.707106781187,-0.707106781187,0.));
#2392 = PLANE('',#2393);
#2393 = AXIS2_PLACEMENT_3D('',#2394,#2395,#2396);
#2394 = CARTESIAN_POINT('',(8.921435019309E-16,8.921435019309E-16,0.));
#2395 = DIRECTION('',(0.,0.,1.));
#2396 = DIRECTION('',(1.,0.,-0.));
#2397 = ADVANCED_FACE('',(#2398),#2423,.F.);
#2398 = FACE_BOUND('',#2399,.T.);
#2399 = EDGE_LOOP('',(#2400,#2401,#2409,#2417));
#2400 = ORIENTED_EDGE('',*,*,#2175,.T.);
#2401 = ORIENTED_EDGE('',*,*,#2402,.T.);
#2402 = EDGE_CURVE('',#2168,#2403,#2405,.T.);
#2403 = VERTEX_POINT('',#2404);
#2404 = CARTESIAN_POINT('',(-4.21,2.74,2.));
#2405 = LINE('',#2406,#2407);
#2406 = CARTESIAN_POINT('',(-4.21,2.74,0.));
#2407 = VECTOR('',#2408,1.);
#2408 = DIRECTION('',(0.,0.,1.));
#2409 = ORIENTED_EDGE('',*,*,#2410,.T.);
#2410 = EDGE_CURVE('',#2403,#2411,#2413,.T.);
#2411 = VERTEX_POINT('',#2412);
#2412 = CARTESIAN_POINT('',(-4.21,2.34,2.));
#2413 = LINE('',#2414,#2415);
#2414 = CARTESIAN_POINT('',(-4.21,2.34,2.));
#2415 = VECTOR('',#2416,1.);
#2416 = DIRECTION('',(0.,-1.,0.));
#2417 = ORIENTED_EDGE('',*,*,#2418,.F.);
#2418 = EDGE_CURVE('',#2176,#2411,#2419,.T.);
#2419 = LINE('',#2420,#2421);
#2420 = CARTESIAN_POINT('',(-4.21,2.34,0.));
#2421 = VECTOR('',#2422,1.);
#2422 = DIRECTION('',(0.,0.,1.));
#2423 = PLANE('',#2424);
#2424 = AXIS2_PLACEMENT_3D('',#2425,#2426,#2427);
#2425 = CARTESIAN_POINT('',(-4.21,2.74,0.));
#2426 = DIRECTION('',(-1.,0.,0.));
#2427 = DIRECTION('',(0.,-1.,0.));
#2428 = ADVANCED_FACE('',(#2429),#2447,.F.);
#2429 = FACE_BOUND('',#2430,.T.);
#2430 = EDGE_LOOP('',(#2431,#2432,#2440,#2446));
#2431 = ORIENTED_EDGE('',*,*,#2167,.T.);
#2432 = ORIENTED_EDGE('',*,*,#2433,.T.);
#2433 = EDGE_CURVE('',#2158,#2434,#2436,.T.);
#2434 = VERTEX_POINT('',#2435);
#2435 = CARTESIAN_POINT('',(-3.41,2.74,2.));
#2436 = LINE('',#2437,#2438);
#2437 = CARTESIAN_POINT('',(-3.41,2.74,0.));
#2438 = VECTOR('',#2439,1.);
#2439 = DIRECTION('',(0.,0.,1.));
#2440 = ORIENTED_EDGE('',*,*,#2441,.T.);
#2441 = EDGE_CURVE('',#2434,#2403,#2442,.T.);
#2442 = LINE('',#2443,#2444);
#2443 = CARTESIAN_POINT('',(-4.21,2.74,2.));
#2444 = VECTOR('',#2445,1.);
#2445 = DIRECTION('',(-1.,0.,0.));
#2446 = ORIENTED_EDGE('',*,*,#2402,.F.);
#2447 = PLANE('',#2448);
#2448 = AXIS2_PLACEMENT_3D('',#2449,#2450,#2451);
#2449 = CARTESIAN_POINT('',(-3.41,2.74,0.));
#2450 = DIRECTION('',(0.,1.,0.));
#2451 = DIRECTION('',(-1.,0.,0.));
#2452 = ADVANCED_FACE('',(#2453),#2496,.T.);
#2453 = FACE_BOUND('',#2454,.T.);
#2454 = EDGE_LOOP('',(#2455,#2456,#2457,#2458,#2466,#2474,#2482,#2490));
#2455 = ORIENTED_EDGE('',*,*,#2263,.T.);
#2456 = ORIENTED_EDGE('',*,*,#2303,.T.);
#2457 = ORIENTED_EDGE('',*,*,#2207,.T.);
#2458 = ORIENTED_EDGE('',*,*,#2459,.F.);
#2459 = EDGE_CURVE('',#2460,#2198,#2462,.T.);
#2460 = VERTEX_POINT('',#2461);
#2461 = CARTESIAN_POINT('',(1.5,3.,0.));
#2462 = LINE('',#2463,#2464);
#2463 = CARTESIAN_POINT('',(1.5,3.5,0.));
#2464 = VECTOR('',#2465,1.);
#2465 = DIRECTION('',(-6.938893903907E-17,1.,0.));
#2466 = ORIENTED_EDGE('',*,*,#2467,.T.);
#2467 = EDGE_CURVE('',#2460,#2468,#2470,.T.);
#2468 = VERTEX_POINT('',#2469);
#2469 = CARTESIAN_POINT('',(1.5,3.,0.5));
#2470 = LINE('',#2471,#2472);
#2471 = CARTESIAN_POINT('',(1.5,3.,0.));
#2472 = VECTOR('',#2473,1.);
#2473 = DIRECTION('',(0.,0.,1.));
#2474 = ORIENTED_EDGE('',*,*,#2475,.T.);
#2475 = EDGE_CURVE('',#2468,#2476,#2478,.T.);
#2476 = VERTEX_POINT('',#2477);
#2477 = CARTESIAN_POINT('',(1.5,6.783783783784,0.5));
#2478 = LINE('',#2479,#2480);
#2479 = CARTESIAN_POINT('',(1.5,3.5,0.5));
#2480 = VECTOR('',#2481,1.);
#2481 = DIRECTION('',(-6.938893903907E-17,1.,0.));
#2482 = ORIENTED_EDGE('',*,*,#2483,.T.);
#2483 = EDGE_CURVE('',#2476,#2484,#2486,.T.);
#2484 = VERTEX_POINT('',#2485);
#2485 = CARTESIAN_POINT('',(1.5,6.75,0.));
#2486 = LINE('',#2487,#2488);
#2487 = CARTESIAN_POINT('',(1.5,6.740432943396,-0.141592437739));
#2488 = VECTOR('',#2489,1.);
#2489 = DIRECTION('',(4.677776082618E-18,-6.741385799232E-02,
    -0.997725098286));
#2490 = ORIENTED_EDGE('',*,*,#2491,.F.);
#2491 = EDGE_CURVE('',#2240,#2484,#2492,.T.);
#2492 = LINE('',#2493,#2494);
#2493 = CARTESIAN_POINT('',(1.5,3.5,0.));
#2494 = VECTOR('',#2495,1.);
#2495 = DIRECTION('',(-6.938893903907E-17,1.,0.));
#2496 = PLANE('',#2497);
#2497 = AXIS2_PLACEMENT_3D('',#2498,#2499,#2500);
#2498 = CARTESIAN_POINT('',(1.5,7.,0.));
#2499 = DIRECTION('',(-1.,-6.938893903907E-17,0.));
#2500 = DIRECTION('',(6.938893903907E-17,-1.,0.));
#2501 = ADVANCED_FACE('',(#2502),#2527,.F.);
#2502 = FACE_BOUND('',#2503,.T.);
#2503 = EDGE_LOOP('',(#2504,#2505,#2513,#2521));
#2504 = ORIENTED_EDGE('',*,*,#2330,.T.);
#2505 = ORIENTED_EDGE('',*,*,#2506,.T.);
#2506 = EDGE_CURVE('',#2323,#2507,#2509,.T.);
#2507 = VERTEX_POINT('',#2508);
#2508 = CARTESIAN_POINT('',(2.14,5.27,2.));
#2509 = LINE('',#2510,#2511);
#2510 = CARTESIAN_POINT('',(2.14,5.27,0.));
#2511 = VECTOR('',#2512,1.);
#2512 = DIRECTION('',(0.,0.,1.));
#2513 = ORIENTED_EDGE('',*,*,#2514,.T.);
#2514 = EDGE_CURVE('',#2507,#2515,#2517,.T.);
#2515 = VERTEX_POINT('',#2516);
#2516 = CARTESIAN_POINT('',(2.14,4.97,2.));
#2517 = LINE('',#2518,#2519);
#2518 = CARTESIAN_POINT('',(2.14,5.27,2.));
#2519 = VECTOR('',#2520,1.);
#2520 = DIRECTION('',(0.,-1.,0.));
#2521 = ORIENTED_EDGE('',*,*,#2522,.F.);
#2522 = EDGE_CURVE('',#2331,#2515,#2523,.T.);
#2523 = LINE('',#2524,#2525);
#2524 = CARTESIAN_POINT('',(2.14,4.97,0.));
#2525 = VECTOR('',#2526,1.);
#2526 = DIRECTION('',(0.,0.,1.));
#2527 = PLANE('',#2528);
#2528 = AXIS2_PLACEMENT_3D('',#2529,#2530,#2531);
#2529 = CARTESIAN_POINT('',(2.14,5.27,0.));
#2530 = DIRECTION('',(-1.,0.,0.));
#2531 = DIRECTION('',(0.,-1.,0.));
#2532 = ADVANCED_FACE('',(#2533),#2551,.F.);
#2533 = FACE_BOUND('',#2534,.T.);
#2534 = EDGE_LOOP('',(#2535,#2536,#2544,#2550));
#2535 = ORIENTED_EDGE('',*,*,#2322,.T.);
#2536 = ORIENTED_EDGE('',*,*,#2537,.T.);
#2537 = EDGE_CURVE('',#2313,#2538,#2540,.T.);
#2538 = VERTEX_POINT('',#2539);
#2539 = CARTESIAN_POINT('',(2.94,5.27,2.));
#2540 = LINE('',#2541,#2542);
#2541 = CARTESIAN_POINT('',(2.94,5.27,0.));
#2542 = VECTOR('',#2543,1.);
#2543 = DIRECTION('',(0.,0.,1.));
#2544 = ORIENTED_EDGE('',*,*,#2545,.T.);
#2545 = EDGE_CURVE('',#2538,#2507,#2546,.T.);
#2546 = LINE('',#2547,#2548);
#2547 = CARTESIAN_POINT('',(2.94,5.27,2.));
#2548 = VECTOR('',#2549,1.);
#2549 = DIRECTION('',(-1.,0.,0.));
#2550 = ORIENTED_EDGE('',*,*,#2506,.F.);
#2551 = PLANE('',#2552);
#2552 = AXIS2_PLACEMENT_3D('',#2553,#2554,#2555);
#2553 = CARTESIAN_POINT('',(2.94,5.27,0.));
#2554 = DIRECTION('',(0.,1.,0.));
#2555 = DIRECTION('',(-1.,0.,0.));
#2556 = ADVANCED_FACE('',(#2557),#2575,.F.);
#2557 = FACE_BOUND('',#2558,.T.);
#2558 = EDGE_LOOP('',(#2559,#2560,#2568,#2574));
#2559 = ORIENTED_EDGE('',*,*,#2312,.T.);
#2560 = ORIENTED_EDGE('',*,*,#2561,.T.);
#2561 = EDGE_CURVE('',#2315,#2562,#2564,.T.);
#2562 = VERTEX_POINT('',#2563);
#2563 = CARTESIAN_POINT('',(2.94,4.97,2.));
#2564 = LINE('',#2565,#2566);
#2565 = CARTESIAN_POINT('',(2.94,4.97,0.));
#2566 = VECTOR('',#2567,1.);
#2567 = DIRECTION('',(0.,0.,1.));
#2568 = ORIENTED_EDGE('',*,*,#2569,.T.);
#2569 = EDGE_CURVE('',#2562,#2538,#2570,.T.);
#2570 = LINE('',#2571,#2572);
#2571 = CARTESIAN_POINT('',(2.94,4.97,2.));
#2572 = VECTOR('',#2573,1.);
#2573 = DIRECTION('',(1.850371707709E-15,1.,0.));
#2574 = ORIENTED_EDGE('',*,*,#2537,.F.);
#2575 = PLANE('',#2576);
#2576 = AXIS2_PLACEMENT_3D('',#2577,#2578,#2579);
#2577 = CARTESIAN_POINT('',(2.94,4.97,0.));
#2578 = DIRECTION('',(1.,-1.850371707709E-15,0.));
#2579 = DIRECTION('',(1.850371707709E-15,1.,0.));
#2580 = ADVANCED_FACE('',(#2581),#2592,.F.);
#2581 = FACE_BOUND('',#2582,.T.);
#2582 = EDGE_LOOP('',(#2583,#2584,#2585,#2591));
#2583 = ORIENTED_EDGE('',*,*,#2338,.T.);
#2584 = ORIENTED_EDGE('',*,*,#2522,.T.);
#2585 = ORIENTED_EDGE('',*,*,#2586,.T.);
#2586 = EDGE_CURVE('',#2515,#2562,#2587,.T.);
#2587 = LINE('',#2588,#2589);
#2588 = CARTESIAN_POINT('',(2.14,4.97,2.));
#2589 = VECTOR('',#2590,1.);
#2590 = DIRECTION('',(1.,0.,0.));
#2591 = ORIENTED_EDGE('',*,*,#2561,.F.);
#2592 = PLANE('',#2593);
#2593 = AXIS2_PLACEMENT_3D('',#2594,#2595,#2596);
#2594 = CARTESIAN_POINT('',(2.14,4.97,0.));
#2595 = DIRECTION('',(0.,-1.,0.));
#2596 = DIRECTION('',(1.,0.,0.));
#2597 = ADVANCED_FACE('',(#2598),#2604,.F.);
#2598 = FACE_BOUND('',#2599,.T.);
#2599 = EDGE_LOOP('',(#2600,#2601,#2602,#2603));
#2600 = ORIENTED_EDGE('',*,*,#2545,.F.);
#2601 = ORIENTED_EDGE('',*,*,#2569,.F.);
#2602 = ORIENTED_EDGE('',*,*,#2586,.F.);
#2603 = ORIENTED_EDGE('',*,*,#2514,.F.);
#2604 = PLANE('',#2605);
#2605 = AXIS2_PLACEMENT_3D('',#2606,#2607,#2608);
#2606 = CARTESIAN_POINT('',(2.54,5.12,2.));
#2607 = DIRECTION('',(0.,0.,1.));
#2608 = DIRECTION('',(1.,0.,-0.));
#2609 = ADVANCED_FACE('',(#2610),#2628,.F.);
#2610 = FACE_BOUND('',#2611,.T.);
#2611 = EDGE_LOOP('',(#2612,#2613,#2621,#2627));
#2612 = ORIENTED_EDGE('',*,*,#2157,.T.);
#2613 = ORIENTED_EDGE('',*,*,#2614,.T.);
#2614 = EDGE_CURVE('',#2160,#2615,#2617,.T.);
#2615 = VERTEX_POINT('',#2616);
#2616 = CARTESIAN_POINT('',(-3.41,2.34,2.));
#2617 = LINE('',#2618,#2619);
#2618 = CARTESIAN_POINT('',(-3.41,2.34,0.));
#2619 = VECTOR('',#2620,1.);
#2620 = DIRECTION('',(0.,0.,1.));
#2621 = ORIENTED_EDGE('',*,*,#2622,.T.);
#2622 = EDGE_CURVE('',#2615,#2434,#2623,.T.);
#2623 = LINE('',#2624,#2625);
#2624 = CARTESIAN_POINT('',(-3.41,2.74,2.));
#2625 = VECTOR('',#2626,1.);
#2626 = DIRECTION('',(0.,1.,0.));
#2627 = ORIENTED_EDGE('',*,*,#2433,.F.);
#2628 = PLANE('',#2629);
#2629 = AXIS2_PLACEMENT_3D('',#2630,#2631,#2632);
#2630 = CARTESIAN_POINT('',(-3.41,2.34,0.));
#2631 = DIRECTION('',(1.,0.,0.));
#2632 = DIRECTION('',(-0.,1.,0.));
#2633 = ADVANCED_FACE('',(#2634),#2645,.F.);
#2634 = FACE_BOUND('',#2635,.T.);
#2635 = EDGE_LOOP('',(#2636,#2637,#2638,#2644));
#2636 = ORIENTED_EDGE('',*,*,#2183,.T.);
#2637 = ORIENTED_EDGE('',*,*,#2418,.T.);
#2638 = ORIENTED_EDGE('',*,*,#2639,.T.);
#2639 = EDGE_CURVE('',#2411,#2615,#2640,.T.);
#2640 = LINE('',#2641,#2642);
#2641 = CARTESIAN_POINT('',(-3.41,2.34,2.));
#2642 = VECTOR('',#2643,1.);
#2643 = DIRECTION('',(1.,-3.469446951954E-16,0.));
#2644 = ORIENTED_EDGE('',*,*,#2614,.F.);
#2645 = PLANE('',#2646);
#2646 = AXIS2_PLACEMENT_3D('',#2647,#2648,#2649);
#2647 = CARTESIAN_POINT('',(-4.21,2.34,0.));
#2648 = DIRECTION('',(-3.469446951954E-16,-1.,0.));
#2649 = DIRECTION('',(1.,-3.469446951954E-16,0.));
#2650 = ADVANCED_FACE('',(#2651),#2657,.F.);
#2651 = FACE_BOUND('',#2652,.T.);
#2652 = EDGE_LOOP('',(#2653,#2654,#2655,#2656));
#2653 = ORIENTED_EDGE('',*,*,#2441,.F.);
#2654 = ORIENTED_EDGE('',*,*,#2622,.F.);
#2655 = ORIENTED_EDGE('',*,*,#2639,.F.);
#2656 = ORIENTED_EDGE('',*,*,#2410,.F.);
#2657 = PLANE('',#2658);
#2658 = AXIS2_PLACEMENT_3D('',#2659,#2660,#2661);
#2659 = CARTESIAN_POINT('',(-3.81,2.54,2.));
#2660 = DIRECTION('',(0.,0.,1.));
#2661 = DIRECTION('',(1.,0.,-0.));
#2662 = ADVANCED_FACE('',(#2663),#2697,.F.);
#2663 = FACE_BOUND('',#2664,.T.);
#2664 = EDGE_LOOP('',(#2665,#2675,#2683,#2691));
#2665 = ORIENTED_EDGE('',*,*,#2666,.F.);
#2666 = EDGE_CURVE('',#2667,#2669,#2671,.T.);
#2667 = VERTEX_POINT('',#2668);
#2668 = CARTESIAN_POINT('',(-4.7,-6.905405405405,2.3));
#2669 = VERTEX_POINT('',#2670);
#2670 = CARTESIAN_POINT('',(4.7,-6.905405405405,2.3));
#2671 = LINE('',#2672,#2673);
#2672 = CARTESIAN_POINT('',(3.5,-6.905405405405,2.3));
#2673 = VECTOR('',#2674,1.);
#2674 = DIRECTION('',(1.,1.500301384629E-16,0.));
#2675 = ORIENTED_EDGE('',*,*,#2676,.F.);
#2676 = EDGE_CURVE('',#2677,#2667,#2679,.T.);
#2677 = VERTEX_POINT('',#2678);
#2678 = CARTESIAN_POINT('',(-4.7,-6.5,2.3));
#2679 = LINE('',#2680,#2681);
#2680 = CARTESIAN_POINT('',(-4.7,-6.5,2.3));
#2681 = VECTOR('',#2682,1.);
#2682 = DIRECTION('',(0.,-1.,0.));
#2683 = ORIENTED_EDGE('',*,*,#2684,.F.);
#2684 = EDGE_CURVE('',#2685,#2677,#2687,.T.);
#2685 = VERTEX_POINT('',#2686);
#2686 = CARTESIAN_POINT('',(4.7,-6.5,2.3));
#2687 = LINE('',#2688,#2689);
#2688 = CARTESIAN_POINT('',(-2.35,-6.5,2.3));
#2689 = VECTOR('',#2690,1.);
#2690 = DIRECTION('',(-1.,-2.362176648139E-16,0.));
#2691 = ORIENTED_EDGE('',*,*,#2692,.F.);
#2692 = EDGE_CURVE('',#2669,#2685,#2693,.T.);
#2693 = LINE('',#2694,#2695);
#2694 = CARTESIAN_POINT('',(4.7,-7.1,2.3));
#2695 = VECTOR('',#2696,1.);
#2696 = DIRECTION('',(0.,1.,0.));
#2697 = PLANE('',#2698);
#2698 = AXIS2_PLACEMENT_3D('',#2699,#2700,#2701);
#2699 = CARTESIAN_POINT('',(0.,-6.8,2.3));
#2700 = DIRECTION('',(0.,0.,1.));
#2701 = DIRECTION('',(1.,0.,-0.));
#2702 = ADVANCED_FACE('',(#2703),#2728,.F.);
#2703 = FACE_BOUND('',#2704,.T.);
#2704 = EDGE_LOOP('',(#2705,#2706,#2714,#2722));
#2705 = ORIENTED_EDGE('',*,*,#2684,.T.);
#2706 = ORIENTED_EDGE('',*,*,#2707,.T.);
#2707 = EDGE_CURVE('',#2677,#2708,#2710,.T.);
#2708 = VERTEX_POINT('',#2709);
#2709 = CARTESIAN_POINT('',(-4.7,-6.5,5.6));
#2710 = LINE('',#2711,#2712);
#2711 = CARTESIAN_POINT('',(-4.7,-6.5,0.5));
#2712 = VECTOR('',#2713,1.);
#2713 = DIRECTION('',(0.,0.,1.));
#2714 = ORIENTED_EDGE('',*,*,#2715,.T.);
#2715 = EDGE_CURVE('',#2708,#2716,#2718,.T.);
#2716 = VERTEX_POINT('',#2717);
#2717 = CARTESIAN_POINT('',(4.7,-6.5,5.6));
#2718 = LINE('',#2719,#2720);
#2719 = CARTESIAN_POINT('',(-4.7,-6.5,5.6));
#2720 = VECTOR('',#2721,1.);
#2721 = DIRECTION('',(1.,0.,0.));
#2722 = ORIENTED_EDGE('',*,*,#2723,.F.);
#2723 = EDGE_CURVE('',#2685,#2716,#2724,.T.);
#2724 = LINE('',#2725,#2726);
#2725 = CARTESIAN_POINT('',(4.7,-6.5,0.5));
#2726 = VECTOR('',#2727,1.);
#2727 = DIRECTION('',(0.,0.,1.));
#2728 = PLANE('',#2729);
#2729 = AXIS2_PLACEMENT_3D('',#2730,#2731,#2732);
#2730 = CARTESIAN_POINT('',(-4.7,-6.5,0.5));
#2731 = DIRECTION('',(2.362176648139E-16,-1.,0.));
#2732 = DIRECTION('',(1.,2.362176648139E-16,0.));
#2733 = ADVANCED_FACE('',(#2734,#2759),#2765,.F.);
#2734 = FACE_BOUND('',#2735,.T.);
#2735 = EDGE_LOOP('',(#2736,#2746,#2752,#2753));
#2736 = ORIENTED_EDGE('',*,*,#2737,.F.);
#2737 = EDGE_CURVE('',#2738,#2740,#2742,.T.);
#2738 = VERTEX_POINT('',#2739);
#2739 = CARTESIAN_POINT('',(4.7,-3.9,5.6));
#2740 = VERTEX_POINT('',#2741);
#2741 = CARTESIAN_POINT('',(-4.7,-3.9,5.6));
#2742 = LINE('',#2743,#2744);
#2743 = CARTESIAN_POINT('',(4.7,-3.9,5.6));
#2744 = VECTOR('',#2745,1.);
#2745 = DIRECTION('',(-1.,0.,0.));
#2746 = ORIENTED_EDGE('',*,*,#2747,.F.);
#2747 = EDGE_CURVE('',#2716,#2738,#2748,.T.);
#2748 = LINE('',#2749,#2750);
#2749 = CARTESIAN_POINT('',(4.7,-6.5,5.6));
#2750 = VECTOR('',#2751,1.);
#2751 = DIRECTION('',(0.,1.,0.));
#2752 = ORIENTED_EDGE('',*,*,#2715,.F.);
#2753 = ORIENTED_EDGE('',*,*,#2754,.F.);
#2754 = EDGE_CURVE('',#2740,#2708,#2755,.T.);
#2755 = LINE('',#2756,#2757);
#2756 = CARTESIAN_POINT('',(-4.7,-3.9,5.6));
#2757 = VECTOR('',#2758,1.);
#2758 = DIRECTION('',(0.,-1.,0.));
#2759 = FACE_BOUND('',#2760,.T.);
#2760 = EDGE_LOOP('',(#2761,#2762,#2763,#2764));
#2761 = ORIENTED_EDGE('',*,*,#1660,.T.);
#2762 = ORIENTED_EDGE('',*,*,#1576,.T.);
#2763 = ORIENTED_EDGE('',*,*,#1677,.T.);
#2764 = ORIENTED_EDGE('',*,*,#1496,.T.);
#2765 = PLANE('',#2766);
#2766 = AXIS2_PLACEMENT_3D('',#2767,#2768,#2769);
#2767 = CARTESIAN_POINT('',(-5.551115123126E-16,-5.2,5.6));
#2768 = DIRECTION('',(0.,0.,1.));
#2769 = DIRECTION('',(1.,0.,-0.));
#2770 = ADVANCED_FACE('',(#2771),#2798,.F.);
#2771 = FACE_BOUND('',#2772,.T.);
#2772 = EDGE_LOOP('',(#2773,#2783,#2789,#2790,#2791,#2792));
#2773 = ORIENTED_EDGE('',*,*,#2774,.F.);
#2774 = EDGE_CURVE('',#2775,#2777,#2779,.T.);
#2775 = VERTEX_POINT('',#2776);
#2776 = CARTESIAN_POINT('',(4.7,-6.783783783784,0.5));
#2777 = VERTEX_POINT('',#2778);
#2778 = CARTESIAN_POINT('',(4.7,-3.9,0.5));
#2779 = LINE('',#2780,#2781);
#2780 = CARTESIAN_POINT('',(4.7,-3.25,0.5));
#2781 = VECTOR('',#2782,1.);
#2782 = DIRECTION('',(-2.135044278125E-16,1.,0.));
#2783 = ORIENTED_EDGE('',*,*,#2784,.F.);
#2784 = EDGE_CURVE('',#2669,#2775,#2785,.T.);
#2785 = LINE('',#2786,#2787);
#2786 = CARTESIAN_POINT('',(4.7,-6.892610434466,2.110634430104));
#2787 = VECTOR('',#2788,1.);
#2788 = DIRECTION('',(0.,6.741385799232E-02,-0.997725098286));
#2789 = ORIENTED_EDGE('',*,*,#2692,.T.);
#2790 = ORIENTED_EDGE('',*,*,#2723,.T.);
#2791 = ORIENTED_EDGE('',*,*,#2747,.T.);
#2792 = ORIENTED_EDGE('',*,*,#2793,.F.);
#2793 = EDGE_CURVE('',#2777,#2738,#2794,.T.);
#2794 = LINE('',#2795,#2796);
#2795 = CARTESIAN_POINT('',(4.7,-3.9,0.5));
#2796 = VECTOR('',#2797,1.);
#2797 = DIRECTION('',(0.,0.,1.));
#2798 = PLANE('',#2799);
#2799 = AXIS2_PLACEMENT_3D('',#2800,#2801,#2802);
#2800 = CARTESIAN_POINT('',(4.7,-6.5,0.5));
#2801 = DIRECTION('',(1.,2.135044278125E-16,0.));
#2802 = DIRECTION('',(-2.135044278125E-16,1.,0.));
#2803 = ADVANCED_FACE('',(#2804),#2831,.F.);
#2804 = FACE_BOUND('',#2805,.T.);
#2805 = EDGE_LOOP('',(#2806,#2816,#2822,#2823,#2824,#2825));
#2806 = ORIENTED_EDGE('',*,*,#2807,.F.);
#2807 = EDGE_CURVE('',#2808,#2810,#2812,.T.);
#2808 = VERTEX_POINT('',#2809);
#2809 = CARTESIAN_POINT('',(-4.7,-3.9,0.5));
#2810 = VERTEX_POINT('',#2811);
#2811 = CARTESIAN_POINT('',(-4.7,-6.783783783784,0.5));
#2812 = LINE('',#2813,#2814);
#2813 = CARTESIAN_POINT('',(-4.7,-3.25,0.5));
#2814 = VECTOR('',#2815,1.);
#2815 = DIRECTION('',(0.,-1.,0.));
#2816 = ORIENTED_EDGE('',*,*,#2817,.T.);
#2817 = EDGE_CURVE('',#2808,#2740,#2818,.T.);
#2818 = LINE('',#2819,#2820);
#2819 = CARTESIAN_POINT('',(-4.7,-3.9,0.5));
#2820 = VECTOR('',#2821,1.);
#2821 = DIRECTION('',(0.,0.,1.));
#2822 = ORIENTED_EDGE('',*,*,#2754,.T.);
#2823 = ORIENTED_EDGE('',*,*,#2707,.F.);
#2824 = ORIENTED_EDGE('',*,*,#2676,.T.);
#2825 = ORIENTED_EDGE('',*,*,#2826,.F.);
#2826 = EDGE_CURVE('',#2810,#2667,#2827,.T.);
#2827 = LINE('',#2828,#2829);
#2828 = CARTESIAN_POINT('',(-4.7,-6.891247045992,2.090456280676));
#2829 = VECTOR('',#2830,1.);
#2830 = DIRECTION('',(0.,-6.741385799232E-02,0.997725098286));
#2831 = PLANE('',#2832);
#2832 = AXIS2_PLACEMENT_3D('',#2833,#2834,#2835);
#2833 = CARTESIAN_POINT('',(-4.7,-3.9,0.5));
#2834 = DIRECTION('',(-1.,-2.135044278125E-16,0.));
#2835 = DIRECTION('',(2.135044278125E-16,-1.,0.));
#2836 = ADVANCED_FACE('',(#2837),#2880,.F.);
#2837 = FACE_BOUND('',#2838,.T.);
#2838 = EDGE_LOOP('',(#2839,#2847,#2855,#2863,#2871,#2877,#2878,#2879));
#2839 = ORIENTED_EDGE('',*,*,#2840,.F.);
#2840 = EDGE_CURVE('',#2841,#2808,#2843,.T.);
#2841 = VERTEX_POINT('',#2842);
#2842 = CARTESIAN_POINT('',(-2.15,-3.9,0.5));
#2843 = LINE('',#2844,#2845);
#2844 = CARTESIAN_POINT('',(-1.075,-3.9,0.5));
#2845 = VECTOR('',#2846,1.);
#2846 = DIRECTION('',(-1.,0.,0.));
#2847 = ORIENTED_EDGE('',*,*,#2848,.T.);
#2848 = EDGE_CURVE('',#2841,#2849,#2851,.T.);
#2849 = VERTEX_POINT('',#2850);
#2850 = CARTESIAN_POINT('',(-2.15,-3.9,2.5));
#2851 = LINE('',#2852,#2853);
#2852 = CARTESIAN_POINT('',(-2.15,-3.9,0.5));
#2853 = VECTOR('',#2854,1.);
#2854 = DIRECTION('',(0.,0.,1.));
#2855 = ORIENTED_EDGE('',*,*,#2856,.F.);
#2856 = EDGE_CURVE('',#2857,#2849,#2859,.T.);
#2857 = VERTEX_POINT('',#2858);
#2858 = CARTESIAN_POINT('',(2.15,-3.9,2.5));
#2859 = LINE('',#2860,#2861);
#2860 = CARTESIAN_POINT('',(2.35,-3.9,2.5));
#2861 = VECTOR('',#2862,1.);
#2862 = DIRECTION('',(-1.,0.,0.));
#2863 = ORIENTED_EDGE('',*,*,#2864,.F.);
#2864 = EDGE_CURVE('',#2865,#2857,#2867,.T.);
#2865 = VERTEX_POINT('',#2866);
#2866 = CARTESIAN_POINT('',(2.15,-3.9,0.5));
#2867 = LINE('',#2868,#2869);
#2868 = CARTESIAN_POINT('',(2.15,-3.9,0.5));
#2869 = VECTOR('',#2870,1.);
#2870 = DIRECTION('',(0.,0.,1.));
#2871 = ORIENTED_EDGE('',*,*,#2872,.F.);
#2872 = EDGE_CURVE('',#2777,#2865,#2873,.T.);
#2873 = LINE('',#2874,#2875);
#2874 = CARTESIAN_POINT('',(2.35,-3.9,0.5));
#2875 = VECTOR('',#2876,1.);
#2876 = DIRECTION('',(-1.,-2.176907891422E-16,0.));
#2877 = ORIENTED_EDGE('',*,*,#2793,.T.);
#2878 = ORIENTED_EDGE('',*,*,#2737,.T.);
#2879 = ORIENTED_EDGE('',*,*,#2817,.F.);
#2880 = PLANE('',#2881);
#2881 = AXIS2_PLACEMENT_3D('',#2882,#2883,#2884);
#2882 = CARTESIAN_POINT('',(-2.15,-3.9,0.5));
#2883 = DIRECTION('',(0.,1.,0.));
#2884 = DIRECTION('',(-1.,0.,0.));
#2885 = ADVANCED_FACE('',(#2886),#2911,.F.);
#2886 = FACE_BOUND('',#2887,.T.);
#2887 = EDGE_LOOP('',(#2888,#2896,#2904,#2910));
#2888 = ORIENTED_EDGE('',*,*,#2889,.F.);
#2889 = EDGE_CURVE('',#2890,#2841,#2892,.T.);
#2890 = VERTEX_POINT('',#2891);
#2891 = CARTESIAN_POINT('',(-2.15,-2.4,0.5));
#2892 = LINE('',#2893,#2894);
#2893 = CARTESIAN_POINT('',(-2.15,-1.2,0.5));
#2894 = VECTOR('',#2895,1.);
#2895 = DIRECTION('',(1.850371707709E-16,-1.,0.));
#2896 = ORIENTED_EDGE('',*,*,#2897,.T.);
#2897 = EDGE_CURVE('',#2890,#2898,#2900,.T.);
#2898 = VERTEX_POINT('',#2899);
#2899 = CARTESIAN_POINT('',(-2.15,-2.4,2.5));
#2900 = LINE('',#2901,#2902);
#2901 = CARTESIAN_POINT('',(-2.15,-2.4,0.5));
#2902 = VECTOR('',#2903,1.);
#2903 = DIRECTION('',(0.,0.,1.));
#2904 = ORIENTED_EDGE('',*,*,#2905,.T.);
#2905 = EDGE_CURVE('',#2898,#2849,#2906,.T.);
#2906 = LINE('',#2907,#2908);
#2907 = CARTESIAN_POINT('',(-2.15,-3.9,2.5));
#2908 = VECTOR('',#2909,1.);
#2909 = DIRECTION('',(1.850371707709E-16,-1.,0.));
#2910 = ORIENTED_EDGE('',*,*,#2848,.F.);
#2911 = PLANE('',#2912);
#2912 = AXIS2_PLACEMENT_3D('',#2913,#2914,#2915);
#2913 = CARTESIAN_POINT('',(-2.15,-2.4,0.5));
#2914 = DIRECTION('',(-1.,-1.850371707709E-16,0.));
#2915 = DIRECTION('',(1.850371707709E-16,-1.,0.));
#2916 = ADVANCED_FACE('',(#2917),#2942,.F.);
#2917 = FACE_BOUND('',#2918,.T.);
#2918 = EDGE_LOOP('',(#2919,#2927,#2935,#2941));
#2919 = ORIENTED_EDGE('',*,*,#2920,.F.);
#2920 = EDGE_CURVE('',#2921,#2890,#2923,.T.);
#2921 = VERTEX_POINT('',#2922);
#2922 = CARTESIAN_POINT('',(2.15,-2.4,0.5));
#2923 = LINE('',#2924,#2925);
#2924 = CARTESIAN_POINT('',(1.075,-2.4,0.5));
#2925 = VECTOR('',#2926,1.);
#2926 = DIRECTION('',(-1.,0.,0.));
#2927 = ORIENTED_EDGE('',*,*,#2928,.T.);
#2928 = EDGE_CURVE('',#2921,#2929,#2931,.T.);
#2929 = VERTEX_POINT('',#2930);
#2930 = CARTESIAN_POINT('',(2.15,-2.4,2.5));
#2931 = LINE('',#2932,#2933);
#2932 = CARTESIAN_POINT('',(2.15,-2.4,0.5));
#2933 = VECTOR('',#2934,1.);
#2934 = DIRECTION('',(0.,0.,1.));
#2935 = ORIENTED_EDGE('',*,*,#2936,.T.);
#2936 = EDGE_CURVE('',#2929,#2898,#2937,.T.);
#2937 = LINE('',#2938,#2939);
#2938 = CARTESIAN_POINT('',(-2.15,-2.4,2.5));
#2939 = VECTOR('',#2940,1.);
#2940 = DIRECTION('',(-1.,0.,0.));
#2941 = ORIENTED_EDGE('',*,*,#2897,.F.);
#2942 = PLANE('',#2943);
#2943 = AXIS2_PLACEMENT_3D('',#2944,#2945,#2946);
#2944 = CARTESIAN_POINT('',(2.15,-2.4,0.5));
#2945 = DIRECTION('',(0.,1.,0.));
#2946 = DIRECTION('',(-1.,0.,0.));
#2947 = ADVANCED_FACE('',(#2948),#2964,.F.);
#2948 = FACE_BOUND('',#2949,.T.);
#2949 = EDGE_LOOP('',(#2950,#2956,#2957,#2963));
#2950 = ORIENTED_EDGE('',*,*,#2951,.F.);
#2951 = EDGE_CURVE('',#2865,#2921,#2952,.T.);
#2952 = LINE('',#2953,#2954);
#2953 = CARTESIAN_POINT('',(2.15,-1.95,0.5));
#2954 = VECTOR('',#2955,1.);
#2955 = DIRECTION('',(0.,1.,0.));
#2956 = ORIENTED_EDGE('',*,*,#2864,.T.);
#2957 = ORIENTED_EDGE('',*,*,#2958,.T.);
#2958 = EDGE_CURVE('',#2857,#2929,#2959,.T.);
#2959 = LINE('',#2960,#2961);
#2960 = CARTESIAN_POINT('',(2.15,-2.4,2.5));
#2961 = VECTOR('',#2962,1.);
#2962 = DIRECTION('',(0.,1.,0.));
#2963 = ORIENTED_EDGE('',*,*,#2928,.F.);
#2964 = PLANE('',#2965);
#2965 = AXIS2_PLACEMENT_3D('',#2966,#2967,#2968);
#2966 = CARTESIAN_POINT('',(2.15,-3.9,0.5));
#2967 = DIRECTION('',(1.,0.,0.));
#2968 = DIRECTION('',(-0.,1.,0.));
#2969 = ADVANCED_FACE('',(#2970),#2976,.F.);
#2970 = FACE_BOUND('',#2971,.T.);
#2971 = EDGE_LOOP('',(#2972,#2973,#2974,#2975));
#2972 = ORIENTED_EDGE('',*,*,#2856,.T.);
#2973 = ORIENTED_EDGE('',*,*,#2905,.F.);
#2974 = ORIENTED_EDGE('',*,*,#2936,.F.);
#2975 = ORIENTED_EDGE('',*,*,#2958,.F.);
#2976 = PLANE('',#2977);
#2977 = AXIS2_PLACEMENT_3D('',#2978,#2979,#2980);
#2978 = CARTESIAN_POINT('',(-2.775557561563E-16,-4.733333333333,2.5));
#2979 = DIRECTION('',(0.,0.,1.));
#2980 = DIRECTION('',(1.,0.,-0.));
#2981 = ADVANCED_FACE('',(#2982),#3026,.F.);
#2982 = FACE_BOUND('',#2983,.T.);
#2983 = EDGE_LOOP('',(#2984,#2990,#2996,#3004,#3010,#3011,#3019,#3025));
#2984 = ORIENTED_EDGE('',*,*,#2985,.F.);
#2985 = EDGE_CURVE('',#286,#2364,#2986,.T.);
#2986 = LINE('',#2987,#2988);
#2987 = CARTESIAN_POINT('',(-6.24175118107,6.747775860647,
    -3.291726242393E-02));
#2988 = VECTOR('',#2989,1.);
#2989 = DIRECTION('',(0.198624967547,-6.607067527558E-02,-0.977845994079
    ));
#2990 = ORIENTED_EDGE('',*,*,#2991,.F.);
#2991 = EDGE_CURVE('',#531,#286,#2992,.T.);
#2992 = LINE('',#2993,#2994);
#2993 = CARTESIAN_POINT('',(7.,7.,3.7));
#2994 = VECTOR('',#2995,1.);
#2995 = DIRECTION('',(-1.,-1.586032892322E-16,-1.268826313857E-16));
#2996 = ORIENTED_EDGE('',*,*,#2997,.F.);
#2997 = EDGE_CURVE('',#2998,#531,#3000,.T.);
#2998 = VERTEX_POINT('',#2999);
#2999 = CARTESIAN_POINT('',(6.2484375,6.75,0.));
#3000 = LINE('',#3001,#3002);
#3001 = CARTESIAN_POINT('',(6.113437742193,6.705093635657,
    -0.664614192281));
#3002 = VECTOR('',#3003,1.);
#3003 = DIRECTION('',(0.198624967547,6.607067527558E-02,0.977845994079)
  );
#3004 = ORIENTED_EDGE('',*,*,#3005,.F.);
#3005 = EDGE_CURVE('',#2484,#2998,#3006,.T.);
#3006 = LINE('',#3007,#3008);
#3007 = CARTESIAN_POINT('',(3.5,6.75,-6.938893903907E-17));
#3008 = VECTOR('',#3009,1.);
#3009 = DIRECTION('',(1.,1.500301384629E-16,0.));
#3010 = ORIENTED_EDGE('',*,*,#2483,.F.);
#3011 = ORIENTED_EDGE('',*,*,#3012,.F.);
#3012 = EDGE_CURVE('',#3013,#2476,#3015,.T.);
#3013 = VERTEX_POINT('',#3014);
#3014 = CARTESIAN_POINT('',(-1.5,6.783783783784,0.5));
#3015 = LINE('',#3016,#3017);
#3016 = CARTESIAN_POINT('',(3.5,6.783783783784,0.5));
#3017 = VECTOR('',#3018,1.);
#3018 = DIRECTION('',(1.,1.500301384629E-16,0.));
#3019 = ORIENTED_EDGE('',*,*,#3020,.F.);
#3020 = EDGE_CURVE('',#2372,#3013,#3021,.T.);
#3021 = LINE('',#3022,#3023);
#3022 = CARTESIAN_POINT('',(-1.5,6.731343686897,-0.276113433921));
#3023 = VECTOR('',#3024,1.);
#3024 = DIRECTION('',(-4.677776082618E-18,6.741385799232E-02,
    0.997725098286));
#3025 = ORIENTED_EDGE('',*,*,#2371,.F.);
#3026 = PLANE('',#3027);
#3027 = AXIS2_PLACEMENT_3D('',#3028,#3029,#3030);
#3028 = CARTESIAN_POINT('',(7.,6.72972972973,-0.3));
#3029 = DIRECTION('',(1.496888346438E-16,-0.997725098286,
    6.741385799232E-02));
#3030 = DIRECTION('',(-1.069205961741E-17,6.741385799232E-02,
    0.997725098286));
#3031 = ADVANCED_FACE('',(#3032),#3071,.F.);
#3032 = FACE_BOUND('',#3033,.T.);
#3033 = EDGE_LOOP('',(#3034,#3035,#3043,#3049,#3055,#3063,#3069,#3070));
#3034 = ORIENTED_EDGE('',*,*,#2784,.T.);
#3035 = ORIENTED_EDGE('',*,*,#3036,.F.);
#3036 = EDGE_CURVE('',#3037,#2775,#3039,.T.);
#3037 = VERTEX_POINT('',#3038);
#3038 = CARTESIAN_POINT('',(6.35,-6.783783783784,0.5));
#3039 = LINE('',#3040,#3041);
#3040 = CARTESIAN_POINT('',(3.5,-6.783783783784,0.5));
#3041 = VECTOR('',#3042,1.);
#3042 = DIRECTION('',(-1.,-1.500301384629E-16,0.));
#3043 = ORIENTED_EDGE('',*,*,#3044,.F.);
#3044 = EDGE_CURVE('',#523,#3037,#3045,.T.);
#3045 = LINE('',#3046,#3047);
#3046 = CARTESIAN_POINT('',(6.595523416991,-6.865454774883,
    1.708730668263));
#3047 = VECTOR('',#3048,1.);
#3048 = DIRECTION('',(-0.198624967547,6.607067527558E-02,-0.977845994079
    ));
#3049 = ORIENTED_EDGE('',*,*,#3050,.F.);
#3050 = EDGE_CURVE('',#294,#523,#3051,.T.);
#3051 = LINE('',#3052,#3053);
#3052 = CARTESIAN_POINT('',(-1.887379141863E-15,-7.,3.7));
#3053 = VECTOR('',#3054,1.);
#3054 = DIRECTION('',(1.,0.,2.22044604925E-15));
#3055 = ORIENTED_EDGE('',*,*,#3056,.F.);
#3056 = EDGE_CURVE('',#3057,#294,#3059,.T.);
#3057 = VERTEX_POINT('',#3058);
#3058 = CARTESIAN_POINT('',(-6.35,-6.783783783784,0.5));
#3059 = LINE('',#3060,#3061);
#3060 = CARTESIAN_POINT('',(-6.723836855868,-6.908136999873,
    2.34042759812));
#3061 = VECTOR('',#3062,1.);
#3062 = DIRECTION('',(-0.198624967547,-6.607067527558E-02,0.977845994079
    ));
#3063 = ORIENTED_EDGE('',*,*,#3064,.F.);
#3064 = EDGE_CURVE('',#2810,#3057,#3065,.T.);
#3065 = LINE('',#3066,#3067);
#3066 = CARTESIAN_POINT('',(3.5,-6.783783783784,0.5));
#3067 = VECTOR('',#3068,1.);
#3068 = DIRECTION('',(-1.,-1.500301384629E-16,0.));
#3069 = ORIENTED_EDGE('',*,*,#2826,.T.);
#3070 = ORIENTED_EDGE('',*,*,#2666,.T.);
#3071 = PLANE('',#3072);
#3072 = AXIS2_PLACEMENT_3D('',#3073,#3074,#3075);
#3073 = CARTESIAN_POINT('',(7.,-7.,3.7));
#3074 = DIRECTION('',(-1.496888346438E-16,0.997725098286,
    6.741385799232E-02));
#3075 = DIRECTION('',(-1.069205961741E-17,6.741385799232E-02,
    -0.997725098286));
#3076 = ADVANCED_FACE('',(#3077),#3107,.F.);
#3077 = FACE_BOUND('',#3078,.T.);
#3078 = EDGE_LOOP('',(#3079,#3080,#3081,#3082,#3090,#3098,#3104,#3105,
    #3106));
#3079 = ORIENTED_EDGE('',*,*,#2237,.T.);
#3080 = ORIENTED_EDGE('',*,*,#2491,.T.);
#3081 = ORIENTED_EDGE('',*,*,#3005,.T.);
#3082 = ORIENTED_EDGE('',*,*,#3083,.T.);
#3083 = EDGE_CURVE('',#2998,#3084,#3086,.T.);
#3084 = VERTEX_POINT('',#3085);
#3085 = CARTESIAN_POINT('',(6.2484375,2.,0.));
#3086 = LINE('',#3087,#3088);
#3087 = CARTESIAN_POINT('',(6.2484375,-3.5,0.));
#3088 = VECTOR('',#3089,1.);
#3089 = DIRECTION('',(0.,-1.,0.));
#3090 = ORIENTED_EDGE('',*,*,#3091,.T.);
#3091 = EDGE_CURVE('',#3084,#3092,#3094,.T.);
#3092 = VERTEX_POINT('',#3093);
#3093 = CARTESIAN_POINT('',(2.5,2.,0.));
#3094 = LINE('',#3095,#3096);
#3095 = CARTESIAN_POINT('',(1.25,2.,0.));
#3096 = VECTOR('',#3097,1.);
#3097 = DIRECTION('',(-1.,1.233581138472E-16,0.));
#3098 = ORIENTED_EDGE('',*,*,#3099,.T.);
#3099 = EDGE_CURVE('',#3092,#2460,#3100,.T.);
#3100 = LINE('',#3101,#3102);
#3101 = CARTESIAN_POINT('',(1.875,2.625,0.));
#3102 = VECTOR('',#3103,1.);
#3103 = DIRECTION('',(-0.707106781187,0.707106781187,0.));
#3104 = ORIENTED_EDGE('',*,*,#2459,.T.);
#3105 = ORIENTED_EDGE('',*,*,#2197,.T.);
#3106 = ORIENTED_EDGE('',*,*,#2286,.T.);
#3107 = PLANE('',#3108);
#3108 = AXIS2_PLACEMENT_3D('',#3109,#3110,#3111);
#3109 = CARTESIAN_POINT('',(8.921435019309E-16,8.921435019309E-16,0.));
#3110 = DIRECTION('',(0.,0.,1.));
#3111 = DIRECTION('',(1.,0.,-0.));
#3112 = ADVANCED_FACE('',(#3113,#3178,#3189,#3200),#3211,.F.);
#3113 = FACE_BOUND('',#3114,.T.);
#3114 = EDGE_LOOP('',(#3115,#3116,#3117,#3118,#3119,#3120,#3121,#3122,
    #3123,#3131,#3139,#3147,#3153,#3154,#3155,#3163,#3171,#3177));
#3115 = ORIENTED_EDGE('',*,*,#2774,.T.);
#3116 = ORIENTED_EDGE('',*,*,#2872,.T.);
#3117 = ORIENTED_EDGE('',*,*,#2951,.T.);
#3118 = ORIENTED_EDGE('',*,*,#2920,.T.);
#3119 = ORIENTED_EDGE('',*,*,#2889,.T.);
#3120 = ORIENTED_EDGE('',*,*,#2840,.T.);
#3121 = ORIENTED_EDGE('',*,*,#2807,.T.);
#3122 = ORIENTED_EDGE('',*,*,#3064,.T.);
#3123 = ORIENTED_EDGE('',*,*,#3124,.T.);
#3124 = EDGE_CURVE('',#3057,#3125,#3127,.T.);
#3125 = VERTEX_POINT('',#3126);
#3126 = CARTESIAN_POINT('',(-6.35,2.,0.5));
#3127 = LINE('',#3128,#3129);
#3128 = CARTESIAN_POINT('',(-6.35,-3.5,0.5));
#3129 = VECTOR('',#3130,1.);
#3130 = DIRECTION('',(0.,1.,0.));
#3131 = ORIENTED_EDGE('',*,*,#3132,.F.);
#3132 = EDGE_CURVE('',#3133,#3125,#3135,.T.);
#3133 = VERTEX_POINT('',#3134);
#3134 = CARTESIAN_POINT('',(-2.5,2.,0.5));
#3135 = LINE('',#3136,#3137);
#3136 = CARTESIAN_POINT('',(-3.5,2.,0.5));
#3137 = VECTOR('',#3138,1.);
#3138 = DIRECTION('',(-1.,0.,0.));
#3139 = ORIENTED_EDGE('',*,*,#3140,.F.);
#3140 = EDGE_CURVE('',#3141,#3133,#3143,.T.);
#3141 = VERTEX_POINT('',#3142);
#3142 = CARTESIAN_POINT('',(-1.5,3.,0.5));
#3143 = LINE('',#3144,#3145);
#3144 = CARTESIAN_POINT('',(-2.375,2.125,0.5));
#3145 = VECTOR('',#3146,1.);
#3146 = DIRECTION('',(-0.707106781187,-0.707106781187,0.));
#3147 = ORIENTED_EDGE('',*,*,#3148,.F.);
#3148 = EDGE_CURVE('',#3013,#3141,#3149,.T.);
#3149 = LINE('',#3150,#3151);
#3150 = CARTESIAN_POINT('',(-1.5,1.5,0.5));
#3151 = VECTOR('',#3152,1.);
#3152 = DIRECTION('',(6.938893903907E-17,-1.,0.));
#3153 = ORIENTED_EDGE('',*,*,#3012,.T.);
#3154 = ORIENTED_EDGE('',*,*,#2475,.F.);
#3155 = ORIENTED_EDGE('',*,*,#3156,.F.);
#3156 = EDGE_CURVE('',#3157,#2468,#3159,.T.);
#3157 = VERTEX_POINT('',#3158);
#3158 = CARTESIAN_POINT('',(2.5,2.,0.5));
#3159 = LINE('',#3160,#3161);
#3160 = CARTESIAN_POINT('',(1.875,2.625,0.5));
#3161 = VECTOR('',#3162,1.);
#3162 = DIRECTION('',(-0.707106781187,0.707106781187,0.));
#3163 = ORIENTED_EDGE('',*,*,#3164,.F.);
#3164 = EDGE_CURVE('',#3165,#3157,#3167,.T.);
#3165 = VERTEX_POINT('',#3166);
#3166 = CARTESIAN_POINT('',(6.35,2.,0.5));
#3167 = LINE('',#3168,#3169);
#3168 = CARTESIAN_POINT('',(1.25,2.,0.5));
#3169 = VECTOR('',#3170,1.);
#3170 = DIRECTION('',(-1.,1.233581138472E-16,0.));
#3171 = ORIENTED_EDGE('',*,*,#3172,.T.);
#3172 = EDGE_CURVE('',#3165,#3037,#3173,.T.);
#3173 = LINE('',#3174,#3175);
#3174 = CARTESIAN_POINT('',(6.35,-3.5,0.5));
#3175 = VECTOR('',#3176,1.);
#3176 = DIRECTION('',(0.,-1.,0.));
#3177 = ORIENTED_EDGE('',*,*,#3036,.T.);
#3178 = FACE_BOUND('',#3179,.T.);
#3179 = EDGE_LOOP('',(#3180));
#3180 = ORIENTED_EDGE('',*,*,#3181,.F.);
#3181 = EDGE_CURVE('',#3182,#3182,#3184,.T.);
#3182 = VERTEX_POINT('',#3183);
#3183 = CARTESIAN_POINT('',(-1.9,2.32682891838E-16,0.5));
#3184 = CIRCLE('',#3185,1.9);
#3185 = AXIS2_PLACEMENT_3D('',#3186,#3187,#3188);
#3186 = CARTESIAN_POINT('',(0.,0.,0.5));
#3187 = DIRECTION('',(0.,0.,-1.));
#3188 = DIRECTION('',(1.,0.,0.));
#3189 = FACE_BOUND('',#3190,.T.);
#3190 = EDGE_LOOP('',(#3191));
#3191 = ORIENTED_EDGE('',*,*,#3192,.F.);
#3192 = EDGE_CURVE('',#3193,#3193,#3195,.T.);
#3193 = VERTEX_POINT('',#3194);
#3194 = CARTESIAN_POINT('',(-6.05,-5.8,0.5));
#3195 = CIRCLE('',#3196,0.5);
#3196 = AXIS2_PLACEMENT_3D('',#3197,#3198,#3199);
#3197 = CARTESIAN_POINT('',(-5.55,-5.8,0.5));
#3198 = DIRECTION('',(0.,0.,-1.));
#3199 = DIRECTION('',(1.,0.,0.));
#3200 = FACE_BOUND('',#3201,.T.);
#3201 = EDGE_LOOP('',(#3202));
#3202 = ORIENTED_EDGE('',*,*,#3203,.F.);
#3203 = EDGE_CURVE('',#3204,#3204,#3206,.T.);
#3204 = VERTEX_POINT('',#3205);
#3205 = CARTESIAN_POINT('',(5.05,-5.8,0.5));
#3206 = CIRCLE('',#3207,0.5);
#3207 = AXIS2_PLACEMENT_3D('',#3208,#3209,#3210);
#3208 = CARTESIAN_POINT('',(5.55,-5.8,0.5));
#3209 = DIRECTION('',(0.,0.,-1.));
#3210 = DIRECTION('',(1.,0.,0.));
#3211 = PLANE('',#3212);
#3212 = AXIS2_PLACEMENT_3D('',#3213,#3214,#3215);
#3213 = CARTESIAN_POINT('',(1.110223024625E-15,1.110223024625E-15,0.5));
#3214 = DIRECTION('',(0.,0.,1.));
#3215 = DIRECTION('',(1.,0.,-0.));
#3216 = ADVANCED_FACE('',(#3217),#3230,.F.);
#3217 = FACE_BOUND('',#3218,.T.);
#3218 = EDGE_LOOP('',(#3219,#3220,#3221,#3222,#3223,#3229));
#3219 = ORIENTED_EDGE('',*,*,#2997,.T.);
#3220 = ORIENTED_EDGE('',*,*,#530,.F.);
#3221 = ORIENTED_EDGE('',*,*,#3044,.T.);
#3222 = ORIENTED_EDGE('',*,*,#3172,.F.);
#3223 = ORIENTED_EDGE('',*,*,#3224,.F.);
#3224 = EDGE_CURVE('',#3084,#3165,#3225,.T.);
#3225 = LINE('',#3226,#3227);
#3226 = CARTESIAN_POINT('',(6.143703106682,2.,-0.515615474795));
#3227 = VECTOR('',#3228,1.);
#3228 = DIRECTION('',(0.19905992429,-2.4555656803E-17,0.979987319582));
#3229 = ORIENTED_EDGE('',*,*,#3083,.F.);
#3230 = PLANE('',#3231);
#3231 = AXIS2_PLACEMENT_3D('',#3232,#3233,#3234);
#3232 = CARTESIAN_POINT('',(6.1875,-7.,-0.3));
#3233 = DIRECTION('',(-0.979987319582,0.,0.19905992429));
#3234 = DIRECTION('',(0.19905992429,0.,0.979987319582));
#3235 = ADVANCED_FACE('',(#3236),#3242,.T.);
#3236 = FACE_BOUND('',#3237,.T.);
#3237 = EDGE_LOOP('',(#3238,#3239,#3240,#3241));
#3238 = ORIENTED_EDGE('',*,*,#3050,.T.);
#3239 = ORIENTED_EDGE('',*,*,#522,.T.);
#3240 = ORIENTED_EDGE('',*,*,#457,.F.);
#3241 = ORIENTED_EDGE('',*,*,#301,.F.);
#3242 = PLANE('',#3243);
#3243 = AXIS2_PLACEMENT_3D('',#3244,#3245,#3246);
#3244 = CARTESIAN_POINT('',(-7.,-7.,0.));
#3245 = DIRECTION('',(0.,-1.,0.));
#3246 = DIRECTION('',(1.,0.,0.));
#3247 = ADVANCED_FACE('',(#3248),#3261,.F.);
#3248 = FACE_BOUND('',#3249,.T.);
#3249 = EDGE_LOOP('',(#3250,#3251,#3252,#3258,#3259,#3260));
#3250 = ORIENTED_EDGE('',*,*,#2985,.T.);
#3251 = ORIENTED_EDGE('',*,*,#2363,.F.);
#3252 = ORIENTED_EDGE('',*,*,#3253,.F.);
#3253 = EDGE_CURVE('',#3125,#2356,#3254,.T.);
#3254 = LINE('',#3255,#3256);
#3255 = CARTESIAN_POINT('',(-6.639109026964,2.,1.923305978898));
#3256 = VECTOR('',#3257,1.);
#3257 = DIRECTION('',(0.19905992429,0.,-0.979987319582));
#3258 = ORIENTED_EDGE('',*,*,#3124,.F.);
#3259 = ORIENTED_EDGE('',*,*,#3056,.T.);
#3260 = ORIENTED_EDGE('',*,*,#293,.F.);
#3261 = PLANE('',#3262);
#3262 = AXIS2_PLACEMENT_3D('',#3263,#3264,#3265);
#3263 = CARTESIAN_POINT('',(-7.,-7.,3.7));
#3264 = DIRECTION('',(0.979987319582,0.,0.19905992429));
#3265 = DIRECTION('',(0.19905992429,0.,-0.979987319582));
#3266 = ADVANCED_FACE('',(#3267),#3273,.T.);
#3267 = FACE_BOUND('',#3268,.T.);
#3268 = EDGE_LOOP('',(#3269,#3270,#3271,#3272));
#3269 = ORIENTED_EDGE('',*,*,#2991,.T.);
#3270 = ORIENTED_EDGE('',*,*,#285,.T.);
#3271 = ORIENTED_EDGE('',*,*,#506,.F.);
#3272 = ORIENTED_EDGE('',*,*,#538,.F.);
#3273 = PLANE('',#3274);
#3274 = AXIS2_PLACEMENT_3D('',#3275,#3276,#3277);
#3275 = CARTESIAN_POINT('',(7.,7.,0.));
#3276 = DIRECTION('',(-1.586032892322E-16,1.,0.));
#3277 = DIRECTION('',(-1.,-1.586032892322E-16,0.));
#3278 = ADVANCED_FACE('',(#3279),#3290,.T.);
#3279 = FACE_BOUND('',#3280,.T.);
#3280 = EDGE_LOOP('',(#3281,#3282,#3283,#3289));
#3281 = ORIENTED_EDGE('',*,*,#3224,.T.);
#3282 = ORIENTED_EDGE('',*,*,#3164,.T.);
#3283 = ORIENTED_EDGE('',*,*,#3284,.F.);
#3284 = EDGE_CURVE('',#3092,#3157,#3285,.T.);
#3285 = LINE('',#3286,#3287);
#3286 = CARTESIAN_POINT('',(2.5,2.,0.));
#3287 = VECTOR('',#3288,1.);
#3288 = DIRECTION('',(0.,0.,1.));
#3289 = ORIENTED_EDGE('',*,*,#3091,.F.);
#3290 = PLANE('',#3291);
#3291 = AXIS2_PLACEMENT_3D('',#3292,#3293,#3294);
#3292 = CARTESIAN_POINT('',(2.5,2.,0.));
#3293 = DIRECTION('',(-1.233581138472E-16,-1.,0.));
#3294 = DIRECTION('',(1.,-1.233581138472E-16,0.));
#3295 = ADVANCED_FACE('',(#3296),#3302,.T.);
#3296 = FACE_BOUND('',#3297,.T.);
#3297 = EDGE_LOOP('',(#3298,#3299,#3300,#3301));
#3298 = ORIENTED_EDGE('',*,*,#3099,.F.);
#3299 = ORIENTED_EDGE('',*,*,#3284,.T.);
#3300 = ORIENTED_EDGE('',*,*,#3156,.T.);
#3301 = ORIENTED_EDGE('',*,*,#2467,.F.);
#3302 = PLANE('',#3303);
#3303 = AXIS2_PLACEMENT_3D('',#3304,#3305,#3306);
#3304 = CARTESIAN_POINT('',(1.5,3.,0.));
#3305 = DIRECTION('',(-0.707106781187,-0.707106781187,0.));
#3306 = DIRECTION('',(0.707106781187,-0.707106781187,0.));
#3307 = ADVANCED_FACE('',(#3308),#3319,.T.);
#3308 = FACE_BOUND('',#3309,.T.);
#3309 = EDGE_LOOP('',(#3310,#3311,#3312,#3318));
#3310 = ORIENTED_EDGE('',*,*,#3020,.T.);
#3311 = ORIENTED_EDGE('',*,*,#3148,.T.);
#3312 = ORIENTED_EDGE('',*,*,#3313,.F.);
#3313 = EDGE_CURVE('',#2380,#3141,#3314,.T.);
#3314 = LINE('',#3315,#3316);
#3315 = CARTESIAN_POINT('',(-1.5,3.,0.));
#3316 = VECTOR('',#3317,1.);
#3317 = DIRECTION('',(0.,0.,1.));
#3318 = ORIENTED_EDGE('',*,*,#2379,.F.);
#3319 = PLANE('',#3320);
#3320 = AXIS2_PLACEMENT_3D('',#3321,#3322,#3323);
#3321 = CARTESIAN_POINT('',(-1.5,3.,0.));
#3322 = DIRECTION('',(1.,6.938893903907E-17,0.));
#3323 = DIRECTION('',(-6.938893903907E-17,1.,0.));
#3324 = ADVANCED_FACE('',(#3325),#3338,.T.);
#3325 = FACE_BOUND('',#3326,.T.);
#3326 = EDGE_LOOP('',(#3327,#3328,#3329,#3330,#3331,#3337));
#3327 = ORIENTED_EDGE('',*,*,#2034,.T.);
#3328 = ORIENTED_EDGE('',*,*,#2387,.F.);
#3329 = ORIENTED_EDGE('',*,*,#3313,.T.);
#3330 = ORIENTED_EDGE('',*,*,#3140,.T.);
#3331 = ORIENTED_EDGE('',*,*,#3332,.F.);
#3332 = EDGE_CURVE('',#2139,#3133,#3333,.T.);
#3333 = LINE('',#3334,#3335);
#3334 = CARTESIAN_POINT('',(-2.5,2.,0.));
#3335 = VECTOR('',#3336,1.);
#3336 = DIRECTION('',(0.,0.,1.));
#3337 = ORIENTED_EDGE('',*,*,#2138,.T.);
#3338 = PLANE('',#3339);
#3339 = AXIS2_PLACEMENT_3D('',#3340,#3341,#3342);
#3340 = CARTESIAN_POINT('',(-2.5,2.,0.));
#3341 = DIRECTION('',(0.707106781187,-0.707106781187,0.));
#3342 = DIRECTION('',(0.707106781187,0.707106781187,0.));
#3343 = ADVANCED_FACE('',(#3344),#3352,.T.);
#3344 = FACE_BOUND('',#3345,.T.);
#3345 = EDGE_LOOP('',(#3346,#3347,#3348,#3349,#3350,#3351));
#3346 = ORIENTED_EDGE('',*,*,#2146,.T.);
#3347 = ORIENTED_EDGE('',*,*,#3332,.T.);
#3348 = ORIENTED_EDGE('',*,*,#3132,.T.);
#3349 = ORIENTED_EDGE('',*,*,#3253,.T.);
#3350 = ORIENTED_EDGE('',*,*,#2355,.F.);
#3351 = ORIENTED_EDGE('',*,*,#2100,.T.);
#3352 = PLANE('',#3353);
#3353 = AXIS2_PLACEMENT_3D('',#3354,#3355,#3356);
#3354 = CARTESIAN_POINT('',(-7.,2.,0.));
#3355 = DIRECTION('',(0.,-1.,0.));
#3356 = DIRECTION('',(1.,0.,0.));
#3357 = ADVANCED_FACE('',(#3358),#3376,.T.);
#3358 = FACE_BOUND('',#3359,.T.);
#3359 = EDGE_LOOP('',(#3360,#3361,#3368,#3375));
#3360 = ORIENTED_EDGE('',*,*,#3192,.T.);
#3361 = ORIENTED_EDGE('',*,*,#3362,.F.);
#3362 = EDGE_CURVE('',#3363,#3193,#3365,.T.);
#3363 = VERTEX_POINT('',#3364);
#3364 = CARTESIAN_POINT('',(-6.05,-5.8,0.));
#3365 = B_SPLINE_CURVE_WITH_KNOTS('',1,(#3366,#3367),.UNSPECIFIED.,.F.,
  .F.,(2,2),(0.,0.5),.PIECEWISE_BEZIER_KNOTS.);
#3366 = CARTESIAN_POINT('',(-6.05,-5.8,0.));
#3367 = CARTESIAN_POINT('',(-6.05,-5.8,0.5));
#3368 = ORIENTED_EDGE('',*,*,#3369,.F.);
#3369 = EDGE_CURVE('',#3363,#3363,#3370,.T.);
#3370 = CIRCLE('',#3371,0.5);
#3371 = AXIS2_PLACEMENT_3D('',#3372,#3373,#3374);
#3372 = CARTESIAN_POINT('',(-5.55,-5.8,0.));
#3373 = DIRECTION('',(0.,0.,-1.));
#3374 = DIRECTION('',(1.,0.,0.));
#3375 = ORIENTED_EDGE('',*,*,#3362,.T.);
#3376 = CYLINDRICAL_SURFACE('',#3377,0.5);
#3377 = AXIS2_PLACEMENT_3D('',#3378,#3379,#3380);
#3378 = CARTESIAN_POINT('',(-5.55,-5.8,0.));
#3379 = DIRECTION('',(0.,0.,1.));
#3380 = DIRECTION('',(1.,0.,-0.));
#3381 = ADVANCED_FACE('',(#3382),#3400,.T.);
#3382 = FACE_BOUND('',#3383,.T.);
#3383 = EDGE_LOOP('',(#3384,#3385,#3392,#3399));
#3384 = ORIENTED_EDGE('',*,*,#3203,.T.);
#3385 = ORIENTED_EDGE('',*,*,#3386,.F.);
#3386 = EDGE_CURVE('',#3387,#3204,#3389,.T.);
#3387 = VERTEX_POINT('',#3388);
#3388 = CARTESIAN_POINT('',(5.05,-5.8,0.));
#3389 = B_SPLINE_CURVE_WITH_KNOTS('',1,(#3390,#3391),.UNSPECIFIED.,.F.,
  .F.,(2,2),(0.,0.5),.PIECEWISE_BEZIER_KNOTS.);
#3390 = CARTESIAN_POINT('',(5.05,-5.8,0.));
#3391 = CARTESIAN_POINT('',(5.05,-5.8,0.5));
#3392 = ORIENTED_EDGE('',*,*,#3393,.F.);
#3393 = EDGE_CURVE('',#3387,#3387,#3394,.T.);
#3394 = CIRCLE('',#3395,0.5);
#3395 = AXIS2_PLACEMENT_3D('',#3396,#3397,#3398);
#3396 = CARTESIAN_POINT('',(5.55,-5.8,0.));
#3397 = DIRECTION('',(0.,0.,-1.));
#3398 = DIRECTION('',(1.,0.,0.));
#3399 = ORIENTED_EDGE('',*,*,#3386,.T.);
#3400 = CYLINDRICAL_SURFACE('',#3401,0.5);
#3401 = AXIS2_PLACEMENT_3D('',#3402,#3403,#3404);
#3402 = CARTESIAN_POINT('',(5.55,-5.8,0.));
#3403 = DIRECTION('',(0.,0.,1.));
#3404 = DIRECTION('',(1.,0.,-0.));
#3405 = ADVANCED_FACE('',(#3406),#3409,.F.);
#3406 = FACE_BOUND('',#3407,.T.);
#3407 = EDGE_LOOP('',(#3408));
#3408 = ORIENTED_EDGE('',*,*,#3393,.T.);
#3409 = PLANE('',#3410);
#3410 = AXIS2_PLACEMENT_3D('',#3411,#3412,#3413);
#3411 = CARTESIAN_POINT('',(8.921435019309E-16,8.921435019309E-16,0.));
#3412 = DIRECTION('',(0.,0.,1.));
#3413 = DIRECTION('',(1.,0.,-0.));
#3414 = ADVANCED_FACE('',(#3415),#3418,.F.);
#3415 = FACE_BOUND('',#3416,.T.);
#3416 = EDGE_LOOP('',(#3417));
#3417 = ORIENTED_EDGE('',*,*,#3369,.T.);
#3418 = PLANE('',#3419);
#3419 = AXIS2_PLACEMENT_3D('',#3420,#3421,#3422);
#3420 = CARTESIAN_POINT('',(8.921435019309E-16,8.921435019309E-16,0.));
#3421 = DIRECTION('',(0.,0.,1.));
#3422 = DIRECTION('',(1.,0.,-0.));
#3423 = ADVANCED_FACE('',(#3424),#3430,.T.);
#3424 = FACE_BOUND('',#3425,.T.);
#3425 = EDGE_LOOP('',(#3426,#3427,#3428,#3429));
#3426 = ORIENTED_EDGE('',*,*,#490,.F.);
#3427 = ORIENTED_EDGE('',*,*,#340,.T.);
#3428 = ORIENTED_EDGE('',*,*,#1336,.F.);
#3429 = ORIENTED_EDGE('',*,*,#433,.F.);
#3430 = PLANE('',#3431);
#3431 = AXIS2_PLACEMENT_3D('',#3432,#3433,#3434);
#3432 = CARTESIAN_POINT('',(7.8,7.8,5.));
#3433 = DIRECTION('',(0.,1.,0.));
#3434 = DIRECTION('',(-1.,0.,0.));
#3435 = ADVANCED_FACE('',(#3436),#3442,.T.);
#3436 = FACE_BOUND('',#3437,.T.);
#3437 = EDGE_LOOP('',(#3438,#3439,#3440,#3441));
#3438 = ORIENTED_EDGE('',*,*,#473,.F.);
#3439 = ORIENTED_EDGE('',*,*,#402,.T.);
#3440 = ORIENTED_EDGE('',*,*,#1325,.F.);
#3441 = ORIENTED_EDGE('',*,*,#371,.F.);
#3442 = PLANE('',#3443);
#3443 = AXIS2_PLACEMENT_3D('',#3444,#3445,#3446);
#3444 = CARTESIAN_POINT('',(-7.8,-7.8,5.));
#3445 = DIRECTION('',(0.,-1.,0.));
#3446 = DIRECTION('',(1.,0.,0.));
#3447 = ADVANCED_FACE('',(#3448),#3483,.T.);
#3448 = FACE_BOUND('',#3449,.T.);
#3449 = EDGE_LOOP('',(#3450,#3461,#3468,#3475,#3482));
#3450 = ORIENTED_EDGE('',*,*,#3451,.T.);
#3451 = EDGE_CURVE('',#3452,#3454,#3456,.T.);
#3452 = VERTEX_POINT('',#3453);
#3453 = CARTESIAN_POINT('',(1.9,-2.32682891838E-16,-1.7));
#3454 = VERTEX_POINT('',#3455);
#3455 = CARTESIAN_POINT('',(-1.9,0.,-1.7));
#3456 = CIRCLE('',#3457,1.9);
#3457 = AXIS2_PLACEMENT_3D('',#3458,#3459,#3460);
#3458 = CARTESIAN_POINT('',(0.,0.,-1.7));
#3459 = DIRECTION('',(0.,0.,-1.));
#3460 = DIRECTION('',(-1.,0.,0.));
#3461 = ORIENTED_EDGE('',*,*,#3462,.T.);
#3462 = EDGE_CURVE('',#3454,#3452,#3463,.T.);
#3463 = CIRCLE('',#3464,1.9);
#3464 = AXIS2_PLACEMENT_3D('',#3465,#3466,#3467);
#3465 = CARTESIAN_POINT('',(0.,0.,-1.7));
#3466 = DIRECTION('',(0.,0.,-1.));
#3467 = DIRECTION('',(-1.,0.,0.));
#3468 = ORIENTED_EDGE('',*,*,#3469,.F.);
#3469 = EDGE_CURVE('',#3470,#3452,#3472,.T.);
#3470 = VERTEX_POINT('',#3471);
#3471 = CARTESIAN_POINT('',(1.4,1.714505518806E-16,-3.));
#3472 = B_SPLINE_CURVE_WITH_KNOTS('',1,(#3473,#3474),.UNSPECIFIED.,.F.,
  .F.,(2,2),(-0.696419413859,0.696419413859),.PIECEWISE_BEZIER_KNOTS.);
#3473 = CARTESIAN_POINT('',(1.4,-5.143516556419E-16,-3.));
#3474 = CARTESIAN_POINT('',(1.9,-6.98048675514E-16,-1.7));
#3475 = ORIENTED_EDGE('',*,*,#3476,.T.);
#3476 = EDGE_CURVE('',#3470,#3470,#3477,.T.);
#3477 = CIRCLE('',#3478,1.4);
#3478 = AXIS2_PLACEMENT_3D('',#3479,#3480,#3481);
#3479 = CARTESIAN_POINT('',(0.,0.,-3.));
#3480 = DIRECTION('',(0.,0.,1.));
#3481 = DIRECTION('',(-1.,0.,0.));
#3482 = ORIENTED_EDGE('',*,*,#3469,.T.);
#3483 = CONICAL_SURFACE('',#3484,1.65,0.367173833818);
#3484 = AXIS2_PLACEMENT_3D('',#3485,#3486,#3487);
#3485 = CARTESIAN_POINT('',(0.,0.,-2.35));
#3486 = DIRECTION('',(0.,0.,1.));
#3487 = DIRECTION('',(-1.,0.,0.));
#3488 = ADVANCED_FACE('',(#3489),#3500,.T.);
#3489 = FACE_BOUND('',#3490,.T.);
#3490 = EDGE_LOOP('',(#3491,#3492,#3497,#3498,#3499));
#3491 = ORIENTED_EDGE('',*,*,#3181,.T.);
#3492 = ORIENTED_EDGE('',*,*,#3493,.T.);
#3493 = EDGE_CURVE('',#3182,#3454,#3494,.T.);
#3494 = B_SPLINE_CURVE_WITH_KNOTS('',1,(#3495,#3496),.UNSPECIFIED.,.F.,
  .F.,(2,2),(-0.5,1.7),.PIECEWISE_BEZIER_KNOTS.);
#3495 = CARTESIAN_POINT('',(-1.9,0.,0.5));
#3496 = CARTESIAN_POINT('',(-1.9,0.,-1.7));
#3497 = ORIENTED_EDGE('',*,*,#3451,.F.);
#3498 = ORIENTED_EDGE('',*,*,#3462,.F.);
#3499 = ORIENTED_EDGE('',*,*,#3493,.F.);
#3500 = CYLINDRICAL_SURFACE('',#3501,1.9);
#3501 = AXIS2_PLACEMENT_3D('',#3502,#3503,#3504);
#3502 = CARTESIAN_POINT('',(0.,0.,0.));
#3503 = DIRECTION('',(0.,0.,-1.));
#3504 = DIRECTION('',(-1.,0.,0.));
#3505 = ADVANCED_FACE('',(#3506),#3509,.F.);
#3506 = FACE_BOUND('',#3507,.T.);
#3507 = EDGE_LOOP('',(#3508));
#3508 = ORIENTED_EDGE('',*,*,#3476,.F.);
#3509 = PLANE('',#3510);
#3510 = AXIS2_PLACEMENT_3D('',#3511,#3512,#3513);
#3511 = CARTESIAN_POINT('',(-1.411252217568E-16,0.,-3.));
#3512 = DIRECTION('',(0.,0.,1.));
#3513 = DIRECTION('',(1.,0.,-0.));
#3514 = ( GEOMETRIC_REPRESENTATION_CONTEXT(3) 
GLOBAL_UNCERTAINTY_ASSIGNED_CONTEXT((#3518)) 
GLOBAL_UNIT_ASSIGNED_CONTEXT((#3515,#3516,#3517)) REPRESENTATION_CONTEXT
('Context #1','3D Context with UNIT and UNCERTAINTY') );
#3515 = ( LENGTH_UNIT() NAMED_UNIT(*) SI_UNIT(.MILLI.,.METRE.) );
#3516 = ( NAMED_UNIT(*) PLANE_ANGLE_UNIT() SI_UNIT($,.RADIAN.) );
#3517 = ( NAMED_UNIT(*) SI_UNIT($,.STERADIAN.) SOLID_ANGLE_UNIT() );
#3518 = UNCERTAINTY_MEASURE_WITH_UNIT(LENGTH_MEASURE(5.E-07),#3515,
  'distance_accuracy_value','confusion accuracy');
#3519 = CONTEXT_DEPENDENT_SHAPE_REPRESENTATION(#3520,#3522);
#3520 = ( REPRESENTATION_RELATIONSHIP('','',#110,#79) 
REPRESENTATION_RELATIONSHIP_WITH_TRANSFORMATION(#3521) 
SHAPE_REPRESENTATION_RELATIONSHIP() );
#3521 = ITEM_DEFINED_TRANSFORMATION('','',#11,#80);
#3522 = PRODUCT_DEFINITION_SHAPE('Placement','Placement of an item',
  #3523);
#3523 = NEXT_ASSEMBLY_USAGE_OCCURRENCE('1','Body:1','',#74,#105,$);
#3524 = PRODUCT_RELATED_PRODUCT_CATEGORY('part',$,(#107));
#3525 = SHAPE_DEFINITION_REPRESENTATION(#3526,#3532);
#3526 = PRODUCT_DEFINITION_SHAPE('','',#3527);
#3527 = PRODUCT_DEFINITION('design','',#3528,#3531);
#3528 = PRODUCT_DEFINITION_FORMATION('','',#3529);
#3529 = PRODUCT('Button','Button','',(#3530));
#3530 = PRODUCT_CONTEXT('',#2,'mechanical');
#3531 = PRODUCT_DEFINITION_CONTEXT('part definition',#2,'design');
#3532 = ADVANCED_BREP_SHAPE_REPRESENTATION('',(#11,#3533),#4839);
#3533 = MANIFOLD_SOLID_BREP('',#3534);
#3534 = CLOSED_SHELL('',(#3535,#3583,#3614,#3653,#3684,#3723,#3754,#3785
    ,#3816,#3862,#3894,#3911,#3942,#3966,#3990,#4007,#4038,#4062,#4086,
    #4117,#4141,#4158,#4182,#4206,#4223,#4263,#4294,#4325,#4356,#4387,
    #4422,#4462,#4493,#4524,#4555,#4586,#4621,#4638,#4662,#4679,#4719,
    #4743,#4776,#4793,#4827));
#3535 = ADVANCED_FACE('',(#3536),#3578,.T.);
#3536 = FACE_BOUND('',#3537,.T.);
#3537 = EDGE_LOOP('',(#3538,#3548,#3556,#3564,#3572));
#3538 = ORIENTED_EDGE('',*,*,#3539,.T.);
#3539 = EDGE_CURVE('',#3540,#3542,#3544,.T.);
#3540 = VERTEX_POINT('',#3541);
#3541 = CARTESIAN_POINT('',(0.4,-0.2,4.2));
#3542 = VERTEX_POINT('',#3543);
#3543 = CARTESIAN_POINT('',(0.4,-1.8,4.2));
#3544 = LINE('',#3545,#3546);
#3545 = CARTESIAN_POINT('',(0.4,-1.,4.2));
#3546 = VECTOR('',#3547,1.);
#3547 = DIRECTION('',(0.,-1.,0.));
#3548 = ORIENTED_EDGE('',*,*,#3549,.T.);
#3549 = EDGE_CURVE('',#3542,#3550,#3552,.T.);
#3550 = VERTEX_POINT('',#3551);
#3551 = CARTESIAN_POINT('',(0.6,-2.,4.));
#3552 = LINE('',#3553,#3554);
#3553 = CARTESIAN_POINT('',(0.4,-1.8,4.2));
#3554 = VECTOR('',#3555,1.);
#3555 = DIRECTION('',(0.57735026919,-0.57735026919,-0.57735026919));
#3556 = ORIENTED_EDGE('',*,*,#3557,.T.);
#3557 = EDGE_CURVE('',#3550,#3558,#3560,.T.);
#3558 = VERTEX_POINT('',#3559);
#3559 = CARTESIAN_POINT('',(0.6,-0.6,4.));
#3560 = LINE('',#3561,#3562);
#3561 = CARTESIAN_POINT('',(0.6,-1.,4.));
#3562 = VECTOR('',#3563,1.);
#3563 = DIRECTION('',(0.,1.,0.));
#3564 = ORIENTED_EDGE('',*,*,#3565,.T.);
#3565 = EDGE_CURVE('',#3558,#3566,#3568,.T.);
#3566 = VERTEX_POINT('',#3567);
#3567 = CARTESIAN_POINT('',(0.541421356237,-0.541421356237,
    4.058578643763));
#3568 = LINE('',#3569,#3570);
#3569 = CARTESIAN_POINT('',(0.55,-0.55,4.05));
#3570 = VECTOR('',#3571,1.);
#3571 = DIRECTION('',(-0.57735026919,0.57735026919,0.57735026919));
#3572 = ORIENTED_EDGE('',*,*,#3573,.T.);
#3573 = EDGE_CURVE('',#3566,#3540,#3574,.T.);
#3574 = LINE('',#3575,#3576);
#3575 = CARTESIAN_POINT('',(0.541421356237,-0.541421356237,
    4.058578643763));
#3576 = VECTOR('',#3577,1.);
#3577 = DIRECTION('',(-0.357406744337,0.862856209461,0.357406744337));
#3578 = PLANE('',#3579);
#3579 = AXIS2_PLACEMENT_3D('',#3580,#3581,#3582);
#3580 = CARTESIAN_POINT('',(0.5,-1.,4.1));
#3581 = DIRECTION('',(0.707106781187,0.,0.707106781187));
#3582 = DIRECTION('',(0.707106781187,0.,-0.707106781187));
#3583 = ADVANCED_FACE('',(#3584),#3609,.T.);
#3584 = FACE_BOUND('',#3585,.T.);
#3585 = EDGE_LOOP('',(#3586,#3594,#3602,#3608));
#3586 = ORIENTED_EDGE('',*,*,#3587,.T.);
#3587 = EDGE_CURVE('',#3542,#3588,#3590,.T.);
#3588 = VERTEX_POINT('',#3589);
#3589 = CARTESIAN_POINT('',(-0.4,-1.8,4.2));
#3590 = LINE('',#3591,#3592);
#3591 = CARTESIAN_POINT('',(-0.3,-1.8,4.2));
#3592 = VECTOR('',#3593,1.);
#3593 = DIRECTION('',(-1.,0.,0.));
#3594 = ORIENTED_EDGE('',*,*,#3595,.T.);
#3595 = EDGE_CURVE('',#3588,#3596,#3598,.T.);
#3596 = VERTEX_POINT('',#3597);
#3597 = CARTESIAN_POINT('',(-0.6,-2.,4.));
#3598 = LINE('',#3599,#3600);
#3599 = CARTESIAN_POINT('',(-0.4,-1.8,4.2));
#3600 = VECTOR('',#3601,1.);
#3601 = DIRECTION('',(-0.57735026919,-0.57735026919,-0.57735026919));
#3602 = ORIENTED_EDGE('',*,*,#3603,.T.);
#3603 = EDGE_CURVE('',#3596,#3550,#3604,.T.);
#3604 = LINE('',#3605,#3606);
#3605 = CARTESIAN_POINT('',(-0.3,-2.,4.));
#3606 = VECTOR('',#3607,1.);
#3607 = DIRECTION('',(1.,0.,0.));
#3608 = ORIENTED_EDGE('',*,*,#3549,.F.);
#3609 = PLANE('',#3610);
#3610 = AXIS2_PLACEMENT_3D('',#3611,#3612,#3613);
#3611 = CARTESIAN_POINT('',(-0.3,-1.9,4.1));
#3612 = DIRECTION('',(0.,-0.707106781187,0.707106781187));
#3613 = DIRECTION('',(1.,0.,0.));
#3614 = ADVANCED_FACE('',(#3615),#3648,.T.);
#3615 = FACE_BOUND('',#3616,.T.);
#3616 = EDGE_LOOP('',(#3617,#3625,#3633,#3641,#3647));
#3617 = ORIENTED_EDGE('',*,*,#3618,.T.);
#3618 = EDGE_CURVE('',#3588,#3619,#3621,.T.);
#3619 = VERTEX_POINT('',#3620);
#3620 = CARTESIAN_POINT('',(-0.4,-0.2,4.2));
#3621 = LINE('',#3622,#3623);
#3622 = CARTESIAN_POINT('',(-0.4,-0.3,4.2));
#3623 = VECTOR('',#3624,1.);
#3624 = DIRECTION('',(0.,1.,0.));
#3625 = ORIENTED_EDGE('',*,*,#3626,.T.);
#3626 = EDGE_CURVE('',#3619,#3627,#3629,.T.);
#3627 = VERTEX_POINT('',#3628);
#3628 = CARTESIAN_POINT('',(-0.541421356237,-0.541421356237,
    4.058578643763));
#3629 = LINE('',#3630,#3631);
#3630 = CARTESIAN_POINT('',(-0.4,-0.2,4.2));
#3631 = VECTOR('',#3632,1.);
#3632 = DIRECTION('',(-0.357406744337,-0.862856209461,-0.357406744337));
#3633 = ORIENTED_EDGE('',*,*,#3634,.T.);
#3634 = EDGE_CURVE('',#3627,#3635,#3637,.T.);
#3635 = VERTEX_POINT('',#3636);
#3636 = CARTESIAN_POINT('',(-0.6,-0.6,4.));
#3637 = LINE('',#3638,#3639);
#3638 = CARTESIAN_POINT('',(-0.55,-0.55,4.05));
#3639 = VECTOR('',#3640,1.);
#3640 = DIRECTION('',(-0.57735026919,-0.57735026919,-0.57735026919));
#3641 = ORIENTED_EDGE('',*,*,#3642,.T.);
#3642 = EDGE_CURVE('',#3635,#3596,#3643,.T.);
#3643 = LINE('',#3644,#3645);
#3644 = CARTESIAN_POINT('',(-0.6,-0.3,4.));
#3645 = VECTOR('',#3646,1.);
#3646 = DIRECTION('',(0.,-1.,0.));
#3647 = ORIENTED_EDGE('',*,*,#3595,.F.);
#3648 = PLANE('',#3649);
#3649 = AXIS2_PLACEMENT_3D('',#3650,#3651,#3652);
#3650 = CARTESIAN_POINT('',(-0.5,-0.3,4.1));
#3651 = DIRECTION('',(-0.707106781187,0.,0.707106781187));
#3652 = DIRECTION('',(0.707106781187,0.,0.707106781187));
#3653 = ADVANCED_FACE('',(#3654),#3679,.T.);
#3654 = FACE_BOUND('',#3655,.T.);
#3655 = EDGE_LOOP('',(#3656,#3664,#3672,#3678));
#3656 = ORIENTED_EDGE('',*,*,#3657,.T.);
#3657 = EDGE_CURVE('',#3619,#3658,#3660,.T.);
#3658 = VERTEX_POINT('',#3659);
#3659 = CARTESIAN_POINT('',(-1.8,-0.2,4.2));
#3660 = LINE('',#3661,#3662);
#3661 = CARTESIAN_POINT('',(-0.5,-0.2,4.2));
#3662 = VECTOR('',#3663,1.);
#3663 = DIRECTION('',(-1.,0.,0.));
#3664 = ORIENTED_EDGE('',*,*,#3665,.T.);
#3665 = EDGE_CURVE('',#3658,#3666,#3668,.T.);
#3666 = VERTEX_POINT('',#3667);
#3667 = CARTESIAN_POINT('',(-1.941421356237,-0.541421356237,
    4.058578643763));
#3668 = LINE('',#3669,#3670);
#3669 = CARTESIAN_POINT('',(-1.8,-0.2,4.2));
#3670 = VECTOR('',#3671,1.);
#3671 = DIRECTION('',(-0.357406744337,-0.862856209461,-0.357406744337));
#3672 = ORIENTED_EDGE('',*,*,#3673,.T.);
#3673 = EDGE_CURVE('',#3666,#3627,#3674,.T.);
#3674 = LINE('',#3675,#3676);
#3675 = CARTESIAN_POINT('',(-0.5,-0.541421356237,4.058578643763));
#3676 = VECTOR('',#3677,1.);
#3677 = DIRECTION('',(1.,0.,0.));
#3678 = ORIENTED_EDGE('',*,*,#3626,.F.);
#3679 = PLANE('',#3680);
#3680 = AXIS2_PLACEMENT_3D('',#3681,#3682,#3683);
#3681 = CARTESIAN_POINT('',(-0.5,-0.370710678119,4.129289321881));
#3682 = DIRECTION('',(0.,-0.382683432365,0.923879532511));
#3683 = DIRECTION('',(1.,0.,0.));
#3684 = ADVANCED_FACE('',(#3685),#3718,.T.);
#3685 = FACE_BOUND('',#3686,.T.);
#3686 = EDGE_LOOP('',(#3687,#3695,#3703,#3711,#3717));
#3687 = ORIENTED_EDGE('',*,*,#3688,.T.);
#3688 = EDGE_CURVE('',#3658,#3689,#3691,.T.);
#3689 = VERTEX_POINT('',#3690);
#3690 = CARTESIAN_POINT('',(-1.8,0.4,4.2));
#3691 = LINE('',#3692,#3693);
#3692 = CARTESIAN_POINT('',(-1.8,0.3,4.2));
#3693 = VECTOR('',#3694,1.);
#3694 = DIRECTION('',(0.,1.,0.));
#3695 = ORIENTED_EDGE('',*,*,#3696,.T.);
#3696 = EDGE_CURVE('',#3689,#3697,#3699,.T.);
#3697 = VERTEX_POINT('',#3698);
#3698 = CARTESIAN_POINT('',(-2.,0.6,4.));
#3699 = LINE('',#3700,#3701);
#3700 = CARTESIAN_POINT('',(-1.8,0.4,4.2));
#3701 = VECTOR('',#3702,1.);
#3702 = DIRECTION('',(-0.57735026919,0.57735026919,-0.57735026919));
#3703 = ORIENTED_EDGE('',*,*,#3704,.T.);
#3704 = EDGE_CURVE('',#3697,#3705,#3707,.T.);
#3705 = VERTEX_POINT('',#3706);
#3706 = CARTESIAN_POINT('',(-2.,-0.6,4.));
#3707 = LINE('',#3708,#3709);
#3708 = CARTESIAN_POINT('',(-2.,0.3,4.));
#3709 = VECTOR('',#3710,1.);
#3710 = DIRECTION('',(0.,-1.,0.));
#3711 = ORIENTED_EDGE('',*,*,#3712,.T.);
#3712 = EDGE_CURVE('',#3705,#3666,#3713,.T.);
#3713 = LINE('',#3714,#3715);
#3714 = CARTESIAN_POINT('',(-1.616666666667,-0.216666666667,
    4.383333333333));
#3715 = VECTOR('',#3716,1.);
#3716 = DIRECTION('',(0.57735026919,0.57735026919,0.57735026919));
#3717 = ORIENTED_EDGE('',*,*,#3665,.F.);
#3718 = PLANE('',#3719);
#3719 = AXIS2_PLACEMENT_3D('',#3720,#3721,#3722);
#3720 = CARTESIAN_POINT('',(-1.9,0.3,4.1));
#3721 = DIRECTION('',(-0.707106781187,0.,0.707106781187));
#3722 = DIRECTION('',(0.707106781187,0.,0.707106781187));
#3723 = ADVANCED_FACE('',(#3724),#3749,.T.);
#3724 = FACE_BOUND('',#3725,.T.);
#3725 = EDGE_LOOP('',(#3726,#3734,#3742,#3748));
#3726 = ORIENTED_EDGE('',*,*,#3727,.T.);
#3727 = EDGE_CURVE('',#3689,#3728,#3730,.T.);
#3728 = VERTEX_POINT('',#3729);
#3729 = CARTESIAN_POINT('',(-0.4,0.4,4.2));
#3730 = LINE('',#3731,#3732);
#3731 = CARTESIAN_POINT('',(-0.3,0.4,4.2));
#3732 = VECTOR('',#3733,1.);
#3733 = DIRECTION('',(1.,0.,0.));
#3734 = ORIENTED_EDGE('',*,*,#3735,.T.);
#3735 = EDGE_CURVE('',#3728,#3736,#3738,.T.);
#3736 = VERTEX_POINT('',#3737);
#3737 = CARTESIAN_POINT('',(-0.6,0.6,4.));
#3738 = LINE('',#3739,#3740);
#3739 = CARTESIAN_POINT('',(-0.4,0.4,4.2));
#3740 = VECTOR('',#3741,1.);
#3741 = DIRECTION('',(-0.57735026919,0.57735026919,-0.57735026919));
#3742 = ORIENTED_EDGE('',*,*,#3743,.T.);
#3743 = EDGE_CURVE('',#3736,#3697,#3744,.T.);
#3744 = LINE('',#3745,#3746);
#3745 = CARTESIAN_POINT('',(-0.3,0.6,4.));
#3746 = VECTOR('',#3747,1.);
#3747 = DIRECTION('',(-1.,0.,0.));
#3748 = ORIENTED_EDGE('',*,*,#3696,.F.);
#3749 = PLANE('',#3750);
#3750 = AXIS2_PLACEMENT_3D('',#3751,#3752,#3753);
#3751 = CARTESIAN_POINT('',(-0.3,0.5,4.1));
#3752 = DIRECTION('',(0.,0.707106781187,0.707106781187));
#3753 = DIRECTION('',(1.,0.,-0.));
#3754 = ADVANCED_FACE('',(#3755),#3780,.T.);
#3755 = FACE_BOUND('',#3756,.T.);
#3756 = EDGE_LOOP('',(#3757,#3765,#3773,#3779));
#3757 = ORIENTED_EDGE('',*,*,#3758,.T.);
#3758 = EDGE_CURVE('',#3728,#3759,#3761,.T.);
#3759 = VERTEX_POINT('',#3760);
#3760 = CARTESIAN_POINT('',(-0.4,1.8,4.2));
#3761 = LINE('',#3762,#3763);
#3762 = CARTESIAN_POINT('',(-0.4,1.,4.2));
#3763 = VECTOR('',#3764,1.);
#3764 = DIRECTION('',(0.,1.,0.));
#3765 = ORIENTED_EDGE('',*,*,#3766,.T.);
#3766 = EDGE_CURVE('',#3759,#3767,#3769,.T.);
#3767 = VERTEX_POINT('',#3768);
#3768 = CARTESIAN_POINT('',(-0.6,2.,4.));
#3769 = LINE('',#3770,#3771);
#3770 = CARTESIAN_POINT('',(-0.216666666667,1.616666666667,
    4.383333333333));
#3771 = VECTOR('',#3772,1.);
#3772 = DIRECTION('',(-0.57735026919,0.57735026919,-0.57735026919));
#3773 = ORIENTED_EDGE('',*,*,#3774,.T.);
#3774 = EDGE_CURVE('',#3767,#3736,#3775,.T.);
#3775 = LINE('',#3776,#3777);
#3776 = CARTESIAN_POINT('',(-0.6,1.,4.));
#3777 = VECTOR('',#3778,1.);
#3778 = DIRECTION('',(0.,-1.,0.));
#3779 = ORIENTED_EDGE('',*,*,#3735,.F.);
#3780 = PLANE('',#3781);
#3781 = AXIS2_PLACEMENT_3D('',#3782,#3783,#3784);
#3782 = CARTESIAN_POINT('',(-0.5,1.,4.1));
#3783 = DIRECTION('',(-0.707106781187,0.,0.707106781187));
#3784 = DIRECTION('',(0.707106781187,0.,0.707106781187));
#3785 = ADVANCED_FACE('',(#3786),#3811,.T.);
#3786 = FACE_BOUND('',#3787,.T.);
#3787 = EDGE_LOOP('',(#3788,#3796,#3804,#3810));
#3788 = ORIENTED_EDGE('',*,*,#3789,.F.);
#3789 = EDGE_CURVE('',#3790,#3566,#3792,.T.);
#3790 = VERTEX_POINT('',#3791);
#3791 = CARTESIAN_POINT('',(1.941421356237,-0.541421356237,
    4.058578643763));
#3792 = LINE('',#3793,#3794);
#3793 = CARTESIAN_POINT('',(0.15,-0.541421356237,4.058578643763));
#3794 = VECTOR('',#3795,1.);
#3795 = DIRECTION('',(-1.,0.,0.));
#3796 = ORIENTED_EDGE('',*,*,#3797,.T.);
#3797 = EDGE_CURVE('',#3790,#3798,#3800,.T.);
#3798 = VERTEX_POINT('',#3799);
#3799 = CARTESIAN_POINT('',(1.8,-0.2,4.2));
#3800 = LINE('',#3801,#3802);
#3801 = CARTESIAN_POINT('',(1.753647398148,-8.809491995661E-02,
    4.246352601852));
#3802 = VECTOR('',#3803,1.);
#3803 = DIRECTION('',(-0.357406744337,0.862856209461,0.357406744337));
#3804 = ORIENTED_EDGE('',*,*,#3805,.T.);
#3805 = EDGE_CURVE('',#3798,#3540,#3806,.T.);
#3806 = LINE('',#3807,#3808);
#3807 = CARTESIAN_POINT('',(0.15,-0.2,4.2));
#3808 = VECTOR('',#3809,1.);
#3809 = DIRECTION('',(-1.,0.,0.));
#3810 = ORIENTED_EDGE('',*,*,#3573,.F.);
#3811 = PLANE('',#3812);
#3812 = AXIS2_PLACEMENT_3D('',#3813,#3814,#3815);
#3813 = CARTESIAN_POINT('',(0.15,-0.370710678119,4.129289321881));
#3814 = DIRECTION('',(0.,-0.382683432365,0.923879532511));
#3815 = DIRECTION('',(1.,0.,0.));
#3816 = ADVANCED_FACE('',(#3817),#3857,.T.);
#3817 = FACE_BOUND('',#3818,.T.);
#3818 = EDGE_LOOP('',(#3819,#3820,#3821,#3822,#3823,#3824,#3825,#3826,
    #3827,#3835,#3843,#3851));
#3819 = ORIENTED_EDGE('',*,*,#3758,.F.);
#3820 = ORIENTED_EDGE('',*,*,#3727,.F.);
#3821 = ORIENTED_EDGE('',*,*,#3688,.F.);
#3822 = ORIENTED_EDGE('',*,*,#3657,.F.);
#3823 = ORIENTED_EDGE('',*,*,#3618,.F.);
#3824 = ORIENTED_EDGE('',*,*,#3587,.F.);
#3825 = ORIENTED_EDGE('',*,*,#3539,.F.);
#3826 = ORIENTED_EDGE('',*,*,#3805,.F.);
#3827 = ORIENTED_EDGE('',*,*,#3828,.F.);
#3828 = EDGE_CURVE('',#3829,#3798,#3831,.T.);
#3829 = VERTEX_POINT('',#3830);
#3830 = CARTESIAN_POINT('',(1.8,0.4,4.2));
#3831 = LINE('',#3832,#3833);
#3832 = CARTESIAN_POINT('',(1.8,-0.3,4.2));
#3833 = VECTOR('',#3834,1.);
#3834 = DIRECTION('',(0.,-1.,0.));
#3835 = ORIENTED_EDGE('',*,*,#3836,.F.);
#3836 = EDGE_CURVE('',#3837,#3829,#3839,.T.);
#3837 = VERTEX_POINT('',#3838);
#3838 = CARTESIAN_POINT('',(0.4,0.4,4.2));
#3839 = LINE('',#3840,#3841);
#3840 = CARTESIAN_POINT('',(1.,0.4,4.2));
#3841 = VECTOR('',#3842,1.);
#3842 = DIRECTION('',(1.,0.,0.));
#3843 = ORIENTED_EDGE('',*,*,#3844,.F.);
#3844 = EDGE_CURVE('',#3845,#3837,#3847,.T.);
#3845 = VERTEX_POINT('',#3846);
#3846 = CARTESIAN_POINT('',(0.4,1.8,4.2));
#3847 = LINE('',#3848,#3849);
#3848 = CARTESIAN_POINT('',(0.4,0.3,4.2));
#3849 = VECTOR('',#3850,1.);
#3850 = DIRECTION('',(0.,-1.,0.));
#3851 = ORIENTED_EDGE('',*,*,#3852,.F.);
#3852 = EDGE_CURVE('',#3759,#3845,#3853,.T.);
#3853 = LINE('',#3854,#3855);
#3854 = CARTESIAN_POINT('',(0.3,1.8,4.2));
#3855 = VECTOR('',#3856,1.);
#3856 = DIRECTION('',(1.,0.,0.));
#3857 = PLANE('',#3858);
#3858 = AXIS2_PLACEMENT_3D('',#3859,#3860,#3861);
#3859 = CARTESIAN_POINT('',(0.,0.,4.2));
#3860 = DIRECTION('',(0.,0.,1.));
#3861 = DIRECTION('',(1.,0.,-0.));
#3862 = ADVANCED_FACE('',(#3863),#3889,.T.);
#3863 = FACE_BOUND('',#3864,.T.);
#3864 = EDGE_LOOP('',(#3865,#3866,#3874,#3882,#3888));
#3865 = ORIENTED_EDGE('',*,*,#3797,.F.);
#3866 = ORIENTED_EDGE('',*,*,#3867,.T.);
#3867 = EDGE_CURVE('',#3790,#3868,#3870,.T.);
#3868 = VERTEX_POINT('',#3869);
#3869 = CARTESIAN_POINT('',(2.,-0.6,4.));
#3870 = LINE('',#3871,#3872);
#3871 = CARTESIAN_POINT('',(1.6,-0.2,4.4));
#3872 = VECTOR('',#3873,1.);
#3873 = DIRECTION('',(0.57735026919,-0.57735026919,-0.57735026919));
#3874 = ORIENTED_EDGE('',*,*,#3875,.T.);
#3875 = EDGE_CURVE('',#3868,#3876,#3878,.T.);
#3876 = VERTEX_POINT('',#3877);
#3877 = CARTESIAN_POINT('',(2.,0.6,4.));
#3878 = LINE('',#3879,#3880);
#3879 = CARTESIAN_POINT('',(2.,-0.3,4.));
#3880 = VECTOR('',#3881,1.);
#3881 = DIRECTION('',(0.,1.,0.));
#3882 = ORIENTED_EDGE('',*,*,#3883,.T.);
#3883 = EDGE_CURVE('',#3876,#3829,#3884,.T.);
#3884 = LINE('',#3885,#3886);
#3885 = CARTESIAN_POINT('',(1.616666666667,0.216666666667,4.383333333333
    ));
#3886 = VECTOR('',#3887,1.);
#3887 = DIRECTION('',(-0.57735026919,-0.57735026919,0.57735026919));
#3888 = ORIENTED_EDGE('',*,*,#3828,.T.);
#3889 = PLANE('',#3890);
#3890 = AXIS2_PLACEMENT_3D('',#3891,#3892,#3893);
#3891 = CARTESIAN_POINT('',(1.9,-0.3,4.1));
#3892 = DIRECTION('',(0.707106781187,0.,0.707106781187));
#3893 = DIRECTION('',(0.707106781187,0.,-0.707106781187));
#3894 = ADVANCED_FACE('',(#3895),#3906,.T.);
#3895 = FACE_BOUND('',#3896,.T.);
#3896 = EDGE_LOOP('',(#3897,#3898,#3899,#3905));
#3897 = ORIENTED_EDGE('',*,*,#3789,.T.);
#3898 = ORIENTED_EDGE('',*,*,#3565,.F.);
#3899 = ORIENTED_EDGE('',*,*,#3900,.T.);
#3900 = EDGE_CURVE('',#3558,#3868,#3901,.T.);
#3901 = LINE('',#3902,#3903);
#3902 = CARTESIAN_POINT('',(0.3,-0.6,4.));
#3903 = VECTOR('',#3904,1.);
#3904 = DIRECTION('',(1.,0.,0.));
#3905 = ORIENTED_EDGE('',*,*,#3867,.F.);
#3906 = PLANE('',#3907);
#3907 = AXIS2_PLACEMENT_3D('',#3908,#3909,#3910);
#3908 = CARTESIAN_POINT('',(0.3,-0.5,4.1));
#3909 = DIRECTION('',(0.,-0.707106781187,0.707106781187));
#3910 = DIRECTION('',(1.,0.,0.));
#3911 = ADVANCED_FACE('',(#3912),#3937,.T.);
#3912 = FACE_BOUND('',#3913,.T.);
#3913 = EDGE_LOOP('',(#3914,#3915,#3923,#3931));
#3914 = ORIENTED_EDGE('',*,*,#3557,.F.);
#3915 = ORIENTED_EDGE('',*,*,#3916,.F.);
#3916 = EDGE_CURVE('',#3917,#3550,#3919,.T.);
#3917 = VERTEX_POINT('',#3918);
#3918 = CARTESIAN_POINT('',(0.6,-2.,0.));
#3919 = LINE('',#3920,#3921);
#3920 = CARTESIAN_POINT('',(0.6,-2.,0.));
#3921 = VECTOR('',#3922,1.);
#3922 = DIRECTION('',(0.,0.,1.));
#3923 = ORIENTED_EDGE('',*,*,#3924,.F.);
#3924 = EDGE_CURVE('',#3925,#3917,#3927,.T.);
#3925 = VERTEX_POINT('',#3926);
#3926 = CARTESIAN_POINT('',(0.6,-0.6,0.));
#3927 = LINE('',#3928,#3929);
#3928 = CARTESIAN_POINT('',(0.6,-1.,0.));
#3929 = VECTOR('',#3930,1.);
#3930 = DIRECTION('',(0.,-1.,0.));
#3931 = ORIENTED_EDGE('',*,*,#3932,.T.);
#3932 = EDGE_CURVE('',#3925,#3558,#3933,.T.);
#3933 = LINE('',#3934,#3935);
#3934 = CARTESIAN_POINT('',(0.6,-0.6,0.));
#3935 = VECTOR('',#3936,1.);
#3936 = DIRECTION('',(0.,0.,1.));
#3937 = PLANE('',#3938);
#3938 = AXIS2_PLACEMENT_3D('',#3939,#3940,#3941);
#3939 = CARTESIAN_POINT('',(0.6,-2.,0.));
#3940 = DIRECTION('',(1.,0.,0.));
#3941 = DIRECTION('',(-0.,1.,0.));
#3942 = ADVANCED_FACE('',(#3943),#3961,.T.);
#3943 = FACE_BOUND('',#3944,.T.);
#3944 = EDGE_LOOP('',(#3945,#3946,#3954,#3960));
#3945 = ORIENTED_EDGE('',*,*,#3603,.F.);
#3946 = ORIENTED_EDGE('',*,*,#3947,.F.);
#3947 = EDGE_CURVE('',#3948,#3596,#3950,.T.);
#3948 = VERTEX_POINT('',#3949);
#3949 = CARTESIAN_POINT('',(-0.6,-2.,0.));
#3950 = LINE('',#3951,#3952);
#3951 = CARTESIAN_POINT('',(-0.6,-2.,0.));
#3952 = VECTOR('',#3953,1.);
#3953 = DIRECTION('',(0.,0.,1.));
#3954 = ORIENTED_EDGE('',*,*,#3955,.F.);
#3955 = EDGE_CURVE('',#3917,#3948,#3956,.T.);
#3956 = LINE('',#3957,#3958);
#3957 = CARTESIAN_POINT('',(-0.3,-2.,0.));
#3958 = VECTOR('',#3959,1.);
#3959 = DIRECTION('',(-1.,0.,0.));
#3960 = ORIENTED_EDGE('',*,*,#3916,.T.);
#3961 = PLANE('',#3962);
#3962 = AXIS2_PLACEMENT_3D('',#3963,#3964,#3965);
#3963 = CARTESIAN_POINT('',(-0.6,-2.,0.));
#3964 = DIRECTION('',(0.,-1.,0.));
#3965 = DIRECTION('',(1.,0.,0.));
#3966 = ADVANCED_FACE('',(#3967),#3985,.T.);
#3967 = FACE_BOUND('',#3968,.T.);
#3968 = EDGE_LOOP('',(#3969,#3970,#3978,#3984));
#3969 = ORIENTED_EDGE('',*,*,#3642,.F.);
#3970 = ORIENTED_EDGE('',*,*,#3971,.F.);
#3971 = EDGE_CURVE('',#3972,#3635,#3974,.T.);
#3972 = VERTEX_POINT('',#3973);
#3973 = CARTESIAN_POINT('',(-0.6,-0.6,0.));
#3974 = LINE('',#3975,#3976);
#3975 = CARTESIAN_POINT('',(-0.6,-0.6,0.));
#3976 = VECTOR('',#3977,1.);
#3977 = DIRECTION('',(0.,0.,1.));
#3978 = ORIENTED_EDGE('',*,*,#3979,.F.);
#3979 = EDGE_CURVE('',#3948,#3972,#3980,.T.);
#3980 = LINE('',#3981,#3982);
#3981 = CARTESIAN_POINT('',(-0.6,-0.3,0.));
#3982 = VECTOR('',#3983,1.);
#3983 = DIRECTION('',(0.,1.,0.));
#3984 = ORIENTED_EDGE('',*,*,#3947,.T.);
#3985 = PLANE('',#3986);
#3986 = AXIS2_PLACEMENT_3D('',#3987,#3988,#3989);
#3987 = CARTESIAN_POINT('',(-0.6,-0.6,0.));
#3988 = DIRECTION('',(-1.,0.,0.));
#3989 = DIRECTION('',(0.,-1.,0.));
#3990 = ADVANCED_FACE('',(#3991),#4002,.T.);
#3991 = FACE_BOUND('',#3992,.T.);
#3992 = EDGE_LOOP('',(#3993,#3994,#4000,#4001));
#3993 = ORIENTED_EDGE('',*,*,#3712,.F.);
#3994 = ORIENTED_EDGE('',*,*,#3995,.T.);
#3995 = EDGE_CURVE('',#3705,#3635,#3996,.T.);
#3996 = LINE('',#3997,#3998);
#3997 = CARTESIAN_POINT('',(-1.,-0.6,4.));
#3998 = VECTOR('',#3999,1.);
#3999 = DIRECTION('',(1.,0.,0.));
#4000 = ORIENTED_EDGE('',*,*,#3634,.F.);
#4001 = ORIENTED_EDGE('',*,*,#3673,.F.);
#4002 = PLANE('',#4003);
#4003 = AXIS2_PLACEMENT_3D('',#4004,#4005,#4006);
#4004 = CARTESIAN_POINT('',(-1.,-0.5,4.1));
#4005 = DIRECTION('',(0.,-0.707106781187,0.707106781187));
#4006 = DIRECTION('',(1.,0.,0.));
#4007 = ADVANCED_FACE('',(#4008),#4033,.T.);
#4008 = FACE_BOUND('',#4009,.T.);
#4009 = EDGE_LOOP('',(#4010,#4011,#4019,#4027));
#4010 = ORIENTED_EDGE('',*,*,#3704,.F.);
#4011 = ORIENTED_EDGE('',*,*,#4012,.F.);
#4012 = EDGE_CURVE('',#4013,#3697,#4015,.T.);
#4013 = VERTEX_POINT('',#4014);
#4014 = CARTESIAN_POINT('',(-2.,0.6,0.));
#4015 = LINE('',#4016,#4017);
#4016 = CARTESIAN_POINT('',(-2.,0.6,0.));
#4017 = VECTOR('',#4018,1.);
#4018 = DIRECTION('',(0.,0.,1.));
#4019 = ORIENTED_EDGE('',*,*,#4020,.F.);
#4020 = EDGE_CURVE('',#4021,#4013,#4023,.T.);
#4021 = VERTEX_POINT('',#4022);
#4022 = CARTESIAN_POINT('',(-2.,-0.6,0.));
#4023 = LINE('',#4024,#4025);
#4024 = CARTESIAN_POINT('',(-2.,0.3,0.));
#4025 = VECTOR('',#4026,1.);
#4026 = DIRECTION('',(0.,1.,0.));
#4027 = ORIENTED_EDGE('',*,*,#4028,.T.);
#4028 = EDGE_CURVE('',#4021,#3705,#4029,.T.);
#4029 = LINE('',#4030,#4031);
#4030 = CARTESIAN_POINT('',(-2.,-0.6,0.));
#4031 = VECTOR('',#4032,1.);
#4032 = DIRECTION('',(0.,0.,1.));
#4033 = PLANE('',#4034);
#4034 = AXIS2_PLACEMENT_3D('',#4035,#4036,#4037);
#4035 = CARTESIAN_POINT('',(-2.,0.6,0.));
#4036 = DIRECTION('',(-1.,0.,0.));
#4037 = DIRECTION('',(0.,-1.,0.));
#4038 = ADVANCED_FACE('',(#4039),#4057,.T.);
#4039 = FACE_BOUND('',#4040,.T.);
#4040 = EDGE_LOOP('',(#4041,#4042,#4043,#4051));
#4041 = ORIENTED_EDGE('',*,*,#3766,.F.);
#4042 = ORIENTED_EDGE('',*,*,#3852,.T.);
#4043 = ORIENTED_EDGE('',*,*,#4044,.T.);
#4044 = EDGE_CURVE('',#3845,#4045,#4047,.T.);
#4045 = VERTEX_POINT('',#4046);
#4046 = CARTESIAN_POINT('',(0.6,2.,4.));
#4047 = LINE('',#4048,#4049);
#4048 = CARTESIAN_POINT('',(0.4,1.8,4.2));
#4049 = VECTOR('',#4050,1.);
#4050 = DIRECTION('',(0.57735026919,0.57735026919,-0.57735026919));
#4051 = ORIENTED_EDGE('',*,*,#4052,.T.);
#4052 = EDGE_CURVE('',#4045,#3767,#4053,.T.);
#4053 = LINE('',#4054,#4055);
#4054 = CARTESIAN_POINT('',(0.3,2.,4.));
#4055 = VECTOR('',#4056,1.);
#4056 = DIRECTION('',(-1.,0.,0.));
#4057 = PLANE('',#4058);
#4058 = AXIS2_PLACEMENT_3D('',#4059,#4060,#4061);
#4059 = CARTESIAN_POINT('',(0.3,1.9,4.1));
#4060 = DIRECTION('',(0.,0.707106781187,0.707106781187));
#4061 = DIRECTION('',(1.,0.,-0.));
#4062 = ADVANCED_FACE('',(#4063),#4081,.T.);
#4063 = FACE_BOUND('',#4064,.T.);
#4064 = EDGE_LOOP('',(#4065,#4066,#4074,#4080));
#4065 = ORIENTED_EDGE('',*,*,#3844,.T.);
#4066 = ORIENTED_EDGE('',*,*,#4067,.F.);
#4067 = EDGE_CURVE('',#4068,#3837,#4070,.T.);
#4068 = VERTEX_POINT('',#4069);
#4069 = CARTESIAN_POINT('',(0.6,0.6,4.));
#4070 = LINE('',#4071,#4072);
#4071 = CARTESIAN_POINT('',(0.55,0.55,4.05));
#4072 = VECTOR('',#4073,1.);
#4073 = DIRECTION('',(-0.57735026919,-0.57735026919,0.57735026919));
#4074 = ORIENTED_EDGE('',*,*,#4075,.T.);
#4075 = EDGE_CURVE('',#4068,#4045,#4076,.T.);
#4076 = LINE('',#4077,#4078);
#4077 = CARTESIAN_POINT('',(0.6,0.3,4.));
#4078 = VECTOR('',#4079,1.);
#4079 = DIRECTION('',(0.,1.,0.));
#4080 = ORIENTED_EDGE('',*,*,#4044,.F.);
#4081 = PLANE('',#4082);
#4082 = AXIS2_PLACEMENT_3D('',#4083,#4084,#4085);
#4083 = CARTESIAN_POINT('',(0.5,0.3,4.1));
#4084 = DIRECTION('',(0.707106781187,0.,0.707106781187));
#4085 = DIRECTION('',(0.707106781187,0.,-0.707106781187));
#4086 = ADVANCED_FACE('',(#4087),#4112,.T.);
#4087 = FACE_BOUND('',#4088,.T.);
#4088 = EDGE_LOOP('',(#4089,#4090,#4098,#4106));
#4089 = ORIENTED_EDGE('',*,*,#4052,.F.);
#4090 = ORIENTED_EDGE('',*,*,#4091,.F.);
#4091 = EDGE_CURVE('',#4092,#4045,#4094,.T.);
#4092 = VERTEX_POINT('',#4093);
#4093 = CARTESIAN_POINT('',(0.6,2.,0.));
#4094 = LINE('',#4095,#4096);
#4095 = CARTESIAN_POINT('',(0.6,2.,0.));
#4096 = VECTOR('',#4097,1.);
#4097 = DIRECTION('',(0.,0.,1.));
#4098 = ORIENTED_EDGE('',*,*,#4099,.F.);
#4099 = EDGE_CURVE('',#4100,#4092,#4102,.T.);
#4100 = VERTEX_POINT('',#4101);
#4101 = CARTESIAN_POINT('',(-0.6,2.,0.));
#4102 = LINE('',#4103,#4104);
#4103 = CARTESIAN_POINT('',(0.3,2.,0.));
#4104 = VECTOR('',#4105,1.);
#4105 = DIRECTION('',(1.,0.,0.));
#4106 = ORIENTED_EDGE('',*,*,#4107,.T.);
#4107 = EDGE_CURVE('',#4100,#3767,#4108,.T.);
#4108 = LINE('',#4109,#4110);
#4109 = CARTESIAN_POINT('',(-0.6,2.,0.));
#4110 = VECTOR('',#4111,1.);
#4111 = DIRECTION('',(0.,0.,1.));
#4112 = PLANE('',#4113);
#4113 = AXIS2_PLACEMENT_3D('',#4114,#4115,#4116);
#4114 = CARTESIAN_POINT('',(0.6,2.,0.));
#4115 = DIRECTION('',(0.,1.,0.));
#4116 = DIRECTION('',(-1.,0.,0.));
#4117 = ADVANCED_FACE('',(#4118),#4136,.T.);
#4118 = FACE_BOUND('',#4119,.T.);
#4119 = EDGE_LOOP('',(#4120,#4121,#4129,#4135));
#4120 = ORIENTED_EDGE('',*,*,#4075,.F.);
#4121 = ORIENTED_EDGE('',*,*,#4122,.F.);
#4122 = EDGE_CURVE('',#4123,#4068,#4125,.T.);
#4123 = VERTEX_POINT('',#4124);
#4124 = CARTESIAN_POINT('',(0.6,0.6,0.));
#4125 = LINE('',#4126,#4127);
#4126 = CARTESIAN_POINT('',(0.6,0.6,0.));
#4127 = VECTOR('',#4128,1.);
#4128 = DIRECTION('',(0.,0.,1.));
#4129 = ORIENTED_EDGE('',*,*,#4130,.F.);
#4130 = EDGE_CURVE('',#4092,#4123,#4131,.T.);
#4131 = LINE('',#4132,#4133);
#4132 = CARTESIAN_POINT('',(0.6,0.3,0.));
#4133 = VECTOR('',#4134,1.);
#4134 = DIRECTION('',(0.,-1.,0.));
#4135 = ORIENTED_EDGE('',*,*,#4091,.T.);
#4136 = PLANE('',#4137);
#4137 = AXIS2_PLACEMENT_3D('',#4138,#4139,#4140);
#4138 = CARTESIAN_POINT('',(0.6,0.6,0.));
#4139 = DIRECTION('',(1.,0.,0.));
#4140 = DIRECTION('',(-0.,1.,0.));
#4141 = ADVANCED_FACE('',(#4142),#4153,.T.);
#4142 = FACE_BOUND('',#4143,.T.);
#4143 = EDGE_LOOP('',(#4144,#4145,#4151,#4152));
#4144 = ORIENTED_EDGE('',*,*,#3883,.F.);
#4145 = ORIENTED_EDGE('',*,*,#4146,.T.);
#4146 = EDGE_CURVE('',#3876,#4068,#4147,.T.);
#4147 = LINE('',#4148,#4149);
#4148 = CARTESIAN_POINT('',(1.,0.6,4.));
#4149 = VECTOR('',#4150,1.);
#4150 = DIRECTION('',(-1.,0.,0.));
#4151 = ORIENTED_EDGE('',*,*,#4067,.T.);
#4152 = ORIENTED_EDGE('',*,*,#3836,.T.);
#4153 = PLANE('',#4154);
#4154 = AXIS2_PLACEMENT_3D('',#4155,#4156,#4157);
#4155 = CARTESIAN_POINT('',(1.,0.5,4.1));
#4156 = DIRECTION('',(0.,0.707106781187,0.707106781187));
#4157 = DIRECTION('',(1.,0.,-0.));
#4158 = ADVANCED_FACE('',(#4159),#4177,.T.);
#4159 = FACE_BOUND('',#4160,.T.);
#4160 = EDGE_LOOP('',(#4161,#4162,#4170,#4176));
#4161 = ORIENTED_EDGE('',*,*,#4146,.F.);
#4162 = ORIENTED_EDGE('',*,*,#4163,.F.);
#4163 = EDGE_CURVE('',#4164,#3876,#4166,.T.);
#4164 = VERTEX_POINT('',#4165);
#4165 = CARTESIAN_POINT('',(2.,0.6,0.));
#4166 = LINE('',#4167,#4168);
#4167 = CARTESIAN_POINT('',(2.,0.6,0.));
#4168 = VECTOR('',#4169,1.);
#4169 = DIRECTION('',(0.,0.,1.));
#4170 = ORIENTED_EDGE('',*,*,#4171,.F.);
#4171 = EDGE_CURVE('',#4123,#4164,#4172,.T.);
#4172 = LINE('',#4173,#4174);
#4173 = CARTESIAN_POINT('',(1.,0.6,0.));
#4174 = VECTOR('',#4175,1.);
#4175 = DIRECTION('',(1.,0.,0.));
#4176 = ORIENTED_EDGE('',*,*,#4122,.T.);
#4177 = PLANE('',#4178);
#4178 = AXIS2_PLACEMENT_3D('',#4179,#4180,#4181);
#4179 = CARTESIAN_POINT('',(2.,0.6,0.));
#4180 = DIRECTION('',(0.,1.,0.));
#4181 = DIRECTION('',(-1.,0.,0.));
#4182 = ADVANCED_FACE('',(#4183),#4201,.T.);
#4183 = FACE_BOUND('',#4184,.T.);
#4184 = EDGE_LOOP('',(#4185,#4186,#4194,#4200));
#4185 = ORIENTED_EDGE('',*,*,#3875,.F.);
#4186 = ORIENTED_EDGE('',*,*,#4187,.F.);
#4187 = EDGE_CURVE('',#4188,#3868,#4190,.T.);
#4188 = VERTEX_POINT('',#4189);
#4189 = CARTESIAN_POINT('',(2.,-0.6,0.));
#4190 = LINE('',#4191,#4192);
#4191 = CARTESIAN_POINT('',(2.,-0.6,0.));
#4192 = VECTOR('',#4193,1.);
#4193 = DIRECTION('',(0.,0.,1.));
#4194 = ORIENTED_EDGE('',*,*,#4195,.F.);
#4195 = EDGE_CURVE('',#4164,#4188,#4196,.T.);
#4196 = LINE('',#4197,#4198);
#4197 = CARTESIAN_POINT('',(2.,-0.3,0.));
#4198 = VECTOR('',#4199,1.);
#4199 = DIRECTION('',(0.,-1.,0.));
#4200 = ORIENTED_EDGE('',*,*,#4163,.T.);
#4201 = PLANE('',#4202);
#4202 = AXIS2_PLACEMENT_3D('',#4203,#4204,#4205);
#4203 = CARTESIAN_POINT('',(2.,-0.6,0.));
#4204 = DIRECTION('',(1.,0.,0.));
#4205 = DIRECTION('',(-0.,1.,0.));
#4206 = ADVANCED_FACE('',(#4207),#4218,.T.);
#4207 = FACE_BOUND('',#4208,.T.);
#4208 = EDGE_LOOP('',(#4209,#4210,#4211,#4217));
#4209 = ORIENTED_EDGE('',*,*,#3900,.F.);
#4210 = ORIENTED_EDGE('',*,*,#3932,.F.);
#4211 = ORIENTED_EDGE('',*,*,#4212,.F.);
#4212 = EDGE_CURVE('',#4188,#3925,#4213,.T.);
#4213 = LINE('',#4214,#4215);
#4214 = CARTESIAN_POINT('',(0.3,-0.6,0.));
#4215 = VECTOR('',#4216,1.);
#4216 = DIRECTION('',(-1.,0.,0.));
#4217 = ORIENTED_EDGE('',*,*,#4187,.T.);
#4218 = PLANE('',#4219);
#4219 = AXIS2_PLACEMENT_3D('',#4220,#4221,#4222);
#4220 = CARTESIAN_POINT('',(0.6,-0.6,0.));
#4221 = DIRECTION('',(0.,-1.,0.));
#4222 = DIRECTION('',(1.,0.,0.));
#4223 = ADVANCED_FACE('',(#4224),#4258,.T.);
#4224 = FACE_BOUND('',#4225,.T.);
#4225 = EDGE_LOOP('',(#4226,#4236,#4244,#4252));
#4226 = ORIENTED_EDGE('',*,*,#4227,.F.);
#4227 = EDGE_CURVE('',#4228,#4230,#4232,.T.);
#4228 = VERTEX_POINT('',#4229);
#4229 = CARTESIAN_POINT('',(-1.65,2.75,0.));
#4230 = VERTEX_POINT('',#4231);
#4231 = CARTESIAN_POINT('',(-1.65,2.35,0.));
#4232 = LINE('',#4233,#4234);
#4233 = CARTESIAN_POINT('',(-1.65,1.175,0.));
#4234 = VECTOR('',#4235,1.);
#4235 = DIRECTION('',(0.,-1.,0.));
#4236 = ORIENTED_EDGE('',*,*,#4237,.T.);
#4237 = EDGE_CURVE('',#4228,#4238,#4240,.T.);
#4238 = VERTEX_POINT('',#4239);
#4239 = CARTESIAN_POINT('',(-1.65,2.75,4.2));
#4240 = LINE('',#4241,#4242);
#4241 = CARTESIAN_POINT('',(-1.65,2.75,0.));
#4242 = VECTOR('',#4243,1.);
#4243 = DIRECTION('',(0.,0.,1.));
#4244 = ORIENTED_EDGE('',*,*,#4245,.F.);
#4245 = EDGE_CURVE('',#4246,#4238,#4248,.T.);
#4246 = VERTEX_POINT('',#4247);
#4247 = CARTESIAN_POINT('',(-1.65,2.35,4.2));
#4248 = LINE('',#4249,#4250);
#4249 = CARTESIAN_POINT('',(-1.65,2.35,4.2));
#4250 = VECTOR('',#4251,1.);
#4251 = DIRECTION('',(0.,1.,0.));
#4252 = ORIENTED_EDGE('',*,*,#4253,.F.);
#4253 = EDGE_CURVE('',#4230,#4246,#4254,.T.);
#4254 = LINE('',#4255,#4256);
#4255 = CARTESIAN_POINT('',(-1.65,2.35,0.));
#4256 = VECTOR('',#4257,1.);
#4257 = DIRECTION('',(0.,0.,1.));
#4258 = PLANE('',#4259);
#4259 = AXIS2_PLACEMENT_3D('',#4260,#4261,#4262);
#4260 = CARTESIAN_POINT('',(-1.65,2.35,0.));
#4261 = DIRECTION('',(1.,0.,0.));
#4262 = DIRECTION('',(-0.,1.,0.));
#4263 = ADVANCED_FACE('',(#4264),#4289,.T.);
#4264 = FACE_BOUND('',#4265,.T.);
#4265 = EDGE_LOOP('',(#4266,#4274,#4275,#4283));
#4266 = ORIENTED_EDGE('',*,*,#4267,.F.);
#4267 = EDGE_CURVE('',#4230,#4268,#4270,.T.);
#4268 = VERTEX_POINT('',#4269);
#4269 = CARTESIAN_POINT('',(-3.15,2.35,0.));
#4270 = LINE('',#4271,#4272);
#4271 = CARTESIAN_POINT('',(-1.575,2.35,0.));
#4272 = VECTOR('',#4273,1.);
#4273 = DIRECTION('',(-1.,1.850371707709E-16,0.));
#4274 = ORIENTED_EDGE('',*,*,#4253,.T.);
#4275 = ORIENTED_EDGE('',*,*,#4276,.F.);
#4276 = EDGE_CURVE('',#4277,#4246,#4279,.T.);
#4277 = VERTEX_POINT('',#4278);
#4278 = CARTESIAN_POINT('',(-3.15,2.35,4.2));
#4279 = LINE('',#4280,#4281);
#4280 = CARTESIAN_POINT('',(-3.15,2.35,4.2));
#4281 = VECTOR('',#4282,1.);
#4282 = DIRECTION('',(1.,-1.850371707709E-16,0.));
#4283 = ORIENTED_EDGE('',*,*,#4284,.F.);
#4284 = EDGE_CURVE('',#4268,#4277,#4285,.T.);
#4285 = LINE('',#4286,#4287);
#4286 = CARTESIAN_POINT('',(-3.15,2.35,0.));
#4287 = VECTOR('',#4288,1.);
#4288 = DIRECTION('',(0.,0.,1.));
#4289 = PLANE('',#4290);
#4290 = AXIS2_PLACEMENT_3D('',#4291,#4292,#4293);
#4291 = CARTESIAN_POINT('',(-3.15,2.35,0.));
#4292 = DIRECTION('',(-1.850371707709E-16,-1.,0.));
#4293 = DIRECTION('',(1.,-1.850371707709E-16,0.));
#4294 = ADVANCED_FACE('',(#4295),#4320,.T.);
#4295 = FACE_BOUND('',#4296,.T.);
#4296 = EDGE_LOOP('',(#4297,#4305,#4306,#4314));
#4297 = ORIENTED_EDGE('',*,*,#4298,.F.);
#4298 = EDGE_CURVE('',#4268,#4299,#4301,.T.);
#4299 = VERTEX_POINT('',#4300);
#4300 = CARTESIAN_POINT('',(-3.15,-2.35,0.));
#4301 = LINE('',#4302,#4303);
#4302 = CARTESIAN_POINT('',(-3.15,-1.175,0.));
#4303 = VECTOR('',#4304,1.);
#4304 = DIRECTION('',(-2.362176648139E-16,-1.,0.));
#4305 = ORIENTED_EDGE('',*,*,#4284,.T.);
#4306 = ORIENTED_EDGE('',*,*,#4307,.F.);
#4307 = EDGE_CURVE('',#4308,#4277,#4310,.T.);
#4308 = VERTEX_POINT('',#4309);
#4309 = CARTESIAN_POINT('',(-3.15,-2.35,4.2));
#4310 = LINE('',#4311,#4312);
#4311 = CARTESIAN_POINT('',(-3.15,-2.35,4.2));
#4312 = VECTOR('',#4313,1.);
#4313 = DIRECTION('',(2.362176648139E-16,1.,0.));
#4314 = ORIENTED_EDGE('',*,*,#4315,.F.);
#4315 = EDGE_CURVE('',#4299,#4308,#4316,.T.);
#4316 = LINE('',#4317,#4318);
#4317 = CARTESIAN_POINT('',(-3.15,-2.35,0.));
#4318 = VECTOR('',#4319,1.);
#4319 = DIRECTION('',(0.,0.,1.));
#4320 = PLANE('',#4321);
#4321 = AXIS2_PLACEMENT_3D('',#4322,#4323,#4324);
#4322 = CARTESIAN_POINT('',(-3.15,-2.35,0.));
#4323 = DIRECTION('',(1.,-2.362176648139E-16,0.));
#4324 = DIRECTION('',(2.362176648139E-16,1.,0.));
#4325 = ADVANCED_FACE('',(#4326),#4351,.T.);
#4326 = FACE_BOUND('',#4327,.T.);
#4327 = EDGE_LOOP('',(#4328,#4336,#4337,#4345));
#4328 = ORIENTED_EDGE('',*,*,#4329,.F.);
#4329 = EDGE_CURVE('',#4299,#4330,#4332,.T.);
#4330 = VERTEX_POINT('',#4331);
#4331 = CARTESIAN_POINT('',(-1.65,-2.35,0.));
#4332 = LINE('',#4333,#4334);
#4333 = CARTESIAN_POINT('',(-0.825,-2.35,0.));
#4334 = VECTOR('',#4335,1.);
#4335 = DIRECTION('',(1.,1.850371707709E-16,0.));
#4336 = ORIENTED_EDGE('',*,*,#4315,.T.);
#4337 = ORIENTED_EDGE('',*,*,#4338,.F.);
#4338 = EDGE_CURVE('',#4339,#4308,#4341,.T.);
#4339 = VERTEX_POINT('',#4340);
#4340 = CARTESIAN_POINT('',(-1.65,-2.35,4.2));
#4341 = LINE('',#4342,#4343);
#4342 = CARTESIAN_POINT('',(-1.65,-2.35,4.2));
#4343 = VECTOR('',#4344,1.);
#4344 = DIRECTION('',(-1.,-1.850371707709E-16,0.));
#4345 = ORIENTED_EDGE('',*,*,#4346,.F.);
#4346 = EDGE_CURVE('',#4330,#4339,#4347,.T.);
#4347 = LINE('',#4348,#4349);
#4348 = CARTESIAN_POINT('',(-1.65,-2.35,0.));
#4349 = VECTOR('',#4350,1.);
#4350 = DIRECTION('',(0.,0.,1.));
#4351 = PLANE('',#4352);
#4352 = AXIS2_PLACEMENT_3D('',#4353,#4354,#4355);
#4353 = CARTESIAN_POINT('',(-1.65,-2.35,0.));
#4354 = DIRECTION('',(-1.850371707709E-16,1.,0.));
#4355 = DIRECTION('',(-1.,-1.850371707709E-16,0.));
#4356 = ADVANCED_FACE('',(#4357),#4382,.T.);
#4357 = FACE_BOUND('',#4358,.T.);
#4358 = EDGE_LOOP('',(#4359,#4367,#4368,#4376));
#4359 = ORIENTED_EDGE('',*,*,#4360,.F.);
#4360 = EDGE_CURVE('',#4330,#4361,#4363,.T.);
#4361 = VERTEX_POINT('',#4362);
#4362 = CARTESIAN_POINT('',(-1.65,-2.75,0.));
#4363 = LINE('',#4364,#4365);
#4364 = CARTESIAN_POINT('',(-1.65,-1.375,0.));
#4365 = VECTOR('',#4366,1.);
#4366 = DIRECTION('',(0.,-1.,0.));
#4367 = ORIENTED_EDGE('',*,*,#4346,.T.);
#4368 = ORIENTED_EDGE('',*,*,#4369,.F.);
#4369 = EDGE_CURVE('',#4370,#4339,#4372,.T.);
#4370 = VERTEX_POINT('',#4371);
#4371 = CARTESIAN_POINT('',(-1.65,-2.75,4.2));
#4372 = LINE('',#4373,#4374);
#4373 = CARTESIAN_POINT('',(-1.65,-2.75,4.2));
#4374 = VECTOR('',#4375,1.);
#4375 = DIRECTION('',(0.,1.,0.));
#4376 = ORIENTED_EDGE('',*,*,#4377,.F.);
#4377 = EDGE_CURVE('',#4361,#4370,#4378,.T.);
#4378 = LINE('',#4379,#4380);
#4379 = CARTESIAN_POINT('',(-1.65,-2.75,0.));
#4380 = VECTOR('',#4381,1.);
#4381 = DIRECTION('',(0.,0.,1.));
#4382 = PLANE('',#4383);
#4383 = AXIS2_PLACEMENT_3D('',#4384,#4385,#4386);
#4384 = CARTESIAN_POINT('',(-1.65,-2.75,0.));
#4385 = DIRECTION('',(1.,0.,0.));
#4386 = DIRECTION('',(-0.,1.,0.));
#4387 = ADVANCED_FACE('',(#4388),#4417,.T.);
#4388 = FACE_BOUND('',#4389,.T.);
#4389 = EDGE_LOOP('',(#4390,#4400,#4406,#4407,#4408,#4409,#4410,#4411));
#4390 = ORIENTED_EDGE('',*,*,#4391,.T.);
#4391 = EDGE_CURVE('',#4392,#4394,#4396,.T.);
#4392 = VERTEX_POINT('',#4393);
#4393 = CARTESIAN_POINT('',(-3.55,2.75,4.2));
#4394 = VERTEX_POINT('',#4395);
#4395 = CARTESIAN_POINT('',(-3.55,-2.75,4.2));
#4396 = LINE('',#4397,#4398);
#4397 = CARTESIAN_POINT('',(-3.55,2.75,4.2));
#4398 = VECTOR('',#4399,1.);
#4399 = DIRECTION('',(0.,-1.,0.));
#4400 = ORIENTED_EDGE('',*,*,#4401,.T.);
#4401 = EDGE_CURVE('',#4394,#4370,#4402,.T.);
#4402 = LINE('',#4403,#4404);
#4403 = CARTESIAN_POINT('',(-3.55,-2.75,4.2));
#4404 = VECTOR('',#4405,1.);
#4405 = DIRECTION('',(1.,0.,0.));
#4406 = ORIENTED_EDGE('',*,*,#4369,.T.);
#4407 = ORIENTED_EDGE('',*,*,#4338,.T.);
#4408 = ORIENTED_EDGE('',*,*,#4307,.T.);
#4409 = ORIENTED_EDGE('',*,*,#4276,.T.);
#4410 = ORIENTED_EDGE('',*,*,#4245,.T.);
#4411 = ORIENTED_EDGE('',*,*,#4412,.T.);
#4412 = EDGE_CURVE('',#4238,#4392,#4413,.T.);
#4413 = LINE('',#4414,#4415);
#4414 = CARTESIAN_POINT('',(3.55,2.75,4.2));
#4415 = VECTOR('',#4416,1.);
#4416 = DIRECTION('',(-1.,0.,0.));
#4417 = PLANE('',#4418);
#4418 = AXIS2_PLACEMENT_3D('',#4419,#4420,#4421);
#4419 = CARTESIAN_POINT('',(-2.962359550562,1.110223024625E-15,4.2));
#4420 = DIRECTION('',(0.,0.,1.));
#4421 = DIRECTION('',(1.,0.,-0.));
#4422 = ADVANCED_FACE('',(#4423),#4457,.T.);
#4423 = FACE_BOUND('',#4424,.T.);
#4424 = EDGE_LOOP('',(#4425,#4435,#4443,#4451));
#4425 = ORIENTED_EDGE('',*,*,#4426,.F.);
#4426 = EDGE_CURVE('',#4427,#4429,#4431,.T.);
#4427 = VERTEX_POINT('',#4428);
#4428 = CARTESIAN_POINT('',(1.65,-2.75,0.));
#4429 = VERTEX_POINT('',#4430);
#4430 = CARTESIAN_POINT('',(1.65,-2.35,0.));
#4431 = LINE('',#4432,#4433);
#4432 = CARTESIAN_POINT('',(1.65,-1.175,0.));
#4433 = VECTOR('',#4434,1.);
#4434 = DIRECTION('',(0.,1.,0.));
#4435 = ORIENTED_EDGE('',*,*,#4436,.T.);
#4436 = EDGE_CURVE('',#4427,#4437,#4439,.T.);
#4437 = VERTEX_POINT('',#4438);
#4438 = CARTESIAN_POINT('',(1.65,-2.75,4.2));
#4439 = LINE('',#4440,#4441);
#4440 = CARTESIAN_POINT('',(1.65,-2.75,0.));
#4441 = VECTOR('',#4442,1.);
#4442 = DIRECTION('',(0.,0.,1.));
#4443 = ORIENTED_EDGE('',*,*,#4444,.F.);
#4444 = EDGE_CURVE('',#4445,#4437,#4447,.T.);
#4445 = VERTEX_POINT('',#4446);
#4446 = CARTESIAN_POINT('',(1.65,-2.35,4.2));
#4447 = LINE('',#4448,#4449);
#4448 = CARTESIAN_POINT('',(1.65,-2.35,4.2));
#4449 = VECTOR('',#4450,1.);
#4450 = DIRECTION('',(0.,-1.,0.));
#4451 = ORIENTED_EDGE('',*,*,#4452,.F.);
#4452 = EDGE_CURVE('',#4429,#4445,#4453,.T.);
#4453 = LINE('',#4454,#4455);
#4454 = CARTESIAN_POINT('',(1.65,-2.35,0.));
#4455 = VECTOR('',#4456,1.);
#4456 = DIRECTION('',(0.,0.,1.));
#4457 = PLANE('',#4458);
#4458 = AXIS2_PLACEMENT_3D('',#4459,#4460,#4461);
#4459 = CARTESIAN_POINT('',(1.65,-2.35,0.));
#4460 = DIRECTION('',(-1.,0.,0.));
#4461 = DIRECTION('',(0.,-1.,0.));
#4462 = ADVANCED_FACE('',(#4463),#4488,.T.);
#4463 = FACE_BOUND('',#4464,.T.);
#4464 = EDGE_LOOP('',(#4465,#4473,#4474,#4482));
#4465 = ORIENTED_EDGE('',*,*,#4466,.F.);
#4466 = EDGE_CURVE('',#4429,#4467,#4469,.T.);
#4467 = VERTEX_POINT('',#4468);
#4468 = CARTESIAN_POINT('',(3.15,-2.35,0.));
#4469 = LINE('',#4470,#4471);
#4470 = CARTESIAN_POINT('',(1.575,-2.35,0.));
#4471 = VECTOR('',#4472,1.);
#4472 = DIRECTION('',(1.,0.,0.));
#4473 = ORIENTED_EDGE('',*,*,#4452,.T.);
#4474 = ORIENTED_EDGE('',*,*,#4475,.F.);
#4475 = EDGE_CURVE('',#4476,#4445,#4478,.T.);
#4476 = VERTEX_POINT('',#4477);
#4477 = CARTESIAN_POINT('',(3.15,-2.35,4.2));
#4478 = LINE('',#4479,#4480);
#4479 = CARTESIAN_POINT('',(3.15,-2.35,4.2));
#4480 = VECTOR('',#4481,1.);
#4481 = DIRECTION('',(-1.,0.,0.));
#4482 = ORIENTED_EDGE('',*,*,#4483,.F.);
#4483 = EDGE_CURVE('',#4467,#4476,#4484,.T.);
#4484 = LINE('',#4485,#4486);
#4485 = CARTESIAN_POINT('',(3.15,-2.35,0.));
#4486 = VECTOR('',#4487,1.);
#4487 = DIRECTION('',(0.,0.,1.));
#4488 = PLANE('',#4489);
#4489 = AXIS2_PLACEMENT_3D('',#4490,#4491,#4492);
#4490 = CARTESIAN_POINT('',(3.15,-2.35,0.));
#4491 = DIRECTION('',(0.,1.,0.));
#4492 = DIRECTION('',(-1.,0.,0.));
#4493 = ADVANCED_FACE('',(#4494),#4519,.T.);
#4494 = FACE_BOUND('',#4495,.T.);
#4495 = EDGE_LOOP('',(#4496,#4504,#4505,#4513));
#4496 = ORIENTED_EDGE('',*,*,#4497,.F.);
#4497 = EDGE_CURVE('',#4467,#4498,#4500,.T.);
#4498 = VERTEX_POINT('',#4499);
#4499 = CARTESIAN_POINT('',(3.15,2.35,0.));
#4500 = LINE('',#4501,#4502);
#4501 = CARTESIAN_POINT('',(3.15,1.175,0.));
#4502 = VECTOR('',#4503,1.);
#4503 = DIRECTION('',(0.,1.,0.));
#4504 = ORIENTED_EDGE('',*,*,#4483,.T.);
#4505 = ORIENTED_EDGE('',*,*,#4506,.F.);
#4506 = EDGE_CURVE('',#4507,#4476,#4509,.T.);
#4507 = VERTEX_POINT('',#4508);
#4508 = CARTESIAN_POINT('',(3.15,2.35,4.2));
#4509 = LINE('',#4510,#4511);
#4510 = CARTESIAN_POINT('',(3.15,2.35,4.2));
#4511 = VECTOR('',#4512,1.);
#4512 = DIRECTION('',(0.,-1.,0.));
#4513 = ORIENTED_EDGE('',*,*,#4514,.F.);
#4514 = EDGE_CURVE('',#4498,#4507,#4515,.T.);
#4515 = LINE('',#4516,#4517);
#4516 = CARTESIAN_POINT('',(3.15,2.35,0.));
#4517 = VECTOR('',#4518,1.);
#4518 = DIRECTION('',(0.,0.,1.));
#4519 = PLANE('',#4520);
#4520 = AXIS2_PLACEMENT_3D('',#4521,#4522,#4523);
#4521 = CARTESIAN_POINT('',(3.15,2.35,0.));
#4522 = DIRECTION('',(-1.,0.,0.));
#4523 = DIRECTION('',(0.,-1.,0.));
#4524 = ADVANCED_FACE('',(#4525),#4550,.T.);
#4525 = FACE_BOUND('',#4526,.T.);
#4526 = EDGE_LOOP('',(#4527,#4535,#4536,#4544));
#4527 = ORIENTED_EDGE('',*,*,#4528,.F.);
#4528 = EDGE_CURVE('',#4498,#4529,#4531,.T.);
#4529 = VERTEX_POINT('',#4530);
#4530 = CARTESIAN_POINT('',(1.65,2.35,0.));
#4531 = LINE('',#4532,#4533);
#4532 = CARTESIAN_POINT('',(0.825,2.35,0.));
#4533 = VECTOR('',#4534,1.);
#4534 = DIRECTION('',(-1.,1.850371707709E-16,0.));
#4535 = ORIENTED_EDGE('',*,*,#4514,.T.);
#4536 = ORIENTED_EDGE('',*,*,#4537,.F.);
#4537 = EDGE_CURVE('',#4538,#4507,#4540,.T.);
#4538 = VERTEX_POINT('',#4539);
#4539 = CARTESIAN_POINT('',(1.65,2.35,4.2));
#4540 = LINE('',#4541,#4542);
#4541 = CARTESIAN_POINT('',(1.65,2.35,4.2));
#4542 = VECTOR('',#4543,1.);
#4543 = DIRECTION('',(1.,-1.850371707709E-16,0.));
#4544 = ORIENTED_EDGE('',*,*,#4545,.F.);
#4545 = EDGE_CURVE('',#4529,#4538,#4546,.T.);
#4546 = LINE('',#4547,#4548);
#4547 = CARTESIAN_POINT('',(1.65,2.35,0.));
#4548 = VECTOR('',#4549,1.);
#4549 = DIRECTION('',(0.,0.,1.));
#4550 = PLANE('',#4551);
#4551 = AXIS2_PLACEMENT_3D('',#4552,#4553,#4554);
#4552 = CARTESIAN_POINT('',(1.65,2.35,0.));
#4553 = DIRECTION('',(-1.850371707709E-16,-1.,0.));
#4554 = DIRECTION('',(1.,-1.850371707709E-16,0.));
#4555 = ADVANCED_FACE('',(#4556),#4581,.T.);
#4556 = FACE_BOUND('',#4557,.T.);
#4557 = EDGE_LOOP('',(#4558,#4566,#4567,#4575));
#4558 = ORIENTED_EDGE('',*,*,#4559,.F.);
#4559 = EDGE_CURVE('',#4529,#4560,#4562,.T.);
#4560 = VERTEX_POINT('',#4561);
#4561 = CARTESIAN_POINT('',(1.65,2.75,0.));
#4562 = LINE('',#4563,#4564);
#4563 = CARTESIAN_POINT('',(1.65,1.375,0.));
#4564 = VECTOR('',#4565,1.);
#4565 = DIRECTION('',(0.,1.,0.));
#4566 = ORIENTED_EDGE('',*,*,#4545,.T.);
#4567 = ORIENTED_EDGE('',*,*,#4568,.F.);
#4568 = EDGE_CURVE('',#4569,#4538,#4571,.T.);
#4569 = VERTEX_POINT('',#4570);
#4570 = CARTESIAN_POINT('',(1.65,2.75,4.2));
#4571 = LINE('',#4572,#4573);
#4572 = CARTESIAN_POINT('',(1.65,2.75,4.2));
#4573 = VECTOR('',#4574,1.);
#4574 = DIRECTION('',(0.,-1.,0.));
#4575 = ORIENTED_EDGE('',*,*,#4576,.F.);
#4576 = EDGE_CURVE('',#4560,#4569,#4577,.T.);
#4577 = LINE('',#4578,#4579);
#4578 = CARTESIAN_POINT('',(1.65,2.75,0.));
#4579 = VECTOR('',#4580,1.);
#4580 = DIRECTION('',(0.,0.,1.));
#4581 = PLANE('',#4582);
#4582 = AXIS2_PLACEMENT_3D('',#4583,#4584,#4585);
#4583 = CARTESIAN_POINT('',(1.65,2.75,0.));
#4584 = DIRECTION('',(-1.,0.,0.));
#4585 = DIRECTION('',(0.,-1.,0.));
#4586 = ADVANCED_FACE('',(#4587),#4616,.T.);
#4587 = FACE_BOUND('',#4588,.T.);
#4588 = EDGE_LOOP('',(#4589,#4599,#4605,#4606,#4607,#4608,#4609,#4610));
#4589 = ORIENTED_EDGE('',*,*,#4590,.T.);
#4590 = EDGE_CURVE('',#4591,#4593,#4595,.T.);
#4591 = VERTEX_POINT('',#4592);
#4592 = CARTESIAN_POINT('',(3.55,-2.75,4.2));
#4593 = VERTEX_POINT('',#4594);
#4594 = CARTESIAN_POINT('',(3.55,2.75,4.2));
#4595 = LINE('',#4596,#4597);
#4596 = CARTESIAN_POINT('',(3.55,-2.75,4.2));
#4597 = VECTOR('',#4598,1.);
#4598 = DIRECTION('',(0.,1.,0.));
#4599 = ORIENTED_EDGE('',*,*,#4600,.T.);
#4600 = EDGE_CURVE('',#4593,#4569,#4601,.T.);
#4601 = LINE('',#4602,#4603);
#4602 = CARTESIAN_POINT('',(3.55,2.75,4.2));
#4603 = VECTOR('',#4604,1.);
#4604 = DIRECTION('',(-1.,0.,0.));
#4605 = ORIENTED_EDGE('',*,*,#4568,.T.);
#4606 = ORIENTED_EDGE('',*,*,#4537,.T.);
#4607 = ORIENTED_EDGE('',*,*,#4506,.T.);
#4608 = ORIENTED_EDGE('',*,*,#4475,.T.);
#4609 = ORIENTED_EDGE('',*,*,#4444,.T.);
#4610 = ORIENTED_EDGE('',*,*,#4611,.T.);
#4611 = EDGE_CURVE('',#4437,#4591,#4612,.T.);
#4612 = LINE('',#4613,#4614);
#4613 = CARTESIAN_POINT('',(-3.55,-2.75,4.2));
#4614 = VECTOR('',#4615,1.);
#4615 = DIRECTION('',(1.,0.,0.));
#4616 = PLANE('',#4617);
#4617 = AXIS2_PLACEMENT_3D('',#4618,#4619,#4620);
#4618 = CARTESIAN_POINT('',(2.962359550562,1.110223024625E-15,4.2));
#4619 = DIRECTION('',(0.,0.,1.));
#4620 = DIRECTION('',(1.,0.,-0.));
#4621 = ADVANCED_FACE('',(#4622),#4633,.T.);
#4622 = FACE_BOUND('',#4623,.T.);
#4623 = EDGE_LOOP('',(#4624,#4625,#4626,#4632));
#4624 = ORIENTED_EDGE('',*,*,#3995,.F.);
#4625 = ORIENTED_EDGE('',*,*,#4028,.F.);
#4626 = ORIENTED_EDGE('',*,*,#4627,.F.);
#4627 = EDGE_CURVE('',#3972,#4021,#4628,.T.);
#4628 = LINE('',#4629,#4630);
#4629 = CARTESIAN_POINT('',(-1.,-0.6,0.));
#4630 = VECTOR('',#4631,1.);
#4631 = DIRECTION('',(-1.,0.,0.));
#4632 = ORIENTED_EDGE('',*,*,#3971,.T.);
#4633 = PLANE('',#4634);
#4634 = AXIS2_PLACEMENT_3D('',#4635,#4636,#4637);
#4635 = CARTESIAN_POINT('',(-2.,-0.6,0.));
#4636 = DIRECTION('',(0.,-1.,0.));
#4637 = DIRECTION('',(1.,0.,0.));
#4638 = ADVANCED_FACE('',(#4639),#4657,.T.);
#4639 = FACE_BOUND('',#4640,.T.);
#4640 = EDGE_LOOP('',(#4641,#4642,#4650,#4656));
#4641 = ORIENTED_EDGE('',*,*,#3743,.F.);
#4642 = ORIENTED_EDGE('',*,*,#4643,.F.);
#4643 = EDGE_CURVE('',#4644,#3736,#4646,.T.);
#4644 = VERTEX_POINT('',#4645);
#4645 = CARTESIAN_POINT('',(-0.6,0.6,0.));
#4646 = LINE('',#4647,#4648);
#4647 = CARTESIAN_POINT('',(-0.6,0.6,0.));
#4648 = VECTOR('',#4649,1.);
#4649 = DIRECTION('',(0.,0.,1.));
#4650 = ORIENTED_EDGE('',*,*,#4651,.F.);
#4651 = EDGE_CURVE('',#4013,#4644,#4652,.T.);
#4652 = LINE('',#4653,#4654);
#4653 = CARTESIAN_POINT('',(-0.3,0.6,0.));
#4654 = VECTOR('',#4655,1.);
#4655 = DIRECTION('',(1.,0.,0.));
#4656 = ORIENTED_EDGE('',*,*,#4012,.T.);
#4657 = PLANE('',#4658);
#4658 = AXIS2_PLACEMENT_3D('',#4659,#4660,#4661);
#4659 = CARTESIAN_POINT('',(-0.6,0.6,0.));
#4660 = DIRECTION('',(0.,1.,0.));
#4661 = DIRECTION('',(-1.,0.,0.));
#4662 = ADVANCED_FACE('',(#4663),#4674,.T.);
#4663 = FACE_BOUND('',#4664,.T.);
#4664 = EDGE_LOOP('',(#4665,#4666,#4667,#4673));
#4665 = ORIENTED_EDGE('',*,*,#3774,.F.);
#4666 = ORIENTED_EDGE('',*,*,#4107,.F.);
#4667 = ORIENTED_EDGE('',*,*,#4668,.F.);
#4668 = EDGE_CURVE('',#4644,#4100,#4669,.T.);
#4669 = LINE('',#4670,#4671);
#4670 = CARTESIAN_POINT('',(-0.6,1.,0.));
#4671 = VECTOR('',#4672,1.);
#4672 = DIRECTION('',(0.,1.,0.));
#4673 = ORIENTED_EDGE('',*,*,#4643,.T.);
#4674 = PLANE('',#4675);
#4675 = AXIS2_PLACEMENT_3D('',#4676,#4677,#4678);
#4676 = CARTESIAN_POINT('',(-0.6,2.,0.));
#4677 = DIRECTION('',(-1.,0.,0.));
#4678 = DIRECTION('',(0.,-1.,0.));
#4679 = ADVANCED_FACE('',(#4680),#4714,.T.);
#4680 = FACE_BOUND('',#4681,.T.);
#4681 = EDGE_LOOP('',(#4682,#4690,#4698,#4704,#4705,#4706,#4712,#4713));
#4682 = ORIENTED_EDGE('',*,*,#4683,.F.);
#4683 = EDGE_CURVE('',#4684,#4593,#4686,.T.);
#4684 = VERTEX_POINT('',#4685);
#4685 = CARTESIAN_POINT('',(3.55,2.75,-1.));
#4686 = LINE('',#4687,#4688);
#4687 = CARTESIAN_POINT('',(3.55,2.75,0.));
#4688 = VECTOR('',#4689,1.);
#4689 = DIRECTION('',(0.,0.,1.));
#4690 = ORIENTED_EDGE('',*,*,#4691,.F.);
#4691 = EDGE_CURVE('',#4692,#4684,#4694,.T.);
#4692 = VERTEX_POINT('',#4693);
#4693 = CARTESIAN_POINT('',(-3.55,2.75,-1.));
#4694 = LINE('',#4695,#4696);
#4695 = CARTESIAN_POINT('',(3.55,2.75,-1.));
#4696 = VECTOR('',#4697,1.);
#4697 = DIRECTION('',(1.,0.,0.));
#4698 = ORIENTED_EDGE('',*,*,#4699,.T.);
#4699 = EDGE_CURVE('',#4692,#4392,#4700,.T.);
#4700 = LINE('',#4701,#4702);
#4701 = CARTESIAN_POINT('',(-3.55,2.75,0.));
#4702 = VECTOR('',#4703,1.);
#4703 = DIRECTION('',(0.,0.,1.));
#4704 = ORIENTED_EDGE('',*,*,#4412,.F.);
#4705 = ORIENTED_EDGE('',*,*,#4237,.F.);
#4706 = ORIENTED_EDGE('',*,*,#4707,.F.);
#4707 = EDGE_CURVE('',#4560,#4228,#4708,.T.);
#4708 = LINE('',#4709,#4710);
#4709 = CARTESIAN_POINT('',(3.55,2.75,0.));
#4710 = VECTOR('',#4711,1.);
#4711 = DIRECTION('',(-1.,0.,0.));
#4712 = ORIENTED_EDGE('',*,*,#4576,.T.);
#4713 = ORIENTED_EDGE('',*,*,#4600,.F.);
#4714 = PLANE('',#4715);
#4715 = AXIS2_PLACEMENT_3D('',#4716,#4717,#4718);
#4716 = CARTESIAN_POINT('',(-3.55,2.75,0.));
#4717 = DIRECTION('',(0.,1.,0.));
#4718 = DIRECTION('',(1.,0.,0.));
#4719 = ADVANCED_FACE('',(#4720),#4738,.T.);
#4720 = FACE_BOUND('',#4721,.T.);
#4721 = EDGE_LOOP('',(#4722,#4723,#4731,#4737));
#4722 = ORIENTED_EDGE('',*,*,#4699,.F.);
#4723 = ORIENTED_EDGE('',*,*,#4724,.F.);
#4724 = EDGE_CURVE('',#4725,#4692,#4727,.T.);
#4725 = VERTEX_POINT('',#4726);
#4726 = CARTESIAN_POINT('',(-3.55,-2.75,-1.));
#4727 = LINE('',#4728,#4729);
#4728 = CARTESIAN_POINT('',(-3.55,2.75,-1.));
#4729 = VECTOR('',#4730,1.);
#4730 = DIRECTION('',(0.,1.,0.));
#4731 = ORIENTED_EDGE('',*,*,#4732,.T.);
#4732 = EDGE_CURVE('',#4725,#4394,#4733,.T.);
#4733 = LINE('',#4734,#4735);
#4734 = CARTESIAN_POINT('',(-3.55,-2.75,0.));
#4735 = VECTOR('',#4736,1.);
#4736 = DIRECTION('',(0.,0.,1.));
#4737 = ORIENTED_EDGE('',*,*,#4391,.F.);
#4738 = PLANE('',#4739);
#4739 = AXIS2_PLACEMENT_3D('',#4740,#4741,#4742);
#4740 = CARTESIAN_POINT('',(-3.55,-2.75,0.));
#4741 = DIRECTION('',(-1.,0.,0.));
#4742 = DIRECTION('',(0.,1.,0.));
#4743 = ADVANCED_FACE('',(#4744),#4771,.T.);
#4744 = FACE_BOUND('',#4745,.T.);
#4745 = EDGE_LOOP('',(#4746,#4747,#4755,#4761,#4762,#4763,#4769,#4770));
#4746 = ORIENTED_EDGE('',*,*,#4732,.F.);
#4747 = ORIENTED_EDGE('',*,*,#4748,.F.);
#4748 = EDGE_CURVE('',#4749,#4725,#4751,.T.);
#4749 = VERTEX_POINT('',#4750);
#4750 = CARTESIAN_POINT('',(3.55,-2.75,-1.));
#4751 = LINE('',#4752,#4753);
#4752 = CARTESIAN_POINT('',(-3.55,-2.75,-1.));
#4753 = VECTOR('',#4754,1.);
#4754 = DIRECTION('',(-1.,0.,0.));
#4755 = ORIENTED_EDGE('',*,*,#4756,.F.);
#4756 = EDGE_CURVE('',#4591,#4749,#4757,.T.);
#4757 = LINE('',#4758,#4759);
#4758 = CARTESIAN_POINT('',(3.55,-2.75,0.));
#4759 = VECTOR('',#4760,1.);
#4760 = DIRECTION('',(0.,0.,-1.));
#4761 = ORIENTED_EDGE('',*,*,#4611,.F.);
#4762 = ORIENTED_EDGE('',*,*,#4436,.F.);
#4763 = ORIENTED_EDGE('',*,*,#4764,.F.);
#4764 = EDGE_CURVE('',#4361,#4427,#4765,.T.);
#4765 = LINE('',#4766,#4767);
#4766 = CARTESIAN_POINT('',(-3.55,-2.75,0.));
#4767 = VECTOR('',#4768,1.);
#4768 = DIRECTION('',(1.,0.,0.));
#4769 = ORIENTED_EDGE('',*,*,#4377,.T.);
#4770 = ORIENTED_EDGE('',*,*,#4401,.F.);
#4771 = PLANE('',#4772);
#4772 = AXIS2_PLACEMENT_3D('',#4773,#4774,#4775);
#4773 = CARTESIAN_POINT('',(3.55,-2.75,0.));
#4774 = DIRECTION('',(0.,-1.,0.));
#4775 = DIRECTION('',(-1.,0.,0.));
#4776 = ADVANCED_FACE('',(#4777),#4788,.T.);
#4777 = FACE_BOUND('',#4778,.T.);
#4778 = EDGE_LOOP('',(#4779,#4780,#4786,#4787));
#4779 = ORIENTED_EDGE('',*,*,#4756,.T.);
#4780 = ORIENTED_EDGE('',*,*,#4781,.F.);
#4781 = EDGE_CURVE('',#4684,#4749,#4782,.T.);
#4782 = LINE('',#4783,#4784);
#4783 = CARTESIAN_POINT('',(3.55,-2.75,-1.));
#4784 = VECTOR('',#4785,1.);
#4785 = DIRECTION('',(0.,-1.,0.));
#4786 = ORIENTED_EDGE('',*,*,#4683,.T.);
#4787 = ORIENTED_EDGE('',*,*,#4590,.F.);
#4788 = PLANE('',#4789);
#4789 = AXIS2_PLACEMENT_3D('',#4790,#4791,#4792);
#4790 = CARTESIAN_POINT('',(3.55,2.75,0.));
#4791 = DIRECTION('',(1.,0.,0.));
#4792 = DIRECTION('',(0.,-1.,0.));
#4793 = ADVANCED_FACE('',(#4794,#4808),#4822,.T.);
#4794 = FACE_BOUND('',#4795,.T.);
#4795 = EDGE_LOOP('',(#4796,#4797,#4798,#4799,#4800,#4801,#4802,#4803,
    #4804,#4805,#4806,#4807));
#4796 = ORIENTED_EDGE('',*,*,#4360,.T.);
#4797 = ORIENTED_EDGE('',*,*,#4764,.T.);
#4798 = ORIENTED_EDGE('',*,*,#4426,.T.);
#4799 = ORIENTED_EDGE('',*,*,#4466,.T.);
#4800 = ORIENTED_EDGE('',*,*,#4497,.T.);
#4801 = ORIENTED_EDGE('',*,*,#4528,.T.);
#4802 = ORIENTED_EDGE('',*,*,#4559,.T.);
#4803 = ORIENTED_EDGE('',*,*,#4707,.T.);
#4804 = ORIENTED_EDGE('',*,*,#4227,.T.);
#4805 = ORIENTED_EDGE('',*,*,#4267,.T.);
#4806 = ORIENTED_EDGE('',*,*,#4298,.T.);
#4807 = ORIENTED_EDGE('',*,*,#4329,.T.);
#4808 = FACE_BOUND('',#4809,.T.);
#4809 = EDGE_LOOP('',(#4810,#4811,#4812,#4813,#4814,#4815,#4816,#4817,
    #4818,#4819,#4820,#4821));
#4810 = ORIENTED_EDGE('',*,*,#4212,.T.);
#4811 = ORIENTED_EDGE('',*,*,#3924,.T.);
#4812 = ORIENTED_EDGE('',*,*,#3955,.T.);
#4813 = ORIENTED_EDGE('',*,*,#3979,.T.);
#4814 = ORIENTED_EDGE('',*,*,#4627,.T.);
#4815 = ORIENTED_EDGE('',*,*,#4020,.T.);
#4816 = ORIENTED_EDGE('',*,*,#4651,.T.);
#4817 = ORIENTED_EDGE('',*,*,#4668,.T.);
#4818 = ORIENTED_EDGE('',*,*,#4099,.T.);
#4819 = ORIENTED_EDGE('',*,*,#4130,.T.);
#4820 = ORIENTED_EDGE('',*,*,#4171,.T.);
#4821 = ORIENTED_EDGE('',*,*,#4195,.T.);
#4822 = PLANE('',#4823);
#4823 = AXIS2_PLACEMENT_3D('',#4824,#4825,#4826);
#4824 = CARTESIAN_POINT('',(0.,9.91270557701E-16,0.));
#4825 = DIRECTION('',(0.,0.,1.));
#4826 = DIRECTION('',(1.,0.,-0.));
#4827 = ADVANCED_FACE('',(#4828),#4834,.T.);
#4828 = FACE_BOUND('',#4829,.T.);
#4829 = EDGE_LOOP('',(#4830,#4831,#4832,#4833));
#4830 = ORIENTED_EDGE('',*,*,#4781,.T.);
#4831 = ORIENTED_EDGE('',*,*,#4748,.T.);
#4832 = ORIENTED_EDGE('',*,*,#4724,.T.);
#4833 = ORIENTED_EDGE('',*,*,#4691,.T.);
#4834 = PLANE('',#4835);
#4835 = AXIS2_PLACEMENT_3D('',#4836,#4837,#4838);
#4836 = CARTESIAN_POINT('',(0.,1.110223024625E-15,-1.));
#4837 = DIRECTION('',(0.,0.,-1.));
#4838 = DIRECTION('',(-1.,0.,0.));
#4839 = ( GEOMETRIC_REPRESENTATION_CONTEXT(3) 
GLOBAL_UNCERTAINTY_ASSIGNED_CONTEXT((#4843)) 
GLOBAL_UNIT_ASSIGNED_CONTEXT((#4840,#4841,#4842)) REPRESENTATION_CONTEXT
('Context #1','3D Context with UNIT and UNCERTAINTY') );
#4840 = ( LENGTH_UNIT() NAMED_UNIT(*) SI_UNIT(.MILLI.,.METRE.) );
#4841 = ( NAMED_UNIT(*) PLANE_ANGLE_UNIT() SI_UNIT($,.RADIAN.) );
#4842 = ( NAMED_UNIT(*) SI_UNIT($,.STERADIAN.) SOLID_ANGLE_UNIT() );
#4843 = UNCERTAINTY_MEASURE_WITH_UNIT(LENGTH_MEASURE(1.E-07),#4840,
  'distance_accuracy_value','confusion accuracy');
#4844 = CONTEXT_DEPENDENT_SHAPE_REPRESENTATION(#4845,#4847);
#4845 = ( REPRESENTATION_RELATIONSHIP('','',#3532,#79) 
REPRESENTATION_RELATIONSHIP_WITH_TRANSFORMATION(#4846) 
SHAPE_REPRESENTATION_RELATIONSHIP() );
#4846 = ITEM_DEFINED_TRANSFORMATION('','',#11,#84);
#4847 = PRODUCT_DEFINITION_SHAPE('Placement','Placement of an item',
  #4848);
#4848 = NEXT_ASSEMBLY_USAGE_OCCURRENCE('2','Button:1','',#74,#3527,$);
#4849 = PRODUCT_RELATED_PRODUCT_CATEGORY('part',$,(#3529));
#4850 = SHAPE_DEFINITION_REPRESENTATION(#4851,#4857);
#4851 = PRODUCT_DEFINITION_SHAPE('','',#4852);
#4852 = PRODUCT_DEFINITION('design','',#4853,#4856);
#4853 = PRODUCT_DEFINITION_FORMATION('','',#4854);
#4854 = PRODUCT('Pins','Pins','',(#4855));
#4855 = PRODUCT_CONTEXT('',#2,'mechanical');
#4856 = PRODUCT_DEFINITION_CONTEXT('part definition',#2,'design');
#4857 = SHAPE_REPRESENTATION('',(#11,#4858,#5074),#5290);
#4858 = MANIFOLD_SOLID_BREP('',#4859);
#4859 = CLOSED_SHELL('',(#4860,#4900,#4947,#4971,#4995,#5019,#5045,#5062
    ));
#4860 = ADVANCED_FACE('',(#4861),#4895,.T.);
#4861 = FACE_BOUND('',#4862,.T.);
#4862 = EDGE_LOOP('',(#4863,#4873,#4881,#4889));
#4863 = ORIENTED_EDGE('',*,*,#4864,.T.);
#4864 = EDGE_CURVE('',#4865,#4867,#4869,.T.);
#4865 = VERTEX_POINT('',#4866);
#4866 = CARTESIAN_POINT('',(0.26,0.32,5.2));
#4867 = VERTEX_POINT('',#4868);
#4868 = CARTESIAN_POINT('',(6.E-02,0.32,5.4));
#4869 = LINE('',#4870,#4871);
#4870 = CARTESIAN_POINT('',(1.51,0.32,3.95));
#4871 = VECTOR('',#4872,1.);
#4872 = DIRECTION('',(-0.707106781187,-6.133173666733E-17,0.707106781187
    ));
#4873 = ORIENTED_EDGE('',*,*,#4874,.T.);
#4874 = EDGE_CURVE('',#4867,#4875,#4877,.T.);
#4875 = VERTEX_POINT('',#4876);
#4876 = CARTESIAN_POINT('',(6.E-02,2.E-02,5.4));
#4877 = LINE('',#4878,#4879);
#4878 = CARTESIAN_POINT('',(6.E-02,9.5E-02,5.4));
#4879 = VECTOR('',#4880,1.);
#4880 = DIRECTION('',(2.312964634636E-16,-1.,0.));
#4881 = ORIENTED_EDGE('',*,*,#4882,.T.);
#4882 = EDGE_CURVE('',#4875,#4883,#4885,.T.);
#4883 = VERTEX_POINT('',#4884);
#4884 = CARTESIAN_POINT('',(0.26,2.E-02,5.2));
#4885 = LINE('',#4886,#4887);
#4886 = CARTESIAN_POINT('',(1.31,2.E-02,4.15));
#4887 = VECTOR('',#4888,1.);
#4888 = DIRECTION('',(0.707106781187,0.,-0.707106781187));
#4889 = ORIENTED_EDGE('',*,*,#4890,.T.);
#4890 = EDGE_CURVE('',#4883,#4865,#4891,.T.);
#4891 = LINE('',#4892,#4893);
#4892 = CARTESIAN_POINT('',(0.26,9.5E-02,5.2));
#4893 = VECTOR('',#4894,1.);
#4894 = DIRECTION('',(-2.312964634636E-16,1.,0.));
#4895 = PLANE('',#4896);
#4896 = AXIS2_PLACEMENT_3D('',#4897,#4898,#4899);
#4897 = CARTESIAN_POINT('',(0.16,9.5E-02,5.3));
#4898 = DIRECTION('',(0.707106781187,1.635512977796E-16,0.707106781187)
  );
#4899 = DIRECTION('',(0.707106781187,1.232595164408E-32,-0.707106781187)
  );
#4900 = ADVANCED_FACE('',(#4901),#4942,.T.);
#4901 = FACE_BOUND('',#4902,.T.);
#4902 = EDGE_LOOP('',(#4903,#4904,#4912,#4920,#4928,#4936));
#4903 = ORIENTED_EDGE('',*,*,#4882,.F.);
#4904 = ORIENTED_EDGE('',*,*,#4905,.F.);
#4905 = EDGE_CURVE('',#4906,#4875,#4908,.T.);
#4906 = VERTEX_POINT('',#4907);
#4907 = CARTESIAN_POINT('',(-0.34,2.E-02,5.4));
#4908 = LINE('',#4909,#4910);
#4909 = CARTESIAN_POINT('',(0.26,2.E-02,5.4));
#4910 = VECTOR('',#4911,1.);
#4911 = DIRECTION('',(1.,0.,0.));
#4912 = ORIENTED_EDGE('',*,*,#4913,.F.);
#4913 = EDGE_CURVE('',#4914,#4906,#4916,.T.);
#4914 = VERTEX_POINT('',#4915);
#4915 = CARTESIAN_POINT('',(-0.54,2.E-02,5.2));
#4916 = LINE('',#4917,#4918);
#4917 = CARTESIAN_POINT('',(-1.79,2.E-02,3.95));
#4918 = VECTOR('',#4919,1.);
#4919 = DIRECTION('',(0.707106781187,0.,0.707106781187));
#4920 = ORIENTED_EDGE('',*,*,#4921,.F.);
#4921 = EDGE_CURVE('',#4922,#4914,#4924,.T.);
#4922 = VERTEX_POINT('',#4923);
#4923 = CARTESIAN_POINT('',(-0.54,2.E-02,0.));
#4924 = LINE('',#4925,#4926);
#4925 = CARTESIAN_POINT('',(-0.54,2.E-02,0.));
#4926 = VECTOR('',#4927,1.);
#4927 = DIRECTION('',(0.,0.,1.));
#4928 = ORIENTED_EDGE('',*,*,#4929,.F.);
#4929 = EDGE_CURVE('',#4930,#4922,#4932,.T.);
#4930 = VERTEX_POINT('',#4931);
#4931 = CARTESIAN_POINT('',(0.26,2.E-02,0.));
#4932 = LINE('',#4933,#4934);
#4933 = CARTESIAN_POINT('',(0.26,2.E-02,0.));
#4934 = VECTOR('',#4935,1.);
#4935 = DIRECTION('',(-1.,0.,0.));
#4936 = ORIENTED_EDGE('',*,*,#4937,.T.);
#4937 = EDGE_CURVE('',#4930,#4883,#4938,.T.);
#4938 = LINE('',#4939,#4940);
#4939 = CARTESIAN_POINT('',(0.26,2.E-02,0.));
#4940 = VECTOR('',#4941,1.);
#4941 = DIRECTION('',(0.,0.,1.));
#4942 = PLANE('',#4943);
#4943 = AXIS2_PLACEMENT_3D('',#4944,#4945,#4946);
#4944 = CARTESIAN_POINT('',(-0.54,2.E-02,0.));
#4945 = DIRECTION('',(0.,-1.,0.));
#4946 = DIRECTION('',(1.,0.,0.));
#4947 = ADVANCED_FACE('',(#4948),#4966,.T.);
#4948 = FACE_BOUND('',#4949,.T.);
#4949 = EDGE_LOOP('',(#4950,#4951,#4959,#4965));
#4950 = ORIENTED_EDGE('',*,*,#4874,.F.);
#4951 = ORIENTED_EDGE('',*,*,#4952,.T.);
#4952 = EDGE_CURVE('',#4867,#4953,#4955,.T.);
#4953 = VERTEX_POINT('',#4954);
#4954 = CARTESIAN_POINT('',(-0.34,0.32,5.4));
#4955 = LINE('',#4956,#4957);
#4956 = CARTESIAN_POINT('',(-0.54,0.32,5.4));
#4957 = VECTOR('',#4958,1.);
#4958 = DIRECTION('',(-1.,-8.673617379884E-17,0.));
#4959 = ORIENTED_EDGE('',*,*,#4960,.F.);
#4960 = EDGE_CURVE('',#4906,#4953,#4961,.T.);
#4961 = LINE('',#4962,#4963);
#4962 = CARTESIAN_POINT('',(-0.34,0.245,5.4));
#4963 = VECTOR('',#4964,1.);
#4964 = DIRECTION('',(-4.625929269271E-16,1.,0.));
#4965 = ORIENTED_EDGE('',*,*,#4905,.T.);
#4966 = PLANE('',#4967);
#4967 = AXIS2_PLACEMENT_3D('',#4968,#4969,#4970);
#4968 = CARTESIAN_POINT('',(-0.14,0.17,5.4));
#4969 = DIRECTION('',(0.,0.,1.));
#4970 = DIRECTION('',(1.,0.,-0.));
#4971 = ADVANCED_FACE('',(#4972),#4990,.T.);
#4972 = FACE_BOUND('',#4973,.T.);
#4973 = EDGE_LOOP('',(#4974,#4975,#4976,#4984));
#4974 = ORIENTED_EDGE('',*,*,#4913,.T.);
#4975 = ORIENTED_EDGE('',*,*,#4960,.T.);
#4976 = ORIENTED_EDGE('',*,*,#4977,.T.);
#4977 = EDGE_CURVE('',#4953,#4978,#4980,.T.);
#4978 = VERTEX_POINT('',#4979);
#4979 = CARTESIAN_POINT('',(-0.54,0.32,5.2));
#4980 = LINE('',#4981,#4982);
#4981 = CARTESIAN_POINT('',(-1.59,0.32,4.15));
#4982 = VECTOR('',#4983,1.);
#4983 = DIRECTION('',(-0.707106781187,-6.133173666733E-17,
    -0.707106781187));
#4984 = ORIENTED_EDGE('',*,*,#4985,.T.);
#4985 = EDGE_CURVE('',#4978,#4914,#4986,.T.);
#4986 = LINE('',#4987,#4988);
#4987 = CARTESIAN_POINT('',(-0.54,0.245,5.2));
#4988 = VECTOR('',#4989,1.);
#4989 = DIRECTION('',(4.625929269271E-16,-1.,0.));
#4990 = PLANE('',#4991);
#4991 = AXIS2_PLACEMENT_3D('',#4992,#4993,#4994);
#4992 = CARTESIAN_POINT('',(-0.44,0.245,5.3));
#4993 = DIRECTION('',(-0.707106781187,-3.271025955591E-16,0.707106781187
    ));
#4994 = DIRECTION('',(0.707106781187,2.465190328816E-32,0.707106781187)
  );
#4995 = ADVANCED_FACE('',(#4996),#5014,.T.);
#4996 = FACE_BOUND('',#4997,.T.);
#4997 = EDGE_LOOP('',(#4998,#4999,#5007,#5013));
#4998 = ORIENTED_EDGE('',*,*,#4985,.F.);
#4999 = ORIENTED_EDGE('',*,*,#5000,.F.);
#5000 = EDGE_CURVE('',#5001,#4978,#5003,.T.);
#5001 = VERTEX_POINT('',#5002);
#5002 = CARTESIAN_POINT('',(-0.54,0.32,0.));
#5003 = LINE('',#5004,#5005);
#5004 = CARTESIAN_POINT('',(-0.54,0.32,0.));
#5005 = VECTOR('',#5006,1.);
#5006 = DIRECTION('',(0.,0.,1.));
#5007 = ORIENTED_EDGE('',*,*,#5008,.F.);
#5008 = EDGE_CURVE('',#4922,#5001,#5009,.T.);
#5009 = LINE('',#5010,#5011);
#5010 = CARTESIAN_POINT('',(-0.54,2.E-02,0.));
#5011 = VECTOR('',#5012,1.);
#5012 = DIRECTION('',(-4.625929269271E-16,1.,0.));
#5013 = ORIENTED_EDGE('',*,*,#4921,.T.);
#5014 = PLANE('',#5015);
#5015 = AXIS2_PLACEMENT_3D('',#5016,#5017,#5018);
#5016 = CARTESIAN_POINT('',(-0.54,0.32,0.));
#5017 = DIRECTION('',(-1.,-4.625929269271E-16,0.));
#5018 = DIRECTION('',(4.625929269271E-16,-1.,0.));
#5019 = ADVANCED_FACE('',(#5020),#5040,.T.);
#5020 = FACE_BOUND('',#5021,.T.);
#5021 = EDGE_LOOP('',(#5022,#5023,#5031,#5037,#5038,#5039));
#5022 = ORIENTED_EDGE('',*,*,#4864,.F.);
#5023 = ORIENTED_EDGE('',*,*,#5024,.F.);
#5024 = EDGE_CURVE('',#5025,#4865,#5027,.T.);
#5025 = VERTEX_POINT('',#5026);
#5026 = CARTESIAN_POINT('',(0.26,0.32,0.));
#5027 = LINE('',#5028,#5029);
#5028 = CARTESIAN_POINT('',(0.26,0.32,0.));
#5029 = VECTOR('',#5030,1.);
#5030 = DIRECTION('',(0.,0.,1.));
#5031 = ORIENTED_EDGE('',*,*,#5032,.F.);
#5032 = EDGE_CURVE('',#5001,#5025,#5033,.T.);
#5033 = LINE('',#5034,#5035);
#5034 = CARTESIAN_POINT('',(-0.54,0.32,0.));
#5035 = VECTOR('',#5036,1.);
#5036 = DIRECTION('',(1.,8.673617379884E-17,0.));
#5037 = ORIENTED_EDGE('',*,*,#5000,.T.);
#5038 = ORIENTED_EDGE('',*,*,#4977,.F.);
#5039 = ORIENTED_EDGE('',*,*,#4952,.F.);
#5040 = PLANE('',#5041);
#5041 = AXIS2_PLACEMENT_3D('',#5042,#5043,#5044);
#5042 = CARTESIAN_POINT('',(0.26,0.32,0.));
#5043 = DIRECTION('',(-8.673617379884E-17,1.,0.));
#5044 = DIRECTION('',(-1.,-8.673617379884E-17,0.));
#5045 = ADVANCED_FACE('',(#5046),#5057,.T.);
#5046 = FACE_BOUND('',#5047,.T.);
#5047 = EDGE_LOOP('',(#5048,#5049,#5050,#5056));
#5048 = ORIENTED_EDGE('',*,*,#4890,.F.);
#5049 = ORIENTED_EDGE('',*,*,#4937,.F.);
#5050 = ORIENTED_EDGE('',*,*,#5051,.F.);
#5051 = EDGE_CURVE('',#5025,#4930,#5052,.T.);
#5052 = LINE('',#5053,#5054);
#5053 = CARTESIAN_POINT('',(0.26,0.32,0.));
#5054 = VECTOR('',#5055,1.);
#5055 = DIRECTION('',(2.312964634636E-16,-1.,0.));
#5056 = ORIENTED_EDGE('',*,*,#5024,.T.);
#5057 = PLANE('',#5058);
#5058 = AXIS2_PLACEMENT_3D('',#5059,#5060,#5061);
#5059 = CARTESIAN_POINT('',(0.26,2.E-02,0.));
#5060 = DIRECTION('',(1.,2.312964634636E-16,0.));
#5061 = DIRECTION('',(-2.312964634636E-16,1.,0.));
#5062 = ADVANCED_FACE('',(#5063),#5069,.F.);
#5063 = FACE_BOUND('',#5064,.T.);
#5064 = EDGE_LOOP('',(#5065,#5066,#5067,#5068));
#5065 = ORIENTED_EDGE('',*,*,#5051,.T.);
#5066 = ORIENTED_EDGE('',*,*,#4929,.T.);
#5067 = ORIENTED_EDGE('',*,*,#5008,.T.);
#5068 = ORIENTED_EDGE('',*,*,#5032,.T.);
#5069 = PLANE('',#5070);
#5070 = AXIS2_PLACEMENT_3D('',#5071,#5072,#5073);
#5071 = CARTESIAN_POINT('',(-0.14,0.17,0.));
#5072 = DIRECTION('',(0.,0.,1.));
#5073 = DIRECTION('',(1.,0.,-0.));
#5074 = MANIFOLD_SOLID_BREP('',#5075);
#5075 = CLOSED_SHELL('',(#5076,#5116,#5147,#5187,#5211,#5244,#5261,#5278
    ));
#5076 = ADVANCED_FACE('',(#5077),#5111,.T.);
#5077 = FACE_BOUND('',#5078,.T.);
#5078 = EDGE_LOOP('',(#5079,#5089,#5097,#5105));
#5079 = ORIENTED_EDGE('',*,*,#5080,.T.);
#5080 = EDGE_CURVE('',#5081,#5083,#5085,.T.);
#5081 = VERTEX_POINT('',#5082);
#5082 = CARTESIAN_POINT('',(5.81,-2.61,5.2));
#5083 = VERTEX_POINT('',#5084);
#5084 = CARTESIAN_POINT('',(6.01,-2.61,5.4));
#5085 = LINE('',#5086,#5087);
#5086 = CARTESIAN_POINT('',(4.56,-2.61,3.95));
#5087 = VECTOR('',#5088,1.);
#5088 = DIRECTION('',(0.707106781187,0.,0.707106781187));
#5089 = ORIENTED_EDGE('',*,*,#5090,.T.);
#5090 = EDGE_CURVE('',#5083,#5091,#5093,.T.);
#5091 = VERTEX_POINT('',#5092);
#5092 = CARTESIAN_POINT('',(6.01,-2.21,5.4));
#5093 = LINE('',#5094,#5095);
#5094 = CARTESIAN_POINT('',(6.01,-2.31,5.4));
#5095 = VECTOR('',#5096,1.);
#5096 = DIRECTION('',(0.,1.,0.));
#5097 = ORIENTED_EDGE('',*,*,#5098,.T.);
#5098 = EDGE_CURVE('',#5091,#5099,#5101,.T.);
#5099 = VERTEX_POINT('',#5100);
#5100 = CARTESIAN_POINT('',(5.81,-2.21,5.2));
#5101 = LINE('',#5102,#5103);
#5102 = CARTESIAN_POINT('',(4.76,-2.21,4.15));
#5103 = VECTOR('',#5104,1.);
#5104 = DIRECTION('',(-0.707106781187,0.,-0.707106781187));
#5105 = ORIENTED_EDGE('',*,*,#5106,.T.);
#5106 = EDGE_CURVE('',#5099,#5081,#5107,.T.);
#5107 = LINE('',#5108,#5109);
#5108 = CARTESIAN_POINT('',(5.81,-2.31,5.2));
#5109 = VECTOR('',#5110,1.);
#5110 = DIRECTION('',(0.,-1.,0.));
#5111 = PLANE('',#5112);
#5112 = AXIS2_PLACEMENT_3D('',#5113,#5114,#5115);
#5113 = CARTESIAN_POINT('',(5.91,-2.31,5.3));
#5114 = DIRECTION('',(-0.707106781187,0.,0.707106781187));
#5115 = DIRECTION('',(0.707106781187,0.,0.707106781187));
#5116 = ADVANCED_FACE('',(#5117),#5142,.T.);
#5117 = FACE_BOUND('',#5118,.T.);
#5118 = EDGE_LOOP('',(#5119,#5120,#5128,#5136));
#5119 = ORIENTED_EDGE('',*,*,#5090,.F.);
#5120 = ORIENTED_EDGE('',*,*,#5121,.T.);
#5121 = EDGE_CURVE('',#5083,#5122,#5124,.T.);
#5122 = VERTEX_POINT('',#5123);
#5123 = CARTESIAN_POINT('',(6.41,-2.61,5.4));
#5124 = LINE('',#5125,#5126);
#5125 = CARTESIAN_POINT('',(6.61,-2.61,5.4));
#5126 = VECTOR('',#5127,1.);
#5127 = DIRECTION('',(1.,0.,0.));
#5128 = ORIENTED_EDGE('',*,*,#5129,.F.);
#5129 = EDGE_CURVE('',#5130,#5122,#5132,.T.);
#5130 = VERTEX_POINT('',#5131);
#5131 = CARTESIAN_POINT('',(6.41,-2.21,5.4));
#5132 = LINE('',#5133,#5134);
#5133 = CARTESIAN_POINT('',(6.41,-2.51,5.4));
#5134 = VECTOR('',#5135,1.);
#5135 = DIRECTION('',(0.,-1.,0.));
#5136 = ORIENTED_EDGE('',*,*,#5137,.T.);
#5137 = EDGE_CURVE('',#5130,#5091,#5138,.T.);
#5138 = LINE('',#5139,#5140);
#5139 = CARTESIAN_POINT('',(5.81,-2.21,5.4));
#5140 = VECTOR('',#5141,1.);
#5141 = DIRECTION('',(-1.,0.,0.));
#5142 = PLANE('',#5143);
#5143 = AXIS2_PLACEMENT_3D('',#5144,#5145,#5146);
#5144 = CARTESIAN_POINT('',(6.21,-2.41,5.4));
#5145 = DIRECTION('',(0.,0.,1.));
#5146 = DIRECTION('',(1.,0.,-0.));
#5147 = ADVANCED_FACE('',(#5148),#5182,.T.);
#5148 = FACE_BOUND('',#5149,.T.);
#5149 = EDGE_LOOP('',(#5150,#5151,#5159,#5167,#5175,#5181));
#5150 = ORIENTED_EDGE('',*,*,#5080,.F.);
#5151 = ORIENTED_EDGE('',*,*,#5152,.F.);
#5152 = EDGE_CURVE('',#5153,#5081,#5155,.T.);
#5153 = VERTEX_POINT('',#5154);
#5154 = CARTESIAN_POINT('',(5.81,-2.61,0.));
#5155 = LINE('',#5156,#5157);
#5156 = CARTESIAN_POINT('',(5.81,-2.61,0.));
#5157 = VECTOR('',#5158,1.);
#5158 = DIRECTION('',(0.,0.,1.));
#5159 = ORIENTED_EDGE('',*,*,#5160,.F.);
#5160 = EDGE_CURVE('',#5161,#5153,#5163,.T.);
#5161 = VERTEX_POINT('',#5162);
#5162 = CARTESIAN_POINT('',(6.61,-2.61,0.));
#5163 = LINE('',#5164,#5165);
#5164 = CARTESIAN_POINT('',(6.61,-2.61,0.));
#5165 = VECTOR('',#5166,1.);
#5166 = DIRECTION('',(-1.,0.,0.));
#5167 = ORIENTED_EDGE('',*,*,#5168,.T.);
#5168 = EDGE_CURVE('',#5161,#5169,#5171,.T.);
#5169 = VERTEX_POINT('',#5170);
#5170 = CARTESIAN_POINT('',(6.61,-2.61,5.2));
#5171 = LINE('',#5172,#5173);
#5172 = CARTESIAN_POINT('',(6.61,-2.61,0.));
#5173 = VECTOR('',#5174,1.);
#5174 = DIRECTION('',(0.,0.,1.));
#5175 = ORIENTED_EDGE('',*,*,#5176,.F.);
#5176 = EDGE_CURVE('',#5122,#5169,#5177,.T.);
#5177 = LINE('',#5178,#5179);
#5178 = CARTESIAN_POINT('',(7.66,-2.61,4.15));
#5179 = VECTOR('',#5180,1.);
#5180 = DIRECTION('',(0.707106781187,0.,-0.707106781187));
#5181 = ORIENTED_EDGE('',*,*,#5121,.F.);
#5182 = PLANE('',#5183);
#5183 = AXIS2_PLACEMENT_3D('',#5184,#5185,#5186);
#5184 = CARTESIAN_POINT('',(5.81,-2.61,0.));
#5185 = DIRECTION('',(0.,-1.,0.));
#5186 = DIRECTION('',(1.,0.,0.));
#5187 = ADVANCED_FACE('',(#5188),#5206,.T.);
#5188 = FACE_BOUND('',#5189,.T.);
#5189 = EDGE_LOOP('',(#5190,#5198,#5199,#5200));
#5190 = ORIENTED_EDGE('',*,*,#5191,.T.);
#5191 = EDGE_CURVE('',#5192,#5130,#5194,.T.);
#5192 = VERTEX_POINT('',#5193);
#5193 = CARTESIAN_POINT('',(6.61,-2.21,5.2));
#5194 = LINE('',#5195,#5196);
#5195 = CARTESIAN_POINT('',(7.86,-2.21,3.95));
#5196 = VECTOR('',#5197,1.);
#5197 = DIRECTION('',(-0.707106781187,0.,0.707106781187));
#5198 = ORIENTED_EDGE('',*,*,#5129,.T.);
#5199 = ORIENTED_EDGE('',*,*,#5176,.T.);
#5200 = ORIENTED_EDGE('',*,*,#5201,.T.);
#5201 = EDGE_CURVE('',#5169,#5192,#5202,.T.);
#5202 = LINE('',#5203,#5204);
#5203 = CARTESIAN_POINT('',(6.61,-2.51,5.2));
#5204 = VECTOR('',#5205,1.);
#5205 = DIRECTION('',(0.,1.,0.));
#5206 = PLANE('',#5207);
#5207 = AXIS2_PLACEMENT_3D('',#5208,#5209,#5210);
#5208 = CARTESIAN_POINT('',(6.51,-2.51,5.3));
#5209 = DIRECTION('',(0.707106781187,0.,0.707106781187));
#5210 = DIRECTION('',(0.707106781187,0.,-0.707106781187));
#5211 = ADVANCED_FACE('',(#5212),#5239,.T.);
#5212 = FACE_BOUND('',#5213,.T.);
#5213 = EDGE_LOOP('',(#5214,#5215,#5216,#5217,#5225,#5233));
#5214 = ORIENTED_EDGE('',*,*,#5098,.F.);
#5215 = ORIENTED_EDGE('',*,*,#5137,.F.);
#5216 = ORIENTED_EDGE('',*,*,#5191,.F.);
#5217 = ORIENTED_EDGE('',*,*,#5218,.F.);
#5218 = EDGE_CURVE('',#5219,#5192,#5221,.T.);
#5219 = VERTEX_POINT('',#5220);
#5220 = CARTESIAN_POINT('',(6.61,-2.21,0.));
#5221 = LINE('',#5222,#5223);
#5222 = CARTESIAN_POINT('',(6.61,-2.21,0.));
#5223 = VECTOR('',#5224,1.);
#5224 = DIRECTION('',(0.,0.,1.));
#5225 = ORIENTED_EDGE('',*,*,#5226,.F.);
#5226 = EDGE_CURVE('',#5227,#5219,#5229,.T.);
#5227 = VERTEX_POINT('',#5228);
#5228 = CARTESIAN_POINT('',(5.81,-2.21,0.));
#5229 = LINE('',#5230,#5231);
#5230 = CARTESIAN_POINT('',(5.81,-2.21,0.));
#5231 = VECTOR('',#5232,1.);
#5232 = DIRECTION('',(1.,0.,0.));
#5233 = ORIENTED_EDGE('',*,*,#5234,.T.);
#5234 = EDGE_CURVE('',#5227,#5099,#5235,.T.);
#5235 = LINE('',#5236,#5237);
#5236 = CARTESIAN_POINT('',(5.81,-2.21,0.));
#5237 = VECTOR('',#5238,1.);
#5238 = DIRECTION('',(0.,0.,1.));
#5239 = PLANE('',#5240);
#5240 = AXIS2_PLACEMENT_3D('',#5241,#5242,#5243);
#5241 = CARTESIAN_POINT('',(6.61,-2.21,0.));
#5242 = DIRECTION('',(0.,1.,0.));
#5243 = DIRECTION('',(-1.,0.,0.));
#5244 = ADVANCED_FACE('',(#5245),#5256,.T.);
#5245 = FACE_BOUND('',#5246,.T.);
#5246 = EDGE_LOOP('',(#5247,#5248,#5249,#5255));
#5247 = ORIENTED_EDGE('',*,*,#5201,.F.);
#5248 = ORIENTED_EDGE('',*,*,#5168,.F.);
#5249 = ORIENTED_EDGE('',*,*,#5250,.F.);
#5250 = EDGE_CURVE('',#5219,#5161,#5251,.T.);
#5251 = LINE('',#5252,#5253);
#5252 = CARTESIAN_POINT('',(6.61,-2.21,0.));
#5253 = VECTOR('',#5254,1.);
#5254 = DIRECTION('',(0.,-1.,0.));
#5255 = ORIENTED_EDGE('',*,*,#5218,.T.);
#5256 = PLANE('',#5257);
#5257 = AXIS2_PLACEMENT_3D('',#5258,#5259,#5260);
#5258 = CARTESIAN_POINT('',(6.61,-2.61,0.));
#5259 = DIRECTION('',(1.,0.,0.));
#5260 = DIRECTION('',(-0.,1.,0.));
#5261 = ADVANCED_FACE('',(#5262),#5273,.T.);
#5262 = FACE_BOUND('',#5263,.T.);
#5263 = EDGE_LOOP('',(#5264,#5265,#5266,#5272));
#5264 = ORIENTED_EDGE('',*,*,#5106,.F.);
#5265 = ORIENTED_EDGE('',*,*,#5234,.F.);
#5266 = ORIENTED_EDGE('',*,*,#5267,.F.);
#5267 = EDGE_CURVE('',#5153,#5227,#5268,.T.);
#5268 = LINE('',#5269,#5270);
#5269 = CARTESIAN_POINT('',(5.81,-2.61,0.));
#5270 = VECTOR('',#5271,1.);
#5271 = DIRECTION('',(0.,1.,0.));
#5272 = ORIENTED_EDGE('',*,*,#5152,.T.);
#5273 = PLANE('',#5274);
#5274 = AXIS2_PLACEMENT_3D('',#5275,#5276,#5277);
#5275 = CARTESIAN_POINT('',(5.81,-2.21,0.));
#5276 = DIRECTION('',(-1.,0.,0.));
#5277 = DIRECTION('',(0.,-1.,0.));
#5278 = ADVANCED_FACE('',(#5279),#5285,.F.);
#5279 = FACE_BOUND('',#5280,.T.);
#5280 = EDGE_LOOP('',(#5281,#5282,#5283,#5284));
#5281 = ORIENTED_EDGE('',*,*,#5226,.T.);
#5282 = ORIENTED_EDGE('',*,*,#5250,.T.);
#5283 = ORIENTED_EDGE('',*,*,#5160,.T.);
#5284 = ORIENTED_EDGE('',*,*,#5267,.T.);
#5285 = PLANE('',#5286);
#5286 = AXIS2_PLACEMENT_3D('',#5287,#5288,#5289);
#5287 = CARTESIAN_POINT('',(6.21,-2.41,0.));
#5288 = DIRECTION('',(0.,0.,1.));
#5289 = DIRECTION('',(1.,0.,-0.));
#5290 = ( GEOMETRIC_REPRESENTATION_CONTEXT(3) 
GLOBAL_UNCERTAINTY_ASSIGNED_CONTEXT((#5294)) 
GLOBAL_UNIT_ASSIGNED_CONTEXT((#5291,#5292,#5293)) REPRESENTATION_CONTEXT
('Context #1','3D Context with UNIT and UNCERTAINTY') );
#5291 = ( LENGTH_UNIT() NAMED_UNIT(*) SI_UNIT(.MILLI.,.METRE.) );
#5292 = ( NAMED_UNIT(*) PLANE_ANGLE_UNIT() SI_UNIT($,.RADIAN.) );
#5293 = ( NAMED_UNIT(*) SI_UNIT($,.STERADIAN.) SOLID_ANGLE_UNIT() );
#5294 = UNCERTAINTY_MEASURE_WITH_UNIT(LENGTH_MEASURE(1.E-07),#5291,
  'distance_accuracy_value','confusion accuracy');
#5295 = CONTEXT_DEPENDENT_SHAPE_REPRESENTATION(#5296,#5298);
#5296 = ( REPRESENTATION_RELATIONSHIP('','',#4857,#79) 
REPRESENTATION_RELATIONSHIP_WITH_TRANSFORMATION(#5297) 
SHAPE_REPRESENTATION_RELATIONSHIP() );
#5297 = ITEM_DEFINED_TRANSFORMATION('','',#11,#88);
#5298 = PRODUCT_DEFINITION_SHAPE('Placement','Placement of an item',
  #5299);
#5299 = NEXT_ASSEMBLY_USAGE_OCCURRENCE('3','Pins:1','',#74,#4852,$);
#5300 = PRODUCT_RELATED_PRODUCT_CATEGORY('part',$,(#4854));
#5301 = CONTEXT_DEPENDENT_SHAPE_REPRESENTATION(#5302,#5304);
#5302 = ( REPRESENTATION_RELATIONSHIP('','',#56,#10) 
REPRESENTATION_RELATIONSHIP_WITH_TRANSFORMATION(#5303) 
SHAPE_REPRESENTATION_RELATIONSHIP() );
#5303 = ITEM_DEFINED_TRANSFORMATION('','',#11,#19);
#5304 = PRODUCT_DEFINITION_SHAPE('Placement','Placement of an item',
  #5305);
#5305 = NEXT_ASSEMBLY_USAGE_OCCURRENCE('6','SW3','',#5,#51,$);
#5306 = SHAPE_DEFINITION_REPRESENTATION(#5307,#5313);
#5307 = PRODUCT_DEFINITION_SHAPE('','',#5308);
#5308 = PRODUCT_DEFINITION('design','',#5309,#5312);
#5309 = PRODUCT_DEFINITION_FORMATION('','',#5310);
#5310 = PRODUCT('PinSocket_1x08_P2.54mm_Vertical',
  'PinSocket_1x08_P2.54mm_Vertical','',(#5311));
#5311 = PRODUCT_CONTEXT('',#2,'mechanical');
#5312 = PRODUCT_DEFINITION_CONTEXT('part definition',#2,'design');
#5313 = SHAPE_REPRESENTATION('',(#11,#5314),#5318);
#5314 = AXIS2_PLACEMENT_3D('',#5315,#5316,#5317);
#5315 = CARTESIAN_POINT('',(0.,0.,0.));
#5316 = DIRECTION('',(0.,0.,1.));
#5317 = DIRECTION('',(1.,0.,-0.));
#5318 = ( GEOMETRIC_REPRESENTATION_CONTEXT(3) 
GLOBAL_UNCERTAINTY_ASSIGNED_CONTEXT((#5322)) 
GLOBAL_UNIT_ASSIGNED_CONTEXT((#5319,#5320,#5321)) REPRESENTATION_CONTEXT
('Context #1','3D Context with UNIT and UNCERTAINTY') );
#5319 = ( LENGTH_UNIT() NAMED_UNIT(*) SI_UNIT(.MILLI.,.METRE.) );
#5320 = ( NAMED_UNIT(*) PLANE_ANGLE_UNIT() SI_UNIT($,.RADIAN.) );
#5321 = ( NAMED_UNIT(*) SI_UNIT($,.STERADIAN.) SOLID_ANGLE_UNIT() );
#5322 = UNCERTAINTY_MEASURE_WITH_UNIT(LENGTH_MEASURE(1.E-07),#5319,
  'distance_accuracy_value','confusion accuracy');
#5323 = CONTEXT_DEPENDENT_SHAPE_REPRESENTATION(#5324,#5326);
#5324 = ( REPRESENTATION_RELATIONSHIP('','',#5313,#10) 
REPRESENTATION_RELATIONSHIP_WITH_TRANSFORMATION(#5325) 
SHAPE_REPRESENTATION_RELATIONSHIP() );
#5325 = ITEM_DEFINED_TRANSFORMATION('','',#11,#23);
#5326 = PRODUCT_DEFINITION_SHAPE('Placement','Placement of an item',
  #5327);
#5327 = NEXT_ASSEMBLY_USAGE_OCCURRENCE('8','J1','',#5,#5308,$);
#5328 = PRODUCT_RELATED_PRODUCT_CATEGORY('part',$,(#5310));
#5329 = SHAPE_DEFINITION_REPRESENTATION(#5330,#5336);
#5330 = PRODUCT_DEFINITION_SHAPE('','',#5331);
#5331 = PRODUCT_DEFINITION('design','',#5332,#5335);
#5332 = PRODUCT_DEFINITION_FORMATION('','',#5333);
#5333 = PRODUCT('PinSocket_1x08_P2.54mm_Vertical',
  'PinSocket_1x08_P2.54mm_Vertical','',(#5334));
#5334 = PRODUCT_CONTEXT('',#2,'mechanical');
#5335 = PRODUCT_DEFINITION_CONTEXT('part definition',#2,'design');
#5336 = ADVANCED_BREP_SHAPE_REPRESENTATION('',(#11,#5337),#11827);
#5337 = MANIFOLD_SOLID_BREP('',#5338);
#5338 = CLOSED_SHELL('',(#5339,#5379,#5442,#5505,#5522,#5811,#5833,#5850
    ,#6395,#6407,#6419,#6450,#6474,#6498,#6515,#6546,#6570,#6594,#6611,
    #6642,#6666,#6690,#6707,#6738,#6762,#6786,#6803,#6834,#6858,#6882,
    #6899,#6930,#6954,#6978,#6995,#7026,#7050,#7074,#7091,#7122,#7146,
    #7170,#7187,#7204,#7251,#7268,#7315,#7332,#7379,#7396,#7443,#7460,
    #7507,#7524,#7571,#7588,#7635,#7652,#7699,#7716,#7763,#7780,#7827,
    #7844,#7891,#7908,#7955,#7972,#8019,#8036,#8083,#8100,#8147,#8164,
    #8211,#8242,#8298,#8322,#8371,#8402,#8458,#8482,#8531,#8562,#8618,
    #8642,#8691,#8722,#8778,#8802,#8851,#8882,#8938,#8962,#9011,#9042,
    #9098,#9122,#9171,#9202,#9258,#9282,#9331,#9362,#9418,#9442,#9491,
    #9508,#9525,#9542,#9559,#9571,#9588,#9605,#9622,#9639,#9651,#9668,
    #9685,#9702,#9719,#9731,#9748,#9765,#9782,#9799,#9811,#9828,#9845,
    #9862,#9879,#9891,#9908,#9925,#9942,#9959,#9971,#9988,#10005,#10022,
    #10039,#10051,#10068,#10085,#10102,#10119,#10131,#10148,#10165,
    #10214,#10238,#10280,#10297,#10314,#10331,#10380,#10404,#10446,
    #10463,#10480,#10497,#10546,#10570,#10612,#10629,#10646,#10663,
    #10712,#10736,#10778,#10795,#10812,#10829,#10878,#10902,#10944,
    #10961,#10978,#10995,#11044,#11068,#11110,#11127,#11144,#11161,
    #11210,#11234,#11276,#11293,#11310,#11327,#11376,#11400,#11442,
    #11459,#11476,#11493,#11505,#11522,#11539,#11551,#11568,#11585,
    #11597,#11614,#11631,#11643,#11660,#11677,#11689,#11706,#11723,
    #11735,#11752,#11769,#11781,#11798,#11815));
#5339 = ADVANCED_FACE('',(#5340),#5374,.F.);
#5340 = FACE_BOUND('',#5341,.F.);
#5341 = EDGE_LOOP('',(#5342,#5352,#5360,#5368));
#5342 = ORIENTED_EDGE('',*,*,#5343,.T.);
#5343 = EDGE_CURVE('',#5344,#5346,#5348,.T.);
#5344 = VERTEX_POINT('',#5345);
#5345 = CARTESIAN_POINT('',(1.27,-19.05,0.));
#5346 = VERTEX_POINT('',#5347);
#5347 = CARTESIAN_POINT('',(1.27,-19.05,8.5));
#5348 = LINE('',#5349,#5350);
#5349 = CARTESIAN_POINT('',(1.27,-19.05,0.));
#5350 = VECTOR('',#5351,1.);
#5351 = DIRECTION('',(0.,0.,1.));
#5352 = ORIENTED_EDGE('',*,*,#5353,.T.);
#5353 = EDGE_CURVE('',#5346,#5354,#5356,.T.);
#5354 = VERTEX_POINT('',#5355);
#5355 = CARTESIAN_POINT('',(1.27,1.27,8.5));
#5356 = LINE('',#5357,#5358);
#5357 = CARTESIAN_POINT('',(1.27,-19.05,8.5));
#5358 = VECTOR('',#5359,1.);
#5359 = DIRECTION('',(1.110223024625E-16,1.,0.));
#5360 = ORIENTED_EDGE('',*,*,#5361,.F.);
#5361 = EDGE_CURVE('',#5362,#5354,#5364,.T.);
#5362 = VERTEX_POINT('',#5363);
#5363 = CARTESIAN_POINT('',(1.27,1.27,0.));
#5364 = LINE('',#5365,#5366);
#5365 = CARTESIAN_POINT('',(1.27,1.27,0.));
#5366 = VECTOR('',#5367,1.);
#5367 = DIRECTION('',(0.,0.,1.));
#5368 = ORIENTED_EDGE('',*,*,#5369,.F.);
#5369 = EDGE_CURVE('',#5344,#5362,#5370,.T.);
#5370 = LINE('',#5371,#5372);
#5371 = CARTESIAN_POINT('',(1.27,-19.05,0.));
#5372 = VECTOR('',#5373,1.);
#5373 = DIRECTION('',(1.110223024625E-16,1.,0.));
#5374 = PLANE('',#5375);
#5375 = AXIS2_PLACEMENT_3D('',#5376,#5377,#5378);
#5376 = CARTESIAN_POINT('',(1.27,-19.05,0.));
#5377 = DIRECTION('',(-1.,1.110223024625E-16,0.));
#5378 = DIRECTION('',(1.110223024625E-16,1.,0.));
#5379 = ADVANCED_FACE('',(#5380),#5437,.F.);
#5380 = FACE_BOUND('',#5381,.F.);
#5381 = EDGE_LOOP('',(#5382,#5392,#5400,#5406,#5407,#5415,#5423,#5431));
#5382 = ORIENTED_EDGE('',*,*,#5383,.F.);
#5383 = EDGE_CURVE('',#5384,#5386,#5388,.T.);
#5384 = VERTEX_POINT('',#5385);
#5385 = CARTESIAN_POINT('',(-1.27,-19.05,0.));
#5386 = VERTEX_POINT('',#5387);
#5387 = CARTESIAN_POINT('',(-0.846666666667,-19.05,0.));
#5388 = LINE('',#5389,#5390);
#5389 = CARTESIAN_POINT('',(-1.27,-19.05,0.));
#5390 = VECTOR('',#5391,1.);
#5391 = DIRECTION('',(1.,-1.110223024625E-16,0.));
#5392 = ORIENTED_EDGE('',*,*,#5393,.T.);
#5393 = EDGE_CURVE('',#5384,#5394,#5396,.T.);
#5394 = VERTEX_POINT('',#5395);
#5395 = CARTESIAN_POINT('',(-1.27,-19.05,8.5));
#5396 = LINE('',#5397,#5398);
#5397 = CARTESIAN_POINT('',(-1.27,-19.05,0.));
#5398 = VECTOR('',#5399,1.);
#5399 = DIRECTION('',(0.,0.,1.));
#5400 = ORIENTED_EDGE('',*,*,#5401,.T.);
#5401 = EDGE_CURVE('',#5394,#5346,#5402,.T.);
#5402 = LINE('',#5403,#5404);
#5403 = CARTESIAN_POINT('',(-1.27,-19.05,8.5));
#5404 = VECTOR('',#5405,1.);
#5405 = DIRECTION('',(1.,-1.110223024625E-16,0.));
#5406 = ORIENTED_EDGE('',*,*,#5343,.F.);
#5407 = ORIENTED_EDGE('',*,*,#5408,.F.);
#5408 = EDGE_CURVE('',#5409,#5344,#5411,.T.);
#5409 = VERTEX_POINT('',#5410);
#5410 = CARTESIAN_POINT('',(0.846666666667,-19.05,0.));
#5411 = LINE('',#5412,#5413);
#5412 = CARTESIAN_POINT('',(-1.27,-19.05,0.));
#5413 = VECTOR('',#5414,1.);
#5414 = DIRECTION('',(1.,-1.110223024625E-16,0.));
#5415 = ORIENTED_EDGE('',*,*,#5416,.T.);
#5416 = EDGE_CURVE('',#5409,#5417,#5419,.T.);
#5417 = VERTEX_POINT('',#5418);
#5418 = CARTESIAN_POINT('',(0.846666666667,-19.05,0.2));
#5419 = LINE('',#5420,#5421);
#5420 = CARTESIAN_POINT('',(0.846666666667,-19.05,0.));
#5421 = VECTOR('',#5422,1.);
#5422 = DIRECTION('',(0.,0.,1.));
#5423 = ORIENTED_EDGE('',*,*,#5424,.F.);
#5424 = EDGE_CURVE('',#5425,#5417,#5427,.T.);
#5425 = VERTEX_POINT('',#5426);
#5426 = CARTESIAN_POINT('',(-0.846666666667,-19.05,0.2));
#5427 = LINE('',#5428,#5429);
#5428 = CARTESIAN_POINT('',(-0.846666666667,-19.05,0.2));
#5429 = VECTOR('',#5430,1.);
#5430 = DIRECTION('',(1.,-1.110223024625E-16,0.));
#5431 = ORIENTED_EDGE('',*,*,#5432,.F.);
#5432 = EDGE_CURVE('',#5386,#5425,#5433,.T.);
#5433 = LINE('',#5434,#5435);
#5434 = CARTESIAN_POINT('',(-0.846666666667,-19.05,0.));
#5435 = VECTOR('',#5436,1.);
#5436 = DIRECTION('',(0.,0.,1.));
#5437 = PLANE('',#5438);
#5438 = AXIS2_PLACEMENT_3D('',#5439,#5440,#5441);
#5439 = CARTESIAN_POINT('',(-1.27,-19.05,0.));
#5440 = DIRECTION('',(1.110223024625E-16,1.,0.));
#5441 = DIRECTION('',(1.,-1.110223024625E-16,0.));
#5442 = ADVANCED_FACE('',(#5443),#5500,.F.);
#5443 = FACE_BOUND('',#5444,.F.);
#5444 = EDGE_LOOP('',(#5445,#5453,#5454,#5462,#5470,#5478,#5486,#5494));
#5445 = ORIENTED_EDGE('',*,*,#5446,.F.);
#5446 = EDGE_CURVE('',#5362,#5447,#5449,.T.);
#5447 = VERTEX_POINT('',#5448);
#5448 = CARTESIAN_POINT('',(0.846666666667,1.27,0.));
#5449 = LINE('',#5450,#5451);
#5450 = CARTESIAN_POINT('',(1.27,1.27,0.));
#5451 = VECTOR('',#5452,1.);
#5452 = DIRECTION('',(-1.,1.110223024625E-16,0.));
#5453 = ORIENTED_EDGE('',*,*,#5361,.T.);
#5454 = ORIENTED_EDGE('',*,*,#5455,.T.);
#5455 = EDGE_CURVE('',#5354,#5456,#5458,.T.);
#5456 = VERTEX_POINT('',#5457);
#5457 = CARTESIAN_POINT('',(-1.27,1.27,8.5));
#5458 = LINE('',#5459,#5460);
#5459 = CARTESIAN_POINT('',(1.27,1.27,8.5));
#5460 = VECTOR('',#5461,1.);
#5461 = DIRECTION('',(-1.,1.110223024625E-16,0.));
#5462 = ORIENTED_EDGE('',*,*,#5463,.F.);
#5463 = EDGE_CURVE('',#5464,#5456,#5466,.T.);
#5464 = VERTEX_POINT('',#5465);
#5465 = CARTESIAN_POINT('',(-1.27,1.27,0.));
#5466 = LINE('',#5467,#5468);
#5467 = CARTESIAN_POINT('',(-1.27,1.27,0.));
#5468 = VECTOR('',#5469,1.);
#5469 = DIRECTION('',(0.,0.,1.));
#5470 = ORIENTED_EDGE('',*,*,#5471,.F.);
#5471 = EDGE_CURVE('',#5472,#5464,#5474,.T.);
#5472 = VERTEX_POINT('',#5473);
#5473 = CARTESIAN_POINT('',(-0.846666666667,1.27,0.));
#5474 = LINE('',#5475,#5476);
#5475 = CARTESIAN_POINT('',(1.27,1.27,0.));
#5476 = VECTOR('',#5477,1.);
#5477 = DIRECTION('',(-1.,1.110223024625E-16,0.));
#5478 = ORIENTED_EDGE('',*,*,#5479,.T.);
#5479 = EDGE_CURVE('',#5472,#5480,#5482,.T.);
#5480 = VERTEX_POINT('',#5481);
#5481 = CARTESIAN_POINT('',(-0.846666666667,1.27,0.2));
#5482 = LINE('',#5483,#5484);
#5483 = CARTESIAN_POINT('',(-0.846666666667,1.27,0.));
#5484 = VECTOR('',#5485,1.);
#5485 = DIRECTION('',(0.,0.,1.));
#5486 = ORIENTED_EDGE('',*,*,#5487,.F.);
#5487 = EDGE_CURVE('',#5488,#5480,#5490,.T.);
#5488 = VERTEX_POINT('',#5489);
#5489 = CARTESIAN_POINT('',(0.846666666667,1.27,0.2));
#5490 = LINE('',#5491,#5492);
#5491 = CARTESIAN_POINT('',(0.846666666667,1.27,0.2));
#5492 = VECTOR('',#5493,1.);
#5493 = DIRECTION('',(-1.,1.110223024625E-16,0.));
#5494 = ORIENTED_EDGE('',*,*,#5495,.F.);
#5495 = EDGE_CURVE('',#5447,#5488,#5496,.T.);
#5496 = LINE('',#5497,#5498);
#5497 = CARTESIAN_POINT('',(0.846666666667,1.27,0.));
#5498 = VECTOR('',#5499,1.);
#5499 = DIRECTION('',(0.,0.,1.));
#5500 = PLANE('',#5501);
#5501 = AXIS2_PLACEMENT_3D('',#5502,#5503,#5504);
#5502 = CARTESIAN_POINT('',(1.27,1.27,0.));
#5503 = DIRECTION('',(-1.110223024625E-16,-1.,0.));
#5504 = DIRECTION('',(-1.,1.110223024625E-16,0.));
#5505 = ADVANCED_FACE('',(#5506),#5517,.F.);
#5506 = FACE_BOUND('',#5507,.F.);
#5507 = EDGE_LOOP('',(#5508,#5509,#5510,#5511));
#5508 = ORIENTED_EDGE('',*,*,#5408,.T.);
#5509 = ORIENTED_EDGE('',*,*,#5369,.T.);
#5510 = ORIENTED_EDGE('',*,*,#5446,.T.);
#5511 = ORIENTED_EDGE('',*,*,#5512,.F.);
#5512 = EDGE_CURVE('',#5409,#5447,#5513,.T.);
#5513 = LINE('',#5514,#5515);
#5514 = CARTESIAN_POINT('',(0.846666666667,-19.05,0.));
#5515 = VECTOR('',#5516,1.);
#5516 = DIRECTION('',(1.110223024625E-16,1.,0.));
#5517 = PLANE('',#5518);
#5518 = AXIS2_PLACEMENT_3D('',#5519,#5520,#5521);
#5519 = CARTESIAN_POINT('',(-9.592326932761E-16,-8.89,0.));
#5520 = DIRECTION('',(0.,0.,1.));
#5521 = DIRECTION('',(1.110223024625E-16,1.,-0.));
#5522 = ADVANCED_FACE('',(#5523,#5534,#5568,#5602,#5636,#5670,#5704,
    #5738,#5772),#5806,.T.);
#5523 = FACE_BOUND('',#5524,.T.);
#5524 = EDGE_LOOP('',(#5525,#5526,#5527,#5533));
#5525 = ORIENTED_EDGE('',*,*,#5353,.T.);
#5526 = ORIENTED_EDGE('',*,*,#5455,.T.);
#5527 = ORIENTED_EDGE('',*,*,#5528,.T.);
#5528 = EDGE_CURVE('',#5456,#5394,#5529,.T.);
#5529 = LINE('',#5530,#5531);
#5530 = CARTESIAN_POINT('',(-1.27,1.27,8.5));
#5531 = VECTOR('',#5532,1.);
#5532 = DIRECTION('',(-1.110223024625E-16,-1.,0.));
#5533 = ORIENTED_EDGE('',*,*,#5401,.T.);
#5534 = FACE_BOUND('',#5535,.T.);
#5535 = EDGE_LOOP('',(#5536,#5546,#5554,#5562));
#5536 = ORIENTED_EDGE('',*,*,#5537,.F.);
#5537 = EDGE_CURVE('',#5538,#5540,#5542,.T.);
#5538 = VERTEX_POINT('',#5539);
#5539 = CARTESIAN_POINT('',(0.6,-18.38,8.5));
#5540 = VERTEX_POINT('',#5541);
#5541 = CARTESIAN_POINT('',(0.6,-17.18,8.5));
#5542 = LINE('',#5543,#5544);
#5543 = CARTESIAN_POINT('',(0.6,-18.38,8.5));
#5544 = VECTOR('',#5545,1.);
#5545 = DIRECTION('',(1.110223024625E-16,1.,0.));
#5546 = ORIENTED_EDGE('',*,*,#5547,.F.);
#5547 = EDGE_CURVE('',#5548,#5538,#5550,.T.);
#5548 = VERTEX_POINT('',#5549);
#5549 = CARTESIAN_POINT('',(-0.6,-18.38,8.5));
#5550 = LINE('',#5551,#5552);
#5551 = CARTESIAN_POINT('',(-0.6,-18.38,8.5));
#5552 = VECTOR('',#5553,1.);
#5553 = DIRECTION('',(1.,-1.110223024625E-16,0.));
#5554 = ORIENTED_EDGE('',*,*,#5555,.F.);
#5555 = EDGE_CURVE('',#5556,#5548,#5558,.T.);
#5556 = VERTEX_POINT('',#5557);
#5557 = CARTESIAN_POINT('',(-0.6,-17.18,8.5));
#5558 = LINE('',#5559,#5560);
#5559 = CARTESIAN_POINT('',(-0.6,-17.18,8.5));
#5560 = VECTOR('',#5561,1.);
#5561 = DIRECTION('',(-1.110223024625E-16,-1.,0.));
#5562 = ORIENTED_EDGE('',*,*,#5563,.F.);
#5563 = EDGE_CURVE('',#5540,#5556,#5564,.T.);
#5564 = LINE('',#5565,#5566);
#5565 = CARTESIAN_POINT('',(0.6,-17.18,8.5));
#5566 = VECTOR('',#5567,1.);
#5567 = DIRECTION('',(-1.,1.110223024625E-16,0.));
#5568 = FACE_BOUND('',#5569,.T.);
#5569 = EDGE_LOOP('',(#5570,#5580,#5588,#5596));
#5570 = ORIENTED_EDGE('',*,*,#5571,.F.);
#5571 = EDGE_CURVE('',#5572,#5574,#5576,.T.);
#5572 = VERTEX_POINT('',#5573);
#5573 = CARTESIAN_POINT('',(0.6,-15.84,8.5));
#5574 = VERTEX_POINT('',#5575);
#5575 = CARTESIAN_POINT('',(0.6,-14.64,8.5));
#5576 = LINE('',#5577,#5578);
#5577 = CARTESIAN_POINT('',(0.6,-15.84,8.5));
#5578 = VECTOR('',#5579,1.);
#5579 = DIRECTION('',(1.110223024625E-16,1.,0.));
#5580 = ORIENTED_EDGE('',*,*,#5581,.F.);
#5581 = EDGE_CURVE('',#5582,#5572,#5584,.T.);
#5582 = VERTEX_POINT('',#5583);
#5583 = CARTESIAN_POINT('',(-0.6,-15.84,8.5));
#5584 = LINE('',#5585,#5586);
#5585 = CARTESIAN_POINT('',(-0.6,-15.84,8.5));
#5586 = VECTOR('',#5587,1.);
#5587 = DIRECTION('',(1.,-1.110223024625E-16,0.));
#5588 = ORIENTED_EDGE('',*,*,#5589,.F.);
#5589 = EDGE_CURVE('',#5590,#5582,#5592,.T.);
#5590 = VERTEX_POINT('',#5591);
#5591 = CARTESIAN_POINT('',(-0.6,-14.64,8.5));
#5592 = LINE('',#5593,#5594);
#5593 = CARTESIAN_POINT('',(-0.6,-14.64,8.5));
#5594 = VECTOR('',#5595,1.);
#5595 = DIRECTION('',(-1.110223024625E-16,-1.,0.));
#5596 = ORIENTED_EDGE('',*,*,#5597,.F.);
#5597 = EDGE_CURVE('',#5574,#5590,#5598,.T.);
#5598 = LINE('',#5599,#5600);
#5599 = CARTESIAN_POINT('',(0.6,-14.64,8.5));
#5600 = VECTOR('',#5601,1.);
#5601 = DIRECTION('',(-1.,1.110223024625E-16,0.));
#5602 = FACE_BOUND('',#5603,.T.);
#5603 = EDGE_LOOP('',(#5604,#5614,#5622,#5630));
#5604 = ORIENTED_EDGE('',*,*,#5605,.F.);
#5605 = EDGE_CURVE('',#5606,#5608,#5610,.T.);
#5606 = VERTEX_POINT('',#5607);
#5607 = CARTESIAN_POINT('',(0.6,-13.3,8.5));
#5608 = VERTEX_POINT('',#5609);
#5609 = CARTESIAN_POINT('',(0.6,-12.1,8.5));
#5610 = LINE('',#5611,#5612);
#5611 = CARTESIAN_POINT('',(0.6,-13.3,8.5));
#5612 = VECTOR('',#5613,1.);
#5613 = DIRECTION('',(1.110223024625E-16,1.,0.));
#5614 = ORIENTED_EDGE('',*,*,#5615,.F.);
#5615 = EDGE_CURVE('',#5616,#5606,#5618,.T.);
#5616 = VERTEX_POINT('',#5617);
#5617 = CARTESIAN_POINT('',(-0.6,-13.3,8.5));
#5618 = LINE('',#5619,#5620);
#5619 = CARTESIAN_POINT('',(-0.6,-13.3,8.5));
#5620 = VECTOR('',#5621,1.);
#5621 = DIRECTION('',(1.,-1.110223024625E-16,0.));
#5622 = ORIENTED_EDGE('',*,*,#5623,.F.);
#5623 = EDGE_CURVE('',#5624,#5616,#5626,.T.);
#5624 = VERTEX_POINT('',#5625);
#5625 = CARTESIAN_POINT('',(-0.6,-12.1,8.5));
#5626 = LINE('',#5627,#5628);
#5627 = CARTESIAN_POINT('',(-0.6,-12.1,8.5));
#5628 = VECTOR('',#5629,1.);
#5629 = DIRECTION('',(-1.110223024625E-16,-1.,0.));
#5630 = ORIENTED_EDGE('',*,*,#5631,.F.);
#5631 = EDGE_CURVE('',#5608,#5624,#5632,.T.);
#5632 = LINE('',#5633,#5634);
#5633 = CARTESIAN_POINT('',(0.6,-12.1,8.5));
#5634 = VECTOR('',#5635,1.);
#5635 = DIRECTION('',(-1.,1.110223024625E-16,0.));
#5636 = FACE_BOUND('',#5637,.T.);
#5637 = EDGE_LOOP('',(#5638,#5648,#5656,#5664));
#5638 = ORIENTED_EDGE('',*,*,#5639,.F.);
#5639 = EDGE_CURVE('',#5640,#5642,#5644,.T.);
#5640 = VERTEX_POINT('',#5641);
#5641 = CARTESIAN_POINT('',(0.6,-10.76,8.5));
#5642 = VERTEX_POINT('',#5643);
#5643 = CARTESIAN_POINT('',(0.6,-9.56,8.5));
#5644 = LINE('',#5645,#5646);
#5645 = CARTESIAN_POINT('',(0.6,-10.76,8.5));
#5646 = VECTOR('',#5647,1.);
#5647 = DIRECTION('',(1.110223024625E-16,1.,0.));
#5648 = ORIENTED_EDGE('',*,*,#5649,.F.);
#5649 = EDGE_CURVE('',#5650,#5640,#5652,.T.);
#5650 = VERTEX_POINT('',#5651);
#5651 = CARTESIAN_POINT('',(-0.6,-10.76,8.5));
#5652 = LINE('',#5653,#5654);
#5653 = CARTESIAN_POINT('',(-0.6,-10.76,8.5));
#5654 = VECTOR('',#5655,1.);
#5655 = DIRECTION('',(1.,-1.110223024625E-16,0.));
#5656 = ORIENTED_EDGE('',*,*,#5657,.F.);
#5657 = EDGE_CURVE('',#5658,#5650,#5660,.T.);
#5658 = VERTEX_POINT('',#5659);
#5659 = CARTESIAN_POINT('',(-0.6,-9.56,8.5));
#5660 = LINE('',#5661,#5662);
#5661 = CARTESIAN_POINT('',(-0.6,-9.56,8.5));
#5662 = VECTOR('',#5663,1.);
#5663 = DIRECTION('',(-1.110223024625E-16,-1.,0.));
#5664 = ORIENTED_EDGE('',*,*,#5665,.F.);
#5665 = EDGE_CURVE('',#5642,#5658,#5666,.T.);
#5666 = LINE('',#5667,#5668);
#5667 = CARTESIAN_POINT('',(0.6,-9.56,8.5));
#5668 = VECTOR('',#5669,1.);
#5669 = DIRECTION('',(-1.,1.110223024625E-16,0.));
#5670 = FACE_BOUND('',#5671,.T.);
#5671 = EDGE_LOOP('',(#5672,#5682,#5690,#5698));
#5672 = ORIENTED_EDGE('',*,*,#5673,.F.);
#5673 = EDGE_CURVE('',#5674,#5676,#5678,.T.);
#5674 = VERTEX_POINT('',#5675);
#5675 = CARTESIAN_POINT('',(0.6,-8.22,8.5));
#5676 = VERTEX_POINT('',#5677);
#5677 = CARTESIAN_POINT('',(0.6,-7.02,8.5));
#5678 = LINE('',#5679,#5680);
#5679 = CARTESIAN_POINT('',(0.6,-8.22,8.5));
#5680 = VECTOR('',#5681,1.);
#5681 = DIRECTION('',(1.110223024625E-16,1.,0.));
#5682 = ORIENTED_EDGE('',*,*,#5683,.F.);
#5683 = EDGE_CURVE('',#5684,#5674,#5686,.T.);
#5684 = VERTEX_POINT('',#5685);
#5685 = CARTESIAN_POINT('',(-0.6,-8.22,8.5));
#5686 = LINE('',#5687,#5688);
#5687 = CARTESIAN_POINT('',(-0.6,-8.22,8.5));
#5688 = VECTOR('',#5689,1.);
#5689 = DIRECTION('',(1.,-1.110223024625E-16,0.));
#5690 = ORIENTED_EDGE('',*,*,#5691,.F.);
#5691 = EDGE_CURVE('',#5692,#5684,#5694,.T.);
#5692 = VERTEX_POINT('',#5693);
#5693 = CARTESIAN_POINT('',(-0.6,-7.02,8.5));
#5694 = LINE('',#5695,#5696);
#5695 = CARTESIAN_POINT('',(-0.6,-7.02,8.5));
#5696 = VECTOR('',#5697,1.);
#5697 = DIRECTION('',(-1.110223024625E-16,-1.,0.));
#5698 = ORIENTED_EDGE('',*,*,#5699,.F.);
#5699 = EDGE_CURVE('',#5676,#5692,#5700,.T.);
#5700 = LINE('',#5701,#5702);
#5701 = CARTESIAN_POINT('',(0.6,-7.02,8.5));
#5702 = VECTOR('',#5703,1.);
#5703 = DIRECTION('',(-1.,1.110223024625E-16,0.));
#5704 = FACE_BOUND('',#5705,.T.);
#5705 = EDGE_LOOP('',(#5706,#5716,#5724,#5732));
#5706 = ORIENTED_EDGE('',*,*,#5707,.F.);
#5707 = EDGE_CURVE('',#5708,#5710,#5712,.T.);
#5708 = VERTEX_POINT('',#5709);
#5709 = CARTESIAN_POINT('',(0.6,-5.68,8.5));
#5710 = VERTEX_POINT('',#5711);
#5711 = CARTESIAN_POINT('',(0.6,-4.48,8.5));
#5712 = LINE('',#5713,#5714);
#5713 = CARTESIAN_POINT('',(0.6,-5.68,8.5));
#5714 = VECTOR('',#5715,1.);
#5715 = DIRECTION('',(1.110223024625E-16,1.,0.));
#5716 = ORIENTED_EDGE('',*,*,#5717,.F.);
#5717 = EDGE_CURVE('',#5718,#5708,#5720,.T.);
#5718 = VERTEX_POINT('',#5719);
#5719 = CARTESIAN_POINT('',(-0.6,-5.68,8.5));
#5720 = LINE('',#5721,#5722);
#5721 = CARTESIAN_POINT('',(-0.6,-5.68,8.5));
#5722 = VECTOR('',#5723,1.);
#5723 = DIRECTION('',(1.,-1.110223024625E-16,0.));
#5724 = ORIENTED_EDGE('',*,*,#5725,.F.);
#5725 = EDGE_CURVE('',#5726,#5718,#5728,.T.);
#5726 = VERTEX_POINT('',#5727);
#5727 = CARTESIAN_POINT('',(-0.6,-4.48,8.5));
#5728 = LINE('',#5729,#5730);
#5729 = CARTESIAN_POINT('',(-0.6,-4.48,8.5));
#5730 = VECTOR('',#5731,1.);
#5731 = DIRECTION('',(-1.110223024625E-16,-1.,0.));
#5732 = ORIENTED_EDGE('',*,*,#5733,.F.);
#5733 = EDGE_CURVE('',#5710,#5726,#5734,.T.);
#5734 = LINE('',#5735,#5736);
#5735 = CARTESIAN_POINT('',(0.6,-4.48,8.5));
#5736 = VECTOR('',#5737,1.);
#5737 = DIRECTION('',(-1.,1.110223024625E-16,0.));
#5738 = FACE_BOUND('',#5739,.T.);
#5739 = EDGE_LOOP('',(#5740,#5750,#5758,#5766));
#5740 = ORIENTED_EDGE('',*,*,#5741,.F.);
#5741 = EDGE_CURVE('',#5742,#5744,#5746,.T.);
#5742 = VERTEX_POINT('',#5743);
#5743 = CARTESIAN_POINT('',(0.6,-3.14,8.5));
#5744 = VERTEX_POINT('',#5745);
#5745 = CARTESIAN_POINT('',(0.6,-1.94,8.5));
#5746 = LINE('',#5747,#5748);
#5747 = CARTESIAN_POINT('',(0.6,-3.14,8.5));
#5748 = VECTOR('',#5749,1.);
#5749 = DIRECTION('',(1.110223024625E-16,1.,0.));
#5750 = ORIENTED_EDGE('',*,*,#5751,.F.);
#5751 = EDGE_CURVE('',#5752,#5742,#5754,.T.);
#5752 = VERTEX_POINT('',#5753);
#5753 = CARTESIAN_POINT('',(-0.6,-3.14,8.5));
#5754 = LINE('',#5755,#5756);
#5755 = CARTESIAN_POINT('',(-0.6,-3.14,8.5));
#5756 = VECTOR('',#5757,1.);
#5757 = DIRECTION('',(1.,-1.110223024625E-16,0.));
#5758 = ORIENTED_EDGE('',*,*,#5759,.F.);
#5759 = EDGE_CURVE('',#5760,#5752,#5762,.T.);
#5760 = VERTEX_POINT('',#5761);
#5761 = CARTESIAN_POINT('',(-0.6,-1.94,8.5));
#5762 = LINE('',#5763,#5764);
#5763 = CARTESIAN_POINT('',(-0.6,-1.94,8.5));
#5764 = VECTOR('',#5765,1.);
#5765 = DIRECTION('',(-1.110223024625E-16,-1.,0.));
#5766 = ORIENTED_EDGE('',*,*,#5767,.F.);
#5767 = EDGE_CURVE('',#5744,#5760,#5768,.T.);
#5768 = LINE('',#5769,#5770);
#5769 = CARTESIAN_POINT('',(0.6,-1.94,8.5));
#5770 = VECTOR('',#5771,1.);
#5771 = DIRECTION('',(-1.,1.110223024625E-16,0.));
#5772 = FACE_BOUND('',#5773,.T.);
#5773 = EDGE_LOOP('',(#5774,#5784,#5792,#5800));
#5774 = ORIENTED_EDGE('',*,*,#5775,.F.);
#5775 = EDGE_CURVE('',#5776,#5778,#5780,.T.);
#5776 = VERTEX_POINT('',#5777);
#5777 = CARTESIAN_POINT('',(0.6,-0.6,8.5));
#5778 = VERTEX_POINT('',#5779);
#5779 = CARTESIAN_POINT('',(0.6,0.6,8.5));
#5780 = LINE('',#5781,#5782);
#5781 = CARTESIAN_POINT('',(0.6,-0.6,8.5));
#5782 = VECTOR('',#5783,1.);
#5783 = DIRECTION('',(1.110223024625E-16,1.,0.));
#5784 = ORIENTED_EDGE('',*,*,#5785,.F.);
#5785 = EDGE_CURVE('',#5786,#5776,#5788,.T.);
#5786 = VERTEX_POINT('',#5787);
#5787 = CARTESIAN_POINT('',(-0.6,-0.6,8.5));
#5788 = LINE('',#5789,#5790);
#5789 = CARTESIAN_POINT('',(-0.6,-0.6,8.5));
#5790 = VECTOR('',#5791,1.);
#5791 = DIRECTION('',(1.,-1.110223024625E-16,0.));
#5792 = ORIENTED_EDGE('',*,*,#5793,.F.);
#5793 = EDGE_CURVE('',#5794,#5786,#5796,.T.);
#5794 = VERTEX_POINT('',#5795);
#5795 = CARTESIAN_POINT('',(-0.6,0.6,8.5));
#5796 = LINE('',#5797,#5798);
#5797 = CARTESIAN_POINT('',(-0.6,0.6,8.5));
#5798 = VECTOR('',#5799,1.);
#5799 = DIRECTION('',(-1.110223024625E-16,-1.,0.));
#5800 = ORIENTED_EDGE('',*,*,#5801,.F.);
#5801 = EDGE_CURVE('',#5778,#5794,#5802,.T.);
#5802 = LINE('',#5803,#5804);
#5803 = CARTESIAN_POINT('',(0.6,0.6,8.5));
#5804 = VECTOR('',#5805,1.);
#5805 = DIRECTION('',(-1.,1.110223024625E-16,0.));
#5806 = PLANE('',#5807);
#5807 = AXIS2_PLACEMENT_3D('',#5808,#5809,#5810);
#5808 = CARTESIAN_POINT('',(-9.592326932761E-16,-8.89,8.5));
#5809 = DIRECTION('',(0.,0.,1.));
#5810 = DIRECTION('',(1.110223024625E-16,1.,-0.));
#5811 = ADVANCED_FACE('',(#5812),#5828,.F.);
#5812 = FACE_BOUND('',#5813,.F.);
#5813 = EDGE_LOOP('',(#5814,#5815,#5821,#5822));
#5814 = ORIENTED_EDGE('',*,*,#5383,.T.);
#5815 = ORIENTED_EDGE('',*,*,#5816,.F.);
#5816 = EDGE_CURVE('',#5472,#5386,#5817,.T.);
#5817 = LINE('',#5818,#5819);
#5818 = CARTESIAN_POINT('',(-0.846666666667,1.27,0.));
#5819 = VECTOR('',#5820,1.);
#5820 = DIRECTION('',(-1.110223024625E-16,-1.,0.));
#5821 = ORIENTED_EDGE('',*,*,#5471,.T.);
#5822 = ORIENTED_EDGE('',*,*,#5823,.T.);
#5823 = EDGE_CURVE('',#5464,#5384,#5824,.T.);
#5824 = LINE('',#5825,#5826);
#5825 = CARTESIAN_POINT('',(-1.27,1.27,0.));
#5826 = VECTOR('',#5827,1.);
#5827 = DIRECTION('',(-1.110223024625E-16,-1.,0.));
#5828 = PLANE('',#5829);
#5829 = AXIS2_PLACEMENT_3D('',#5830,#5831,#5832);
#5830 = CARTESIAN_POINT('',(-9.592326932761E-16,-8.89,0.));
#5831 = DIRECTION('',(0.,0.,1.));
#5832 = DIRECTION('',(1.110223024625E-16,1.,-0.));
#5833 = ADVANCED_FACE('',(#5834),#5845,.T.);
#5834 = FACE_BOUND('',#5835,.T.);
#5835 = EDGE_LOOP('',(#5836,#5837,#5843,#5844));
#5836 = ORIENTED_EDGE('',*,*,#5479,.T.);
#5837 = ORIENTED_EDGE('',*,*,#5838,.T.);
#5838 = EDGE_CURVE('',#5480,#5425,#5839,.T.);
#5839 = LINE('',#5840,#5841);
#5840 = CARTESIAN_POINT('',(-0.846666666667,1.27,0.2));
#5841 = VECTOR('',#5842,1.);
#5842 = DIRECTION('',(-1.110223024625E-16,-1.,0.));
#5843 = ORIENTED_EDGE('',*,*,#5432,.F.);
#5844 = ORIENTED_EDGE('',*,*,#5816,.F.);
#5845 = PLANE('',#5846);
#5846 = AXIS2_PLACEMENT_3D('',#5847,#5848,#5849);
#5847 = CARTESIAN_POINT('',(-0.846666666667,1.27,0.));
#5848 = DIRECTION('',(1.,-1.110223024625E-16,0.));
#5849 = DIRECTION('',(-1.110223024625E-16,-1.,0.));
#5850 = ADVANCED_FACE('',(#5851,#5862,#5928,#5994,#6060,#6126,#6192,
    #6258,#6324),#6390,.F.);
#5851 = FACE_BOUND('',#5852,.F.);
#5852 = EDGE_LOOP('',(#5853,#5859,#5860,#5861));
#5853 = ORIENTED_EDGE('',*,*,#5854,.T.);
#5854 = EDGE_CURVE('',#5417,#5488,#5855,.T.);
#5855 = LINE('',#5856,#5857);
#5856 = CARTESIAN_POINT('',(0.846666666667,-19.05,0.2));
#5857 = VECTOR('',#5858,1.);
#5858 = DIRECTION('',(1.110223024625E-16,1.,0.));
#5859 = ORIENTED_EDGE('',*,*,#5487,.T.);
#5860 = ORIENTED_EDGE('',*,*,#5838,.T.);
#5861 = ORIENTED_EDGE('',*,*,#5424,.T.);
#5862 = FACE_BOUND('',#5863,.F.);
#5863 = EDGE_LOOP('',(#5864,#5874,#5882,#5890,#5898,#5906,#5914,#5922));
#5864 = ORIENTED_EDGE('',*,*,#5865,.F.);
#5865 = EDGE_CURVE('',#5866,#5868,#5870,.T.);
#5866 = VERTEX_POINT('',#5867);
#5867 = CARTESIAN_POINT('',(-0.1,-18.23,0.2));
#5868 = VERTEX_POINT('',#5869);
#5869 = CARTESIAN_POINT('',(0.1,-18.23,0.2));
#5870 = LINE('',#5871,#5872);
#5871 = CARTESIAN_POINT('',(-0.1,-18.23,0.2));
#5872 = VECTOR('',#5873,1.);
#5873 = DIRECTION('',(1.,-1.110223024625E-16,0.));
#5874 = ORIENTED_EDGE('',*,*,#5875,.T.);
#5875 = EDGE_CURVE('',#5866,#5876,#5878,.T.);
#5876 = VERTEX_POINT('',#5877);
#5877 = CARTESIAN_POINT('',(-0.1,-18.08,0.2));
#5878 = LINE('',#5879,#5880);
#5879 = CARTESIAN_POINT('',(-0.1,-18.23,0.2));
#5880 = VECTOR('',#5881,1.);
#5881 = DIRECTION('',(1.110223024625E-16,1.,0.));
#5882 = ORIENTED_EDGE('',*,*,#5883,.F.);
#5883 = EDGE_CURVE('',#5884,#5876,#5886,.T.);
#5884 = VERTEX_POINT('',#5885);
#5885 = CARTESIAN_POINT('',(-0.1,-17.48,0.2));
#5886 = LINE('',#5887,#5888);
#5887 = CARTESIAN_POINT('',(-0.1,-13.335,0.2));
#5888 = VECTOR('',#5889,1.);
#5889 = DIRECTION('',(-1.110223024625E-16,-1.,0.));
#5890 = ORIENTED_EDGE('',*,*,#5891,.T.);
#5891 = EDGE_CURVE('',#5884,#5892,#5894,.T.);
#5892 = VERTEX_POINT('',#5893);
#5893 = CARTESIAN_POINT('',(-0.1,-17.33,0.2));
#5894 = LINE('',#5895,#5896);
#5895 = CARTESIAN_POINT('',(-0.1,-18.23,0.2));
#5896 = VECTOR('',#5897,1.);
#5897 = DIRECTION('',(1.110223024625E-16,1.,0.));
#5898 = ORIENTED_EDGE('',*,*,#5899,.T.);
#5899 = EDGE_CURVE('',#5892,#5900,#5902,.T.);
#5900 = VERTEX_POINT('',#5901);
#5901 = CARTESIAN_POINT('',(0.1,-17.33,0.2));
#5902 = LINE('',#5903,#5904);
#5903 = CARTESIAN_POINT('',(-0.1,-17.33,0.2));
#5904 = VECTOR('',#5905,1.);
#5905 = DIRECTION('',(1.,-1.110223024625E-16,0.));
#5906 = ORIENTED_EDGE('',*,*,#5907,.T.);
#5907 = EDGE_CURVE('',#5900,#5908,#5910,.T.);
#5908 = VERTEX_POINT('',#5909);
#5909 = CARTESIAN_POINT('',(0.1,-17.48,0.2));
#5910 = LINE('',#5911,#5912);
#5911 = CARTESIAN_POINT('',(0.1,-17.33,0.2));
#5912 = VECTOR('',#5913,1.);
#5913 = DIRECTION('',(-1.110223024625E-16,-1.,0.));
#5914 = ORIENTED_EDGE('',*,*,#5915,.T.);
#5915 = EDGE_CURVE('',#5908,#5916,#5918,.T.);
#5916 = VERTEX_POINT('',#5917);
#5917 = CARTESIAN_POINT('',(0.1,-18.08,0.2));
#5918 = LINE('',#5919,#5920);
#5919 = CARTESIAN_POINT('',(0.1,-13.335,0.2));
#5920 = VECTOR('',#5921,1.);
#5921 = DIRECTION('',(-1.110223024625E-16,-1.,0.));
#5922 = ORIENTED_EDGE('',*,*,#5923,.T.);
#5923 = EDGE_CURVE('',#5916,#5868,#5924,.T.);
#5924 = LINE('',#5925,#5926);
#5925 = CARTESIAN_POINT('',(0.1,-17.33,0.2));
#5926 = VECTOR('',#5927,1.);
#5927 = DIRECTION('',(-1.110223024625E-16,-1.,0.));
#5928 = FACE_BOUND('',#5929,.F.);
#5929 = EDGE_LOOP('',(#5930,#5940,#5948,#5956,#5964,#5972,#5980,#5988));
#5930 = ORIENTED_EDGE('',*,*,#5931,.F.);
#5931 = EDGE_CURVE('',#5932,#5934,#5936,.T.);
#5932 = VERTEX_POINT('',#5933);
#5933 = CARTESIAN_POINT('',(-0.1,-15.69,0.2));
#5934 = VERTEX_POINT('',#5935);
#5935 = CARTESIAN_POINT('',(0.1,-15.69,0.2));
#5936 = LINE('',#5937,#5938);
#5937 = CARTESIAN_POINT('',(-0.1,-15.69,0.2));
#5938 = VECTOR('',#5939,1.);
#5939 = DIRECTION('',(1.,-1.110223024625E-16,0.));
#5940 = ORIENTED_EDGE('',*,*,#5941,.T.);
#5941 = EDGE_CURVE('',#5932,#5942,#5944,.T.);
#5942 = VERTEX_POINT('',#5943);
#5943 = CARTESIAN_POINT('',(-0.1,-15.54,0.2));
#5944 = LINE('',#5945,#5946);
#5945 = CARTESIAN_POINT('',(-0.1,-15.69,0.2));
#5946 = VECTOR('',#5947,1.);
#5947 = DIRECTION('',(1.110223024625E-16,1.,0.));
#5948 = ORIENTED_EDGE('',*,*,#5949,.F.);
#5949 = EDGE_CURVE('',#5950,#5942,#5952,.T.);
#5950 = VERTEX_POINT('',#5951);
#5951 = CARTESIAN_POINT('',(-0.1,-14.94,0.2));
#5952 = LINE('',#5953,#5954);
#5953 = CARTESIAN_POINT('',(-0.1,-12.065,0.2));
#5954 = VECTOR('',#5955,1.);
#5955 = DIRECTION('',(-1.110223024625E-16,-1.,0.));
#5956 = ORIENTED_EDGE('',*,*,#5957,.T.);
#5957 = EDGE_CURVE('',#5950,#5958,#5960,.T.);
#5958 = VERTEX_POINT('',#5959);
#5959 = CARTESIAN_POINT('',(-0.1,-14.79,0.2));
#5960 = LINE('',#5961,#5962);
#5961 = CARTESIAN_POINT('',(-0.1,-15.69,0.2));
#5962 = VECTOR('',#5963,1.);
#5963 = DIRECTION('',(1.110223024625E-16,1.,0.));
#5964 = ORIENTED_EDGE('',*,*,#5965,.T.);
#5965 = EDGE_CURVE('',#5958,#5966,#5968,.T.);
#5966 = VERTEX_POINT('',#5967);
#5967 = CARTESIAN_POINT('',(0.1,-14.79,0.2));
#5968 = LINE('',#5969,#5970);
#5969 = CARTESIAN_POINT('',(-0.1,-14.79,0.2));
#5970 = VECTOR('',#5971,1.);
#5971 = DIRECTION('',(1.,-1.110223024625E-16,0.));
#5972 = ORIENTED_EDGE('',*,*,#5973,.T.);
#5973 = EDGE_CURVE('',#5966,#5974,#5976,.T.);
#5974 = VERTEX_POINT('',#5975);
#5975 = CARTESIAN_POINT('',(0.1,-14.94,0.2));
#5976 = LINE('',#5977,#5978);
#5977 = CARTESIAN_POINT('',(0.1,-14.79,0.2));
#5978 = VECTOR('',#5979,1.);
#5979 = DIRECTION('',(-1.110223024625E-16,-1.,0.));
#5980 = ORIENTED_EDGE('',*,*,#5981,.T.);
#5981 = EDGE_CURVE('',#5974,#5982,#5984,.T.);
#5982 = VERTEX_POINT('',#5983);
#5983 = CARTESIAN_POINT('',(0.1,-15.54,0.2));
#5984 = LINE('',#5985,#5986);
#5985 = CARTESIAN_POINT('',(0.1,-12.065,0.2));
#5986 = VECTOR('',#5987,1.);
#5987 = DIRECTION('',(-1.110223024625E-16,-1.,0.));
#5988 = ORIENTED_EDGE('',*,*,#5989,.T.);
#5989 = EDGE_CURVE('',#5982,#5934,#5990,.T.);
#5990 = LINE('',#5991,#5992);
#5991 = CARTESIAN_POINT('',(0.1,-14.79,0.2));
#5992 = VECTOR('',#5993,1.);
#5993 = DIRECTION('',(-1.110223024625E-16,-1.,0.));
#5994 = FACE_BOUND('',#5995,.F.);
#5995 = EDGE_LOOP('',(#5996,#6006,#6014,#6022,#6030,#6038,#6046,#6054));
#5996 = ORIENTED_EDGE('',*,*,#5997,.F.);
#5997 = EDGE_CURVE('',#5998,#6000,#6002,.T.);
#5998 = VERTEX_POINT('',#5999);
#5999 = CARTESIAN_POINT('',(-0.1,-13.15,0.2));
#6000 = VERTEX_POINT('',#6001);
#6001 = CARTESIAN_POINT('',(0.1,-13.15,0.2));
#6002 = LINE('',#6003,#6004);
#6003 = CARTESIAN_POINT('',(-0.1,-13.15,0.2));
#6004 = VECTOR('',#6005,1.);
#6005 = DIRECTION('',(1.,-1.110223024625E-16,0.));
#6006 = ORIENTED_EDGE('',*,*,#6007,.T.);
#6007 = EDGE_CURVE('',#5998,#6008,#6010,.T.);
#6008 = VERTEX_POINT('',#6009);
#6009 = CARTESIAN_POINT('',(-0.1,-13.,0.2));
#6010 = LINE('',#6011,#6012);
#6011 = CARTESIAN_POINT('',(-0.1,-13.15,0.2));
#6012 = VECTOR('',#6013,1.);
#6013 = DIRECTION('',(1.110223024625E-16,1.,0.));
#6014 = ORIENTED_EDGE('',*,*,#6015,.F.);
#6015 = EDGE_CURVE('',#6016,#6008,#6018,.T.);
#6016 = VERTEX_POINT('',#6017);
#6017 = CARTESIAN_POINT('',(-0.1,-12.4,0.2));
#6018 = LINE('',#6019,#6020);
#6019 = CARTESIAN_POINT('',(-0.1,-10.795,0.2));
#6020 = VECTOR('',#6021,1.);
#6021 = DIRECTION('',(-1.110223024625E-16,-1.,0.));
#6022 = ORIENTED_EDGE('',*,*,#6023,.T.);
#6023 = EDGE_CURVE('',#6016,#6024,#6026,.T.);
#6024 = VERTEX_POINT('',#6025);
#6025 = CARTESIAN_POINT('',(-0.1,-12.25,0.2));
#6026 = LINE('',#6027,#6028);
#6027 = CARTESIAN_POINT('',(-0.1,-13.15,0.2));
#6028 = VECTOR('',#6029,1.);
#6029 = DIRECTION('',(1.110223024625E-16,1.,0.));
#6030 = ORIENTED_EDGE('',*,*,#6031,.T.);
#6031 = EDGE_CURVE('',#6024,#6032,#6034,.T.);
#6032 = VERTEX_POINT('',#6033);
#6033 = CARTESIAN_POINT('',(0.1,-12.25,0.2));
#6034 = LINE('',#6035,#6036);
#6035 = CARTESIAN_POINT('',(-0.1,-12.25,0.2));
#6036 = VECTOR('',#6037,1.);
#6037 = DIRECTION('',(1.,-1.110223024625E-16,0.));
#6038 = ORIENTED_EDGE('',*,*,#6039,.T.);
#6039 = EDGE_CURVE('',#6032,#6040,#6042,.T.);
#6040 = VERTEX_POINT('',#6041);
#6041 = CARTESIAN_POINT('',(0.1,-12.4,0.2));
#6042 = LINE('',#6043,#6044);
#6043 = CARTESIAN_POINT('',(0.1,-12.25,0.2));
#6044 = VECTOR('',#6045,1.);
#6045 = DIRECTION('',(-1.110223024625E-16,-1.,0.));
#6046 = ORIENTED_EDGE('',*,*,#6047,.T.);
#6047 = EDGE_CURVE('',#6040,#6048,#6050,.T.);
#6048 = VERTEX_POINT('',#6049);
#6049 = CARTESIAN_POINT('',(0.1,-13.,0.2));
#6050 = LINE('',#6051,#6052);
#6051 = CARTESIAN_POINT('',(0.1,-10.795,0.2));
#6052 = VECTOR('',#6053,1.);
#6053 = DIRECTION('',(-1.110223024625E-16,-1.,0.));
#6054 = ORIENTED_EDGE('',*,*,#6055,.T.);
#6055 = EDGE_CURVE('',#6048,#6000,#6056,.T.);
#6056 = LINE('',#6057,#6058);
#6057 = CARTESIAN_POINT('',(0.1,-12.25,0.2));
#6058 = VECTOR('',#6059,1.);
#6059 = DIRECTION('',(-1.110223024625E-16,-1.,0.));
#6060 = FACE_BOUND('',#6061,.F.);
#6061 = EDGE_LOOP('',(#6062,#6072,#6080,#6088,#6096,#6104,#6112,#6120));
#6062 = ORIENTED_EDGE('',*,*,#6063,.F.);
#6063 = EDGE_CURVE('',#6064,#6066,#6068,.T.);
#6064 = VERTEX_POINT('',#6065);
#6065 = CARTESIAN_POINT('',(-0.1,-10.61,0.2));
#6066 = VERTEX_POINT('',#6067);
#6067 = CARTESIAN_POINT('',(0.1,-10.61,0.2));
#6068 = LINE('',#6069,#6070);
#6069 = CARTESIAN_POINT('',(-0.1,-10.61,0.2));
#6070 = VECTOR('',#6071,1.);
#6071 = DIRECTION('',(1.,-1.110223024625E-16,0.));
#6072 = ORIENTED_EDGE('',*,*,#6073,.T.);
#6073 = EDGE_CURVE('',#6064,#6074,#6076,.T.);
#6074 = VERTEX_POINT('',#6075);
#6075 = CARTESIAN_POINT('',(-0.1,-10.46,0.2));
#6076 = LINE('',#6077,#6078);
#6077 = CARTESIAN_POINT('',(-0.1,-10.61,0.2));
#6078 = VECTOR('',#6079,1.);
#6079 = DIRECTION('',(1.110223024625E-16,1.,0.));
#6080 = ORIENTED_EDGE('',*,*,#6081,.F.);
#6081 = EDGE_CURVE('',#6082,#6074,#6084,.T.);
#6082 = VERTEX_POINT('',#6083);
#6083 = CARTESIAN_POINT('',(-0.1,-9.86,0.2));
#6084 = LINE('',#6085,#6086);
#6085 = CARTESIAN_POINT('',(-0.1,-9.525,0.2));
#6086 = VECTOR('',#6087,1.);
#6087 = DIRECTION('',(-1.110223024625E-16,-1.,0.));
#6088 = ORIENTED_EDGE('',*,*,#6089,.T.);
#6089 = EDGE_CURVE('',#6082,#6090,#6092,.T.);
#6090 = VERTEX_POINT('',#6091);
#6091 = CARTESIAN_POINT('',(-0.1,-9.71,0.2));
#6092 = LINE('',#6093,#6094);
#6093 = CARTESIAN_POINT('',(-0.1,-10.61,0.2));
#6094 = VECTOR('',#6095,1.);
#6095 = DIRECTION('',(1.110223024625E-16,1.,0.));
#6096 = ORIENTED_EDGE('',*,*,#6097,.T.);
#6097 = EDGE_CURVE('',#6090,#6098,#6100,.T.);
#6098 = VERTEX_POINT('',#6099);
#6099 = CARTESIAN_POINT('',(0.1,-9.71,0.2));
#6100 = LINE('',#6101,#6102);
#6101 = CARTESIAN_POINT('',(-0.1,-9.71,0.2));
#6102 = VECTOR('',#6103,1.);
#6103 = DIRECTION('',(1.,-1.110223024625E-16,0.));
#6104 = ORIENTED_EDGE('',*,*,#6105,.T.);
#6105 = EDGE_CURVE('',#6098,#6106,#6108,.T.);
#6106 = VERTEX_POINT('',#6107);
#6107 = CARTESIAN_POINT('',(0.1,-9.86,0.2));
#6108 = LINE('',#6109,#6110);
#6109 = CARTESIAN_POINT('',(0.1,-9.71,0.2));
#6110 = VECTOR('',#6111,1.);
#6111 = DIRECTION('',(-1.110223024625E-16,-1.,0.));
#6112 = ORIENTED_EDGE('',*,*,#6113,.T.);
#6113 = EDGE_CURVE('',#6106,#6114,#6116,.T.);
#6114 = VERTEX_POINT('',#6115);
#6115 = CARTESIAN_POINT('',(0.1,-10.46,0.2));
#6116 = LINE('',#6117,#6118);
#6117 = CARTESIAN_POINT('',(0.1,-9.525,0.2));
#6118 = VECTOR('',#6119,1.);
#6119 = DIRECTION('',(-1.110223024625E-16,-1.,0.));
#6120 = ORIENTED_EDGE('',*,*,#6121,.T.);
#6121 = EDGE_CURVE('',#6114,#6066,#6122,.T.);
#6122 = LINE('',#6123,#6124);
#6123 = CARTESIAN_POINT('',(0.1,-9.71,0.2));
#6124 = VECTOR('',#6125,1.);
#6125 = DIRECTION('',(-1.110223024625E-16,-1.,0.));
#6126 = FACE_BOUND('',#6127,.F.);
#6127 = EDGE_LOOP('',(#6128,#6138,#6146,#6154,#6162,#6170,#6178,#6186));
#6128 = ORIENTED_EDGE('',*,*,#6129,.F.);
#6129 = EDGE_CURVE('',#6130,#6132,#6134,.T.);
#6130 = VERTEX_POINT('',#6131);
#6131 = CARTESIAN_POINT('',(-0.1,-8.07,0.2));
#6132 = VERTEX_POINT('',#6133);
#6133 = CARTESIAN_POINT('',(0.1,-8.07,0.2));
#6134 = LINE('',#6135,#6136);
#6135 = CARTESIAN_POINT('',(-0.1,-8.07,0.2));
#6136 = VECTOR('',#6137,1.);
#6137 = DIRECTION('',(1.,-1.110223024625E-16,0.));
#6138 = ORIENTED_EDGE('',*,*,#6139,.T.);
#6139 = EDGE_CURVE('',#6130,#6140,#6142,.T.);
#6140 = VERTEX_POINT('',#6141);
#6141 = CARTESIAN_POINT('',(-0.1,-7.92,0.2));
#6142 = LINE('',#6143,#6144);
#6143 = CARTESIAN_POINT('',(-0.1,-8.07,0.2));
#6144 = VECTOR('',#6145,1.);
#6145 = DIRECTION('',(1.110223024625E-16,1.,0.));
#6146 = ORIENTED_EDGE('',*,*,#6147,.F.);
#6147 = EDGE_CURVE('',#6148,#6140,#6150,.T.);
#6148 = VERTEX_POINT('',#6149);
#6149 = CARTESIAN_POINT('',(-0.1,-7.32,0.2));
#6150 = LINE('',#6151,#6152);
#6151 = CARTESIAN_POINT('',(-0.1,-8.255,0.2));
#6152 = VECTOR('',#6153,1.);
#6153 = DIRECTION('',(-1.110223024625E-16,-1.,0.));
#6154 = ORIENTED_EDGE('',*,*,#6155,.T.);
#6155 = EDGE_CURVE('',#6148,#6156,#6158,.T.);
#6156 = VERTEX_POINT('',#6157);
#6157 = CARTESIAN_POINT('',(-0.1,-7.17,0.2));
#6158 = LINE('',#6159,#6160);
#6159 = CARTESIAN_POINT('',(-0.1,-8.07,0.2));
#6160 = VECTOR('',#6161,1.);
#6161 = DIRECTION('',(1.110223024625E-16,1.,0.));
#6162 = ORIENTED_EDGE('',*,*,#6163,.T.);
#6163 = EDGE_CURVE('',#6156,#6164,#6166,.T.);
#6164 = VERTEX_POINT('',#6165);
#6165 = CARTESIAN_POINT('',(0.1,-7.17,0.2));
#6166 = LINE('',#6167,#6168);
#6167 = CARTESIAN_POINT('',(-0.1,-7.17,0.2));
#6168 = VECTOR('',#6169,1.);
#6169 = DIRECTION('',(1.,-1.110223024625E-16,0.));
#6170 = ORIENTED_EDGE('',*,*,#6171,.T.);
#6171 = EDGE_CURVE('',#6164,#6172,#6174,.T.);
#6172 = VERTEX_POINT('',#6173);
#6173 = CARTESIAN_POINT('',(0.1,-7.32,0.2));
#6174 = LINE('',#6175,#6176);
#6175 = CARTESIAN_POINT('',(0.1,-7.17,0.2));
#6176 = VECTOR('',#6177,1.);
#6177 = DIRECTION('',(-1.110223024625E-16,-1.,0.));
#6178 = ORIENTED_EDGE('',*,*,#6179,.T.);
#6179 = EDGE_CURVE('',#6172,#6180,#6182,.T.);
#6180 = VERTEX_POINT('',#6181);
#6181 = CARTESIAN_POINT('',(0.1,-7.92,0.2));
#6182 = LINE('',#6183,#6184);
#6183 = CARTESIAN_POINT('',(0.1,-8.255,0.2));
#6184 = VECTOR('',#6185,1.);
#6185 = DIRECTION('',(-1.110223024625E-16,-1.,0.));
#6186 = ORIENTED_EDGE('',*,*,#6187,.T.);
#6187 = EDGE_CURVE('',#6180,#6132,#6188,.T.);
#6188 = LINE('',#6189,#6190);
#6189 = CARTESIAN_POINT('',(0.1,-7.17,0.2));
#6190 = VECTOR('',#6191,1.);
#6191 = DIRECTION('',(-1.110223024625E-16,-1.,0.));
#6192 = FACE_BOUND('',#6193,.F.);
#6193 = EDGE_LOOP('',(#6194,#6204,#6212,#6220,#6228,#6236,#6244,#6252));
#6194 = ORIENTED_EDGE('',*,*,#6195,.F.);
#6195 = EDGE_CURVE('',#6196,#6198,#6200,.T.);
#6196 = VERTEX_POINT('',#6197);
#6197 = CARTESIAN_POINT('',(-0.1,-5.53,0.2));
#6198 = VERTEX_POINT('',#6199);
#6199 = CARTESIAN_POINT('',(0.1,-5.53,0.2));
#6200 = LINE('',#6201,#6202);
#6201 = CARTESIAN_POINT('',(-0.1,-5.53,0.2));
#6202 = VECTOR('',#6203,1.);
#6203 = DIRECTION('',(1.,-1.110223024625E-16,0.));
#6204 = ORIENTED_EDGE('',*,*,#6205,.T.);
#6205 = EDGE_CURVE('',#6196,#6206,#6208,.T.);
#6206 = VERTEX_POINT('',#6207);
#6207 = CARTESIAN_POINT('',(-0.1,-5.38,0.2));
#6208 = LINE('',#6209,#6210);
#6209 = CARTESIAN_POINT('',(-0.1,-5.53,0.2));
#6210 = VECTOR('',#6211,1.);
#6211 = DIRECTION('',(1.110223024625E-16,1.,0.));
#6212 = ORIENTED_EDGE('',*,*,#6213,.F.);
#6213 = EDGE_CURVE('',#6214,#6206,#6216,.T.);
#6214 = VERTEX_POINT('',#6215);
#6215 = CARTESIAN_POINT('',(-0.1,-4.78,0.2));
#6216 = LINE('',#6217,#6218);
#6217 = CARTESIAN_POINT('',(-0.1,-6.985,0.2));
#6218 = VECTOR('',#6219,1.);
#6219 = DIRECTION('',(-1.110223024625E-16,-1.,0.));
#6220 = ORIENTED_EDGE('',*,*,#6221,.T.);
#6221 = EDGE_CURVE('',#6214,#6222,#6224,.T.);
#6222 = VERTEX_POINT('',#6223);
#6223 = CARTESIAN_POINT('',(-0.1,-4.63,0.2));
#6224 = LINE('',#6225,#6226);
#6225 = CARTESIAN_POINT('',(-0.1,-5.53,0.2));
#6226 = VECTOR('',#6227,1.);
#6227 = DIRECTION('',(1.110223024625E-16,1.,0.));
#6228 = ORIENTED_EDGE('',*,*,#6229,.T.);
#6229 = EDGE_CURVE('',#6222,#6230,#6232,.T.);
#6230 = VERTEX_POINT('',#6231);
#6231 = CARTESIAN_POINT('',(0.1,-4.63,0.2));
#6232 = LINE('',#6233,#6234);
#6233 = CARTESIAN_POINT('',(-0.1,-4.63,0.2));
#6234 = VECTOR('',#6235,1.);
#6235 = DIRECTION('',(1.,-1.110223024625E-16,0.));
#6236 = ORIENTED_EDGE('',*,*,#6237,.T.);
#6237 = EDGE_CURVE('',#6230,#6238,#6240,.T.);
#6238 = VERTEX_POINT('',#6239);
#6239 = CARTESIAN_POINT('',(0.1,-4.78,0.2));
#6240 = LINE('',#6241,#6242);
#6241 = CARTESIAN_POINT('',(0.1,-4.63,0.2));
#6242 = VECTOR('',#6243,1.);
#6243 = DIRECTION('',(-1.110223024625E-16,-1.,0.));
#6244 = ORIENTED_EDGE('',*,*,#6245,.T.);
#6245 = EDGE_CURVE('',#6238,#6246,#6248,.T.);
#6246 = VERTEX_POINT('',#6247);
#6247 = CARTESIAN_POINT('',(0.1,-5.38,0.2));
#6248 = LINE('',#6249,#6250);
#6249 = CARTESIAN_POINT('',(0.1,-6.985,0.2));
#6250 = VECTOR('',#6251,1.);
#6251 = DIRECTION('',(-1.110223024625E-16,-1.,0.));
#6252 = ORIENTED_EDGE('',*,*,#6253,.T.);
#6253 = EDGE_CURVE('',#6246,#6198,#6254,.T.);
#6254 = LINE('',#6255,#6256);
#6255 = CARTESIAN_POINT('',(0.1,-4.63,0.2));
#6256 = VECTOR('',#6257,1.);
#6257 = DIRECTION('',(-1.110223024625E-16,-1.,0.));
#6258 = FACE_BOUND('',#6259,.F.);
#6259 = EDGE_LOOP('',(#6260,#6270,#6278,#6286,#6294,#6302,#6310,#6318));
#6260 = ORIENTED_EDGE('',*,*,#6261,.F.);
#6261 = EDGE_CURVE('',#6262,#6264,#6266,.T.);
#6262 = VERTEX_POINT('',#6263);
#6263 = CARTESIAN_POINT('',(-0.1,-2.99,0.2));
#6264 = VERTEX_POINT('',#6265);
#6265 = CARTESIAN_POINT('',(0.1,-2.99,0.2));
#6266 = LINE('',#6267,#6268);
#6267 = CARTESIAN_POINT('',(-0.1,-2.99,0.2));
#6268 = VECTOR('',#6269,1.);
#6269 = DIRECTION('',(1.,-1.110223024625E-16,0.));
#6270 = ORIENTED_EDGE('',*,*,#6271,.T.);
#6271 = EDGE_CURVE('',#6262,#6272,#6274,.T.);
#6272 = VERTEX_POINT('',#6273);
#6273 = CARTESIAN_POINT('',(-0.1,-2.84,0.2));
#6274 = LINE('',#6275,#6276);
#6275 = CARTESIAN_POINT('',(-0.1,-2.99,0.2));
#6276 = VECTOR('',#6277,1.);
#6277 = DIRECTION('',(1.110223024625E-16,1.,0.));
#6278 = ORIENTED_EDGE('',*,*,#6279,.F.);
#6279 = EDGE_CURVE('',#6280,#6272,#6282,.T.);
#6280 = VERTEX_POINT('',#6281);
#6281 = CARTESIAN_POINT('',(-0.1,-2.24,0.2));
#6282 = LINE('',#6283,#6284);
#6283 = CARTESIAN_POINT('',(-0.1,-5.715,0.2));
#6284 = VECTOR('',#6285,1.);
#6285 = DIRECTION('',(-1.110223024625E-16,-1.,0.));
#6286 = ORIENTED_EDGE('',*,*,#6287,.T.);
#6287 = EDGE_CURVE('',#6280,#6288,#6290,.T.);
#6288 = VERTEX_POINT('',#6289);
#6289 = CARTESIAN_POINT('',(-0.1,-2.09,0.2));
#6290 = LINE('',#6291,#6292);
#6291 = CARTESIAN_POINT('',(-0.1,-2.99,0.2));
#6292 = VECTOR('',#6293,1.);
#6293 = DIRECTION('',(1.110223024625E-16,1.,0.));
#6294 = ORIENTED_EDGE('',*,*,#6295,.T.);
#6295 = EDGE_CURVE('',#6288,#6296,#6298,.T.);
#6296 = VERTEX_POINT('',#6297);
#6297 = CARTESIAN_POINT('',(0.1,-2.09,0.2));
#6298 = LINE('',#6299,#6300);
#6299 = CARTESIAN_POINT('',(-0.1,-2.09,0.2));
#6300 = VECTOR('',#6301,1.);
#6301 = DIRECTION('',(1.,-1.110223024625E-16,0.));
#6302 = ORIENTED_EDGE('',*,*,#6303,.T.);
#6303 = EDGE_CURVE('',#6296,#6304,#6306,.T.);
#6304 = VERTEX_POINT('',#6305);
#6305 = CARTESIAN_POINT('',(0.1,-2.24,0.2));
#6306 = LINE('',#6307,#6308);
#6307 = CARTESIAN_POINT('',(0.1,-2.09,0.2));
#6308 = VECTOR('',#6309,1.);
#6309 = DIRECTION('',(-1.110223024625E-16,-1.,0.));
#6310 = ORIENTED_EDGE('',*,*,#6311,.T.);
#6311 = EDGE_CURVE('',#6304,#6312,#6314,.T.);
#6312 = VERTEX_POINT('',#6313);
#6313 = CARTESIAN_POINT('',(0.1,-2.84,0.2));
#6314 = LINE('',#6315,#6316);
#6315 = CARTESIAN_POINT('',(0.1,-5.715,0.2));
#6316 = VECTOR('',#6317,1.);
#6317 = DIRECTION('',(-1.110223024625E-16,-1.,0.));
#6318 = ORIENTED_EDGE('',*,*,#6319,.T.);
#6319 = EDGE_CURVE('',#6312,#6264,#6320,.T.);
#6320 = LINE('',#6321,#6322);
#6321 = CARTESIAN_POINT('',(0.1,-2.09,0.2));
#6322 = VECTOR('',#6323,1.);
#6323 = DIRECTION('',(-1.110223024625E-16,-1.,0.));
#6324 = FACE_BOUND('',#6325,.F.);
#6325 = EDGE_LOOP('',(#6326,#6336,#6344,#6352,#6360,#6368,#6376,#6384));
#6326 = ORIENTED_EDGE('',*,*,#6327,.F.);
#6327 = EDGE_CURVE('',#6328,#6330,#6332,.T.);
#6328 = VERTEX_POINT('',#6329);
#6329 = CARTESIAN_POINT('',(-0.1,-0.45,0.2));
#6330 = VERTEX_POINT('',#6331);
#6331 = CARTESIAN_POINT('',(0.1,-0.45,0.2));
#6332 = LINE('',#6333,#6334);
#6333 = CARTESIAN_POINT('',(-0.1,-0.45,0.2));
#6334 = VECTOR('',#6335,1.);
#6335 = DIRECTION('',(1.,-1.110223024625E-16,0.));
#6336 = ORIENTED_EDGE('',*,*,#6337,.T.);
#6337 = EDGE_CURVE('',#6328,#6338,#6340,.T.);
#6338 = VERTEX_POINT('',#6339);
#6339 = CARTESIAN_POINT('',(-0.1,-0.3,0.2));
#6340 = LINE('',#6341,#6342);
#6341 = CARTESIAN_POINT('',(-0.1,-0.45,0.2));
#6342 = VECTOR('',#6343,1.);
#6343 = DIRECTION('',(1.110223024625E-16,1.,0.));
#6344 = ORIENTED_EDGE('',*,*,#6345,.F.);
#6345 = EDGE_CURVE('',#6346,#6338,#6348,.T.);
#6346 = VERTEX_POINT('',#6347);
#6347 = CARTESIAN_POINT('',(-0.1,0.3,0.2));
#6348 = LINE('',#6349,#6350);
#6349 = CARTESIAN_POINT('',(-0.1,-4.445,0.2));
#6350 = VECTOR('',#6351,1.);
#6351 = DIRECTION('',(-1.110223024625E-16,-1.,0.));
#6352 = ORIENTED_EDGE('',*,*,#6353,.T.);
#6353 = EDGE_CURVE('',#6346,#6354,#6356,.T.);
#6354 = VERTEX_POINT('',#6355);
#6355 = CARTESIAN_POINT('',(-0.1,0.45,0.2));
#6356 = LINE('',#6357,#6358);
#6357 = CARTESIAN_POINT('',(-0.1,-0.45,0.2));
#6358 = VECTOR('',#6359,1.);
#6359 = DIRECTION('',(1.110223024625E-16,1.,0.));
#6360 = ORIENTED_EDGE('',*,*,#6361,.T.);
#6361 = EDGE_CURVE('',#6354,#6362,#6364,.T.);
#6362 = VERTEX_POINT('',#6363);
#6363 = CARTESIAN_POINT('',(0.1,0.45,0.2));
#6364 = LINE('',#6365,#6366);
#6365 = CARTESIAN_POINT('',(-0.1,0.45,0.2));
#6366 = VECTOR('',#6367,1.);
#6367 = DIRECTION('',(1.,-1.110223024625E-16,0.));
#6368 = ORIENTED_EDGE('',*,*,#6369,.T.);
#6369 = EDGE_CURVE('',#6362,#6370,#6372,.T.);
#6370 = VERTEX_POINT('',#6371);
#6371 = CARTESIAN_POINT('',(0.1,0.3,0.2));
#6372 = LINE('',#6373,#6374);
#6373 = CARTESIAN_POINT('',(0.1,0.45,0.2));
#6374 = VECTOR('',#6375,1.);
#6375 = DIRECTION('',(-1.110223024625E-16,-1.,0.));
#6376 = ORIENTED_EDGE('',*,*,#6377,.T.);
#6377 = EDGE_CURVE('',#6370,#6378,#6380,.T.);
#6378 = VERTEX_POINT('',#6379);
#6379 = CARTESIAN_POINT('',(0.1,-0.3,0.2));
#6380 = LINE('',#6381,#6382);
#6381 = CARTESIAN_POINT('',(0.1,-4.445,0.2));
#6382 = VECTOR('',#6383,1.);
#6383 = DIRECTION('',(-1.110223024625E-16,-1.,0.));
#6384 = ORIENTED_EDGE('',*,*,#6385,.T.);
#6385 = EDGE_CURVE('',#6378,#6330,#6386,.T.);
#6386 = LINE('',#6387,#6388);
#6387 = CARTESIAN_POINT('',(0.1,0.45,0.2));
#6388 = VECTOR('',#6389,1.);
#6389 = DIRECTION('',(-1.110223024625E-16,-1.,0.));
#6390 = PLANE('',#6391);
#6391 = AXIS2_PLACEMENT_3D('',#6392,#6393,#6394);
#6392 = CARTESIAN_POINT('',(-9.592326932761E-16,-8.89,0.2));
#6393 = DIRECTION('',(0.,0.,1.));
#6394 = DIRECTION('',(1.110223024625E-16,1.,-0.));
#6395 = ADVANCED_FACE('',(#6396),#6402,.T.);
#6396 = FACE_BOUND('',#6397,.T.);
#6397 = EDGE_LOOP('',(#6398,#6399,#6400,#6401));
#6398 = ORIENTED_EDGE('',*,*,#5416,.T.);
#6399 = ORIENTED_EDGE('',*,*,#5854,.T.);
#6400 = ORIENTED_EDGE('',*,*,#5495,.F.);
#6401 = ORIENTED_EDGE('',*,*,#5512,.F.);
#6402 = PLANE('',#6403);
#6403 = AXIS2_PLACEMENT_3D('',#6404,#6405,#6406);
#6404 = CARTESIAN_POINT('',(0.846666666667,-19.05,0.));
#6405 = DIRECTION('',(-1.,1.110223024625E-16,0.));
#6406 = DIRECTION('',(1.110223024625E-16,1.,0.));
#6407 = ADVANCED_FACE('',(#6408),#6414,.F.);
#6408 = FACE_BOUND('',#6409,.F.);
#6409 = EDGE_LOOP('',(#6410,#6411,#6412,#6413));
#6410 = ORIENTED_EDGE('',*,*,#5463,.T.);
#6411 = ORIENTED_EDGE('',*,*,#5528,.T.);
#6412 = ORIENTED_EDGE('',*,*,#5393,.F.);
#6413 = ORIENTED_EDGE('',*,*,#5823,.F.);
#6414 = PLANE('',#6415);
#6415 = AXIS2_PLACEMENT_3D('',#6416,#6417,#6418);
#6416 = CARTESIAN_POINT('',(-1.27,1.27,0.));
#6417 = DIRECTION('',(1.,-1.110223024625E-16,0.));
#6418 = DIRECTION('',(-1.110223024625E-16,-1.,0.));
#6419 = ADVANCED_FACE('',(#6420),#6445,.T.);
#6420 = FACE_BOUND('',#6421,.T.);
#6421 = EDGE_LOOP('',(#6422,#6430,#6431,#6439));
#6422 = ORIENTED_EDGE('',*,*,#6423,.F.);
#6423 = EDGE_CURVE('',#5538,#6424,#6426,.T.);
#6424 = VERTEX_POINT('',#6425);
#6425 = CARTESIAN_POINT('',(0.3,-18.08,8.2));
#6426 = LINE('',#6427,#6428);
#6427 = CARTESIAN_POINT('',(0.3,-18.08,8.2));
#6428 = VECTOR('',#6429,1.);
#6429 = DIRECTION('',(-0.57735026919,0.57735026919,-0.57735026919));
#6430 = ORIENTED_EDGE('',*,*,#5537,.T.);
#6431 = ORIENTED_EDGE('',*,*,#6432,.T.);
#6432 = EDGE_CURVE('',#5540,#6433,#6435,.T.);
#6433 = VERTEX_POINT('',#6434);
#6434 = CARTESIAN_POINT('',(0.3,-17.48,8.2));
#6435 = LINE('',#6436,#6437);
#6436 = CARTESIAN_POINT('',(0.3,-17.48,8.2));
#6437 = VECTOR('',#6438,1.);
#6438 = DIRECTION('',(-0.57735026919,-0.57735026919,-0.57735026919));
#6439 = ORIENTED_EDGE('',*,*,#6440,.F.);
#6440 = EDGE_CURVE('',#6424,#6433,#6441,.T.);
#6441 = LINE('',#6442,#6443);
#6442 = CARTESIAN_POINT('',(0.3,-18.38,8.2));
#6443 = VECTOR('',#6444,1.);
#6444 = DIRECTION('',(1.110223024625E-16,1.,0.));
#6445 = PLANE('',#6446);
#6446 = AXIS2_PLACEMENT_3D('',#6447,#6448,#6449);
#6447 = CARTESIAN_POINT('',(0.45,-18.38,8.35));
#6448 = DIRECTION('',(-0.707106781187,7.850462293414E-17,0.707106781187)
  );
#6449 = DIRECTION('',(1.110223024625E-16,1.,2.680278185005E-29));
#6450 = ADVANCED_FACE('',(#6451),#6469,.T.);
#6451 = FACE_BOUND('',#6452,.T.);
#6452 = EDGE_LOOP('',(#6453,#6454,#6455,#6463));
#6453 = ORIENTED_EDGE('',*,*,#6432,.F.);
#6454 = ORIENTED_EDGE('',*,*,#5563,.T.);
#6455 = ORIENTED_EDGE('',*,*,#6456,.T.);
#6456 = EDGE_CURVE('',#5556,#6457,#6459,.T.);
#6457 = VERTEX_POINT('',#6458);
#6458 = CARTESIAN_POINT('',(-0.3,-17.48,8.2));
#6459 = LINE('',#6460,#6461);
#6460 = CARTESIAN_POINT('',(-0.3,-17.48,8.2));
#6461 = VECTOR('',#6462,1.);
#6462 = DIRECTION('',(0.57735026919,-0.57735026919,-0.57735026919));
#6463 = ORIENTED_EDGE('',*,*,#6464,.F.);
#6464 = EDGE_CURVE('',#6433,#6457,#6465,.T.);
#6465 = LINE('',#6466,#6467);
#6466 = CARTESIAN_POINT('',(0.6,-17.48,8.2));
#6467 = VECTOR('',#6468,1.);
#6468 = DIRECTION('',(-1.,1.110223024625E-16,0.));
#6469 = PLANE('',#6470);
#6470 = AXIS2_PLACEMENT_3D('',#6471,#6472,#6473);
#6471 = CARTESIAN_POINT('',(0.6,-17.33,8.35));
#6472 = DIRECTION('',(-7.850462293414E-17,-0.707106781187,0.707106781187
    ));
#6473 = DIRECTION('',(-1.,1.110223024625E-16,2.680278185005E-29));
#6474 = ADVANCED_FACE('',(#6475),#6493,.T.);
#6475 = FACE_BOUND('',#6476,.T.);
#6476 = EDGE_LOOP('',(#6477,#6478,#6479,#6487));
#6477 = ORIENTED_EDGE('',*,*,#6456,.F.);
#6478 = ORIENTED_EDGE('',*,*,#5555,.T.);
#6479 = ORIENTED_EDGE('',*,*,#6480,.T.);
#6480 = EDGE_CURVE('',#5548,#6481,#6483,.T.);
#6481 = VERTEX_POINT('',#6482);
#6482 = CARTESIAN_POINT('',(-0.3,-18.08,8.2));
#6483 = LINE('',#6484,#6485);
#6484 = CARTESIAN_POINT('',(-0.3,-18.08,8.2));
#6485 = VECTOR('',#6486,1.);
#6486 = DIRECTION('',(0.57735026919,0.57735026919,-0.57735026919));
#6487 = ORIENTED_EDGE('',*,*,#6488,.F.);
#6488 = EDGE_CURVE('',#6457,#6481,#6489,.T.);
#6489 = LINE('',#6490,#6491);
#6490 = CARTESIAN_POINT('',(-0.3,-17.18,8.2));
#6491 = VECTOR('',#6492,1.);
#6492 = DIRECTION('',(-1.110223024625E-16,-1.,0.));
#6493 = PLANE('',#6494);
#6494 = AXIS2_PLACEMENT_3D('',#6495,#6496,#6497);
#6495 = CARTESIAN_POINT('',(-0.45,-17.18,8.35));
#6496 = DIRECTION('',(0.707106781187,-7.850462293414E-17,0.707106781187)
  );
#6497 = DIRECTION('',(-1.110223024625E-16,-1.,2.680278185005E-29));
#6498 = ADVANCED_FACE('',(#6499),#6510,.T.);
#6499 = FACE_BOUND('',#6500,.T.);
#6500 = EDGE_LOOP('',(#6501,#6502,#6503,#6504));
#6501 = ORIENTED_EDGE('',*,*,#6480,.F.);
#6502 = ORIENTED_EDGE('',*,*,#5547,.T.);
#6503 = ORIENTED_EDGE('',*,*,#6423,.T.);
#6504 = ORIENTED_EDGE('',*,*,#6505,.F.);
#6505 = EDGE_CURVE('',#6481,#6424,#6506,.T.);
#6506 = LINE('',#6507,#6508);
#6507 = CARTESIAN_POINT('',(-0.6,-18.08,8.2));
#6508 = VECTOR('',#6509,1.);
#6509 = DIRECTION('',(1.,-1.110223024625E-16,0.));
#6510 = PLANE('',#6511);
#6511 = AXIS2_PLACEMENT_3D('',#6512,#6513,#6514);
#6512 = CARTESIAN_POINT('',(-0.6,-18.23,8.35));
#6513 = DIRECTION('',(7.850462293414E-17,0.707106781187,0.707106781187)
  );
#6514 = DIRECTION('',(1.,-1.110223024625E-16,2.680278185005E-29));
#6515 = ADVANCED_FACE('',(#6516),#6541,.T.);
#6516 = FACE_BOUND('',#6517,.T.);
#6517 = EDGE_LOOP('',(#6518,#6526,#6527,#6535));
#6518 = ORIENTED_EDGE('',*,*,#6519,.F.);
#6519 = EDGE_CURVE('',#5572,#6520,#6522,.T.);
#6520 = VERTEX_POINT('',#6521);
#6521 = CARTESIAN_POINT('',(0.3,-15.54,8.2));
#6522 = LINE('',#6523,#6524);
#6523 = CARTESIAN_POINT('',(0.3,-15.54,8.2));
#6524 = VECTOR('',#6525,1.);
#6525 = DIRECTION('',(-0.57735026919,0.57735026919,-0.57735026919));
#6526 = ORIENTED_EDGE('',*,*,#5571,.T.);
#6527 = ORIENTED_EDGE('',*,*,#6528,.T.);
#6528 = EDGE_CURVE('',#5574,#6529,#6531,.T.);
#6529 = VERTEX_POINT('',#6530);
#6530 = CARTESIAN_POINT('',(0.3,-14.94,8.2));
#6531 = LINE('',#6532,#6533);
#6532 = CARTESIAN_POINT('',(0.3,-14.94,8.2));
#6533 = VECTOR('',#6534,1.);
#6534 = DIRECTION('',(-0.57735026919,-0.57735026919,-0.57735026919));
#6535 = ORIENTED_EDGE('',*,*,#6536,.F.);
#6536 = EDGE_CURVE('',#6520,#6529,#6537,.T.);
#6537 = LINE('',#6538,#6539);
#6538 = CARTESIAN_POINT('',(0.3,-15.84,8.2));
#6539 = VECTOR('',#6540,1.);
#6540 = DIRECTION('',(1.110223024625E-16,1.,0.));
#6541 = PLANE('',#6542);
#6542 = AXIS2_PLACEMENT_3D('',#6543,#6544,#6545);
#6543 = CARTESIAN_POINT('',(0.45,-15.84,8.35));
#6544 = DIRECTION('',(-0.707106781187,7.850462293414E-17,0.707106781187)
  );
#6545 = DIRECTION('',(1.110223024625E-16,1.,2.680278185005E-29));
#6546 = ADVANCED_FACE('',(#6547),#6565,.T.);
#6547 = FACE_BOUND('',#6548,.T.);
#6548 = EDGE_LOOP('',(#6549,#6550,#6551,#6559));
#6549 = ORIENTED_EDGE('',*,*,#6528,.F.);
#6550 = ORIENTED_EDGE('',*,*,#5597,.T.);
#6551 = ORIENTED_EDGE('',*,*,#6552,.T.);
#6552 = EDGE_CURVE('',#5590,#6553,#6555,.T.);
#6553 = VERTEX_POINT('',#6554);
#6554 = CARTESIAN_POINT('',(-0.3,-14.94,8.2));
#6555 = LINE('',#6556,#6557);
#6556 = CARTESIAN_POINT('',(-0.3,-14.94,8.2));
#6557 = VECTOR('',#6558,1.);
#6558 = DIRECTION('',(0.57735026919,-0.57735026919,-0.57735026919));
#6559 = ORIENTED_EDGE('',*,*,#6560,.F.);
#6560 = EDGE_CURVE('',#6529,#6553,#6561,.T.);
#6561 = LINE('',#6562,#6563);
#6562 = CARTESIAN_POINT('',(0.6,-14.94,8.2));
#6563 = VECTOR('',#6564,1.);
#6564 = DIRECTION('',(-1.,1.110223024625E-16,0.));
#6565 = PLANE('',#6566);
#6566 = AXIS2_PLACEMENT_3D('',#6567,#6568,#6569);
#6567 = CARTESIAN_POINT('',(0.6,-14.79,8.35));
#6568 = DIRECTION('',(-7.850462293414E-17,-0.707106781187,0.707106781187
    ));
#6569 = DIRECTION('',(-1.,1.110223024625E-16,2.680278185005E-29));
#6570 = ADVANCED_FACE('',(#6571),#6589,.T.);
#6571 = FACE_BOUND('',#6572,.T.);
#6572 = EDGE_LOOP('',(#6573,#6574,#6575,#6583));
#6573 = ORIENTED_EDGE('',*,*,#6552,.F.);
#6574 = ORIENTED_EDGE('',*,*,#5589,.T.);
#6575 = ORIENTED_EDGE('',*,*,#6576,.T.);
#6576 = EDGE_CURVE('',#5582,#6577,#6579,.T.);
#6577 = VERTEX_POINT('',#6578);
#6578 = CARTESIAN_POINT('',(-0.3,-15.54,8.2));
#6579 = LINE('',#6580,#6581);
#6580 = CARTESIAN_POINT('',(-0.3,-15.54,8.2));
#6581 = VECTOR('',#6582,1.);
#6582 = DIRECTION('',(0.57735026919,0.57735026919,-0.57735026919));
#6583 = ORIENTED_EDGE('',*,*,#6584,.F.);
#6584 = EDGE_CURVE('',#6553,#6577,#6585,.T.);
#6585 = LINE('',#6586,#6587);
#6586 = CARTESIAN_POINT('',(-0.3,-14.64,8.2));
#6587 = VECTOR('',#6588,1.);
#6588 = DIRECTION('',(-1.110223024625E-16,-1.,0.));
#6589 = PLANE('',#6590);
#6590 = AXIS2_PLACEMENT_3D('',#6591,#6592,#6593);
#6591 = CARTESIAN_POINT('',(-0.45,-14.64,8.35));
#6592 = DIRECTION('',(0.707106781187,-7.850462293414E-17,0.707106781187)
  );
#6593 = DIRECTION('',(-1.110223024625E-16,-1.,2.680278185005E-29));
#6594 = ADVANCED_FACE('',(#6595),#6606,.T.);
#6595 = FACE_BOUND('',#6596,.T.);
#6596 = EDGE_LOOP('',(#6597,#6598,#6599,#6600));
#6597 = ORIENTED_EDGE('',*,*,#6576,.F.);
#6598 = ORIENTED_EDGE('',*,*,#5581,.T.);
#6599 = ORIENTED_EDGE('',*,*,#6519,.T.);
#6600 = ORIENTED_EDGE('',*,*,#6601,.F.);
#6601 = EDGE_CURVE('',#6577,#6520,#6602,.T.);
#6602 = LINE('',#6603,#6604);
#6603 = CARTESIAN_POINT('',(-0.6,-15.54,8.2));
#6604 = VECTOR('',#6605,1.);
#6605 = DIRECTION('',(1.,-1.110223024625E-16,0.));
#6606 = PLANE('',#6607);
#6607 = AXIS2_PLACEMENT_3D('',#6608,#6609,#6610);
#6608 = CARTESIAN_POINT('',(-0.6,-15.69,8.35));
#6609 = DIRECTION('',(7.850462293414E-17,0.707106781187,0.707106781187)
  );
#6610 = DIRECTION('',(1.,-1.110223024625E-16,2.680278185005E-29));
#6611 = ADVANCED_FACE('',(#6612),#6637,.T.);
#6612 = FACE_BOUND('',#6613,.T.);
#6613 = EDGE_LOOP('',(#6614,#6622,#6623,#6631));
#6614 = ORIENTED_EDGE('',*,*,#6615,.F.);
#6615 = EDGE_CURVE('',#5606,#6616,#6618,.T.);
#6616 = VERTEX_POINT('',#6617);
#6617 = CARTESIAN_POINT('',(0.3,-13.,8.2));
#6618 = LINE('',#6619,#6620);
#6619 = CARTESIAN_POINT('',(0.3,-13.,8.2));
#6620 = VECTOR('',#6621,1.);
#6621 = DIRECTION('',(-0.57735026919,0.57735026919,-0.57735026919));
#6622 = ORIENTED_EDGE('',*,*,#5605,.T.);
#6623 = ORIENTED_EDGE('',*,*,#6624,.T.);
#6624 = EDGE_CURVE('',#5608,#6625,#6627,.T.);
#6625 = VERTEX_POINT('',#6626);
#6626 = CARTESIAN_POINT('',(0.3,-12.4,8.2));
#6627 = LINE('',#6628,#6629);
#6628 = CARTESIAN_POINT('',(0.3,-12.4,8.2));
#6629 = VECTOR('',#6630,1.);
#6630 = DIRECTION('',(-0.57735026919,-0.57735026919,-0.57735026919));
#6631 = ORIENTED_EDGE('',*,*,#6632,.F.);
#6632 = EDGE_CURVE('',#6616,#6625,#6633,.T.);
#6633 = LINE('',#6634,#6635);
#6634 = CARTESIAN_POINT('',(0.3,-13.3,8.2));
#6635 = VECTOR('',#6636,1.);
#6636 = DIRECTION('',(1.110223024625E-16,1.,0.));
#6637 = PLANE('',#6638);
#6638 = AXIS2_PLACEMENT_3D('',#6639,#6640,#6641);
#6639 = CARTESIAN_POINT('',(0.45,-13.3,8.35));
#6640 = DIRECTION('',(-0.707106781187,7.850462293414E-17,0.707106781187)
  );
#6641 = DIRECTION('',(1.110223024625E-16,1.,2.680278185005E-29));
#6642 = ADVANCED_FACE('',(#6643),#6661,.T.);
#6643 = FACE_BOUND('',#6644,.T.);
#6644 = EDGE_LOOP('',(#6645,#6646,#6647,#6655));
#6645 = ORIENTED_EDGE('',*,*,#6624,.F.);
#6646 = ORIENTED_EDGE('',*,*,#5631,.T.);
#6647 = ORIENTED_EDGE('',*,*,#6648,.T.);
#6648 = EDGE_CURVE('',#5624,#6649,#6651,.T.);
#6649 = VERTEX_POINT('',#6650);
#6650 = CARTESIAN_POINT('',(-0.3,-12.4,8.2));
#6651 = LINE('',#6652,#6653);
#6652 = CARTESIAN_POINT('',(-0.3,-12.4,8.2));
#6653 = VECTOR('',#6654,1.);
#6654 = DIRECTION('',(0.57735026919,-0.57735026919,-0.57735026919));
#6655 = ORIENTED_EDGE('',*,*,#6656,.F.);
#6656 = EDGE_CURVE('',#6625,#6649,#6657,.T.);
#6657 = LINE('',#6658,#6659);
#6658 = CARTESIAN_POINT('',(0.6,-12.4,8.2));
#6659 = VECTOR('',#6660,1.);
#6660 = DIRECTION('',(-1.,1.110223024625E-16,0.));
#6661 = PLANE('',#6662);
#6662 = AXIS2_PLACEMENT_3D('',#6663,#6664,#6665);
#6663 = CARTESIAN_POINT('',(0.6,-12.25,8.35));
#6664 = DIRECTION('',(-7.850462293414E-17,-0.707106781187,0.707106781187
    ));
#6665 = DIRECTION('',(-1.,1.110223024625E-16,2.680278185005E-29));
#6666 = ADVANCED_FACE('',(#6667),#6685,.T.);
#6667 = FACE_BOUND('',#6668,.T.);
#6668 = EDGE_LOOP('',(#6669,#6670,#6671,#6679));
#6669 = ORIENTED_EDGE('',*,*,#6648,.F.);
#6670 = ORIENTED_EDGE('',*,*,#5623,.T.);
#6671 = ORIENTED_EDGE('',*,*,#6672,.T.);
#6672 = EDGE_CURVE('',#5616,#6673,#6675,.T.);
#6673 = VERTEX_POINT('',#6674);
#6674 = CARTESIAN_POINT('',(-0.3,-13.,8.2));
#6675 = LINE('',#6676,#6677);
#6676 = CARTESIAN_POINT('',(-0.3,-13.,8.2));
#6677 = VECTOR('',#6678,1.);
#6678 = DIRECTION('',(0.57735026919,0.57735026919,-0.57735026919));
#6679 = ORIENTED_EDGE('',*,*,#6680,.F.);
#6680 = EDGE_CURVE('',#6649,#6673,#6681,.T.);
#6681 = LINE('',#6682,#6683);
#6682 = CARTESIAN_POINT('',(-0.3,-12.1,8.2));
#6683 = VECTOR('',#6684,1.);
#6684 = DIRECTION('',(-1.110223024625E-16,-1.,0.));
#6685 = PLANE('',#6686);
#6686 = AXIS2_PLACEMENT_3D('',#6687,#6688,#6689);
#6687 = CARTESIAN_POINT('',(-0.45,-12.1,8.35));
#6688 = DIRECTION('',(0.707106781187,-7.850462293414E-17,0.707106781187)
  );
#6689 = DIRECTION('',(-1.110223024625E-16,-1.,2.680278185005E-29));
#6690 = ADVANCED_FACE('',(#6691),#6702,.T.);
#6691 = FACE_BOUND('',#6692,.T.);
#6692 = EDGE_LOOP('',(#6693,#6694,#6695,#6696));
#6693 = ORIENTED_EDGE('',*,*,#6672,.F.);
#6694 = ORIENTED_EDGE('',*,*,#5615,.T.);
#6695 = ORIENTED_EDGE('',*,*,#6615,.T.);
#6696 = ORIENTED_EDGE('',*,*,#6697,.F.);
#6697 = EDGE_CURVE('',#6673,#6616,#6698,.T.);
#6698 = LINE('',#6699,#6700);
#6699 = CARTESIAN_POINT('',(-0.6,-13.,8.2));
#6700 = VECTOR('',#6701,1.);
#6701 = DIRECTION('',(1.,-1.110223024625E-16,0.));
#6702 = PLANE('',#6703);
#6703 = AXIS2_PLACEMENT_3D('',#6704,#6705,#6706);
#6704 = CARTESIAN_POINT('',(-0.6,-13.15,8.35));
#6705 = DIRECTION('',(7.850462293414E-17,0.707106781187,0.707106781187)
  );
#6706 = DIRECTION('',(1.,-1.110223024625E-16,2.680278185005E-29));
#6707 = ADVANCED_FACE('',(#6708),#6733,.T.);
#6708 = FACE_BOUND('',#6709,.T.);
#6709 = EDGE_LOOP('',(#6710,#6718,#6719,#6727));
#6710 = ORIENTED_EDGE('',*,*,#6711,.F.);
#6711 = EDGE_CURVE('',#5640,#6712,#6714,.T.);
#6712 = VERTEX_POINT('',#6713);
#6713 = CARTESIAN_POINT('',(0.3,-10.46,8.2));
#6714 = LINE('',#6715,#6716);
#6715 = CARTESIAN_POINT('',(0.3,-10.46,8.2));
#6716 = VECTOR('',#6717,1.);
#6717 = DIRECTION('',(-0.57735026919,0.57735026919,-0.57735026919));
#6718 = ORIENTED_EDGE('',*,*,#5639,.T.);
#6719 = ORIENTED_EDGE('',*,*,#6720,.T.);
#6720 = EDGE_CURVE('',#5642,#6721,#6723,.T.);
#6721 = VERTEX_POINT('',#6722);
#6722 = CARTESIAN_POINT('',(0.3,-9.86,8.2));
#6723 = LINE('',#6724,#6725);
#6724 = CARTESIAN_POINT('',(0.3,-9.86,8.2));
#6725 = VECTOR('',#6726,1.);
#6726 = DIRECTION('',(-0.57735026919,-0.57735026919,-0.57735026919));
#6727 = ORIENTED_EDGE('',*,*,#6728,.F.);
#6728 = EDGE_CURVE('',#6712,#6721,#6729,.T.);
#6729 = LINE('',#6730,#6731);
#6730 = CARTESIAN_POINT('',(0.3,-10.76,8.2));
#6731 = VECTOR('',#6732,1.);
#6732 = DIRECTION('',(1.110223024625E-16,1.,0.));
#6733 = PLANE('',#6734);
#6734 = AXIS2_PLACEMENT_3D('',#6735,#6736,#6737);
#6735 = CARTESIAN_POINT('',(0.45,-10.76,8.35));
#6736 = DIRECTION('',(-0.707106781187,7.850462293414E-17,0.707106781187)
  );
#6737 = DIRECTION('',(1.110223024625E-16,1.,2.680278185005E-29));
#6738 = ADVANCED_FACE('',(#6739),#6757,.T.);
#6739 = FACE_BOUND('',#6740,.T.);
#6740 = EDGE_LOOP('',(#6741,#6742,#6743,#6751));
#6741 = ORIENTED_EDGE('',*,*,#6720,.F.);
#6742 = ORIENTED_EDGE('',*,*,#5665,.T.);
#6743 = ORIENTED_EDGE('',*,*,#6744,.T.);
#6744 = EDGE_CURVE('',#5658,#6745,#6747,.T.);
#6745 = VERTEX_POINT('',#6746);
#6746 = CARTESIAN_POINT('',(-0.3,-9.86,8.2));
#6747 = LINE('',#6748,#6749);
#6748 = CARTESIAN_POINT('',(-0.3,-9.86,8.2));
#6749 = VECTOR('',#6750,1.);
#6750 = DIRECTION('',(0.57735026919,-0.57735026919,-0.57735026919));
#6751 = ORIENTED_EDGE('',*,*,#6752,.F.);
#6752 = EDGE_CURVE('',#6721,#6745,#6753,.T.);
#6753 = LINE('',#6754,#6755);
#6754 = CARTESIAN_POINT('',(0.6,-9.86,8.2));
#6755 = VECTOR('',#6756,1.);
#6756 = DIRECTION('',(-1.,1.110223024625E-16,0.));
#6757 = PLANE('',#6758);
#6758 = AXIS2_PLACEMENT_3D('',#6759,#6760,#6761);
#6759 = CARTESIAN_POINT('',(0.6,-9.71,8.35));
#6760 = DIRECTION('',(-7.850462293414E-17,-0.707106781187,0.707106781187
    ));
#6761 = DIRECTION('',(-1.,1.110223024625E-16,2.680278185005E-29));
#6762 = ADVANCED_FACE('',(#6763),#6781,.T.);
#6763 = FACE_BOUND('',#6764,.T.);
#6764 = EDGE_LOOP('',(#6765,#6766,#6767,#6775));
#6765 = ORIENTED_EDGE('',*,*,#6744,.F.);
#6766 = ORIENTED_EDGE('',*,*,#5657,.T.);
#6767 = ORIENTED_EDGE('',*,*,#6768,.T.);
#6768 = EDGE_CURVE('',#5650,#6769,#6771,.T.);
#6769 = VERTEX_POINT('',#6770);
#6770 = CARTESIAN_POINT('',(-0.3,-10.46,8.2));
#6771 = LINE('',#6772,#6773);
#6772 = CARTESIAN_POINT('',(-0.3,-10.46,8.2));
#6773 = VECTOR('',#6774,1.);
#6774 = DIRECTION('',(0.57735026919,0.57735026919,-0.57735026919));
#6775 = ORIENTED_EDGE('',*,*,#6776,.F.);
#6776 = EDGE_CURVE('',#6745,#6769,#6777,.T.);
#6777 = LINE('',#6778,#6779);
#6778 = CARTESIAN_POINT('',(-0.3,-9.56,8.2));
#6779 = VECTOR('',#6780,1.);
#6780 = DIRECTION('',(-1.110223024625E-16,-1.,0.));
#6781 = PLANE('',#6782);
#6782 = AXIS2_PLACEMENT_3D('',#6783,#6784,#6785);
#6783 = CARTESIAN_POINT('',(-0.45,-9.56,8.35));
#6784 = DIRECTION('',(0.707106781187,-7.850462293414E-17,0.707106781187)
  );
#6785 = DIRECTION('',(-1.110223024625E-16,-1.,2.680278185005E-29));
#6786 = ADVANCED_FACE('',(#6787),#6798,.T.);
#6787 = FACE_BOUND('',#6788,.T.);
#6788 = EDGE_LOOP('',(#6789,#6790,#6791,#6792));
#6789 = ORIENTED_EDGE('',*,*,#6768,.F.);
#6790 = ORIENTED_EDGE('',*,*,#5649,.T.);
#6791 = ORIENTED_EDGE('',*,*,#6711,.T.);
#6792 = ORIENTED_EDGE('',*,*,#6793,.F.);
#6793 = EDGE_CURVE('',#6769,#6712,#6794,.T.);
#6794 = LINE('',#6795,#6796);
#6795 = CARTESIAN_POINT('',(-0.6,-10.46,8.2));
#6796 = VECTOR('',#6797,1.);
#6797 = DIRECTION('',(1.,-1.110223024625E-16,0.));
#6798 = PLANE('',#6799);
#6799 = AXIS2_PLACEMENT_3D('',#6800,#6801,#6802);
#6800 = CARTESIAN_POINT('',(-0.6,-10.61,8.35));
#6801 = DIRECTION('',(7.850462293414E-17,0.707106781187,0.707106781187)
  );
#6802 = DIRECTION('',(1.,-1.110223024625E-16,2.680278185005E-29));
#6803 = ADVANCED_FACE('',(#6804),#6829,.T.);
#6804 = FACE_BOUND('',#6805,.T.);
#6805 = EDGE_LOOP('',(#6806,#6814,#6815,#6823));
#6806 = ORIENTED_EDGE('',*,*,#6807,.F.);
#6807 = EDGE_CURVE('',#5674,#6808,#6810,.T.);
#6808 = VERTEX_POINT('',#6809);
#6809 = CARTESIAN_POINT('',(0.3,-7.92,8.2));
#6810 = LINE('',#6811,#6812);
#6811 = CARTESIAN_POINT('',(0.3,-7.92,8.2));
#6812 = VECTOR('',#6813,1.);
#6813 = DIRECTION('',(-0.57735026919,0.57735026919,-0.57735026919));
#6814 = ORIENTED_EDGE('',*,*,#5673,.T.);
#6815 = ORIENTED_EDGE('',*,*,#6816,.T.);
#6816 = EDGE_CURVE('',#5676,#6817,#6819,.T.);
#6817 = VERTEX_POINT('',#6818);
#6818 = CARTESIAN_POINT('',(0.3,-7.32,8.2));
#6819 = LINE('',#6820,#6821);
#6820 = CARTESIAN_POINT('',(0.3,-7.32,8.2));
#6821 = VECTOR('',#6822,1.);
#6822 = DIRECTION('',(-0.57735026919,-0.57735026919,-0.57735026919));
#6823 = ORIENTED_EDGE('',*,*,#6824,.F.);
#6824 = EDGE_CURVE('',#6808,#6817,#6825,.T.);
#6825 = LINE('',#6826,#6827);
#6826 = CARTESIAN_POINT('',(0.3,-8.22,8.2));
#6827 = VECTOR('',#6828,1.);
#6828 = DIRECTION('',(1.110223024625E-16,1.,0.));
#6829 = PLANE('',#6830);
#6830 = AXIS2_PLACEMENT_3D('',#6831,#6832,#6833);
#6831 = CARTESIAN_POINT('',(0.45,-8.22,8.35));
#6832 = DIRECTION('',(-0.707106781187,7.850462293414E-17,0.707106781187)
  );
#6833 = DIRECTION('',(1.110223024625E-16,1.,2.680278185005E-29));
#6834 = ADVANCED_FACE('',(#6835),#6853,.T.);
#6835 = FACE_BOUND('',#6836,.T.);
#6836 = EDGE_LOOP('',(#6837,#6838,#6839,#6847));
#6837 = ORIENTED_EDGE('',*,*,#6816,.F.);
#6838 = ORIENTED_EDGE('',*,*,#5699,.T.);
#6839 = ORIENTED_EDGE('',*,*,#6840,.T.);
#6840 = EDGE_CURVE('',#5692,#6841,#6843,.T.);
#6841 = VERTEX_POINT('',#6842);
#6842 = CARTESIAN_POINT('',(-0.3,-7.32,8.2));
#6843 = LINE('',#6844,#6845);
#6844 = CARTESIAN_POINT('',(-0.3,-7.32,8.2));
#6845 = VECTOR('',#6846,1.);
#6846 = DIRECTION('',(0.57735026919,-0.57735026919,-0.57735026919));
#6847 = ORIENTED_EDGE('',*,*,#6848,.F.);
#6848 = EDGE_CURVE('',#6817,#6841,#6849,.T.);
#6849 = LINE('',#6850,#6851);
#6850 = CARTESIAN_POINT('',(0.6,-7.32,8.2));
#6851 = VECTOR('',#6852,1.);
#6852 = DIRECTION('',(-1.,1.110223024625E-16,0.));
#6853 = PLANE('',#6854);
#6854 = AXIS2_PLACEMENT_3D('',#6855,#6856,#6857);
#6855 = CARTESIAN_POINT('',(0.6,-7.17,8.35));
#6856 = DIRECTION('',(-7.850462293414E-17,-0.707106781187,0.707106781187
    ));
#6857 = DIRECTION('',(-1.,1.110223024625E-16,2.680278185005E-29));
#6858 = ADVANCED_FACE('',(#6859),#6877,.T.);
#6859 = FACE_BOUND('',#6860,.T.);
#6860 = EDGE_LOOP('',(#6861,#6862,#6863,#6871));
#6861 = ORIENTED_EDGE('',*,*,#6840,.F.);
#6862 = ORIENTED_EDGE('',*,*,#5691,.T.);
#6863 = ORIENTED_EDGE('',*,*,#6864,.T.);
#6864 = EDGE_CURVE('',#5684,#6865,#6867,.T.);
#6865 = VERTEX_POINT('',#6866);
#6866 = CARTESIAN_POINT('',(-0.3,-7.92,8.2));
#6867 = LINE('',#6868,#6869);
#6868 = CARTESIAN_POINT('',(-0.3,-7.92,8.2));
#6869 = VECTOR('',#6870,1.);
#6870 = DIRECTION('',(0.57735026919,0.57735026919,-0.57735026919));
#6871 = ORIENTED_EDGE('',*,*,#6872,.F.);
#6872 = EDGE_CURVE('',#6841,#6865,#6873,.T.);
#6873 = LINE('',#6874,#6875);
#6874 = CARTESIAN_POINT('',(-0.3,-7.02,8.2));
#6875 = VECTOR('',#6876,1.);
#6876 = DIRECTION('',(-1.110223024625E-16,-1.,0.));
#6877 = PLANE('',#6878);
#6878 = AXIS2_PLACEMENT_3D('',#6879,#6880,#6881);
#6879 = CARTESIAN_POINT('',(-0.45,-7.02,8.35));
#6880 = DIRECTION('',(0.707106781187,-7.850462293414E-17,0.707106781187)
  );
#6881 = DIRECTION('',(-1.110223024625E-16,-1.,2.680278185005E-29));
#6882 = ADVANCED_FACE('',(#6883),#6894,.T.);
#6883 = FACE_BOUND('',#6884,.T.);
#6884 = EDGE_LOOP('',(#6885,#6886,#6887,#6888));
#6885 = ORIENTED_EDGE('',*,*,#6864,.F.);
#6886 = ORIENTED_EDGE('',*,*,#5683,.T.);
#6887 = ORIENTED_EDGE('',*,*,#6807,.T.);
#6888 = ORIENTED_EDGE('',*,*,#6889,.F.);
#6889 = EDGE_CURVE('',#6865,#6808,#6890,.T.);
#6890 = LINE('',#6891,#6892);
#6891 = CARTESIAN_POINT('',(-0.6,-7.92,8.2));
#6892 = VECTOR('',#6893,1.);
#6893 = DIRECTION('',(1.,-1.110223024625E-16,0.));
#6894 = PLANE('',#6895);
#6895 = AXIS2_PLACEMENT_3D('',#6896,#6897,#6898);
#6896 = CARTESIAN_POINT('',(-0.6,-8.07,8.35));
#6897 = DIRECTION('',(7.850462293414E-17,0.707106781187,0.707106781187)
  );
#6898 = DIRECTION('',(1.,-1.110223024625E-16,2.680278185005E-29));
#6899 = ADVANCED_FACE('',(#6900),#6925,.T.);
#6900 = FACE_BOUND('',#6901,.T.);
#6901 = EDGE_LOOP('',(#6902,#6910,#6911,#6919));
#6902 = ORIENTED_EDGE('',*,*,#6903,.F.);
#6903 = EDGE_CURVE('',#5708,#6904,#6906,.T.);
#6904 = VERTEX_POINT('',#6905);
#6905 = CARTESIAN_POINT('',(0.3,-5.38,8.2));
#6906 = LINE('',#6907,#6908);
#6907 = CARTESIAN_POINT('',(0.3,-5.38,8.2));
#6908 = VECTOR('',#6909,1.);
#6909 = DIRECTION('',(-0.57735026919,0.57735026919,-0.57735026919));
#6910 = ORIENTED_EDGE('',*,*,#5707,.T.);
#6911 = ORIENTED_EDGE('',*,*,#6912,.T.);
#6912 = EDGE_CURVE('',#5710,#6913,#6915,.T.);
#6913 = VERTEX_POINT('',#6914);
#6914 = CARTESIAN_POINT('',(0.3,-4.78,8.2));
#6915 = LINE('',#6916,#6917);
#6916 = CARTESIAN_POINT('',(0.3,-4.78,8.2));
#6917 = VECTOR('',#6918,1.);
#6918 = DIRECTION('',(-0.57735026919,-0.57735026919,-0.57735026919));
#6919 = ORIENTED_EDGE('',*,*,#6920,.F.);
#6920 = EDGE_CURVE('',#6904,#6913,#6921,.T.);
#6921 = LINE('',#6922,#6923);
#6922 = CARTESIAN_POINT('',(0.3,-5.68,8.2));
#6923 = VECTOR('',#6924,1.);
#6924 = DIRECTION('',(1.110223024625E-16,1.,0.));
#6925 = PLANE('',#6926);
#6926 = AXIS2_PLACEMENT_3D('',#6927,#6928,#6929);
#6927 = CARTESIAN_POINT('',(0.45,-5.68,8.35));
#6928 = DIRECTION('',(-0.707106781187,7.850462293414E-17,0.707106781187)
  );
#6929 = DIRECTION('',(1.110223024625E-16,1.,2.680278185005E-29));
#6930 = ADVANCED_FACE('',(#6931),#6949,.T.);
#6931 = FACE_BOUND('',#6932,.T.);
#6932 = EDGE_LOOP('',(#6933,#6934,#6935,#6943));
#6933 = ORIENTED_EDGE('',*,*,#6912,.F.);
#6934 = ORIENTED_EDGE('',*,*,#5733,.T.);
#6935 = ORIENTED_EDGE('',*,*,#6936,.T.);
#6936 = EDGE_CURVE('',#5726,#6937,#6939,.T.);
#6937 = VERTEX_POINT('',#6938);
#6938 = CARTESIAN_POINT('',(-0.3,-4.78,8.2));
#6939 = LINE('',#6940,#6941);
#6940 = CARTESIAN_POINT('',(-0.3,-4.78,8.2));
#6941 = VECTOR('',#6942,1.);
#6942 = DIRECTION('',(0.57735026919,-0.57735026919,-0.57735026919));
#6943 = ORIENTED_EDGE('',*,*,#6944,.F.);
#6944 = EDGE_CURVE('',#6913,#6937,#6945,.T.);
#6945 = LINE('',#6946,#6947);
#6946 = CARTESIAN_POINT('',(0.6,-4.78,8.2));
#6947 = VECTOR('',#6948,1.);
#6948 = DIRECTION('',(-1.,1.110223024625E-16,0.));
#6949 = PLANE('',#6950);
#6950 = AXIS2_PLACEMENT_3D('',#6951,#6952,#6953);
#6951 = CARTESIAN_POINT('',(0.6,-4.63,8.35));
#6952 = DIRECTION('',(-7.850462293414E-17,-0.707106781187,0.707106781187
    ));
#6953 = DIRECTION('',(-1.,1.110223024625E-16,2.680278185005E-29));
#6954 = ADVANCED_FACE('',(#6955),#6973,.T.);
#6955 = FACE_BOUND('',#6956,.T.);
#6956 = EDGE_LOOP('',(#6957,#6958,#6959,#6967));
#6957 = ORIENTED_EDGE('',*,*,#6936,.F.);
#6958 = ORIENTED_EDGE('',*,*,#5725,.T.);
#6959 = ORIENTED_EDGE('',*,*,#6960,.T.);
#6960 = EDGE_CURVE('',#5718,#6961,#6963,.T.);
#6961 = VERTEX_POINT('',#6962);
#6962 = CARTESIAN_POINT('',(-0.3,-5.38,8.2));
#6963 = LINE('',#6964,#6965);
#6964 = CARTESIAN_POINT('',(-0.3,-5.38,8.2));
#6965 = VECTOR('',#6966,1.);
#6966 = DIRECTION('',(0.57735026919,0.57735026919,-0.57735026919));
#6967 = ORIENTED_EDGE('',*,*,#6968,.F.);
#6968 = EDGE_CURVE('',#6937,#6961,#6969,.T.);
#6969 = LINE('',#6970,#6971);
#6970 = CARTESIAN_POINT('',(-0.3,-4.48,8.2));
#6971 = VECTOR('',#6972,1.);
#6972 = DIRECTION('',(-1.110223024625E-16,-1.,0.));
#6973 = PLANE('',#6974);
#6974 = AXIS2_PLACEMENT_3D('',#6975,#6976,#6977);
#6975 = CARTESIAN_POINT('',(-0.45,-4.48,8.35));
#6976 = DIRECTION('',(0.707106781187,-7.850462293414E-17,0.707106781187)
  );
#6977 = DIRECTION('',(-1.110223024625E-16,-1.,2.680278185005E-29));
#6978 = ADVANCED_FACE('',(#6979),#6990,.T.);
#6979 = FACE_BOUND('',#6980,.T.);
#6980 = EDGE_LOOP('',(#6981,#6982,#6983,#6984));
#6981 = ORIENTED_EDGE('',*,*,#6960,.F.);
#6982 = ORIENTED_EDGE('',*,*,#5717,.T.);
#6983 = ORIENTED_EDGE('',*,*,#6903,.T.);
#6984 = ORIENTED_EDGE('',*,*,#6985,.F.);
#6985 = EDGE_CURVE('',#6961,#6904,#6986,.T.);
#6986 = LINE('',#6987,#6988);
#6987 = CARTESIAN_POINT('',(-0.6,-5.38,8.2));
#6988 = VECTOR('',#6989,1.);
#6989 = DIRECTION('',(1.,-1.110223024625E-16,0.));
#6990 = PLANE('',#6991);
#6991 = AXIS2_PLACEMENT_3D('',#6992,#6993,#6994);
#6992 = CARTESIAN_POINT('',(-0.6,-5.53,8.35));
#6993 = DIRECTION('',(7.850462293414E-17,0.707106781187,0.707106781187)
  );
#6994 = DIRECTION('',(1.,-1.110223024625E-16,2.680278185005E-29));
#6995 = ADVANCED_FACE('',(#6996),#7021,.T.);
#6996 = FACE_BOUND('',#6997,.T.);
#6997 = EDGE_LOOP('',(#6998,#7006,#7007,#7015));
#6998 = ORIENTED_EDGE('',*,*,#6999,.F.);
#6999 = EDGE_CURVE('',#5742,#7000,#7002,.T.);
#7000 = VERTEX_POINT('',#7001);
#7001 = CARTESIAN_POINT('',(0.3,-2.84,8.2));
#7002 = LINE('',#7003,#7004);
#7003 = CARTESIAN_POINT('',(0.3,-2.84,8.2));
#7004 = VECTOR('',#7005,1.);
#7005 = DIRECTION('',(-0.57735026919,0.57735026919,-0.57735026919));
#7006 = ORIENTED_EDGE('',*,*,#5741,.T.);
#7007 = ORIENTED_EDGE('',*,*,#7008,.T.);
#7008 = EDGE_CURVE('',#5744,#7009,#7011,.T.);
#7009 = VERTEX_POINT('',#7010);
#7010 = CARTESIAN_POINT('',(0.3,-2.24,8.2));
#7011 = LINE('',#7012,#7013);
#7012 = CARTESIAN_POINT('',(0.3,-2.24,8.2));
#7013 = VECTOR('',#7014,1.);
#7014 = DIRECTION('',(-0.57735026919,-0.57735026919,-0.57735026919));
#7015 = ORIENTED_EDGE('',*,*,#7016,.F.);
#7016 = EDGE_CURVE('',#7000,#7009,#7017,.T.);
#7017 = LINE('',#7018,#7019);
#7018 = CARTESIAN_POINT('',(0.3,-3.14,8.2));
#7019 = VECTOR('',#7020,1.);
#7020 = DIRECTION('',(1.110223024625E-16,1.,0.));
#7021 = PLANE('',#7022);
#7022 = AXIS2_PLACEMENT_3D('',#7023,#7024,#7025);
#7023 = CARTESIAN_POINT('',(0.45,-3.14,8.35));
#7024 = DIRECTION('',(-0.707106781187,7.850462293414E-17,0.707106781187)
  );
#7025 = DIRECTION('',(1.110223024625E-16,1.,2.680278185005E-29));
#7026 = ADVANCED_FACE('',(#7027),#7045,.T.);
#7027 = FACE_BOUND('',#7028,.T.);
#7028 = EDGE_LOOP('',(#7029,#7030,#7031,#7039));
#7029 = ORIENTED_EDGE('',*,*,#7008,.F.);
#7030 = ORIENTED_EDGE('',*,*,#5767,.T.);
#7031 = ORIENTED_EDGE('',*,*,#7032,.T.);
#7032 = EDGE_CURVE('',#5760,#7033,#7035,.T.);
#7033 = VERTEX_POINT('',#7034);
#7034 = CARTESIAN_POINT('',(-0.3,-2.24,8.2));
#7035 = LINE('',#7036,#7037);
#7036 = CARTESIAN_POINT('',(-0.3,-2.24,8.2));
#7037 = VECTOR('',#7038,1.);
#7038 = DIRECTION('',(0.57735026919,-0.57735026919,-0.57735026919));
#7039 = ORIENTED_EDGE('',*,*,#7040,.F.);
#7040 = EDGE_CURVE('',#7009,#7033,#7041,.T.);
#7041 = LINE('',#7042,#7043);
#7042 = CARTESIAN_POINT('',(0.6,-2.24,8.2));
#7043 = VECTOR('',#7044,1.);
#7044 = DIRECTION('',(-1.,1.110223024625E-16,0.));
#7045 = PLANE('',#7046);
#7046 = AXIS2_PLACEMENT_3D('',#7047,#7048,#7049);
#7047 = CARTESIAN_POINT('',(0.6,-2.09,8.35));
#7048 = DIRECTION('',(-7.850462293414E-17,-0.707106781187,0.707106781187
    ));
#7049 = DIRECTION('',(-1.,1.110223024625E-16,2.680278185005E-29));
#7050 = ADVANCED_FACE('',(#7051),#7069,.T.);
#7051 = FACE_BOUND('',#7052,.T.);
#7052 = EDGE_LOOP('',(#7053,#7054,#7055,#7063));
#7053 = ORIENTED_EDGE('',*,*,#7032,.F.);
#7054 = ORIENTED_EDGE('',*,*,#5759,.T.);
#7055 = ORIENTED_EDGE('',*,*,#7056,.T.);
#7056 = EDGE_CURVE('',#5752,#7057,#7059,.T.);
#7057 = VERTEX_POINT('',#7058);
#7058 = CARTESIAN_POINT('',(-0.3,-2.84,8.2));
#7059 = LINE('',#7060,#7061);
#7060 = CARTESIAN_POINT('',(-0.3,-2.84,8.2));
#7061 = VECTOR('',#7062,1.);
#7062 = DIRECTION('',(0.57735026919,0.57735026919,-0.57735026919));
#7063 = ORIENTED_EDGE('',*,*,#7064,.F.);
#7064 = EDGE_CURVE('',#7033,#7057,#7065,.T.);
#7065 = LINE('',#7066,#7067);
#7066 = CARTESIAN_POINT('',(-0.3,-1.94,8.2));
#7067 = VECTOR('',#7068,1.);
#7068 = DIRECTION('',(-1.110223024625E-16,-1.,0.));
#7069 = PLANE('',#7070);
#7070 = AXIS2_PLACEMENT_3D('',#7071,#7072,#7073);
#7071 = CARTESIAN_POINT('',(-0.45,-1.94,8.35));
#7072 = DIRECTION('',(0.707106781187,-7.850462293414E-17,0.707106781187)
  );
#7073 = DIRECTION('',(-1.110223024625E-16,-1.,2.680278185005E-29));
#7074 = ADVANCED_FACE('',(#7075),#7086,.T.);
#7075 = FACE_BOUND('',#7076,.T.);
#7076 = EDGE_LOOP('',(#7077,#7078,#7079,#7080));
#7077 = ORIENTED_EDGE('',*,*,#7056,.F.);
#7078 = ORIENTED_EDGE('',*,*,#5751,.T.);
#7079 = ORIENTED_EDGE('',*,*,#6999,.T.);
#7080 = ORIENTED_EDGE('',*,*,#7081,.F.);
#7081 = EDGE_CURVE('',#7057,#7000,#7082,.T.);
#7082 = LINE('',#7083,#7084);
#7083 = CARTESIAN_POINT('',(-0.6,-2.84,8.2));
#7084 = VECTOR('',#7085,1.);
#7085 = DIRECTION('',(1.,-1.110223024625E-16,0.));
#7086 = PLANE('',#7087);
#7087 = AXIS2_PLACEMENT_3D('',#7088,#7089,#7090);
#7088 = CARTESIAN_POINT('',(-0.6,-2.99,8.35));
#7089 = DIRECTION('',(7.850462293414E-17,0.707106781187,0.707106781187)
  );
#7090 = DIRECTION('',(1.,-1.110223024625E-16,2.680278185005E-29));
#7091 = ADVANCED_FACE('',(#7092),#7117,.T.);
#7092 = FACE_BOUND('',#7093,.T.);
#7093 = EDGE_LOOP('',(#7094,#7102,#7103,#7111));
#7094 = ORIENTED_EDGE('',*,*,#7095,.F.);
#7095 = EDGE_CURVE('',#5776,#7096,#7098,.T.);
#7096 = VERTEX_POINT('',#7097);
#7097 = CARTESIAN_POINT('',(0.3,-0.3,8.2));
#7098 = LINE('',#7099,#7100);
#7099 = CARTESIAN_POINT('',(0.3,-0.3,8.2));
#7100 = VECTOR('',#7101,1.);
#7101 = DIRECTION('',(-0.57735026919,0.57735026919,-0.57735026919));
#7102 = ORIENTED_EDGE('',*,*,#5775,.T.);
#7103 = ORIENTED_EDGE('',*,*,#7104,.T.);
#7104 = EDGE_CURVE('',#5778,#7105,#7107,.T.);
#7105 = VERTEX_POINT('',#7106);
#7106 = CARTESIAN_POINT('',(0.3,0.3,8.2));
#7107 = LINE('',#7108,#7109);
#7108 = CARTESIAN_POINT('',(0.3,0.3,8.2));
#7109 = VECTOR('',#7110,1.);
#7110 = DIRECTION('',(-0.57735026919,-0.57735026919,-0.57735026919));
#7111 = ORIENTED_EDGE('',*,*,#7112,.F.);
#7112 = EDGE_CURVE('',#7096,#7105,#7113,.T.);
#7113 = LINE('',#7114,#7115);
#7114 = CARTESIAN_POINT('',(0.3,-0.6,8.2));
#7115 = VECTOR('',#7116,1.);
#7116 = DIRECTION('',(1.110223024625E-16,1.,0.));
#7117 = PLANE('',#7118);
#7118 = AXIS2_PLACEMENT_3D('',#7119,#7120,#7121);
#7119 = CARTESIAN_POINT('',(0.45,-0.6,8.35));
#7120 = DIRECTION('',(-0.707106781187,7.850462293414E-17,0.707106781187)
  );
#7121 = DIRECTION('',(1.110223024625E-16,1.,2.680278185005E-29));
#7122 = ADVANCED_FACE('',(#7123),#7141,.T.);
#7123 = FACE_BOUND('',#7124,.T.);
#7124 = EDGE_LOOP('',(#7125,#7126,#7127,#7135));
#7125 = ORIENTED_EDGE('',*,*,#7104,.F.);
#7126 = ORIENTED_EDGE('',*,*,#5801,.T.);
#7127 = ORIENTED_EDGE('',*,*,#7128,.T.);
#7128 = EDGE_CURVE('',#5794,#7129,#7131,.T.);
#7129 = VERTEX_POINT('',#7130);
#7130 = CARTESIAN_POINT('',(-0.3,0.3,8.2));
#7131 = LINE('',#7132,#7133);
#7132 = CARTESIAN_POINT('',(-0.3,0.3,8.2));
#7133 = VECTOR('',#7134,1.);
#7134 = DIRECTION('',(0.57735026919,-0.57735026919,-0.57735026919));
#7135 = ORIENTED_EDGE('',*,*,#7136,.F.);
#7136 = EDGE_CURVE('',#7105,#7129,#7137,.T.);
#7137 = LINE('',#7138,#7139);
#7138 = CARTESIAN_POINT('',(0.6,0.3,8.2));
#7139 = VECTOR('',#7140,1.);
#7140 = DIRECTION('',(-1.,1.110223024625E-16,0.));
#7141 = PLANE('',#7142);
#7142 = AXIS2_PLACEMENT_3D('',#7143,#7144,#7145);
#7143 = CARTESIAN_POINT('',(0.6,0.45,8.35));
#7144 = DIRECTION('',(-7.850462293414E-17,-0.707106781187,0.707106781187
    ));
#7145 = DIRECTION('',(-1.,1.110223024625E-16,2.680278185005E-29));
#7146 = ADVANCED_FACE('',(#7147),#7165,.T.);
#7147 = FACE_BOUND('',#7148,.T.);
#7148 = EDGE_LOOP('',(#7149,#7150,#7151,#7159));
#7149 = ORIENTED_EDGE('',*,*,#7128,.F.);
#7150 = ORIENTED_EDGE('',*,*,#5793,.T.);
#7151 = ORIENTED_EDGE('',*,*,#7152,.T.);
#7152 = EDGE_CURVE('',#5786,#7153,#7155,.T.);
#7153 = VERTEX_POINT('',#7154);
#7154 = CARTESIAN_POINT('',(-0.3,-0.3,8.2));
#7155 = LINE('',#7156,#7157);
#7156 = CARTESIAN_POINT('',(-0.3,-0.3,8.2));
#7157 = VECTOR('',#7158,1.);
#7158 = DIRECTION('',(0.57735026919,0.57735026919,-0.57735026919));
#7159 = ORIENTED_EDGE('',*,*,#7160,.F.);
#7160 = EDGE_CURVE('',#7129,#7153,#7161,.T.);
#7161 = LINE('',#7162,#7163);
#7162 = CARTESIAN_POINT('',(-0.3,0.6,8.2));
#7163 = VECTOR('',#7164,1.);
#7164 = DIRECTION('',(-1.110223024625E-16,-1.,0.));
#7165 = PLANE('',#7166);
#7166 = AXIS2_PLACEMENT_3D('',#7167,#7168,#7169);
#7167 = CARTESIAN_POINT('',(-0.45,0.6,8.35));
#7168 = DIRECTION('',(0.707106781187,-7.850462293414E-17,0.707106781187)
  );
#7169 = DIRECTION('',(-1.110223024625E-16,-1.,2.680278185005E-29));
#7170 = ADVANCED_FACE('',(#7171),#7182,.T.);
#7171 = FACE_BOUND('',#7172,.T.);
#7172 = EDGE_LOOP('',(#7173,#7174,#7175,#7176));
#7173 = ORIENTED_EDGE('',*,*,#7152,.F.);
#7174 = ORIENTED_EDGE('',*,*,#5785,.T.);
#7175 = ORIENTED_EDGE('',*,*,#7095,.T.);
#7176 = ORIENTED_EDGE('',*,*,#7177,.F.);
#7177 = EDGE_CURVE('',#7153,#7096,#7178,.T.);
#7178 = LINE('',#7179,#7180);
#7179 = CARTESIAN_POINT('',(-0.6,-0.3,8.2));
#7180 = VECTOR('',#7181,1.);
#7181 = DIRECTION('',(1.,-1.110223024625E-16,0.));
#7182 = PLANE('',#7183);
#7183 = AXIS2_PLACEMENT_3D('',#7184,#7185,#7186);
#7184 = CARTESIAN_POINT('',(-0.6,-0.45,8.35));
#7185 = DIRECTION('',(7.850462293414E-17,0.707106781187,0.707106781187)
  );
#7186 = DIRECTION('',(1.,-1.110223024625E-16,2.680278185005E-29));
#7187 = ADVANCED_FACE('',(#7188),#7199,.T.);
#7188 = FACE_BOUND('',#7189,.T.);
#7189 = EDGE_LOOP('',(#7190,#7191,#7192,#7198));
#7190 = ORIENTED_EDGE('',*,*,#5865,.F.);
#7191 = ORIENTED_EDGE('',*,*,#5875,.T.);
#7192 = ORIENTED_EDGE('',*,*,#7193,.T.);
#7193 = EDGE_CURVE('',#5876,#5916,#7194,.T.);
#7194 = LINE('',#7195,#7196);
#7195 = CARTESIAN_POINT('',(-0.1,-18.08,0.2));
#7196 = VECTOR('',#7197,1.);
#7197 = DIRECTION('',(1.,-1.110223024625E-16,0.));
#7198 = ORIENTED_EDGE('',*,*,#5923,.T.);
#7199 = PLANE('',#7200);
#7200 = AXIS2_PLACEMENT_3D('',#7201,#7202,#7203);
#7201 = CARTESIAN_POINT('',(-0.1,-18.08,0.2));
#7202 = DIRECTION('',(0.,-0.,-1.));
#7203 = DIRECTION('',(-1.110223024625E-16,-1.,0.));
#7204 = ADVANCED_FACE('',(#7205),#7246,.F.);
#7205 = FACE_BOUND('',#7206,.F.);
#7206 = EDGE_LOOP('',(#7207,#7215,#7216,#7224,#7232,#7240));
#7207 = ORIENTED_EDGE('',*,*,#7208,.T.);
#7208 = EDGE_CURVE('',#7209,#5916,#7211,.T.);
#7209 = VERTEX_POINT('',#7210);
#7210 = CARTESIAN_POINT('',(0.1,-18.08,-2.5));
#7211 = LINE('',#7212,#7213);
#7212 = CARTESIAN_POINT('',(0.1,-18.08,-2.5));
#7213 = VECTOR('',#7214,1.);
#7214 = DIRECTION('',(0.,0.,1.));
#7215 = ORIENTED_EDGE('',*,*,#5915,.F.);
#7216 = ORIENTED_EDGE('',*,*,#7217,.T.);
#7217 = EDGE_CURVE('',#5908,#7218,#7220,.T.);
#7218 = VERTEX_POINT('',#7219);
#7219 = CARTESIAN_POINT('',(0.1,-17.48,-2.5));
#7220 = LINE('',#7221,#7222);
#7221 = CARTESIAN_POINT('',(0.1,-17.48,0.2));
#7222 = VECTOR('',#7223,1.);
#7223 = DIRECTION('',(0.,0.,-1.));
#7224 = ORIENTED_EDGE('',*,*,#7225,.T.);
#7225 = EDGE_CURVE('',#7218,#7226,#7228,.T.);
#7226 = VERTEX_POINT('',#7227);
#7227 = CARTESIAN_POINT('',(0.1,-17.63,-3.1));
#7228 = LINE('',#7229,#7230);
#7229 = CARTESIAN_POINT('',(0.1,-17.48,-2.5));
#7230 = VECTOR('',#7231,1.);
#7231 = DIRECTION('',(-2.692686352073E-17,-0.242535625036,
    -0.970142500145));
#7232 = ORIENTED_EDGE('',*,*,#7233,.T.);
#7233 = EDGE_CURVE('',#7226,#7234,#7236,.T.);
#7234 = VERTEX_POINT('',#7235);
#7235 = CARTESIAN_POINT('',(0.1,-17.93,-3.1));
#7236 = LINE('',#7237,#7238);
#7237 = CARTESIAN_POINT('',(0.1,-17.63,-3.1));
#7238 = VECTOR('',#7239,1.);
#7239 = DIRECTION('',(-1.110223024625E-16,-1.,0.));
#7240 = ORIENTED_EDGE('',*,*,#7241,.T.);
#7241 = EDGE_CURVE('',#7234,#7209,#7242,.T.);
#7242 = LINE('',#7243,#7244);
#7243 = CARTESIAN_POINT('',(0.1,-17.93,-3.1));
#7244 = VECTOR('',#7245,1.);
#7245 = DIRECTION('',(-2.692686352073E-17,-0.242535625036,0.970142500145
    ));
#7246 = PLANE('',#7247);
#7247 = AXIS2_PLACEMENT_3D('',#7248,#7249,#7250);
#7248 = CARTESIAN_POINT('',(0.1,-17.78,3.911477598424));
#7249 = DIRECTION('',(-1.,1.110223024625E-16,0.));
#7250 = DIRECTION('',(0.,0.,1.));
#7251 = ADVANCED_FACE('',(#7252),#7263,.T.);
#7252 = FACE_BOUND('',#7253,.T.);
#7253 = EDGE_LOOP('',(#7254,#7260,#7261,#7262));
#7254 = ORIENTED_EDGE('',*,*,#7255,.F.);
#7255 = EDGE_CURVE('',#5884,#5908,#7256,.T.);
#7256 = LINE('',#7257,#7258);
#7257 = CARTESIAN_POINT('',(-0.1,-17.48,0.2));
#7258 = VECTOR('',#7259,1.);
#7259 = DIRECTION('',(1.,-1.110223024625E-16,0.));
#7260 = ORIENTED_EDGE('',*,*,#5891,.T.);
#7261 = ORIENTED_EDGE('',*,*,#5899,.T.);
#7262 = ORIENTED_EDGE('',*,*,#5907,.T.);
#7263 = PLANE('',#7264);
#7264 = AXIS2_PLACEMENT_3D('',#7265,#7266,#7267);
#7265 = CARTESIAN_POINT('',(-0.1,-18.08,0.2));
#7266 = DIRECTION('',(0.,-0.,-1.));
#7267 = DIRECTION('',(-1.110223024625E-16,-1.,0.));
#7268 = ADVANCED_FACE('',(#7269),#7310,.T.);
#7269 = FACE_BOUND('',#7270,.T.);
#7270 = EDGE_LOOP('',(#7271,#7279,#7280,#7288,#7296,#7304));
#7271 = ORIENTED_EDGE('',*,*,#7272,.T.);
#7272 = EDGE_CURVE('',#7273,#5876,#7275,.T.);
#7273 = VERTEX_POINT('',#7274);
#7274 = CARTESIAN_POINT('',(-0.1,-18.08,-2.5));
#7275 = LINE('',#7276,#7277);
#7276 = CARTESIAN_POINT('',(-0.1,-18.08,-2.5));
#7277 = VECTOR('',#7278,1.);
#7278 = DIRECTION('',(0.,0.,1.));
#7279 = ORIENTED_EDGE('',*,*,#5883,.F.);
#7280 = ORIENTED_EDGE('',*,*,#7281,.T.);
#7281 = EDGE_CURVE('',#5884,#7282,#7284,.T.);
#7282 = VERTEX_POINT('',#7283);
#7283 = CARTESIAN_POINT('',(-0.1,-17.48,-2.5));
#7284 = LINE('',#7285,#7286);
#7285 = CARTESIAN_POINT('',(-0.1,-17.48,0.2));
#7286 = VECTOR('',#7287,1.);
#7287 = DIRECTION('',(0.,0.,-1.));
#7288 = ORIENTED_EDGE('',*,*,#7289,.T.);
#7289 = EDGE_CURVE('',#7282,#7290,#7292,.T.);
#7290 = VERTEX_POINT('',#7291);
#7291 = CARTESIAN_POINT('',(-0.1,-17.63,-3.1));
#7292 = LINE('',#7293,#7294);
#7293 = CARTESIAN_POINT('',(-0.1,-17.48,-2.5));
#7294 = VECTOR('',#7295,1.);
#7295 = DIRECTION('',(-2.692686352073E-17,-0.242535625036,
    -0.970142500145));
#7296 = ORIENTED_EDGE('',*,*,#7297,.F.);
#7297 = EDGE_CURVE('',#7298,#7290,#7300,.T.);
#7298 = VERTEX_POINT('',#7299);
#7299 = CARTESIAN_POINT('',(-0.1,-17.93,-3.1));
#7300 = LINE('',#7301,#7302);
#7301 = CARTESIAN_POINT('',(-0.1,-17.93,-3.1));
#7302 = VECTOR('',#7303,1.);
#7303 = DIRECTION('',(1.110223024625E-16,1.,0.));
#7304 = ORIENTED_EDGE('',*,*,#7305,.T.);
#7305 = EDGE_CURVE('',#7298,#7273,#7306,.T.);
#7306 = LINE('',#7307,#7308);
#7307 = CARTESIAN_POINT('',(-0.1,-17.93,-3.1));
#7308 = VECTOR('',#7309,1.);
#7309 = DIRECTION('',(-2.692686352073E-17,-0.242535625036,0.970142500145
    ));
#7310 = PLANE('',#7311);
#7311 = AXIS2_PLACEMENT_3D('',#7312,#7313,#7314);
#7312 = CARTESIAN_POINT('',(-0.1,-17.78,3.911477598424));
#7313 = DIRECTION('',(-1.,1.110223024625E-16,0.));
#7314 = DIRECTION('',(0.,0.,1.));
#7315 = ADVANCED_FACE('',(#7316),#7327,.T.);
#7316 = FACE_BOUND('',#7317,.T.);
#7317 = EDGE_LOOP('',(#7318,#7319,#7320,#7326));
#7318 = ORIENTED_EDGE('',*,*,#5931,.F.);
#7319 = ORIENTED_EDGE('',*,*,#5941,.T.);
#7320 = ORIENTED_EDGE('',*,*,#7321,.T.);
#7321 = EDGE_CURVE('',#5942,#5982,#7322,.T.);
#7322 = LINE('',#7323,#7324);
#7323 = CARTESIAN_POINT('',(-0.1,-15.54,0.2));
#7324 = VECTOR('',#7325,1.);
#7325 = DIRECTION('',(1.,-1.110223024625E-16,0.));
#7326 = ORIENTED_EDGE('',*,*,#5989,.T.);
#7327 = PLANE('',#7328);
#7328 = AXIS2_PLACEMENT_3D('',#7329,#7330,#7331);
#7329 = CARTESIAN_POINT('',(-0.1,-15.54,0.2));
#7330 = DIRECTION('',(0.,-0.,-1.));
#7331 = DIRECTION('',(-1.110223024625E-16,-1.,0.));
#7332 = ADVANCED_FACE('',(#7333),#7374,.F.);
#7333 = FACE_BOUND('',#7334,.F.);
#7334 = EDGE_LOOP('',(#7335,#7343,#7344,#7352,#7360,#7368));
#7335 = ORIENTED_EDGE('',*,*,#7336,.T.);
#7336 = EDGE_CURVE('',#7337,#5982,#7339,.T.);
#7337 = VERTEX_POINT('',#7338);
#7338 = CARTESIAN_POINT('',(0.1,-15.54,-2.5));
#7339 = LINE('',#7340,#7341);
#7340 = CARTESIAN_POINT('',(0.1,-15.54,-2.5));
#7341 = VECTOR('',#7342,1.);
#7342 = DIRECTION('',(0.,0.,1.));
#7343 = ORIENTED_EDGE('',*,*,#5981,.F.);
#7344 = ORIENTED_EDGE('',*,*,#7345,.T.);
#7345 = EDGE_CURVE('',#5974,#7346,#7348,.T.);
#7346 = VERTEX_POINT('',#7347);
#7347 = CARTESIAN_POINT('',(0.1,-14.94,-2.5));
#7348 = LINE('',#7349,#7350);
#7349 = CARTESIAN_POINT('',(0.1,-14.94,0.2));
#7350 = VECTOR('',#7351,1.);
#7351 = DIRECTION('',(0.,0.,-1.));
#7352 = ORIENTED_EDGE('',*,*,#7353,.T.);
#7353 = EDGE_CURVE('',#7346,#7354,#7356,.T.);
#7354 = VERTEX_POINT('',#7355);
#7355 = CARTESIAN_POINT('',(0.1,-15.09,-3.1));
#7356 = LINE('',#7357,#7358);
#7357 = CARTESIAN_POINT('',(0.1,-14.94,-2.5));
#7358 = VECTOR('',#7359,1.);
#7359 = DIRECTION('',(-2.692686352073E-17,-0.242535625036,
    -0.970142500145));
#7360 = ORIENTED_EDGE('',*,*,#7361,.T.);
#7361 = EDGE_CURVE('',#7354,#7362,#7364,.T.);
#7362 = VERTEX_POINT('',#7363);
#7363 = CARTESIAN_POINT('',(0.1,-15.39,-3.1));
#7364 = LINE('',#7365,#7366);
#7365 = CARTESIAN_POINT('',(0.1,-15.09,-3.1));
#7366 = VECTOR('',#7367,1.);
#7367 = DIRECTION('',(-1.110223024625E-16,-1.,0.));
#7368 = ORIENTED_EDGE('',*,*,#7369,.T.);
#7369 = EDGE_CURVE('',#7362,#7337,#7370,.T.);
#7370 = LINE('',#7371,#7372);
#7371 = CARTESIAN_POINT('',(0.1,-15.39,-3.1));
#7372 = VECTOR('',#7373,1.);
#7373 = DIRECTION('',(-2.692686352073E-17,-0.242535625036,0.970142500145
    ));
#7374 = PLANE('',#7375);
#7375 = AXIS2_PLACEMENT_3D('',#7376,#7377,#7378);
#7376 = CARTESIAN_POINT('',(0.1,-15.24,3.911477598424));
#7377 = DIRECTION('',(-1.,1.110223024625E-16,0.));
#7378 = DIRECTION('',(0.,0.,1.));
#7379 = ADVANCED_FACE('',(#7380),#7391,.T.);
#7380 = FACE_BOUND('',#7381,.T.);
#7381 = EDGE_LOOP('',(#7382,#7388,#7389,#7390));
#7382 = ORIENTED_EDGE('',*,*,#7383,.F.);
#7383 = EDGE_CURVE('',#5950,#5974,#7384,.T.);
#7384 = LINE('',#7385,#7386);
#7385 = CARTESIAN_POINT('',(-0.1,-14.94,0.2));
#7386 = VECTOR('',#7387,1.);
#7387 = DIRECTION('',(1.,-1.110223024625E-16,0.));
#7388 = ORIENTED_EDGE('',*,*,#5957,.T.);
#7389 = ORIENTED_EDGE('',*,*,#5965,.T.);
#7390 = ORIENTED_EDGE('',*,*,#5973,.T.);
#7391 = PLANE('',#7392);
#7392 = AXIS2_PLACEMENT_3D('',#7393,#7394,#7395);
#7393 = CARTESIAN_POINT('',(-0.1,-15.54,0.2));
#7394 = DIRECTION('',(0.,-0.,-1.));
#7395 = DIRECTION('',(-1.110223024625E-16,-1.,0.));
#7396 = ADVANCED_FACE('',(#7397),#7438,.T.);
#7397 = FACE_BOUND('',#7398,.T.);
#7398 = EDGE_LOOP('',(#7399,#7407,#7408,#7416,#7424,#7432));
#7399 = ORIENTED_EDGE('',*,*,#7400,.T.);
#7400 = EDGE_CURVE('',#7401,#5942,#7403,.T.);
#7401 = VERTEX_POINT('',#7402);
#7402 = CARTESIAN_POINT('',(-0.1,-15.54,-2.5));
#7403 = LINE('',#7404,#7405);
#7404 = CARTESIAN_POINT('',(-0.1,-15.54,-2.5));
#7405 = VECTOR('',#7406,1.);
#7406 = DIRECTION('',(0.,0.,1.));
#7407 = ORIENTED_EDGE('',*,*,#5949,.F.);
#7408 = ORIENTED_EDGE('',*,*,#7409,.T.);
#7409 = EDGE_CURVE('',#5950,#7410,#7412,.T.);
#7410 = VERTEX_POINT('',#7411);
#7411 = CARTESIAN_POINT('',(-0.1,-14.94,-2.5));
#7412 = LINE('',#7413,#7414);
#7413 = CARTESIAN_POINT('',(-0.1,-14.94,0.2));
#7414 = VECTOR('',#7415,1.);
#7415 = DIRECTION('',(0.,0.,-1.));
#7416 = ORIENTED_EDGE('',*,*,#7417,.T.);
#7417 = EDGE_CURVE('',#7410,#7418,#7420,.T.);
#7418 = VERTEX_POINT('',#7419);
#7419 = CARTESIAN_POINT('',(-0.1,-15.09,-3.1));
#7420 = LINE('',#7421,#7422);
#7421 = CARTESIAN_POINT('',(-0.1,-14.94,-2.5));
#7422 = VECTOR('',#7423,1.);
#7423 = DIRECTION('',(-2.692686352073E-17,-0.242535625036,
    -0.970142500145));
#7424 = ORIENTED_EDGE('',*,*,#7425,.F.);
#7425 = EDGE_CURVE('',#7426,#7418,#7428,.T.);
#7426 = VERTEX_POINT('',#7427);
#7427 = CARTESIAN_POINT('',(-0.1,-15.39,-3.1));
#7428 = LINE('',#7429,#7430);
#7429 = CARTESIAN_POINT('',(-0.1,-15.39,-3.1));
#7430 = VECTOR('',#7431,1.);
#7431 = DIRECTION('',(1.110223024625E-16,1.,0.));
#7432 = ORIENTED_EDGE('',*,*,#7433,.T.);
#7433 = EDGE_CURVE('',#7426,#7401,#7434,.T.);
#7434 = LINE('',#7435,#7436);
#7435 = CARTESIAN_POINT('',(-0.1,-15.39,-3.1));
#7436 = VECTOR('',#7437,1.);
#7437 = DIRECTION('',(-2.692686352073E-17,-0.242535625036,0.970142500145
    ));
#7438 = PLANE('',#7439);
#7439 = AXIS2_PLACEMENT_3D('',#7440,#7441,#7442);
#7440 = CARTESIAN_POINT('',(-0.1,-15.24,3.911477598424));
#7441 = DIRECTION('',(-1.,1.110223024625E-16,0.));
#7442 = DIRECTION('',(0.,0.,1.));
#7443 = ADVANCED_FACE('',(#7444),#7455,.T.);
#7444 = FACE_BOUND('',#7445,.T.);
#7445 = EDGE_LOOP('',(#7446,#7447,#7448,#7454));
#7446 = ORIENTED_EDGE('',*,*,#5997,.F.);
#7447 = ORIENTED_EDGE('',*,*,#6007,.T.);
#7448 = ORIENTED_EDGE('',*,*,#7449,.T.);
#7449 = EDGE_CURVE('',#6008,#6048,#7450,.T.);
#7450 = LINE('',#7451,#7452);
#7451 = CARTESIAN_POINT('',(-0.1,-13.,0.2));
#7452 = VECTOR('',#7453,1.);
#7453 = DIRECTION('',(1.,-1.110223024625E-16,0.));
#7454 = ORIENTED_EDGE('',*,*,#6055,.T.);
#7455 = PLANE('',#7456);
#7456 = AXIS2_PLACEMENT_3D('',#7457,#7458,#7459);
#7457 = CARTESIAN_POINT('',(-0.1,-13.,0.2));
#7458 = DIRECTION('',(0.,-0.,-1.));
#7459 = DIRECTION('',(-1.110223024625E-16,-1.,0.));
#7460 = ADVANCED_FACE('',(#7461),#7502,.F.);
#7461 = FACE_BOUND('',#7462,.F.);
#7462 = EDGE_LOOP('',(#7463,#7471,#7472,#7480,#7488,#7496));
#7463 = ORIENTED_EDGE('',*,*,#7464,.T.);
#7464 = EDGE_CURVE('',#7465,#6048,#7467,.T.);
#7465 = VERTEX_POINT('',#7466);
#7466 = CARTESIAN_POINT('',(0.1,-13.,-2.5));
#7467 = LINE('',#7468,#7469);
#7468 = CARTESIAN_POINT('',(0.1,-13.,-2.5));
#7469 = VECTOR('',#7470,1.);
#7470 = DIRECTION('',(0.,0.,1.));
#7471 = ORIENTED_EDGE('',*,*,#6047,.F.);
#7472 = ORIENTED_EDGE('',*,*,#7473,.T.);
#7473 = EDGE_CURVE('',#6040,#7474,#7476,.T.);
#7474 = VERTEX_POINT('',#7475);
#7475 = CARTESIAN_POINT('',(0.1,-12.4,-2.5));
#7476 = LINE('',#7477,#7478);
#7477 = CARTESIAN_POINT('',(0.1,-12.4,0.2));
#7478 = VECTOR('',#7479,1.);
#7479 = DIRECTION('',(0.,0.,-1.));
#7480 = ORIENTED_EDGE('',*,*,#7481,.T.);
#7481 = EDGE_CURVE('',#7474,#7482,#7484,.T.);
#7482 = VERTEX_POINT('',#7483);
#7483 = CARTESIAN_POINT('',(0.1,-12.55,-3.1));
#7484 = LINE('',#7485,#7486);
#7485 = CARTESIAN_POINT('',(0.1,-12.4,-2.5));
#7486 = VECTOR('',#7487,1.);
#7487 = DIRECTION('',(-2.692686352073E-17,-0.242535625036,
    -0.970142500145));
#7488 = ORIENTED_EDGE('',*,*,#7489,.T.);
#7489 = EDGE_CURVE('',#7482,#7490,#7492,.T.);
#7490 = VERTEX_POINT('',#7491);
#7491 = CARTESIAN_POINT('',(0.1,-12.85,-3.1));
#7492 = LINE('',#7493,#7494);
#7493 = CARTESIAN_POINT('',(0.1,-12.55,-3.1));
#7494 = VECTOR('',#7495,1.);
#7495 = DIRECTION('',(-1.110223024625E-16,-1.,0.));
#7496 = ORIENTED_EDGE('',*,*,#7497,.T.);
#7497 = EDGE_CURVE('',#7490,#7465,#7498,.T.);
#7498 = LINE('',#7499,#7500);
#7499 = CARTESIAN_POINT('',(0.1,-12.85,-3.1));
#7500 = VECTOR('',#7501,1.);
#7501 = DIRECTION('',(-2.692686352073E-17,-0.242535625036,0.970142500145
    ));
#7502 = PLANE('',#7503);
#7503 = AXIS2_PLACEMENT_3D('',#7504,#7505,#7506);
#7504 = CARTESIAN_POINT('',(0.1,-12.7,3.911477598424));
#7505 = DIRECTION('',(-1.,1.110223024625E-16,0.));
#7506 = DIRECTION('',(0.,0.,1.));
#7507 = ADVANCED_FACE('',(#7508),#7519,.T.);
#7508 = FACE_BOUND('',#7509,.T.);
#7509 = EDGE_LOOP('',(#7510,#7516,#7517,#7518));
#7510 = ORIENTED_EDGE('',*,*,#7511,.F.);
#7511 = EDGE_CURVE('',#6016,#6040,#7512,.T.);
#7512 = LINE('',#7513,#7514);
#7513 = CARTESIAN_POINT('',(-0.1,-12.4,0.2));
#7514 = VECTOR('',#7515,1.);
#7515 = DIRECTION('',(1.,-1.110223024625E-16,0.));
#7516 = ORIENTED_EDGE('',*,*,#6023,.T.);
#7517 = ORIENTED_EDGE('',*,*,#6031,.T.);
#7518 = ORIENTED_EDGE('',*,*,#6039,.T.);
#7519 = PLANE('',#7520);
#7520 = AXIS2_PLACEMENT_3D('',#7521,#7522,#7523);
#7521 = CARTESIAN_POINT('',(-0.1,-13.,0.2));
#7522 = DIRECTION('',(0.,-0.,-1.));
#7523 = DIRECTION('',(-1.110223024625E-16,-1.,0.));
#7524 = ADVANCED_FACE('',(#7525),#7566,.T.);
#7525 = FACE_BOUND('',#7526,.T.);
#7526 = EDGE_LOOP('',(#7527,#7535,#7536,#7544,#7552,#7560));
#7527 = ORIENTED_EDGE('',*,*,#7528,.T.);
#7528 = EDGE_CURVE('',#7529,#6008,#7531,.T.);
#7529 = VERTEX_POINT('',#7530);
#7530 = CARTESIAN_POINT('',(-0.1,-13.,-2.5));
#7531 = LINE('',#7532,#7533);
#7532 = CARTESIAN_POINT('',(-0.1,-13.,-2.5));
#7533 = VECTOR('',#7534,1.);
#7534 = DIRECTION('',(0.,0.,1.));
#7535 = ORIENTED_EDGE('',*,*,#6015,.F.);
#7536 = ORIENTED_EDGE('',*,*,#7537,.T.);
#7537 = EDGE_CURVE('',#6016,#7538,#7540,.T.);
#7538 = VERTEX_POINT('',#7539);
#7539 = CARTESIAN_POINT('',(-0.1,-12.4,-2.5));
#7540 = LINE('',#7541,#7542);
#7541 = CARTESIAN_POINT('',(-0.1,-12.4,0.2));
#7542 = VECTOR('',#7543,1.);
#7543 = DIRECTION('',(0.,0.,-1.));
#7544 = ORIENTED_EDGE('',*,*,#7545,.T.);
#7545 = EDGE_CURVE('',#7538,#7546,#7548,.T.);
#7546 = VERTEX_POINT('',#7547);
#7547 = CARTESIAN_POINT('',(-0.1,-12.55,-3.1));
#7548 = LINE('',#7549,#7550);
#7549 = CARTESIAN_POINT('',(-0.1,-12.4,-2.5));
#7550 = VECTOR('',#7551,1.);
#7551 = DIRECTION('',(-2.692686352073E-17,-0.242535625036,
    -0.970142500145));
#7552 = ORIENTED_EDGE('',*,*,#7553,.F.);
#7553 = EDGE_CURVE('',#7554,#7546,#7556,.T.);
#7554 = VERTEX_POINT('',#7555);
#7555 = CARTESIAN_POINT('',(-0.1,-12.85,-3.1));
#7556 = LINE('',#7557,#7558);
#7557 = CARTESIAN_POINT('',(-0.1,-12.85,-3.1));
#7558 = VECTOR('',#7559,1.);
#7559 = DIRECTION('',(1.110223024625E-16,1.,0.));
#7560 = ORIENTED_EDGE('',*,*,#7561,.T.);
#7561 = EDGE_CURVE('',#7554,#7529,#7562,.T.);
#7562 = LINE('',#7563,#7564);
#7563 = CARTESIAN_POINT('',(-0.1,-12.85,-3.1));
#7564 = VECTOR('',#7565,1.);
#7565 = DIRECTION('',(-2.692686352073E-17,-0.242535625036,0.970142500145
    ));
#7566 = PLANE('',#7567);
#7567 = AXIS2_PLACEMENT_3D('',#7568,#7569,#7570);
#7568 = CARTESIAN_POINT('',(-0.1,-12.7,3.911477598424));
#7569 = DIRECTION('',(-1.,1.110223024625E-16,0.));
#7570 = DIRECTION('',(0.,0.,1.));
#7571 = ADVANCED_FACE('',(#7572),#7583,.T.);
#7572 = FACE_BOUND('',#7573,.T.);
#7573 = EDGE_LOOP('',(#7574,#7575,#7576,#7582));
#7574 = ORIENTED_EDGE('',*,*,#6063,.F.);
#7575 = ORIENTED_EDGE('',*,*,#6073,.T.);
#7576 = ORIENTED_EDGE('',*,*,#7577,.T.);
#7577 = EDGE_CURVE('',#6074,#6114,#7578,.T.);
#7578 = LINE('',#7579,#7580);
#7579 = CARTESIAN_POINT('',(-0.1,-10.46,0.2));
#7580 = VECTOR('',#7581,1.);
#7581 = DIRECTION('',(1.,-1.110223024625E-16,0.));
#7582 = ORIENTED_EDGE('',*,*,#6121,.T.);
#7583 = PLANE('',#7584);
#7584 = AXIS2_PLACEMENT_3D('',#7585,#7586,#7587);
#7585 = CARTESIAN_POINT('',(-0.1,-10.46,0.2));
#7586 = DIRECTION('',(0.,-0.,-1.));
#7587 = DIRECTION('',(-1.110223024625E-16,-1.,0.));
#7588 = ADVANCED_FACE('',(#7589),#7630,.F.);
#7589 = FACE_BOUND('',#7590,.F.);
#7590 = EDGE_LOOP('',(#7591,#7599,#7600,#7608,#7616,#7624));
#7591 = ORIENTED_EDGE('',*,*,#7592,.T.);
#7592 = EDGE_CURVE('',#7593,#6114,#7595,.T.);
#7593 = VERTEX_POINT('',#7594);
#7594 = CARTESIAN_POINT('',(0.1,-10.46,-2.5));
#7595 = LINE('',#7596,#7597);
#7596 = CARTESIAN_POINT('',(0.1,-10.46,-2.5));
#7597 = VECTOR('',#7598,1.);
#7598 = DIRECTION('',(0.,0.,1.));
#7599 = ORIENTED_EDGE('',*,*,#6113,.F.);
#7600 = ORIENTED_EDGE('',*,*,#7601,.T.);
#7601 = EDGE_CURVE('',#6106,#7602,#7604,.T.);
#7602 = VERTEX_POINT('',#7603);
#7603 = CARTESIAN_POINT('',(0.1,-9.86,-2.5));
#7604 = LINE('',#7605,#7606);
#7605 = CARTESIAN_POINT('',(0.1,-9.86,0.2));
#7606 = VECTOR('',#7607,1.);
#7607 = DIRECTION('',(0.,0.,-1.));
#7608 = ORIENTED_EDGE('',*,*,#7609,.T.);
#7609 = EDGE_CURVE('',#7602,#7610,#7612,.T.);
#7610 = VERTEX_POINT('',#7611);
#7611 = CARTESIAN_POINT('',(0.1,-10.01,-3.1));
#7612 = LINE('',#7613,#7614);
#7613 = CARTESIAN_POINT('',(0.1,-9.86,-2.5));
#7614 = VECTOR('',#7615,1.);
#7615 = DIRECTION('',(-2.692686352073E-17,-0.242535625036,
    -0.970142500145));
#7616 = ORIENTED_EDGE('',*,*,#7617,.T.);
#7617 = EDGE_CURVE('',#7610,#7618,#7620,.T.);
#7618 = VERTEX_POINT('',#7619);
#7619 = CARTESIAN_POINT('',(0.1,-10.31,-3.1));
#7620 = LINE('',#7621,#7622);
#7621 = CARTESIAN_POINT('',(0.1,-10.01,-3.1));
#7622 = VECTOR('',#7623,1.);
#7623 = DIRECTION('',(-1.110223024625E-16,-1.,0.));
#7624 = ORIENTED_EDGE('',*,*,#7625,.T.);
#7625 = EDGE_CURVE('',#7618,#7593,#7626,.T.);
#7626 = LINE('',#7627,#7628);
#7627 = CARTESIAN_POINT('',(0.1,-10.31,-3.1));
#7628 = VECTOR('',#7629,1.);
#7629 = DIRECTION('',(-2.692686352073E-17,-0.242535625036,0.970142500145
    ));
#7630 = PLANE('',#7631);
#7631 = AXIS2_PLACEMENT_3D('',#7632,#7633,#7634);
#7632 = CARTESIAN_POINT('',(0.1,-10.16,3.911477598424));
#7633 = DIRECTION('',(-1.,1.110223024625E-16,0.));
#7634 = DIRECTION('',(0.,0.,1.));
#7635 = ADVANCED_FACE('',(#7636),#7647,.T.);
#7636 = FACE_BOUND('',#7637,.T.);
#7637 = EDGE_LOOP('',(#7638,#7644,#7645,#7646));
#7638 = ORIENTED_EDGE('',*,*,#7639,.F.);
#7639 = EDGE_CURVE('',#6082,#6106,#7640,.T.);
#7640 = LINE('',#7641,#7642);
#7641 = CARTESIAN_POINT('',(-0.1,-9.86,0.2));
#7642 = VECTOR('',#7643,1.);
#7643 = DIRECTION('',(1.,-1.110223024625E-16,0.));
#7644 = ORIENTED_EDGE('',*,*,#6089,.T.);
#7645 = ORIENTED_EDGE('',*,*,#6097,.T.);
#7646 = ORIENTED_EDGE('',*,*,#6105,.T.);
#7647 = PLANE('',#7648);
#7648 = AXIS2_PLACEMENT_3D('',#7649,#7650,#7651);
#7649 = CARTESIAN_POINT('',(-0.1,-10.46,0.2));
#7650 = DIRECTION('',(0.,-0.,-1.));
#7651 = DIRECTION('',(-1.110223024625E-16,-1.,0.));
#7652 = ADVANCED_FACE('',(#7653),#7694,.T.);
#7653 = FACE_BOUND('',#7654,.T.);
#7654 = EDGE_LOOP('',(#7655,#7663,#7664,#7672,#7680,#7688));
#7655 = ORIENTED_EDGE('',*,*,#7656,.T.);
#7656 = EDGE_CURVE('',#7657,#6074,#7659,.T.);
#7657 = VERTEX_POINT('',#7658);
#7658 = CARTESIAN_POINT('',(-0.1,-10.46,-2.5));
#7659 = LINE('',#7660,#7661);
#7660 = CARTESIAN_POINT('',(-0.1,-10.46,-2.5));
#7661 = VECTOR('',#7662,1.);
#7662 = DIRECTION('',(0.,0.,1.));
#7663 = ORIENTED_EDGE('',*,*,#6081,.F.);
#7664 = ORIENTED_EDGE('',*,*,#7665,.T.);
#7665 = EDGE_CURVE('',#6082,#7666,#7668,.T.);
#7666 = VERTEX_POINT('',#7667);
#7667 = CARTESIAN_POINT('',(-0.1,-9.86,-2.5));
#7668 = LINE('',#7669,#7670);
#7669 = CARTESIAN_POINT('',(-0.1,-9.86,0.2));
#7670 = VECTOR('',#7671,1.);
#7671 = DIRECTION('',(0.,0.,-1.));
#7672 = ORIENTED_EDGE('',*,*,#7673,.T.);
#7673 = EDGE_CURVE('',#7666,#7674,#7676,.T.);
#7674 = VERTEX_POINT('',#7675);
#7675 = CARTESIAN_POINT('',(-0.1,-10.01,-3.1));
#7676 = LINE('',#7677,#7678);
#7677 = CARTESIAN_POINT('',(-0.1,-9.86,-2.5));
#7678 = VECTOR('',#7679,1.);
#7679 = DIRECTION('',(-2.692686352073E-17,-0.242535625036,
    -0.970142500145));
#7680 = ORIENTED_EDGE('',*,*,#7681,.F.);
#7681 = EDGE_CURVE('',#7682,#7674,#7684,.T.);
#7682 = VERTEX_POINT('',#7683);
#7683 = CARTESIAN_POINT('',(-0.1,-10.31,-3.1));
#7684 = LINE('',#7685,#7686);
#7685 = CARTESIAN_POINT('',(-0.1,-10.31,-3.1));
#7686 = VECTOR('',#7687,1.);
#7687 = DIRECTION('',(1.110223024625E-16,1.,0.));
#7688 = ORIENTED_EDGE('',*,*,#7689,.T.);
#7689 = EDGE_CURVE('',#7682,#7657,#7690,.T.);
#7690 = LINE('',#7691,#7692);
#7691 = CARTESIAN_POINT('',(-0.1,-10.31,-3.1));
#7692 = VECTOR('',#7693,1.);
#7693 = DIRECTION('',(-2.692686352073E-17,-0.242535625036,0.970142500145
    ));
#7694 = PLANE('',#7695);
#7695 = AXIS2_PLACEMENT_3D('',#7696,#7697,#7698);
#7696 = CARTESIAN_POINT('',(-0.1,-10.16,3.911477598424));
#7697 = DIRECTION('',(-1.,1.110223024625E-16,0.));
#7698 = DIRECTION('',(0.,0.,1.));
#7699 = ADVANCED_FACE('',(#7700),#7711,.T.);
#7700 = FACE_BOUND('',#7701,.T.);
#7701 = EDGE_LOOP('',(#7702,#7703,#7704,#7710));
#7702 = ORIENTED_EDGE('',*,*,#6129,.F.);
#7703 = ORIENTED_EDGE('',*,*,#6139,.T.);
#7704 = ORIENTED_EDGE('',*,*,#7705,.T.);
#7705 = EDGE_CURVE('',#6140,#6180,#7706,.T.);
#7706 = LINE('',#7707,#7708);
#7707 = CARTESIAN_POINT('',(-0.1,-7.92,0.2));
#7708 = VECTOR('',#7709,1.);
#7709 = DIRECTION('',(1.,-1.110223024625E-16,0.));
#7710 = ORIENTED_EDGE('',*,*,#6187,.T.);
#7711 = PLANE('',#7712);
#7712 = AXIS2_PLACEMENT_3D('',#7713,#7714,#7715);
#7713 = CARTESIAN_POINT('',(-0.1,-7.92,0.2));
#7714 = DIRECTION('',(0.,-0.,-1.));
#7715 = DIRECTION('',(-1.110223024625E-16,-1.,0.));
#7716 = ADVANCED_FACE('',(#7717),#7758,.F.);
#7717 = FACE_BOUND('',#7718,.F.);
#7718 = EDGE_LOOP('',(#7719,#7727,#7728,#7736,#7744,#7752));
#7719 = ORIENTED_EDGE('',*,*,#7720,.T.);
#7720 = EDGE_CURVE('',#7721,#6180,#7723,.T.);
#7721 = VERTEX_POINT('',#7722);
#7722 = CARTESIAN_POINT('',(0.1,-7.92,-2.5));
#7723 = LINE('',#7724,#7725);
#7724 = CARTESIAN_POINT('',(0.1,-7.92,-2.5));
#7725 = VECTOR('',#7726,1.);
#7726 = DIRECTION('',(0.,0.,1.));
#7727 = ORIENTED_EDGE('',*,*,#6179,.F.);
#7728 = ORIENTED_EDGE('',*,*,#7729,.T.);
#7729 = EDGE_CURVE('',#6172,#7730,#7732,.T.);
#7730 = VERTEX_POINT('',#7731);
#7731 = CARTESIAN_POINT('',(0.1,-7.32,-2.5));
#7732 = LINE('',#7733,#7734);
#7733 = CARTESIAN_POINT('',(0.1,-7.32,0.2));
#7734 = VECTOR('',#7735,1.);
#7735 = DIRECTION('',(0.,0.,-1.));
#7736 = ORIENTED_EDGE('',*,*,#7737,.T.);
#7737 = EDGE_CURVE('',#7730,#7738,#7740,.T.);
#7738 = VERTEX_POINT('',#7739);
#7739 = CARTESIAN_POINT('',(0.1,-7.47,-3.1));
#7740 = LINE('',#7741,#7742);
#7741 = CARTESIAN_POINT('',(0.1,-7.32,-2.5));
#7742 = VECTOR('',#7743,1.);
#7743 = DIRECTION('',(-2.692686352073E-17,-0.242535625036,
    -0.970142500145));
#7744 = ORIENTED_EDGE('',*,*,#7745,.T.);
#7745 = EDGE_CURVE('',#7738,#7746,#7748,.T.);
#7746 = VERTEX_POINT('',#7747);
#7747 = CARTESIAN_POINT('',(0.1,-7.77,-3.1));
#7748 = LINE('',#7749,#7750);
#7749 = CARTESIAN_POINT('',(0.1,-7.47,-3.1));
#7750 = VECTOR('',#7751,1.);
#7751 = DIRECTION('',(-1.110223024625E-16,-1.,0.));
#7752 = ORIENTED_EDGE('',*,*,#7753,.T.);
#7753 = EDGE_CURVE('',#7746,#7721,#7754,.T.);
#7754 = LINE('',#7755,#7756);
#7755 = CARTESIAN_POINT('',(0.1,-7.77,-3.1));
#7756 = VECTOR('',#7757,1.);
#7757 = DIRECTION('',(-2.692686352073E-17,-0.242535625036,0.970142500145
    ));
#7758 = PLANE('',#7759);
#7759 = AXIS2_PLACEMENT_3D('',#7760,#7761,#7762);
#7760 = CARTESIAN_POINT('',(0.1,-7.62,3.911477598424));
#7761 = DIRECTION('',(-1.,1.110223024625E-16,0.));
#7762 = DIRECTION('',(0.,0.,1.));
#7763 = ADVANCED_FACE('',(#7764),#7775,.T.);
#7764 = FACE_BOUND('',#7765,.T.);
#7765 = EDGE_LOOP('',(#7766,#7772,#7773,#7774));
#7766 = ORIENTED_EDGE('',*,*,#7767,.F.);
#7767 = EDGE_CURVE('',#6148,#6172,#7768,.T.);
#7768 = LINE('',#7769,#7770);
#7769 = CARTESIAN_POINT('',(-0.1,-7.32,0.2));
#7770 = VECTOR('',#7771,1.);
#7771 = DIRECTION('',(1.,-1.110223024625E-16,0.));
#7772 = ORIENTED_EDGE('',*,*,#6155,.T.);
#7773 = ORIENTED_EDGE('',*,*,#6163,.T.);
#7774 = ORIENTED_EDGE('',*,*,#6171,.T.);
#7775 = PLANE('',#7776);
#7776 = AXIS2_PLACEMENT_3D('',#7777,#7778,#7779);
#7777 = CARTESIAN_POINT('',(-0.1,-7.92,0.2));
#7778 = DIRECTION('',(0.,-0.,-1.));
#7779 = DIRECTION('',(-1.110223024625E-16,-1.,0.));
#7780 = ADVANCED_FACE('',(#7781),#7822,.T.);
#7781 = FACE_BOUND('',#7782,.T.);
#7782 = EDGE_LOOP('',(#7783,#7791,#7792,#7800,#7808,#7816));
#7783 = ORIENTED_EDGE('',*,*,#7784,.T.);
#7784 = EDGE_CURVE('',#7785,#6140,#7787,.T.);
#7785 = VERTEX_POINT('',#7786);
#7786 = CARTESIAN_POINT('',(-0.1,-7.92,-2.5));
#7787 = LINE('',#7788,#7789);
#7788 = CARTESIAN_POINT('',(-0.1,-7.92,-2.5));
#7789 = VECTOR('',#7790,1.);
#7790 = DIRECTION('',(0.,0.,1.));
#7791 = ORIENTED_EDGE('',*,*,#6147,.F.);
#7792 = ORIENTED_EDGE('',*,*,#7793,.T.);
#7793 = EDGE_CURVE('',#6148,#7794,#7796,.T.);
#7794 = VERTEX_POINT('',#7795);
#7795 = CARTESIAN_POINT('',(-0.1,-7.32,-2.5));
#7796 = LINE('',#7797,#7798);
#7797 = CARTESIAN_POINT('',(-0.1,-7.32,0.2));
#7798 = VECTOR('',#7799,1.);
#7799 = DIRECTION('',(0.,0.,-1.));
#7800 = ORIENTED_EDGE('',*,*,#7801,.T.);
#7801 = EDGE_CURVE('',#7794,#7802,#7804,.T.);
#7802 = VERTEX_POINT('',#7803);
#7803 = CARTESIAN_POINT('',(-0.1,-7.47,-3.1));
#7804 = LINE('',#7805,#7806);
#7805 = CARTESIAN_POINT('',(-0.1,-7.32,-2.5));
#7806 = VECTOR('',#7807,1.);
#7807 = DIRECTION('',(-2.692686352073E-17,-0.242535625036,
    -0.970142500145));
#7808 = ORIENTED_EDGE('',*,*,#7809,.F.);
#7809 = EDGE_CURVE('',#7810,#7802,#7812,.T.);
#7810 = VERTEX_POINT('',#7811);
#7811 = CARTESIAN_POINT('',(-0.1,-7.77,-3.1));
#7812 = LINE('',#7813,#7814);
#7813 = CARTESIAN_POINT('',(-0.1,-7.77,-3.1));
#7814 = VECTOR('',#7815,1.);
#7815 = DIRECTION('',(1.110223024625E-16,1.,0.));
#7816 = ORIENTED_EDGE('',*,*,#7817,.T.);
#7817 = EDGE_CURVE('',#7810,#7785,#7818,.T.);
#7818 = LINE('',#7819,#7820);
#7819 = CARTESIAN_POINT('',(-0.1,-7.77,-3.1));
#7820 = VECTOR('',#7821,1.);
#7821 = DIRECTION('',(-2.692686352073E-17,-0.242535625036,0.970142500145
    ));
#7822 = PLANE('',#7823);
#7823 = AXIS2_PLACEMENT_3D('',#7824,#7825,#7826);
#7824 = CARTESIAN_POINT('',(-0.1,-7.62,3.911477598424));
#7825 = DIRECTION('',(-1.,1.110223024625E-16,0.));
#7826 = DIRECTION('',(0.,0.,1.));
#7827 = ADVANCED_FACE('',(#7828),#7839,.T.);
#7828 = FACE_BOUND('',#7829,.T.);
#7829 = EDGE_LOOP('',(#7830,#7831,#7832,#7838));
#7830 = ORIENTED_EDGE('',*,*,#6195,.F.);
#7831 = ORIENTED_EDGE('',*,*,#6205,.T.);
#7832 = ORIENTED_EDGE('',*,*,#7833,.T.);
#7833 = EDGE_CURVE('',#6206,#6246,#7834,.T.);
#7834 = LINE('',#7835,#7836);
#7835 = CARTESIAN_POINT('',(-0.1,-5.38,0.2));
#7836 = VECTOR('',#7837,1.);
#7837 = DIRECTION('',(1.,-1.110223024625E-16,0.));
#7838 = ORIENTED_EDGE('',*,*,#6253,.T.);
#7839 = PLANE('',#7840);
#7840 = AXIS2_PLACEMENT_3D('',#7841,#7842,#7843);
#7841 = CARTESIAN_POINT('',(-0.1,-5.38,0.2));
#7842 = DIRECTION('',(0.,-0.,-1.));
#7843 = DIRECTION('',(-1.110223024625E-16,-1.,0.));
#7844 = ADVANCED_FACE('',(#7845),#7886,.F.);
#7845 = FACE_BOUND('',#7846,.F.);
#7846 = EDGE_LOOP('',(#7847,#7855,#7856,#7864,#7872,#7880));
#7847 = ORIENTED_EDGE('',*,*,#7848,.T.);
#7848 = EDGE_CURVE('',#7849,#6246,#7851,.T.);
#7849 = VERTEX_POINT('',#7850);
#7850 = CARTESIAN_POINT('',(0.1,-5.38,-2.5));
#7851 = LINE('',#7852,#7853);
#7852 = CARTESIAN_POINT('',(0.1,-5.38,-2.5));
#7853 = VECTOR('',#7854,1.);
#7854 = DIRECTION('',(0.,0.,1.));
#7855 = ORIENTED_EDGE('',*,*,#6245,.F.);
#7856 = ORIENTED_EDGE('',*,*,#7857,.T.);
#7857 = EDGE_CURVE('',#6238,#7858,#7860,.T.);
#7858 = VERTEX_POINT('',#7859);
#7859 = CARTESIAN_POINT('',(0.1,-4.78,-2.5));
#7860 = LINE('',#7861,#7862);
#7861 = CARTESIAN_POINT('',(0.1,-4.78,0.2));
#7862 = VECTOR('',#7863,1.);
#7863 = DIRECTION('',(0.,0.,-1.));
#7864 = ORIENTED_EDGE('',*,*,#7865,.T.);
#7865 = EDGE_CURVE('',#7858,#7866,#7868,.T.);
#7866 = VERTEX_POINT('',#7867);
#7867 = CARTESIAN_POINT('',(0.1,-4.93,-3.1));
#7868 = LINE('',#7869,#7870);
#7869 = CARTESIAN_POINT('',(0.1,-4.78,-2.5));
#7870 = VECTOR('',#7871,1.);
#7871 = DIRECTION('',(-2.692686352073E-17,-0.242535625036,
    -0.970142500145));
#7872 = ORIENTED_EDGE('',*,*,#7873,.T.);
#7873 = EDGE_CURVE('',#7866,#7874,#7876,.T.);
#7874 = VERTEX_POINT('',#7875);
#7875 = CARTESIAN_POINT('',(0.1,-5.23,-3.1));
#7876 = LINE('',#7877,#7878);
#7877 = CARTESIAN_POINT('',(0.1,-4.93,-3.1));
#7878 = VECTOR('',#7879,1.);
#7879 = DIRECTION('',(-1.110223024625E-16,-1.,0.));
#7880 = ORIENTED_EDGE('',*,*,#7881,.T.);
#7881 = EDGE_CURVE('',#7874,#7849,#7882,.T.);
#7882 = LINE('',#7883,#7884);
#7883 = CARTESIAN_POINT('',(0.1,-5.23,-3.1));
#7884 = VECTOR('',#7885,1.);
#7885 = DIRECTION('',(-2.692686352073E-17,-0.242535625036,0.970142500145
    ));
#7886 = PLANE('',#7887);
#7887 = AXIS2_PLACEMENT_3D('',#7888,#7889,#7890);
#7888 = CARTESIAN_POINT('',(0.1,-5.08,3.911477598424));
#7889 = DIRECTION('',(-1.,1.110223024625E-16,0.));
#7890 = DIRECTION('',(0.,0.,1.));
#7891 = ADVANCED_FACE('',(#7892),#7903,.T.);
#7892 = FACE_BOUND('',#7893,.T.);
#7893 = EDGE_LOOP('',(#7894,#7900,#7901,#7902));
#7894 = ORIENTED_EDGE('',*,*,#7895,.F.);
#7895 = EDGE_CURVE('',#6214,#6238,#7896,.T.);
#7896 = LINE('',#7897,#7898);
#7897 = CARTESIAN_POINT('',(-0.1,-4.78,0.2));
#7898 = VECTOR('',#7899,1.);
#7899 = DIRECTION('',(1.,-1.110223024625E-16,0.));
#7900 = ORIENTED_EDGE('',*,*,#6221,.T.);
#7901 = ORIENTED_EDGE('',*,*,#6229,.T.);
#7902 = ORIENTED_EDGE('',*,*,#6237,.T.);
#7903 = PLANE('',#7904);
#7904 = AXIS2_PLACEMENT_3D('',#7905,#7906,#7907);
#7905 = CARTESIAN_POINT('',(-0.1,-5.38,0.2));
#7906 = DIRECTION('',(0.,-0.,-1.));
#7907 = DIRECTION('',(-1.110223024625E-16,-1.,0.));
#7908 = ADVANCED_FACE('',(#7909),#7950,.T.);
#7909 = FACE_BOUND('',#7910,.T.);
#7910 = EDGE_LOOP('',(#7911,#7919,#7920,#7928,#7936,#7944));
#7911 = ORIENTED_EDGE('',*,*,#7912,.T.);
#7912 = EDGE_CURVE('',#7913,#6206,#7915,.T.);
#7913 = VERTEX_POINT('',#7914);
#7914 = CARTESIAN_POINT('',(-0.1,-5.38,-2.5));
#7915 = LINE('',#7916,#7917);
#7916 = CARTESIAN_POINT('',(-0.1,-5.38,-2.5));
#7917 = VECTOR('',#7918,1.);
#7918 = DIRECTION('',(0.,0.,1.));
#7919 = ORIENTED_EDGE('',*,*,#6213,.F.);
#7920 = ORIENTED_EDGE('',*,*,#7921,.T.);
#7921 = EDGE_CURVE('',#6214,#7922,#7924,.T.);
#7922 = VERTEX_POINT('',#7923);
#7923 = CARTESIAN_POINT('',(-0.1,-4.78,-2.5));
#7924 = LINE('',#7925,#7926);
#7925 = CARTESIAN_POINT('',(-0.1,-4.78,0.2));
#7926 = VECTOR('',#7927,1.);
#7927 = DIRECTION('',(0.,0.,-1.));
#7928 = ORIENTED_EDGE('',*,*,#7929,.T.);
#7929 = EDGE_CURVE('',#7922,#7930,#7932,.T.);
#7930 = VERTEX_POINT('',#7931);
#7931 = CARTESIAN_POINT('',(-0.1,-4.93,-3.1));
#7932 = LINE('',#7933,#7934);
#7933 = CARTESIAN_POINT('',(-0.1,-4.78,-2.5));
#7934 = VECTOR('',#7935,1.);
#7935 = DIRECTION('',(-2.692686352073E-17,-0.242535625036,
    -0.970142500145));
#7936 = ORIENTED_EDGE('',*,*,#7937,.F.);
#7937 = EDGE_CURVE('',#7938,#7930,#7940,.T.);
#7938 = VERTEX_POINT('',#7939);
#7939 = CARTESIAN_POINT('',(-0.1,-5.23,-3.1));
#7940 = LINE('',#7941,#7942);
#7941 = CARTESIAN_POINT('',(-0.1,-5.23,-3.1));
#7942 = VECTOR('',#7943,1.);
#7943 = DIRECTION('',(1.110223024625E-16,1.,0.));
#7944 = ORIENTED_EDGE('',*,*,#7945,.T.);
#7945 = EDGE_CURVE('',#7938,#7913,#7946,.T.);
#7946 = LINE('',#7947,#7948);
#7947 = CARTESIAN_POINT('',(-0.1,-5.23,-3.1));
#7948 = VECTOR('',#7949,1.);
#7949 = DIRECTION('',(-2.692686352073E-17,-0.242535625036,0.970142500145
    ));
#7950 = PLANE('',#7951);
#7951 = AXIS2_PLACEMENT_3D('',#7952,#7953,#7954);
#7952 = CARTESIAN_POINT('',(-0.1,-5.08,3.911477598424));
#7953 = DIRECTION('',(-1.,1.110223024625E-16,0.));
#7954 = DIRECTION('',(0.,0.,1.));
#7955 = ADVANCED_FACE('',(#7956),#7967,.T.);
#7956 = FACE_BOUND('',#7957,.T.);
#7957 = EDGE_LOOP('',(#7958,#7959,#7960,#7966));
#7958 = ORIENTED_EDGE('',*,*,#6261,.F.);
#7959 = ORIENTED_EDGE('',*,*,#6271,.T.);
#7960 = ORIENTED_EDGE('',*,*,#7961,.T.);
#7961 = EDGE_CURVE('',#6272,#6312,#7962,.T.);
#7962 = LINE('',#7963,#7964);
#7963 = CARTESIAN_POINT('',(-0.1,-2.84,0.2));
#7964 = VECTOR('',#7965,1.);
#7965 = DIRECTION('',(1.,-1.110223024625E-16,0.));
#7966 = ORIENTED_EDGE('',*,*,#6319,.T.);
#7967 = PLANE('',#7968);
#7968 = AXIS2_PLACEMENT_3D('',#7969,#7970,#7971);
#7969 = CARTESIAN_POINT('',(-0.1,-2.84,0.2));
#7970 = DIRECTION('',(0.,-0.,-1.));
#7971 = DIRECTION('',(-1.110223024625E-16,-1.,0.));
#7972 = ADVANCED_FACE('',(#7973),#8014,.F.);
#7973 = FACE_BOUND('',#7974,.F.);
#7974 = EDGE_LOOP('',(#7975,#7983,#7984,#7992,#8000,#8008));
#7975 = ORIENTED_EDGE('',*,*,#7976,.T.);
#7976 = EDGE_CURVE('',#7977,#6312,#7979,.T.);
#7977 = VERTEX_POINT('',#7978);
#7978 = CARTESIAN_POINT('',(0.1,-2.84,-2.5));
#7979 = LINE('',#7980,#7981);
#7980 = CARTESIAN_POINT('',(0.1,-2.84,-2.5));
#7981 = VECTOR('',#7982,1.);
#7982 = DIRECTION('',(0.,0.,1.));
#7983 = ORIENTED_EDGE('',*,*,#6311,.F.);
#7984 = ORIENTED_EDGE('',*,*,#7985,.T.);
#7985 = EDGE_CURVE('',#6304,#7986,#7988,.T.);
#7986 = VERTEX_POINT('',#7987);
#7987 = CARTESIAN_POINT('',(0.1,-2.24,-2.5));
#7988 = LINE('',#7989,#7990);
#7989 = CARTESIAN_POINT('',(0.1,-2.24,0.2));
#7990 = VECTOR('',#7991,1.);
#7991 = DIRECTION('',(0.,0.,-1.));
#7992 = ORIENTED_EDGE('',*,*,#7993,.T.);
#7993 = EDGE_CURVE('',#7986,#7994,#7996,.T.);
#7994 = VERTEX_POINT('',#7995);
#7995 = CARTESIAN_POINT('',(0.1,-2.39,-3.1));
#7996 = LINE('',#7997,#7998);
#7997 = CARTESIAN_POINT('',(0.1,-2.24,-2.5));
#7998 = VECTOR('',#7999,1.);
#7999 = DIRECTION('',(-2.692686352073E-17,-0.242535625036,
    -0.970142500145));
#8000 = ORIENTED_EDGE('',*,*,#8001,.T.);
#8001 = EDGE_CURVE('',#7994,#8002,#8004,.T.);
#8002 = VERTEX_POINT('',#8003);
#8003 = CARTESIAN_POINT('',(0.1,-2.69,-3.1));
#8004 = LINE('',#8005,#8006);
#8005 = CARTESIAN_POINT('',(0.1,-2.39,-3.1));
#8006 = VECTOR('',#8007,1.);
#8007 = DIRECTION('',(-1.110223024625E-16,-1.,0.));
#8008 = ORIENTED_EDGE('',*,*,#8009,.T.);
#8009 = EDGE_CURVE('',#8002,#7977,#8010,.T.);
#8010 = LINE('',#8011,#8012);
#8011 = CARTESIAN_POINT('',(0.1,-2.69,-3.1));
#8012 = VECTOR('',#8013,1.);
#8013 = DIRECTION('',(-2.692686352073E-17,-0.242535625036,0.970142500145
    ));
#8014 = PLANE('',#8015);
#8015 = AXIS2_PLACEMENT_3D('',#8016,#8017,#8018);
#8016 = CARTESIAN_POINT('',(0.1,-2.54,3.911477598424));
#8017 = DIRECTION('',(-1.,1.110223024625E-16,0.));
#8018 = DIRECTION('',(0.,0.,1.));
#8019 = ADVANCED_FACE('',(#8020),#8031,.T.);
#8020 = FACE_BOUND('',#8021,.T.);
#8021 = EDGE_LOOP('',(#8022,#8028,#8029,#8030));
#8022 = ORIENTED_EDGE('',*,*,#8023,.F.);
#8023 = EDGE_CURVE('',#6280,#6304,#8024,.T.);
#8024 = LINE('',#8025,#8026);
#8025 = CARTESIAN_POINT('',(-0.1,-2.24,0.2));
#8026 = VECTOR('',#8027,1.);
#8027 = DIRECTION('',(1.,-1.110223024625E-16,0.));
#8028 = ORIENTED_EDGE('',*,*,#6287,.T.);
#8029 = ORIENTED_EDGE('',*,*,#6295,.T.);
#8030 = ORIENTED_EDGE('',*,*,#6303,.T.);
#8031 = PLANE('',#8032);
#8032 = AXIS2_PLACEMENT_3D('',#8033,#8034,#8035);
#8033 = CARTESIAN_POINT('',(-0.1,-2.84,0.2));
#8034 = DIRECTION('',(0.,-0.,-1.));
#8035 = DIRECTION('',(-1.110223024625E-16,-1.,0.));
#8036 = ADVANCED_FACE('',(#8037),#8078,.T.);
#8037 = FACE_BOUND('',#8038,.T.);
#8038 = EDGE_LOOP('',(#8039,#8047,#8048,#8056,#8064,#8072));
#8039 = ORIENTED_EDGE('',*,*,#8040,.T.);
#8040 = EDGE_CURVE('',#8041,#6272,#8043,.T.);
#8041 = VERTEX_POINT('',#8042);
#8042 = CARTESIAN_POINT('',(-0.1,-2.84,-2.5));
#8043 = LINE('',#8044,#8045);
#8044 = CARTESIAN_POINT('',(-0.1,-2.84,-2.5));
#8045 = VECTOR('',#8046,1.);
#8046 = DIRECTION('',(0.,0.,1.));
#8047 = ORIENTED_EDGE('',*,*,#6279,.F.);
#8048 = ORIENTED_EDGE('',*,*,#8049,.T.);
#8049 = EDGE_CURVE('',#6280,#8050,#8052,.T.);
#8050 = VERTEX_POINT('',#8051);
#8051 = CARTESIAN_POINT('',(-0.1,-2.24,-2.5));
#8052 = LINE('',#8053,#8054);
#8053 = CARTESIAN_POINT('',(-0.1,-2.24,0.2));
#8054 = VECTOR('',#8055,1.);
#8055 = DIRECTION('',(0.,0.,-1.));
#8056 = ORIENTED_EDGE('',*,*,#8057,.T.);
#8057 = EDGE_CURVE('',#8050,#8058,#8060,.T.);
#8058 = VERTEX_POINT('',#8059);
#8059 = CARTESIAN_POINT('',(-0.1,-2.39,-3.1));
#8060 = LINE('',#8061,#8062);
#8061 = CARTESIAN_POINT('',(-0.1,-2.24,-2.5));
#8062 = VECTOR('',#8063,1.);
#8063 = DIRECTION('',(-2.692686352073E-17,-0.242535625036,
    -0.970142500145));
#8064 = ORIENTED_EDGE('',*,*,#8065,.F.);
#8065 = EDGE_CURVE('',#8066,#8058,#8068,.T.);
#8066 = VERTEX_POINT('',#8067);
#8067 = CARTESIAN_POINT('',(-0.1,-2.69,-3.1));
#8068 = LINE('',#8069,#8070);
#8069 = CARTESIAN_POINT('',(-0.1,-2.69,-3.1));
#8070 = VECTOR('',#8071,1.);
#8071 = DIRECTION('',(1.110223024625E-16,1.,0.));
#8072 = ORIENTED_EDGE('',*,*,#8073,.T.);
#8073 = EDGE_CURVE('',#8066,#8041,#8074,.T.);
#8074 = LINE('',#8075,#8076);
#8075 = CARTESIAN_POINT('',(-0.1,-2.69,-3.1));
#8076 = VECTOR('',#8077,1.);
#8077 = DIRECTION('',(-2.692686352073E-17,-0.242535625036,0.970142500145
    ));
#8078 = PLANE('',#8079);
#8079 = AXIS2_PLACEMENT_3D('',#8080,#8081,#8082);
#8080 = CARTESIAN_POINT('',(-0.1,-2.54,3.911477598424));
#8081 = DIRECTION('',(-1.,1.110223024625E-16,0.));
#8082 = DIRECTION('',(0.,0.,1.));
#8083 = ADVANCED_FACE('',(#8084),#8095,.T.);
#8084 = FACE_BOUND('',#8085,.T.);
#8085 = EDGE_LOOP('',(#8086,#8087,#8088,#8094));
#8086 = ORIENTED_EDGE('',*,*,#6327,.F.);
#8087 = ORIENTED_EDGE('',*,*,#6337,.T.);
#8088 = ORIENTED_EDGE('',*,*,#8089,.T.);
#8089 = EDGE_CURVE('',#6338,#6378,#8090,.T.);
#8090 = LINE('',#8091,#8092);
#8091 = CARTESIAN_POINT('',(-0.1,-0.3,0.2));
#8092 = VECTOR('',#8093,1.);
#8093 = DIRECTION('',(1.,-1.110223024625E-16,0.));
#8094 = ORIENTED_EDGE('',*,*,#6385,.T.);
#8095 = PLANE('',#8096);
#8096 = AXIS2_PLACEMENT_3D('',#8097,#8098,#8099);
#8097 = CARTESIAN_POINT('',(-0.1,-0.3,0.2));
#8098 = DIRECTION('',(0.,-0.,-1.));
#8099 = DIRECTION('',(-1.110223024625E-16,-1.,0.));
#8100 = ADVANCED_FACE('',(#8101),#8142,.F.);
#8101 = FACE_BOUND('',#8102,.F.);
#8102 = EDGE_LOOP('',(#8103,#8111,#8112,#8120,#8128,#8136));
#8103 = ORIENTED_EDGE('',*,*,#8104,.T.);
#8104 = EDGE_CURVE('',#8105,#6378,#8107,.T.);
#8105 = VERTEX_POINT('',#8106);
#8106 = CARTESIAN_POINT('',(0.1,-0.3,-2.5));
#8107 = LINE('',#8108,#8109);
#8108 = CARTESIAN_POINT('',(0.1,-0.3,-2.5));
#8109 = VECTOR('',#8110,1.);
#8110 = DIRECTION('',(0.,0.,1.));
#8111 = ORIENTED_EDGE('',*,*,#6377,.F.);
#8112 = ORIENTED_EDGE('',*,*,#8113,.T.);
#8113 = EDGE_CURVE('',#6370,#8114,#8116,.T.);
#8114 = VERTEX_POINT('',#8115);
#8115 = CARTESIAN_POINT('',(0.1,0.3,-2.5));
#8116 = LINE('',#8117,#8118);
#8117 = CARTESIAN_POINT('',(0.1,0.3,0.2));
#8118 = VECTOR('',#8119,1.);
#8119 = DIRECTION('',(0.,0.,-1.));
#8120 = ORIENTED_EDGE('',*,*,#8121,.T.);
#8121 = EDGE_CURVE('',#8114,#8122,#8124,.T.);
#8122 = VERTEX_POINT('',#8123);
#8123 = CARTESIAN_POINT('',(0.1,0.15,-3.1));
#8124 = LINE('',#8125,#8126);
#8125 = CARTESIAN_POINT('',(0.1,0.3,-2.5));
#8126 = VECTOR('',#8127,1.);
#8127 = DIRECTION('',(-2.692686352073E-17,-0.242535625036,
    -0.970142500145));
#8128 = ORIENTED_EDGE('',*,*,#8129,.T.);
#8129 = EDGE_CURVE('',#8122,#8130,#8132,.T.);
#8130 = VERTEX_POINT('',#8131);
#8131 = CARTESIAN_POINT('',(0.1,-0.15,-3.1));
#8132 = LINE('',#8133,#8134);
#8133 = CARTESIAN_POINT('',(0.1,0.15,-3.1));
#8134 = VECTOR('',#8135,1.);
#8135 = DIRECTION('',(-1.110223024625E-16,-1.,0.));
#8136 = ORIENTED_EDGE('',*,*,#8137,.T.);
#8137 = EDGE_CURVE('',#8130,#8105,#8138,.T.);
#8138 = LINE('',#8139,#8140);
#8139 = CARTESIAN_POINT('',(0.1,-0.15,-3.1));
#8140 = VECTOR('',#8141,1.);
#8141 = DIRECTION('',(-2.692686352073E-17,-0.242535625036,0.970142500145
    ));
#8142 = PLANE('',#8143);
#8143 = AXIS2_PLACEMENT_3D('',#8144,#8145,#8146);
#8144 = CARTESIAN_POINT('',(0.1,-1.110223024625E-17,3.911477598424));
#8145 = DIRECTION('',(-1.,1.110223024625E-16,0.));
#8146 = DIRECTION('',(0.,0.,1.));
#8147 = ADVANCED_FACE('',(#8148),#8159,.T.);
#8148 = FACE_BOUND('',#8149,.T.);
#8149 = EDGE_LOOP('',(#8150,#8156,#8157,#8158));
#8150 = ORIENTED_EDGE('',*,*,#8151,.F.);
#8151 = EDGE_CURVE('',#6346,#6370,#8152,.T.);
#8152 = LINE('',#8153,#8154);
#8153 = CARTESIAN_POINT('',(-0.1,0.3,0.2));
#8154 = VECTOR('',#8155,1.);
#8155 = DIRECTION('',(1.,-1.110223024625E-16,0.));
#8156 = ORIENTED_EDGE('',*,*,#6353,.T.);
#8157 = ORIENTED_EDGE('',*,*,#6361,.T.);
#8158 = ORIENTED_EDGE('',*,*,#6369,.T.);
#8159 = PLANE('',#8160);
#8160 = AXIS2_PLACEMENT_3D('',#8161,#8162,#8163);
#8161 = CARTESIAN_POINT('',(-0.1,-0.3,0.2));
#8162 = DIRECTION('',(0.,-0.,-1.));
#8163 = DIRECTION('',(-1.110223024625E-16,-1.,0.));
#8164 = ADVANCED_FACE('',(#8165),#8206,.T.);
#8165 = FACE_BOUND('',#8166,.T.);
#8166 = EDGE_LOOP('',(#8167,#8175,#8176,#8184,#8192,#8200));
#8167 = ORIENTED_EDGE('',*,*,#8168,.T.);
#8168 = EDGE_CURVE('',#8169,#6338,#8171,.T.);
#8169 = VERTEX_POINT('',#8170);
#8170 = CARTESIAN_POINT('',(-0.1,-0.3,-2.5));
#8171 = LINE('',#8172,#8173);
#8172 = CARTESIAN_POINT('',(-0.1,-0.3,-2.5));
#8173 = VECTOR('',#8174,1.);
#8174 = DIRECTION('',(0.,0.,1.));
#8175 = ORIENTED_EDGE('',*,*,#6345,.F.);
#8176 = ORIENTED_EDGE('',*,*,#8177,.T.);
#8177 = EDGE_CURVE('',#6346,#8178,#8180,.T.);
#8178 = VERTEX_POINT('',#8179);
#8179 = CARTESIAN_POINT('',(-0.1,0.3,-2.5));
#8180 = LINE('',#8181,#8182);
#8181 = CARTESIAN_POINT('',(-0.1,0.3,0.2));
#8182 = VECTOR('',#8183,1.);
#8183 = DIRECTION('',(0.,0.,-1.));
#8184 = ORIENTED_EDGE('',*,*,#8185,.T.);
#8185 = EDGE_CURVE('',#8178,#8186,#8188,.T.);
#8186 = VERTEX_POINT('',#8187);
#8187 = CARTESIAN_POINT('',(-0.1,0.15,-3.1));
#8188 = LINE('',#8189,#8190);
#8189 = CARTESIAN_POINT('',(-0.1,0.3,-2.5));
#8190 = VECTOR('',#8191,1.);
#8191 = DIRECTION('',(-2.692686352073E-17,-0.242535625036,
    -0.970142500145));
#8192 = ORIENTED_EDGE('',*,*,#8193,.F.);
#8193 = EDGE_CURVE('',#8194,#8186,#8196,.T.);
#8194 = VERTEX_POINT('',#8195);
#8195 = CARTESIAN_POINT('',(-0.1,-0.15,-3.1));
#8196 = LINE('',#8197,#8198);
#8197 = CARTESIAN_POINT('',(-0.1,-0.15,-3.1));
#8198 = VECTOR('',#8199,1.);
#8199 = DIRECTION('',(1.110223024625E-16,1.,0.));
#8200 = ORIENTED_EDGE('',*,*,#8201,.T.);
#8201 = EDGE_CURVE('',#8194,#8169,#8202,.T.);
#8202 = LINE('',#8203,#8204);
#8203 = CARTESIAN_POINT('',(-0.1,-0.15,-3.1));
#8204 = VECTOR('',#8205,1.);
#8205 = DIRECTION('',(-2.692686352073E-17,-0.242535625036,0.970142500145
    ));
#8206 = PLANE('',#8207);
#8207 = AXIS2_PLACEMENT_3D('',#8208,#8209,#8210);
#8208 = CARTESIAN_POINT('',(-0.1,1.110223024625E-17,3.911477598424));
#8209 = DIRECTION('',(-1.,1.110223024625E-16,0.));
#8210 = DIRECTION('',(0.,0.,1.));
#8211 = ADVANCED_FACE('',(#8212),#8237,.F.);
#8212 = FACE_BOUND('',#8213,.F.);
#8213 = EDGE_LOOP('',(#8214,#8222,#8230,#8236));
#8214 = ORIENTED_EDGE('',*,*,#8215,.T.);
#8215 = EDGE_CURVE('',#6424,#8216,#8218,.T.);
#8216 = VERTEX_POINT('',#8217);
#8217 = CARTESIAN_POINT('',(0.3,-18.08,0.9));
#8218 = LINE('',#8219,#8220);
#8219 = CARTESIAN_POINT('',(0.3,-18.08,8.2));
#8220 = VECTOR('',#8221,1.);
#8221 = DIRECTION('',(0.,-0.,-1.));
#8222 = ORIENTED_EDGE('',*,*,#8223,.T.);
#8223 = EDGE_CURVE('',#8216,#8224,#8226,.T.);
#8224 = VERTEX_POINT('',#8225);
#8225 = CARTESIAN_POINT('',(0.3,-17.48,0.9));
#8226 = LINE('',#8227,#8228);
#8227 = CARTESIAN_POINT('',(0.3,-18.08,0.9));
#8228 = VECTOR('',#8229,1.);
#8229 = DIRECTION('',(1.110223024625E-16,1.,0.));
#8230 = ORIENTED_EDGE('',*,*,#8231,.F.);
#8231 = EDGE_CURVE('',#6433,#8224,#8232,.T.);
#8232 = LINE('',#8233,#8234);
#8233 = CARTESIAN_POINT('',(0.3,-17.48,8.2));
#8234 = VECTOR('',#8235,1.);
#8235 = DIRECTION('',(0.,-0.,-1.));
#8236 = ORIENTED_EDGE('',*,*,#6440,.F.);
#8237 = PLANE('',#8238);
#8238 = AXIS2_PLACEMENT_3D('',#8239,#8240,#8241);
#8239 = CARTESIAN_POINT('',(0.3,-18.08,8.2));
#8240 = DIRECTION('',(1.,-1.110223024625E-16,0.));
#8241 = DIRECTION('',(1.110223024625E-16,1.,0.));
#8242 = ADVANCED_FACE('',(#8243),#8293,.F.);
#8243 = FACE_BOUND('',#8244,.F.);
#8244 = EDGE_LOOP('',(#8245,#8246,#8247,#8255,#8263,#8271,#8279,#8287));
#8245 = ORIENTED_EDGE('',*,*,#6464,.F.);
#8246 = ORIENTED_EDGE('',*,*,#8231,.T.);
#8247 = ORIENTED_EDGE('',*,*,#8248,.T.);
#8248 = EDGE_CURVE('',#8224,#8249,#8251,.T.);
#8249 = VERTEX_POINT('',#8250);
#8250 = CARTESIAN_POINT('',(0.1,-17.48,0.9));
#8251 = LINE('',#8252,#8253);
#8252 = CARTESIAN_POINT('',(0.3,-17.48,0.9));
#8253 = VECTOR('',#8254,1.);
#8254 = DIRECTION('',(-1.,1.110223024625E-16,0.));
#8255 = ORIENTED_EDGE('',*,*,#8256,.T.);
#8256 = EDGE_CURVE('',#8249,#8257,#8259,.T.);
#8257 = VERTEX_POINT('',#8258);
#8258 = CARTESIAN_POINT('',(0.1,-17.48,7.4));
#8259 = LINE('',#8260,#8261);
#8260 = CARTESIAN_POINT('',(0.1,-17.48,6.055738799212));
#8261 = VECTOR('',#8262,1.);
#8262 = DIRECTION('',(0.,-0.,1.));
#8263 = ORIENTED_EDGE('',*,*,#8264,.F.);
#8264 = EDGE_CURVE('',#8265,#8257,#8267,.T.);
#8265 = VERTEX_POINT('',#8266);
#8266 = CARTESIAN_POINT('',(-0.1,-17.48,7.4));
#8267 = LINE('',#8268,#8269);
#8268 = CARTESIAN_POINT('',(-0.1,-17.48,7.4));
#8269 = VECTOR('',#8270,1.);
#8270 = DIRECTION('',(1.,-1.110223024625E-16,0.));
#8271 = ORIENTED_EDGE('',*,*,#8272,.F.);
#8272 = EDGE_CURVE('',#8273,#8265,#8275,.T.);
#8273 = VERTEX_POINT('',#8274);
#8274 = CARTESIAN_POINT('',(-0.1,-17.48,0.9));
#8275 = LINE('',#8276,#8277);
#8276 = CARTESIAN_POINT('',(-0.1,-17.48,6.055738799212));
#8277 = VECTOR('',#8278,1.);
#8278 = DIRECTION('',(0.,-0.,1.));
#8279 = ORIENTED_EDGE('',*,*,#8280,.T.);
#8280 = EDGE_CURVE('',#8273,#8281,#8283,.T.);
#8281 = VERTEX_POINT('',#8282);
#8282 = CARTESIAN_POINT('',(-0.3,-17.48,0.9));
#8283 = LINE('',#8284,#8285);
#8284 = CARTESIAN_POINT('',(0.3,-17.48,0.9));
#8285 = VECTOR('',#8286,1.);
#8286 = DIRECTION('',(-1.,1.110223024625E-16,0.));
#8287 = ORIENTED_EDGE('',*,*,#8288,.F.);
#8288 = EDGE_CURVE('',#6457,#8281,#8289,.T.);
#8289 = LINE('',#8290,#8291);
#8290 = CARTESIAN_POINT('',(-0.3,-17.48,8.2));
#8291 = VECTOR('',#8292,1.);
#8292 = DIRECTION('',(0.,-0.,-1.));
#8293 = PLANE('',#8294);
#8294 = AXIS2_PLACEMENT_3D('',#8295,#8296,#8297);
#8295 = CARTESIAN_POINT('',(0.3,-17.48,8.2));
#8296 = DIRECTION('',(1.110223024625E-16,1.,0.));
#8297 = DIRECTION('',(-1.,1.110223024625E-16,0.));
#8298 = ADVANCED_FACE('',(#8299),#8317,.F.);
#8299 = FACE_BOUND('',#8300,.F.);
#8300 = EDGE_LOOP('',(#8301,#8302,#8310,#8316));
#8301 = ORIENTED_EDGE('',*,*,#8288,.T.);
#8302 = ORIENTED_EDGE('',*,*,#8303,.T.);
#8303 = EDGE_CURVE('',#8281,#8304,#8306,.T.);
#8304 = VERTEX_POINT('',#8305);
#8305 = CARTESIAN_POINT('',(-0.3,-18.08,0.9));
#8306 = LINE('',#8307,#8308);
#8307 = CARTESIAN_POINT('',(-0.3,-17.48,0.9));
#8308 = VECTOR('',#8309,1.);
#8309 = DIRECTION('',(-1.110223024625E-16,-1.,0.));
#8310 = ORIENTED_EDGE('',*,*,#8311,.F.);
#8311 = EDGE_CURVE('',#6481,#8304,#8312,.T.);
#8312 = LINE('',#8313,#8314);
#8313 = CARTESIAN_POINT('',(-0.3,-18.08,8.2));
#8314 = VECTOR('',#8315,1.);
#8315 = DIRECTION('',(0.,-0.,-1.));
#8316 = ORIENTED_EDGE('',*,*,#6488,.F.);
#8317 = PLANE('',#8318);
#8318 = AXIS2_PLACEMENT_3D('',#8319,#8320,#8321);
#8319 = CARTESIAN_POINT('',(-0.3,-17.48,8.2));
#8320 = DIRECTION('',(-1.,1.110223024625E-16,0.));
#8321 = DIRECTION('',(-1.110223024625E-16,-1.,0.));
#8322 = ADVANCED_FACE('',(#8323),#8366,.F.);
#8323 = FACE_BOUND('',#8324,.F.);
#8324 = EDGE_LOOP('',(#8325,#8326,#8327,#8335,#8343,#8351,#8359,#8365));
#8325 = ORIENTED_EDGE('',*,*,#6505,.F.);
#8326 = ORIENTED_EDGE('',*,*,#8311,.T.);
#8327 = ORIENTED_EDGE('',*,*,#8328,.T.);
#8328 = EDGE_CURVE('',#8304,#8329,#8331,.T.);
#8329 = VERTEX_POINT('',#8330);
#8330 = CARTESIAN_POINT('',(-0.1,-18.08,0.9));
#8331 = LINE('',#8332,#8333);
#8332 = CARTESIAN_POINT('',(-0.3,-18.08,0.9));
#8333 = VECTOR('',#8334,1.);
#8334 = DIRECTION('',(1.,-1.110223024625E-16,0.));
#8335 = ORIENTED_EDGE('',*,*,#8336,.F.);
#8336 = EDGE_CURVE('',#8337,#8329,#8339,.T.);
#8337 = VERTEX_POINT('',#8338);
#8338 = CARTESIAN_POINT('',(-0.1,-18.08,7.4));
#8339 = LINE('',#8340,#8341);
#8340 = CARTESIAN_POINT('',(-0.1,-18.08,6.055738799212));
#8341 = VECTOR('',#8342,1.);
#8342 = DIRECTION('',(-0.,0.,-1.));
#8343 = ORIENTED_EDGE('',*,*,#8344,.T.);
#8344 = EDGE_CURVE('',#8337,#8345,#8347,.T.);
#8345 = VERTEX_POINT('',#8346);
#8346 = CARTESIAN_POINT('',(0.1,-18.08,7.4));
#8347 = LINE('',#8348,#8349);
#8348 = CARTESIAN_POINT('',(-0.1,-18.08,7.4));
#8349 = VECTOR('',#8350,1.);
#8350 = DIRECTION('',(1.,-1.110223024625E-16,0.));
#8351 = ORIENTED_EDGE('',*,*,#8352,.T.);
#8352 = EDGE_CURVE('',#8345,#8353,#8355,.T.);
#8353 = VERTEX_POINT('',#8354);
#8354 = CARTESIAN_POINT('',(0.1,-18.08,0.9));
#8355 = LINE('',#8356,#8357);
#8356 = CARTESIAN_POINT('',(0.1,-18.08,6.055738799212));
#8357 = VECTOR('',#8358,1.);
#8358 = DIRECTION('',(-0.,0.,-1.));
#8359 = ORIENTED_EDGE('',*,*,#8360,.T.);
#8360 = EDGE_CURVE('',#8353,#8216,#8361,.T.);
#8361 = LINE('',#8362,#8363);
#8362 = CARTESIAN_POINT('',(-0.3,-18.08,0.9));
#8363 = VECTOR('',#8364,1.);
#8364 = DIRECTION('',(1.,-1.110223024625E-16,0.));
#8365 = ORIENTED_EDGE('',*,*,#8215,.F.);
#8366 = PLANE('',#8367);
#8367 = AXIS2_PLACEMENT_3D('',#8368,#8369,#8370);
#8368 = CARTESIAN_POINT('',(-0.3,-18.08,8.2));
#8369 = DIRECTION('',(-1.110223024625E-16,-1.,0.));
#8370 = DIRECTION('',(1.,-1.110223024625E-16,0.));
#8371 = ADVANCED_FACE('',(#8372),#8397,.F.);
#8372 = FACE_BOUND('',#8373,.F.);
#8373 = EDGE_LOOP('',(#8374,#8382,#8390,#8396));
#8374 = ORIENTED_EDGE('',*,*,#8375,.T.);
#8375 = EDGE_CURVE('',#6520,#8376,#8378,.T.);
#8376 = VERTEX_POINT('',#8377);
#8377 = CARTESIAN_POINT('',(0.3,-15.54,0.9));
#8378 = LINE('',#8379,#8380);
#8379 = CARTESIAN_POINT('',(0.3,-15.54,8.2));
#8380 = VECTOR('',#8381,1.);
#8381 = DIRECTION('',(0.,-0.,-1.));
#8382 = ORIENTED_EDGE('',*,*,#8383,.T.);
#8383 = EDGE_CURVE('',#8376,#8384,#8386,.T.);
#8384 = VERTEX_POINT('',#8385);
#8385 = CARTESIAN_POINT('',(0.3,-14.94,0.9));
#8386 = LINE('',#8387,#8388);
#8387 = CARTESIAN_POINT('',(0.3,-15.54,0.9));
#8388 = VECTOR('',#8389,1.);
#8389 = DIRECTION('',(1.110223024625E-16,1.,0.));
#8390 = ORIENTED_EDGE('',*,*,#8391,.F.);
#8391 = EDGE_CURVE('',#6529,#8384,#8392,.T.);
#8392 = LINE('',#8393,#8394);
#8393 = CARTESIAN_POINT('',(0.3,-14.94,8.2));
#8394 = VECTOR('',#8395,1.);
#8395 = DIRECTION('',(0.,-0.,-1.));
#8396 = ORIENTED_EDGE('',*,*,#6536,.F.);
#8397 = PLANE('',#8398);
#8398 = AXIS2_PLACEMENT_3D('',#8399,#8400,#8401);
#8399 = CARTESIAN_POINT('',(0.3,-15.54,8.2));
#8400 = DIRECTION('',(1.,-1.110223024625E-16,0.));
#8401 = DIRECTION('',(1.110223024625E-16,1.,0.));
#8402 = ADVANCED_FACE('',(#8403),#8453,.F.);
#8403 = FACE_BOUND('',#8404,.F.);
#8404 = EDGE_LOOP('',(#8405,#8406,#8407,#8415,#8423,#8431,#8439,#8447));
#8405 = ORIENTED_EDGE('',*,*,#6560,.F.);
#8406 = ORIENTED_EDGE('',*,*,#8391,.T.);
#8407 = ORIENTED_EDGE('',*,*,#8408,.T.);
#8408 = EDGE_CURVE('',#8384,#8409,#8411,.T.);
#8409 = VERTEX_POINT('',#8410);
#8410 = CARTESIAN_POINT('',(0.1,-14.94,0.9));
#8411 = LINE('',#8412,#8413);
#8412 = CARTESIAN_POINT('',(0.3,-14.94,0.9));
#8413 = VECTOR('',#8414,1.);
#8414 = DIRECTION('',(-1.,1.110223024625E-16,0.));
#8415 = ORIENTED_EDGE('',*,*,#8416,.T.);
#8416 = EDGE_CURVE('',#8409,#8417,#8419,.T.);
#8417 = VERTEX_POINT('',#8418);
#8418 = CARTESIAN_POINT('',(0.1,-14.94,7.4));
#8419 = LINE('',#8420,#8421);
#8420 = CARTESIAN_POINT('',(0.1,-14.94,6.055738799212));
#8421 = VECTOR('',#8422,1.);
#8422 = DIRECTION('',(0.,-0.,1.));
#8423 = ORIENTED_EDGE('',*,*,#8424,.F.);
#8424 = EDGE_CURVE('',#8425,#8417,#8427,.T.);
#8425 = VERTEX_POINT('',#8426);
#8426 = CARTESIAN_POINT('',(-0.1,-14.94,7.4));
#8427 = LINE('',#8428,#8429);
#8428 = CARTESIAN_POINT('',(-0.1,-14.94,7.4));
#8429 = VECTOR('',#8430,1.);
#8430 = DIRECTION('',(1.,-1.110223024625E-16,0.));
#8431 = ORIENTED_EDGE('',*,*,#8432,.F.);
#8432 = EDGE_CURVE('',#8433,#8425,#8435,.T.);
#8433 = VERTEX_POINT('',#8434);
#8434 = CARTESIAN_POINT('',(-0.1,-14.94,0.9));
#8435 = LINE('',#8436,#8437);
#8436 = CARTESIAN_POINT('',(-0.1,-14.94,6.055738799212));
#8437 = VECTOR('',#8438,1.);
#8438 = DIRECTION('',(0.,-0.,1.));
#8439 = ORIENTED_EDGE('',*,*,#8440,.T.);
#8440 = EDGE_CURVE('',#8433,#8441,#8443,.T.);
#8441 = VERTEX_POINT('',#8442);
#8442 = CARTESIAN_POINT('',(-0.3,-14.94,0.9));
#8443 = LINE('',#8444,#8445);
#8444 = CARTESIAN_POINT('',(0.3,-14.94,0.9));
#8445 = VECTOR('',#8446,1.);
#8446 = DIRECTION('',(-1.,1.110223024625E-16,0.));
#8447 = ORIENTED_EDGE('',*,*,#8448,.F.);
#8448 = EDGE_CURVE('',#6553,#8441,#8449,.T.);
#8449 = LINE('',#8450,#8451);
#8450 = CARTESIAN_POINT('',(-0.3,-14.94,8.2));
#8451 = VECTOR('',#8452,1.);
#8452 = DIRECTION('',(0.,-0.,-1.));
#8453 = PLANE('',#8454);
#8454 = AXIS2_PLACEMENT_3D('',#8455,#8456,#8457);
#8455 = CARTESIAN_POINT('',(0.3,-14.94,8.2));
#8456 = DIRECTION('',(1.110223024625E-16,1.,0.));
#8457 = DIRECTION('',(-1.,1.110223024625E-16,0.));
#8458 = ADVANCED_FACE('',(#8459),#8477,.F.);
#8459 = FACE_BOUND('',#8460,.F.);
#8460 = EDGE_LOOP('',(#8461,#8462,#8470,#8476));
#8461 = ORIENTED_EDGE('',*,*,#8448,.T.);
#8462 = ORIENTED_EDGE('',*,*,#8463,.T.);
#8463 = EDGE_CURVE('',#8441,#8464,#8466,.T.);
#8464 = VERTEX_POINT('',#8465);
#8465 = CARTESIAN_POINT('',(-0.3,-15.54,0.9));
#8466 = LINE('',#8467,#8468);
#8467 = CARTESIAN_POINT('',(-0.3,-14.94,0.9));
#8468 = VECTOR('',#8469,1.);
#8469 = DIRECTION('',(-1.110223024625E-16,-1.,0.));
#8470 = ORIENTED_EDGE('',*,*,#8471,.F.);
#8471 = EDGE_CURVE('',#6577,#8464,#8472,.T.);
#8472 = LINE('',#8473,#8474);
#8473 = CARTESIAN_POINT('',(-0.3,-15.54,8.2));
#8474 = VECTOR('',#8475,1.);
#8475 = DIRECTION('',(0.,-0.,-1.));
#8476 = ORIENTED_EDGE('',*,*,#6584,.F.);
#8477 = PLANE('',#8478);
#8478 = AXIS2_PLACEMENT_3D('',#8479,#8480,#8481);
#8479 = CARTESIAN_POINT('',(-0.3,-14.94,8.2));
#8480 = DIRECTION('',(-1.,1.110223024625E-16,0.));
#8481 = DIRECTION('',(-1.110223024625E-16,-1.,0.));
#8482 = ADVANCED_FACE('',(#8483),#8526,.F.);
#8483 = FACE_BOUND('',#8484,.F.);
#8484 = EDGE_LOOP('',(#8485,#8486,#8487,#8495,#8503,#8511,#8519,#8525));
#8485 = ORIENTED_EDGE('',*,*,#6601,.F.);
#8486 = ORIENTED_EDGE('',*,*,#8471,.T.);
#8487 = ORIENTED_EDGE('',*,*,#8488,.T.);
#8488 = EDGE_CURVE('',#8464,#8489,#8491,.T.);
#8489 = VERTEX_POINT('',#8490);
#8490 = CARTESIAN_POINT('',(-0.1,-15.54,0.9));
#8491 = LINE('',#8492,#8493);
#8492 = CARTESIAN_POINT('',(-0.3,-15.54,0.9));
#8493 = VECTOR('',#8494,1.);
#8494 = DIRECTION('',(1.,-1.110223024625E-16,0.));
#8495 = ORIENTED_EDGE('',*,*,#8496,.F.);
#8496 = EDGE_CURVE('',#8497,#8489,#8499,.T.);
#8497 = VERTEX_POINT('',#8498);
#8498 = CARTESIAN_POINT('',(-0.1,-15.54,7.4));
#8499 = LINE('',#8500,#8501);
#8500 = CARTESIAN_POINT('',(-0.1,-15.54,6.055738799212));
#8501 = VECTOR('',#8502,1.);
#8502 = DIRECTION('',(-0.,0.,-1.));
#8503 = ORIENTED_EDGE('',*,*,#8504,.T.);
#8504 = EDGE_CURVE('',#8497,#8505,#8507,.T.);
#8505 = VERTEX_POINT('',#8506);
#8506 = CARTESIAN_POINT('',(0.1,-15.54,7.4));
#8507 = LINE('',#8508,#8509);
#8508 = CARTESIAN_POINT('',(-0.1,-15.54,7.4));
#8509 = VECTOR('',#8510,1.);
#8510 = DIRECTION('',(1.,-1.110223024625E-16,0.));
#8511 = ORIENTED_EDGE('',*,*,#8512,.T.);
#8512 = EDGE_CURVE('',#8505,#8513,#8515,.T.);
#8513 = VERTEX_POINT('',#8514);
#8514 = CARTESIAN_POINT('',(0.1,-15.54,0.9));
#8515 = LINE('',#8516,#8517);
#8516 = CARTESIAN_POINT('',(0.1,-15.54,6.055738799212));
#8517 = VECTOR('',#8518,1.);
#8518 = DIRECTION('',(-0.,0.,-1.));
#8519 = ORIENTED_EDGE('',*,*,#8520,.T.);
#8520 = EDGE_CURVE('',#8513,#8376,#8521,.T.);
#8521 = LINE('',#8522,#8523);
#8522 = CARTESIAN_POINT('',(-0.3,-15.54,0.9));
#8523 = VECTOR('',#8524,1.);
#8524 = DIRECTION('',(1.,-1.110223024625E-16,0.));
#8525 = ORIENTED_EDGE('',*,*,#8375,.F.);
#8526 = PLANE('',#8527);
#8527 = AXIS2_PLACEMENT_3D('',#8528,#8529,#8530);
#8528 = CARTESIAN_POINT('',(-0.3,-15.54,8.2));
#8529 = DIRECTION('',(-1.110223024625E-16,-1.,0.));
#8530 = DIRECTION('',(1.,-1.110223024625E-16,0.));
#8531 = ADVANCED_FACE('',(#8532),#8557,.F.);
#8532 = FACE_BOUND('',#8533,.F.);
#8533 = EDGE_LOOP('',(#8534,#8542,#8550,#8556));
#8534 = ORIENTED_EDGE('',*,*,#8535,.T.);
#8535 = EDGE_CURVE('',#6616,#8536,#8538,.T.);
#8536 = VERTEX_POINT('',#8537);
#8537 = CARTESIAN_POINT('',(0.3,-13.,0.9));
#8538 = LINE('',#8539,#8540);
#8539 = CARTESIAN_POINT('',(0.3,-13.,8.2));
#8540 = VECTOR('',#8541,1.);
#8541 = DIRECTION('',(0.,-0.,-1.));
#8542 = ORIENTED_EDGE('',*,*,#8543,.T.);
#8543 = EDGE_CURVE('',#8536,#8544,#8546,.T.);
#8544 = VERTEX_POINT('',#8545);
#8545 = CARTESIAN_POINT('',(0.3,-12.4,0.9));
#8546 = LINE('',#8547,#8548);
#8547 = CARTESIAN_POINT('',(0.3,-13.,0.9));
#8548 = VECTOR('',#8549,1.);
#8549 = DIRECTION('',(1.110223024625E-16,1.,0.));
#8550 = ORIENTED_EDGE('',*,*,#8551,.F.);
#8551 = EDGE_CURVE('',#6625,#8544,#8552,.T.);
#8552 = LINE('',#8553,#8554);
#8553 = CARTESIAN_POINT('',(0.3,-12.4,8.2));
#8554 = VECTOR('',#8555,1.);
#8555 = DIRECTION('',(0.,-0.,-1.));
#8556 = ORIENTED_EDGE('',*,*,#6632,.F.);
#8557 = PLANE('',#8558);
#8558 = AXIS2_PLACEMENT_3D('',#8559,#8560,#8561);
#8559 = CARTESIAN_POINT('',(0.3,-13.,8.2));
#8560 = DIRECTION('',(1.,-1.110223024625E-16,0.));
#8561 = DIRECTION('',(1.110223024625E-16,1.,0.));
#8562 = ADVANCED_FACE('',(#8563),#8613,.F.);
#8563 = FACE_BOUND('',#8564,.F.);
#8564 = EDGE_LOOP('',(#8565,#8566,#8567,#8575,#8583,#8591,#8599,#8607));
#8565 = ORIENTED_EDGE('',*,*,#6656,.F.);
#8566 = ORIENTED_EDGE('',*,*,#8551,.T.);
#8567 = ORIENTED_EDGE('',*,*,#8568,.T.);
#8568 = EDGE_CURVE('',#8544,#8569,#8571,.T.);
#8569 = VERTEX_POINT('',#8570);
#8570 = CARTESIAN_POINT('',(0.1,-12.4,0.9));
#8571 = LINE('',#8572,#8573);
#8572 = CARTESIAN_POINT('',(0.3,-12.4,0.9));
#8573 = VECTOR('',#8574,1.);
#8574 = DIRECTION('',(-1.,1.110223024625E-16,0.));
#8575 = ORIENTED_EDGE('',*,*,#8576,.T.);
#8576 = EDGE_CURVE('',#8569,#8577,#8579,.T.);
#8577 = VERTEX_POINT('',#8578);
#8578 = CARTESIAN_POINT('',(0.1,-12.4,7.4));
#8579 = LINE('',#8580,#8581);
#8580 = CARTESIAN_POINT('',(0.1,-12.4,6.055738799212));
#8581 = VECTOR('',#8582,1.);
#8582 = DIRECTION('',(0.,-0.,1.));
#8583 = ORIENTED_EDGE('',*,*,#8584,.F.);
#8584 = EDGE_CURVE('',#8585,#8577,#8587,.T.);
#8585 = VERTEX_POINT('',#8586);
#8586 = CARTESIAN_POINT('',(-0.1,-12.4,7.4));
#8587 = LINE('',#8588,#8589);
#8588 = CARTESIAN_POINT('',(-0.1,-12.4,7.4));
#8589 = VECTOR('',#8590,1.);
#8590 = DIRECTION('',(1.,-1.110223024625E-16,0.));
#8591 = ORIENTED_EDGE('',*,*,#8592,.F.);
#8592 = EDGE_CURVE('',#8593,#8585,#8595,.T.);
#8593 = VERTEX_POINT('',#8594);
#8594 = CARTESIAN_POINT('',(-0.1,-12.4,0.9));
#8595 = LINE('',#8596,#8597);
#8596 = CARTESIAN_POINT('',(-0.1,-12.4,6.055738799212));
#8597 = VECTOR('',#8598,1.);
#8598 = DIRECTION('',(0.,-0.,1.));
#8599 = ORIENTED_EDGE('',*,*,#8600,.T.);
#8600 = EDGE_CURVE('',#8593,#8601,#8603,.T.);
#8601 = VERTEX_POINT('',#8602);
#8602 = CARTESIAN_POINT('',(-0.3,-12.4,0.9));
#8603 = LINE('',#8604,#8605);
#8604 = CARTESIAN_POINT('',(0.3,-12.4,0.9));
#8605 = VECTOR('',#8606,1.);
#8606 = DIRECTION('',(-1.,1.110223024625E-16,0.));
#8607 = ORIENTED_EDGE('',*,*,#8608,.F.);
#8608 = EDGE_CURVE('',#6649,#8601,#8609,.T.);
#8609 = LINE('',#8610,#8611);
#8610 = CARTESIAN_POINT('',(-0.3,-12.4,8.2));
#8611 = VECTOR('',#8612,1.);
#8612 = DIRECTION('',(0.,-0.,-1.));
#8613 = PLANE('',#8614);
#8614 = AXIS2_PLACEMENT_3D('',#8615,#8616,#8617);
#8615 = CARTESIAN_POINT('',(0.3,-12.4,8.2));
#8616 = DIRECTION('',(1.110223024625E-16,1.,0.));
#8617 = DIRECTION('',(-1.,1.110223024625E-16,0.));
#8618 = ADVANCED_FACE('',(#8619),#8637,.F.);
#8619 = FACE_BOUND('',#8620,.F.);
#8620 = EDGE_LOOP('',(#8621,#8622,#8630,#8636));
#8621 = ORIENTED_EDGE('',*,*,#8608,.T.);
#8622 = ORIENTED_EDGE('',*,*,#8623,.T.);
#8623 = EDGE_CURVE('',#8601,#8624,#8626,.T.);
#8624 = VERTEX_POINT('',#8625);
#8625 = CARTESIAN_POINT('',(-0.3,-13.,0.9));
#8626 = LINE('',#8627,#8628);
#8627 = CARTESIAN_POINT('',(-0.3,-12.4,0.9));
#8628 = VECTOR('',#8629,1.);
#8629 = DIRECTION('',(-1.110223024625E-16,-1.,0.));
#8630 = ORIENTED_EDGE('',*,*,#8631,.F.);
#8631 = EDGE_CURVE('',#6673,#8624,#8632,.T.);
#8632 = LINE('',#8633,#8634);
#8633 = CARTESIAN_POINT('',(-0.3,-13.,8.2));
#8634 = VECTOR('',#8635,1.);
#8635 = DIRECTION('',(0.,-0.,-1.));
#8636 = ORIENTED_EDGE('',*,*,#6680,.F.);
#8637 = PLANE('',#8638);
#8638 = AXIS2_PLACEMENT_3D('',#8639,#8640,#8641);
#8639 = CARTESIAN_POINT('',(-0.3,-12.4,8.2));
#8640 = DIRECTION('',(-1.,1.110223024625E-16,0.));
#8641 = DIRECTION('',(-1.110223024625E-16,-1.,0.));
#8642 = ADVANCED_FACE('',(#8643),#8686,.F.);
#8643 = FACE_BOUND('',#8644,.F.);
#8644 = EDGE_LOOP('',(#8645,#8646,#8647,#8655,#8663,#8671,#8679,#8685));
#8645 = ORIENTED_EDGE('',*,*,#6697,.F.);
#8646 = ORIENTED_EDGE('',*,*,#8631,.T.);
#8647 = ORIENTED_EDGE('',*,*,#8648,.T.);
#8648 = EDGE_CURVE('',#8624,#8649,#8651,.T.);
#8649 = VERTEX_POINT('',#8650);
#8650 = CARTESIAN_POINT('',(-0.1,-13.,0.9));
#8651 = LINE('',#8652,#8653);
#8652 = CARTESIAN_POINT('',(-0.3,-13.,0.9));
#8653 = VECTOR('',#8654,1.);
#8654 = DIRECTION('',(1.,-1.110223024625E-16,0.));
#8655 = ORIENTED_EDGE('',*,*,#8656,.F.);
#8656 = EDGE_CURVE('',#8657,#8649,#8659,.T.);
#8657 = VERTEX_POINT('',#8658);
#8658 = CARTESIAN_POINT('',(-0.1,-13.,7.4));
#8659 = LINE('',#8660,#8661);
#8660 = CARTESIAN_POINT('',(-0.1,-13.,6.055738799212));
#8661 = VECTOR('',#8662,1.);
#8662 = DIRECTION('',(-0.,0.,-1.));
#8663 = ORIENTED_EDGE('',*,*,#8664,.T.);
#8664 = EDGE_CURVE('',#8657,#8665,#8667,.T.);
#8665 = VERTEX_POINT('',#8666);
#8666 = CARTESIAN_POINT('',(0.1,-13.,7.4));
#8667 = LINE('',#8668,#8669);
#8668 = CARTESIAN_POINT('',(-0.1,-13.,7.4));
#8669 = VECTOR('',#8670,1.);
#8670 = DIRECTION('',(1.,-1.110223024625E-16,0.));
#8671 = ORIENTED_EDGE('',*,*,#8672,.T.);
#8672 = EDGE_CURVE('',#8665,#8673,#8675,.T.);
#8673 = VERTEX_POINT('',#8674);
#8674 = CARTESIAN_POINT('',(0.1,-13.,0.9));
#8675 = LINE('',#8676,#8677);
#8676 = CARTESIAN_POINT('',(0.1,-13.,6.055738799212));
#8677 = VECTOR('',#8678,1.);
#8678 = DIRECTION('',(-0.,0.,-1.));
#8679 = ORIENTED_EDGE('',*,*,#8680,.T.);
#8680 = EDGE_CURVE('',#8673,#8536,#8681,.T.);
#8681 = LINE('',#8682,#8683);
#8682 = CARTESIAN_POINT('',(-0.3,-13.,0.9));
#8683 = VECTOR('',#8684,1.);
#8684 = DIRECTION('',(1.,-1.110223024625E-16,0.));
#8685 = ORIENTED_EDGE('',*,*,#8535,.F.);
#8686 = PLANE('',#8687);
#8687 = AXIS2_PLACEMENT_3D('',#8688,#8689,#8690);
#8688 = CARTESIAN_POINT('',(-0.3,-13.,8.2));
#8689 = DIRECTION('',(-1.110223024625E-16,-1.,0.));
#8690 = DIRECTION('',(1.,-1.110223024625E-16,0.));
#8691 = ADVANCED_FACE('',(#8692),#8717,.F.);
#8692 = FACE_BOUND('',#8693,.F.);
#8693 = EDGE_LOOP('',(#8694,#8702,#8710,#8716));
#8694 = ORIENTED_EDGE('',*,*,#8695,.T.);
#8695 = EDGE_CURVE('',#6712,#8696,#8698,.T.);
#8696 = VERTEX_POINT('',#8697);
#8697 = CARTESIAN_POINT('',(0.3,-10.46,0.9));
#8698 = LINE('',#8699,#8700);
#8699 = CARTESIAN_POINT('',(0.3,-10.46,8.2));
#8700 = VECTOR('',#8701,1.);
#8701 = DIRECTION('',(0.,-0.,-1.));
#8702 = ORIENTED_EDGE('',*,*,#8703,.T.);
#8703 = EDGE_CURVE('',#8696,#8704,#8706,.T.);
#8704 = VERTEX_POINT('',#8705);
#8705 = CARTESIAN_POINT('',(0.3,-9.86,0.9));
#8706 = LINE('',#8707,#8708);
#8707 = CARTESIAN_POINT('',(0.3,-10.46,0.9));
#8708 = VECTOR('',#8709,1.);
#8709 = DIRECTION('',(1.110223024625E-16,1.,0.));
#8710 = ORIENTED_EDGE('',*,*,#8711,.F.);
#8711 = EDGE_CURVE('',#6721,#8704,#8712,.T.);
#8712 = LINE('',#8713,#8714);
#8713 = CARTESIAN_POINT('',(0.3,-9.86,8.2));
#8714 = VECTOR('',#8715,1.);
#8715 = DIRECTION('',(0.,-0.,-1.));
#8716 = ORIENTED_EDGE('',*,*,#6728,.F.);
#8717 = PLANE('',#8718);
#8718 = AXIS2_PLACEMENT_3D('',#8719,#8720,#8721);
#8719 = CARTESIAN_POINT('',(0.3,-10.46,8.2));
#8720 = DIRECTION('',(1.,-1.110223024625E-16,0.));
#8721 = DIRECTION('',(1.110223024625E-16,1.,0.));
#8722 = ADVANCED_FACE('',(#8723),#8773,.F.);
#8723 = FACE_BOUND('',#8724,.F.);
#8724 = EDGE_LOOP('',(#8725,#8726,#8727,#8735,#8743,#8751,#8759,#8767));
#8725 = ORIENTED_EDGE('',*,*,#6752,.F.);
#8726 = ORIENTED_EDGE('',*,*,#8711,.T.);
#8727 = ORIENTED_EDGE('',*,*,#8728,.T.);
#8728 = EDGE_CURVE('',#8704,#8729,#8731,.T.);
#8729 = VERTEX_POINT('',#8730);
#8730 = CARTESIAN_POINT('',(0.1,-9.86,0.9));
#8731 = LINE('',#8732,#8733);
#8732 = CARTESIAN_POINT('',(0.3,-9.86,0.9));
#8733 = VECTOR('',#8734,1.);
#8734 = DIRECTION('',(-1.,1.110223024625E-16,0.));
#8735 = ORIENTED_EDGE('',*,*,#8736,.T.);
#8736 = EDGE_CURVE('',#8729,#8737,#8739,.T.);
#8737 = VERTEX_POINT('',#8738);
#8738 = CARTESIAN_POINT('',(0.1,-9.86,7.4));
#8739 = LINE('',#8740,#8741);
#8740 = CARTESIAN_POINT('',(0.1,-9.86,6.055738799212));
#8741 = VECTOR('',#8742,1.);
#8742 = DIRECTION('',(0.,-0.,1.));
#8743 = ORIENTED_EDGE('',*,*,#8744,.F.);
#8744 = EDGE_CURVE('',#8745,#8737,#8747,.T.);
#8745 = VERTEX_POINT('',#8746);
#8746 = CARTESIAN_POINT('',(-0.1,-9.86,7.4));
#8747 = LINE('',#8748,#8749);
#8748 = CARTESIAN_POINT('',(-0.1,-9.86,7.4));
#8749 = VECTOR('',#8750,1.);
#8750 = DIRECTION('',(1.,-1.110223024625E-16,0.));
#8751 = ORIENTED_EDGE('',*,*,#8752,.F.);
#8752 = EDGE_CURVE('',#8753,#8745,#8755,.T.);
#8753 = VERTEX_POINT('',#8754);
#8754 = CARTESIAN_POINT('',(-0.1,-9.86,0.9));
#8755 = LINE('',#8756,#8757);
#8756 = CARTESIAN_POINT('',(-0.1,-9.86,6.055738799212));
#8757 = VECTOR('',#8758,1.);
#8758 = DIRECTION('',(0.,-0.,1.));
#8759 = ORIENTED_EDGE('',*,*,#8760,.T.);
#8760 = EDGE_CURVE('',#8753,#8761,#8763,.T.);
#8761 = VERTEX_POINT('',#8762);
#8762 = CARTESIAN_POINT('',(-0.3,-9.86,0.9));
#8763 = LINE('',#8764,#8765);
#8764 = CARTESIAN_POINT('',(0.3,-9.86,0.9));
#8765 = VECTOR('',#8766,1.);
#8766 = DIRECTION('',(-1.,1.110223024625E-16,0.));
#8767 = ORIENTED_EDGE('',*,*,#8768,.F.);
#8768 = EDGE_CURVE('',#6745,#8761,#8769,.T.);
#8769 = LINE('',#8770,#8771);
#8770 = CARTESIAN_POINT('',(-0.3,-9.86,8.2));
#8771 = VECTOR('',#8772,1.);
#8772 = DIRECTION('',(0.,-0.,-1.));
#8773 = PLANE('',#8774);
#8774 = AXIS2_PLACEMENT_3D('',#8775,#8776,#8777);
#8775 = CARTESIAN_POINT('',(0.3,-9.86,8.2));
#8776 = DIRECTION('',(1.110223024625E-16,1.,0.));
#8777 = DIRECTION('',(-1.,1.110223024625E-16,0.));
#8778 = ADVANCED_FACE('',(#8779),#8797,.F.);
#8779 = FACE_BOUND('',#8780,.F.);
#8780 = EDGE_LOOP('',(#8781,#8782,#8790,#8796));
#8781 = ORIENTED_EDGE('',*,*,#8768,.T.);
#8782 = ORIENTED_EDGE('',*,*,#8783,.T.);
#8783 = EDGE_CURVE('',#8761,#8784,#8786,.T.);
#8784 = VERTEX_POINT('',#8785);
#8785 = CARTESIAN_POINT('',(-0.3,-10.46,0.9));
#8786 = LINE('',#8787,#8788);
#8787 = CARTESIAN_POINT('',(-0.3,-9.86,0.9));
#8788 = VECTOR('',#8789,1.);
#8789 = DIRECTION('',(-1.110223024625E-16,-1.,0.));
#8790 = ORIENTED_EDGE('',*,*,#8791,.F.);
#8791 = EDGE_CURVE('',#6769,#8784,#8792,.T.);
#8792 = LINE('',#8793,#8794);
#8793 = CARTESIAN_POINT('',(-0.3,-10.46,8.2));
#8794 = VECTOR('',#8795,1.);
#8795 = DIRECTION('',(0.,-0.,-1.));
#8796 = ORIENTED_EDGE('',*,*,#6776,.F.);
#8797 = PLANE('',#8798);
#8798 = AXIS2_PLACEMENT_3D('',#8799,#8800,#8801);
#8799 = CARTESIAN_POINT('',(-0.3,-9.86,8.2));
#8800 = DIRECTION('',(-1.,1.110223024625E-16,0.));
#8801 = DIRECTION('',(-1.110223024625E-16,-1.,0.));
#8802 = ADVANCED_FACE('',(#8803),#8846,.F.);
#8803 = FACE_BOUND('',#8804,.F.);
#8804 = EDGE_LOOP('',(#8805,#8806,#8807,#8815,#8823,#8831,#8839,#8845));
#8805 = ORIENTED_EDGE('',*,*,#6793,.F.);
#8806 = ORIENTED_EDGE('',*,*,#8791,.T.);
#8807 = ORIENTED_EDGE('',*,*,#8808,.T.);
#8808 = EDGE_CURVE('',#8784,#8809,#8811,.T.);
#8809 = VERTEX_POINT('',#8810);
#8810 = CARTESIAN_POINT('',(-0.1,-10.46,0.9));
#8811 = LINE('',#8812,#8813);
#8812 = CARTESIAN_POINT('',(-0.3,-10.46,0.9));
#8813 = VECTOR('',#8814,1.);
#8814 = DIRECTION('',(1.,-1.110223024625E-16,0.));
#8815 = ORIENTED_EDGE('',*,*,#8816,.F.);
#8816 = EDGE_CURVE('',#8817,#8809,#8819,.T.);
#8817 = VERTEX_POINT('',#8818);
#8818 = CARTESIAN_POINT('',(-0.1,-10.46,7.4));
#8819 = LINE('',#8820,#8821);
#8820 = CARTESIAN_POINT('',(-0.1,-10.46,6.055738799212));
#8821 = VECTOR('',#8822,1.);
#8822 = DIRECTION('',(-0.,0.,-1.));
#8823 = ORIENTED_EDGE('',*,*,#8824,.T.);
#8824 = EDGE_CURVE('',#8817,#8825,#8827,.T.);
#8825 = VERTEX_POINT('',#8826);
#8826 = CARTESIAN_POINT('',(0.1,-10.46,7.4));
#8827 = LINE('',#8828,#8829);
#8828 = CARTESIAN_POINT('',(-0.1,-10.46,7.4));
#8829 = VECTOR('',#8830,1.);
#8830 = DIRECTION('',(1.,-1.110223024625E-16,0.));
#8831 = ORIENTED_EDGE('',*,*,#8832,.T.);
#8832 = EDGE_CURVE('',#8825,#8833,#8835,.T.);
#8833 = VERTEX_POINT('',#8834);
#8834 = CARTESIAN_POINT('',(0.1,-10.46,0.9));
#8835 = LINE('',#8836,#8837);
#8836 = CARTESIAN_POINT('',(0.1,-10.46,6.055738799212));
#8837 = VECTOR('',#8838,1.);
#8838 = DIRECTION('',(-0.,0.,-1.));
#8839 = ORIENTED_EDGE('',*,*,#8840,.T.);
#8840 = EDGE_CURVE('',#8833,#8696,#8841,.T.);
#8841 = LINE('',#8842,#8843);
#8842 = CARTESIAN_POINT('',(-0.3,-10.46,0.9));
#8843 = VECTOR('',#8844,1.);
#8844 = DIRECTION('',(1.,-1.110223024625E-16,0.));
#8845 = ORIENTED_EDGE('',*,*,#8695,.F.);
#8846 = PLANE('',#8847);
#8847 = AXIS2_PLACEMENT_3D('',#8848,#8849,#8850);
#8848 = CARTESIAN_POINT('',(-0.3,-10.46,8.2));
#8849 = DIRECTION('',(-1.110223024625E-16,-1.,0.));
#8850 = DIRECTION('',(1.,-1.110223024625E-16,0.));
#8851 = ADVANCED_FACE('',(#8852),#8877,.F.);
#8852 = FACE_BOUND('',#8853,.F.);
#8853 = EDGE_LOOP('',(#8854,#8862,#8870,#8876));
#8854 = ORIENTED_EDGE('',*,*,#8855,.T.);
#8855 = EDGE_CURVE('',#6808,#8856,#8858,.T.);
#8856 = VERTEX_POINT('',#8857);
#8857 = CARTESIAN_POINT('',(0.3,-7.92,0.9));
#8858 = LINE('',#8859,#8860);
#8859 = CARTESIAN_POINT('',(0.3,-7.92,8.2));
#8860 = VECTOR('',#8861,1.);
#8861 = DIRECTION('',(0.,-0.,-1.));
#8862 = ORIENTED_EDGE('',*,*,#8863,.T.);
#8863 = EDGE_CURVE('',#8856,#8864,#8866,.T.);
#8864 = VERTEX_POINT('',#8865);
#8865 = CARTESIAN_POINT('',(0.3,-7.32,0.9));
#8866 = LINE('',#8867,#8868);
#8867 = CARTESIAN_POINT('',(0.3,-7.92,0.9));
#8868 = VECTOR('',#8869,1.);
#8869 = DIRECTION('',(1.110223024625E-16,1.,0.));
#8870 = ORIENTED_EDGE('',*,*,#8871,.F.);
#8871 = EDGE_CURVE('',#6817,#8864,#8872,.T.);
#8872 = LINE('',#8873,#8874);
#8873 = CARTESIAN_POINT('',(0.3,-7.32,8.2));
#8874 = VECTOR('',#8875,1.);
#8875 = DIRECTION('',(0.,-0.,-1.));
#8876 = ORIENTED_EDGE('',*,*,#6824,.F.);
#8877 = PLANE('',#8878);
#8878 = AXIS2_PLACEMENT_3D('',#8879,#8880,#8881);
#8879 = CARTESIAN_POINT('',(0.3,-7.92,8.2));
#8880 = DIRECTION('',(1.,-1.110223024625E-16,0.));
#8881 = DIRECTION('',(1.110223024625E-16,1.,0.));
#8882 = ADVANCED_FACE('',(#8883),#8933,.F.);
#8883 = FACE_BOUND('',#8884,.F.);
#8884 = EDGE_LOOP('',(#8885,#8886,#8887,#8895,#8903,#8911,#8919,#8927));
#8885 = ORIENTED_EDGE('',*,*,#6848,.F.);
#8886 = ORIENTED_EDGE('',*,*,#8871,.T.);
#8887 = ORIENTED_EDGE('',*,*,#8888,.T.);
#8888 = EDGE_CURVE('',#8864,#8889,#8891,.T.);
#8889 = VERTEX_POINT('',#8890);
#8890 = CARTESIAN_POINT('',(0.1,-7.32,0.9));
#8891 = LINE('',#8892,#8893);
#8892 = CARTESIAN_POINT('',(0.3,-7.32,0.9));
#8893 = VECTOR('',#8894,1.);
#8894 = DIRECTION('',(-1.,1.110223024625E-16,0.));
#8895 = ORIENTED_EDGE('',*,*,#8896,.T.);
#8896 = EDGE_CURVE('',#8889,#8897,#8899,.T.);
#8897 = VERTEX_POINT('',#8898);
#8898 = CARTESIAN_POINT('',(0.1,-7.32,7.4));
#8899 = LINE('',#8900,#8901);
#8900 = CARTESIAN_POINT('',(0.1,-7.32,6.055738799212));
#8901 = VECTOR('',#8902,1.);
#8902 = DIRECTION('',(0.,-0.,1.));
#8903 = ORIENTED_EDGE('',*,*,#8904,.F.);
#8904 = EDGE_CURVE('',#8905,#8897,#8907,.T.);
#8905 = VERTEX_POINT('',#8906);
#8906 = CARTESIAN_POINT('',(-0.1,-7.32,7.4));
#8907 = LINE('',#8908,#8909);
#8908 = CARTESIAN_POINT('',(-0.1,-7.32,7.4));
#8909 = VECTOR('',#8910,1.);
#8910 = DIRECTION('',(1.,-1.110223024625E-16,0.));
#8911 = ORIENTED_EDGE('',*,*,#8912,.F.);
#8912 = EDGE_CURVE('',#8913,#8905,#8915,.T.);
#8913 = VERTEX_POINT('',#8914);
#8914 = CARTESIAN_POINT('',(-0.1,-7.32,0.9));
#8915 = LINE('',#8916,#8917);
#8916 = CARTESIAN_POINT('',(-0.1,-7.32,6.055738799212));
#8917 = VECTOR('',#8918,1.);
#8918 = DIRECTION('',(0.,-0.,1.));
#8919 = ORIENTED_EDGE('',*,*,#8920,.T.);
#8920 = EDGE_CURVE('',#8913,#8921,#8923,.T.);
#8921 = VERTEX_POINT('',#8922);
#8922 = CARTESIAN_POINT('',(-0.3,-7.32,0.9));
#8923 = LINE('',#8924,#8925);
#8924 = CARTESIAN_POINT('',(0.3,-7.32,0.9));
#8925 = VECTOR('',#8926,1.);
#8926 = DIRECTION('',(-1.,1.110223024625E-16,0.));
#8927 = ORIENTED_EDGE('',*,*,#8928,.F.);
#8928 = EDGE_CURVE('',#6841,#8921,#8929,.T.);
#8929 = LINE('',#8930,#8931);
#8930 = CARTESIAN_POINT('',(-0.3,-7.32,8.2));
#8931 = VECTOR('',#8932,1.);
#8932 = DIRECTION('',(0.,-0.,-1.));
#8933 = PLANE('',#8934);
#8934 = AXIS2_PLACEMENT_3D('',#8935,#8936,#8937);
#8935 = CARTESIAN_POINT('',(0.3,-7.32,8.2));
#8936 = DIRECTION('',(1.110223024625E-16,1.,0.));
#8937 = DIRECTION('',(-1.,1.110223024625E-16,0.));
#8938 = ADVANCED_FACE('',(#8939),#8957,.F.);
#8939 = FACE_BOUND('',#8940,.F.);
#8940 = EDGE_LOOP('',(#8941,#8942,#8950,#8956));
#8941 = ORIENTED_EDGE('',*,*,#8928,.T.);
#8942 = ORIENTED_EDGE('',*,*,#8943,.T.);
#8943 = EDGE_CURVE('',#8921,#8944,#8946,.T.);
#8944 = VERTEX_POINT('',#8945);
#8945 = CARTESIAN_POINT('',(-0.3,-7.92,0.9));
#8946 = LINE('',#8947,#8948);
#8947 = CARTESIAN_POINT('',(-0.3,-7.32,0.9));
#8948 = VECTOR('',#8949,1.);
#8949 = DIRECTION('',(-1.110223024625E-16,-1.,0.));
#8950 = ORIENTED_EDGE('',*,*,#8951,.F.);
#8951 = EDGE_CURVE('',#6865,#8944,#8952,.T.);
#8952 = LINE('',#8953,#8954);
#8953 = CARTESIAN_POINT('',(-0.3,-7.92,8.2));
#8954 = VECTOR('',#8955,1.);
#8955 = DIRECTION('',(0.,-0.,-1.));
#8956 = ORIENTED_EDGE('',*,*,#6872,.F.);
#8957 = PLANE('',#8958);
#8958 = AXIS2_PLACEMENT_3D('',#8959,#8960,#8961);
#8959 = CARTESIAN_POINT('',(-0.3,-7.32,8.2));
#8960 = DIRECTION('',(-1.,1.110223024625E-16,0.));
#8961 = DIRECTION('',(-1.110223024625E-16,-1.,0.));
#8962 = ADVANCED_FACE('',(#8963),#9006,.F.);
#8963 = FACE_BOUND('',#8964,.F.);
#8964 = EDGE_LOOP('',(#8965,#8966,#8967,#8975,#8983,#8991,#8999,#9005));
#8965 = ORIENTED_EDGE('',*,*,#6889,.F.);
#8966 = ORIENTED_EDGE('',*,*,#8951,.T.);
#8967 = ORIENTED_EDGE('',*,*,#8968,.T.);
#8968 = EDGE_CURVE('',#8944,#8969,#8971,.T.);
#8969 = VERTEX_POINT('',#8970);
#8970 = CARTESIAN_POINT('',(-0.1,-7.92,0.9));
#8971 = LINE('',#8972,#8973);
#8972 = CARTESIAN_POINT('',(-0.3,-7.92,0.9));
#8973 = VECTOR('',#8974,1.);
#8974 = DIRECTION('',(1.,-1.110223024625E-16,0.));
#8975 = ORIENTED_EDGE('',*,*,#8976,.F.);
#8976 = EDGE_CURVE('',#8977,#8969,#8979,.T.);
#8977 = VERTEX_POINT('',#8978);
#8978 = CARTESIAN_POINT('',(-0.1,-7.92,7.4));
#8979 = LINE('',#8980,#8981);
#8980 = CARTESIAN_POINT('',(-0.1,-7.92,6.055738799212));
#8981 = VECTOR('',#8982,1.);
#8982 = DIRECTION('',(-0.,0.,-1.));
#8983 = ORIENTED_EDGE('',*,*,#8984,.T.);
#8984 = EDGE_CURVE('',#8977,#8985,#8987,.T.);
#8985 = VERTEX_POINT('',#8986);
#8986 = CARTESIAN_POINT('',(0.1,-7.92,7.4));
#8987 = LINE('',#8988,#8989);
#8988 = CARTESIAN_POINT('',(-0.1,-7.92,7.4));
#8989 = VECTOR('',#8990,1.);
#8990 = DIRECTION('',(1.,-1.110223024625E-16,0.));
#8991 = ORIENTED_EDGE('',*,*,#8992,.T.);
#8992 = EDGE_CURVE('',#8985,#8993,#8995,.T.);
#8993 = VERTEX_POINT('',#8994);
#8994 = CARTESIAN_POINT('',(0.1,-7.92,0.9));
#8995 = LINE('',#8996,#8997);
#8996 = CARTESIAN_POINT('',(0.1,-7.92,6.055738799212));
#8997 = VECTOR('',#8998,1.);
#8998 = DIRECTION('',(-0.,0.,-1.));
#8999 = ORIENTED_EDGE('',*,*,#9000,.T.);
#9000 = EDGE_CURVE('',#8993,#8856,#9001,.T.);
#9001 = LINE('',#9002,#9003);
#9002 = CARTESIAN_POINT('',(-0.3,-7.92,0.9));
#9003 = VECTOR('',#9004,1.);
#9004 = DIRECTION('',(1.,-1.110223024625E-16,0.));
#9005 = ORIENTED_EDGE('',*,*,#8855,.F.);
#9006 = PLANE('',#9007);
#9007 = AXIS2_PLACEMENT_3D('',#9008,#9009,#9010);
#9008 = CARTESIAN_POINT('',(-0.3,-7.92,8.2));
#9009 = DIRECTION('',(-1.110223024625E-16,-1.,0.));
#9010 = DIRECTION('',(1.,-1.110223024625E-16,0.));
#9011 = ADVANCED_FACE('',(#9012),#9037,.F.);
#9012 = FACE_BOUND('',#9013,.F.);
#9013 = EDGE_LOOP('',(#9014,#9022,#9030,#9036));
#9014 = ORIENTED_EDGE('',*,*,#9015,.T.);
#9015 = EDGE_CURVE('',#6904,#9016,#9018,.T.);
#9016 = VERTEX_POINT('',#9017);
#9017 = CARTESIAN_POINT('',(0.3,-5.38,0.9));
#9018 = LINE('',#9019,#9020);
#9019 = CARTESIAN_POINT('',(0.3,-5.38,8.2));
#9020 = VECTOR('',#9021,1.);
#9021 = DIRECTION('',(0.,-0.,-1.));
#9022 = ORIENTED_EDGE('',*,*,#9023,.T.);
#9023 = EDGE_CURVE('',#9016,#9024,#9026,.T.);
#9024 = VERTEX_POINT('',#9025);
#9025 = CARTESIAN_POINT('',(0.3,-4.78,0.9));
#9026 = LINE('',#9027,#9028);
#9027 = CARTESIAN_POINT('',(0.3,-5.38,0.9));
#9028 = VECTOR('',#9029,1.);
#9029 = DIRECTION('',(1.110223024625E-16,1.,0.));
#9030 = ORIENTED_EDGE('',*,*,#9031,.F.);
#9031 = EDGE_CURVE('',#6913,#9024,#9032,.T.);
#9032 = LINE('',#9033,#9034);
#9033 = CARTESIAN_POINT('',(0.3,-4.78,8.2));
#9034 = VECTOR('',#9035,1.);
#9035 = DIRECTION('',(0.,-0.,-1.));
#9036 = ORIENTED_EDGE('',*,*,#6920,.F.);
#9037 = PLANE('',#9038);
#9038 = AXIS2_PLACEMENT_3D('',#9039,#9040,#9041);
#9039 = CARTESIAN_POINT('',(0.3,-5.38,8.2));
#9040 = DIRECTION('',(1.,-1.110223024625E-16,0.));
#9041 = DIRECTION('',(1.110223024625E-16,1.,0.));
#9042 = ADVANCED_FACE('',(#9043),#9093,.F.);
#9043 = FACE_BOUND('',#9044,.F.);
#9044 = EDGE_LOOP('',(#9045,#9046,#9047,#9055,#9063,#9071,#9079,#9087));
#9045 = ORIENTED_EDGE('',*,*,#6944,.F.);
#9046 = ORIENTED_EDGE('',*,*,#9031,.T.);
#9047 = ORIENTED_EDGE('',*,*,#9048,.T.);
#9048 = EDGE_CURVE('',#9024,#9049,#9051,.T.);
#9049 = VERTEX_POINT('',#9050);
#9050 = CARTESIAN_POINT('',(0.1,-4.78,0.9));
#9051 = LINE('',#9052,#9053);
#9052 = CARTESIAN_POINT('',(0.3,-4.78,0.9));
#9053 = VECTOR('',#9054,1.);
#9054 = DIRECTION('',(-1.,1.110223024625E-16,0.));
#9055 = ORIENTED_EDGE('',*,*,#9056,.T.);
#9056 = EDGE_CURVE('',#9049,#9057,#9059,.T.);
#9057 = VERTEX_POINT('',#9058);
#9058 = CARTESIAN_POINT('',(0.1,-4.78,7.4));
#9059 = LINE('',#9060,#9061);
#9060 = CARTESIAN_POINT('',(0.1,-4.78,6.055738799212));
#9061 = VECTOR('',#9062,1.);
#9062 = DIRECTION('',(0.,-0.,1.));
#9063 = ORIENTED_EDGE('',*,*,#9064,.F.);
#9064 = EDGE_CURVE('',#9065,#9057,#9067,.T.);
#9065 = VERTEX_POINT('',#9066);
#9066 = CARTESIAN_POINT('',(-0.1,-4.78,7.4));
#9067 = LINE('',#9068,#9069);
#9068 = CARTESIAN_POINT('',(-0.1,-4.78,7.4));
#9069 = VECTOR('',#9070,1.);
#9070 = DIRECTION('',(1.,-1.110223024625E-16,0.));
#9071 = ORIENTED_EDGE('',*,*,#9072,.F.);
#9072 = EDGE_CURVE('',#9073,#9065,#9075,.T.);
#9073 = VERTEX_POINT('',#9074);
#9074 = CARTESIAN_POINT('',(-0.1,-4.78,0.9));
#9075 = LINE('',#9076,#9077);
#9076 = CARTESIAN_POINT('',(-0.1,-4.78,6.055738799212));
#9077 = VECTOR('',#9078,1.);
#9078 = DIRECTION('',(0.,-0.,1.));
#9079 = ORIENTED_EDGE('',*,*,#9080,.T.);
#9080 = EDGE_CURVE('',#9073,#9081,#9083,.T.);
#9081 = VERTEX_POINT('',#9082);
#9082 = CARTESIAN_POINT('',(-0.3,-4.78,0.9));
#9083 = LINE('',#9084,#9085);
#9084 = CARTESIAN_POINT('',(0.3,-4.78,0.9));
#9085 = VECTOR('',#9086,1.);
#9086 = DIRECTION('',(-1.,1.110223024625E-16,0.));
#9087 = ORIENTED_EDGE('',*,*,#9088,.F.);
#9088 = EDGE_CURVE('',#6937,#9081,#9089,.T.);
#9089 = LINE('',#9090,#9091);
#9090 = CARTESIAN_POINT('',(-0.3,-4.78,8.2));
#9091 = VECTOR('',#9092,1.);
#9092 = DIRECTION('',(0.,-0.,-1.));
#9093 = PLANE('',#9094);
#9094 = AXIS2_PLACEMENT_3D('',#9095,#9096,#9097);
#9095 = CARTESIAN_POINT('',(0.3,-4.78,8.2));
#9096 = DIRECTION('',(1.110223024625E-16,1.,0.));
#9097 = DIRECTION('',(-1.,1.110223024625E-16,0.));
#9098 = ADVANCED_FACE('',(#9099),#9117,.F.);
#9099 = FACE_BOUND('',#9100,.F.);
#9100 = EDGE_LOOP('',(#9101,#9102,#9110,#9116));
#9101 = ORIENTED_EDGE('',*,*,#9088,.T.);
#9102 = ORIENTED_EDGE('',*,*,#9103,.T.);
#9103 = EDGE_CURVE('',#9081,#9104,#9106,.T.);
#9104 = VERTEX_POINT('',#9105);
#9105 = CARTESIAN_POINT('',(-0.3,-5.38,0.9));
#9106 = LINE('',#9107,#9108);
#9107 = CARTESIAN_POINT('',(-0.3,-4.78,0.9));
#9108 = VECTOR('',#9109,1.);
#9109 = DIRECTION('',(-1.110223024625E-16,-1.,0.));
#9110 = ORIENTED_EDGE('',*,*,#9111,.F.);
#9111 = EDGE_CURVE('',#6961,#9104,#9112,.T.);
#9112 = LINE('',#9113,#9114);
#9113 = CARTESIAN_POINT('',(-0.3,-5.38,8.2));
#9114 = VECTOR('',#9115,1.);
#9115 = DIRECTION('',(0.,-0.,-1.));
#9116 = ORIENTED_EDGE('',*,*,#6968,.F.);
#9117 = PLANE('',#9118);
#9118 = AXIS2_PLACEMENT_3D('',#9119,#9120,#9121);
#9119 = CARTESIAN_POINT('',(-0.3,-4.78,8.2));
#9120 = DIRECTION('',(-1.,1.110223024625E-16,0.));
#9121 = DIRECTION('',(-1.110223024625E-16,-1.,0.));
#9122 = ADVANCED_FACE('',(#9123),#9166,.F.);
#9123 = FACE_BOUND('',#9124,.F.);
#9124 = EDGE_LOOP('',(#9125,#9126,#9127,#9135,#9143,#9151,#9159,#9165));
#9125 = ORIENTED_EDGE('',*,*,#6985,.F.);
#9126 = ORIENTED_EDGE('',*,*,#9111,.T.);
#9127 = ORIENTED_EDGE('',*,*,#9128,.T.);
#9128 = EDGE_CURVE('',#9104,#9129,#9131,.T.);
#9129 = VERTEX_POINT('',#9130);
#9130 = CARTESIAN_POINT('',(-0.1,-5.38,0.9));
#9131 = LINE('',#9132,#9133);
#9132 = CARTESIAN_POINT('',(-0.3,-5.38,0.9));
#9133 = VECTOR('',#9134,1.);
#9134 = DIRECTION('',(1.,-1.110223024625E-16,0.));
#9135 = ORIENTED_EDGE('',*,*,#9136,.F.);
#9136 = EDGE_CURVE('',#9137,#9129,#9139,.T.);
#9137 = VERTEX_POINT('',#9138);
#9138 = CARTESIAN_POINT('',(-0.1,-5.38,7.4));
#9139 = LINE('',#9140,#9141);
#9140 = CARTESIAN_POINT('',(-0.1,-5.38,6.055738799212));
#9141 = VECTOR('',#9142,1.);
#9142 = DIRECTION('',(-0.,0.,-1.));
#9143 = ORIENTED_EDGE('',*,*,#9144,.T.);
#9144 = EDGE_CURVE('',#9137,#9145,#9147,.T.);
#9145 = VERTEX_POINT('',#9146);
#9146 = CARTESIAN_POINT('',(0.1,-5.38,7.4));
#9147 = LINE('',#9148,#9149);
#9148 = CARTESIAN_POINT('',(-0.1,-5.38,7.4));
#9149 = VECTOR('',#9150,1.);
#9150 = DIRECTION('',(1.,-1.110223024625E-16,0.));
#9151 = ORIENTED_EDGE('',*,*,#9152,.T.);
#9152 = EDGE_CURVE('',#9145,#9153,#9155,.T.);
#9153 = VERTEX_POINT('',#9154);
#9154 = CARTESIAN_POINT('',(0.1,-5.38,0.9));
#9155 = LINE('',#9156,#9157);
#9156 = CARTESIAN_POINT('',(0.1,-5.38,6.055738799212));
#9157 = VECTOR('',#9158,1.);
#9158 = DIRECTION('',(-0.,0.,-1.));
#9159 = ORIENTED_EDGE('',*,*,#9160,.T.);
#9160 = EDGE_CURVE('',#9153,#9016,#9161,.T.);
#9161 = LINE('',#9162,#9163);
#9162 = CARTESIAN_POINT('',(-0.3,-5.38,0.9));
#9163 = VECTOR('',#9164,1.);
#9164 = DIRECTION('',(1.,-1.110223024625E-16,0.));
#9165 = ORIENTED_EDGE('',*,*,#9015,.F.);
#9166 = PLANE('',#9167);
#9167 = AXIS2_PLACEMENT_3D('',#9168,#9169,#9170);
#9168 = CARTESIAN_POINT('',(-0.3,-5.38,8.2));
#9169 = DIRECTION('',(-1.110223024625E-16,-1.,0.));
#9170 = DIRECTION('',(1.,-1.110223024625E-16,0.));
#9171 = ADVANCED_FACE('',(#9172),#9197,.F.);
#9172 = FACE_BOUND('',#9173,.F.);
#9173 = EDGE_LOOP('',(#9174,#9182,#9190,#9196));
#9174 = ORIENTED_EDGE('',*,*,#9175,.T.);
#9175 = EDGE_CURVE('',#7000,#9176,#9178,.T.);
#9176 = VERTEX_POINT('',#9177);
#9177 = CARTESIAN_POINT('',(0.3,-2.84,0.9));
#9178 = LINE('',#9179,#9180);
#9179 = CARTESIAN_POINT('',(0.3,-2.84,8.2));
#9180 = VECTOR('',#9181,1.);
#9181 = DIRECTION('',(0.,-0.,-1.));
#9182 = ORIENTED_EDGE('',*,*,#9183,.T.);
#9183 = EDGE_CURVE('',#9176,#9184,#9186,.T.);
#9184 = VERTEX_POINT('',#9185);
#9185 = CARTESIAN_POINT('',(0.3,-2.24,0.9));
#9186 = LINE('',#9187,#9188);
#9187 = CARTESIAN_POINT('',(0.3,-2.84,0.9));
#9188 = VECTOR('',#9189,1.);
#9189 = DIRECTION('',(1.110223024625E-16,1.,0.));
#9190 = ORIENTED_EDGE('',*,*,#9191,.F.);
#9191 = EDGE_CURVE('',#7009,#9184,#9192,.T.);
#9192 = LINE('',#9193,#9194);
#9193 = CARTESIAN_POINT('',(0.3,-2.24,8.2));
#9194 = VECTOR('',#9195,1.);
#9195 = DIRECTION('',(0.,-0.,-1.));
#9196 = ORIENTED_EDGE('',*,*,#7016,.F.);
#9197 = PLANE('',#9198);
#9198 = AXIS2_PLACEMENT_3D('',#9199,#9200,#9201);
#9199 = CARTESIAN_POINT('',(0.3,-2.84,8.2));
#9200 = DIRECTION('',(1.,-1.110223024625E-16,0.));
#9201 = DIRECTION('',(1.110223024625E-16,1.,0.));
#9202 = ADVANCED_FACE('',(#9203),#9253,.F.);
#9203 = FACE_BOUND('',#9204,.F.);
#9204 = EDGE_LOOP('',(#9205,#9206,#9207,#9215,#9223,#9231,#9239,#9247));
#9205 = ORIENTED_EDGE('',*,*,#7040,.F.);
#9206 = ORIENTED_EDGE('',*,*,#9191,.T.);
#9207 = ORIENTED_EDGE('',*,*,#9208,.T.);
#9208 = EDGE_CURVE('',#9184,#9209,#9211,.T.);
#9209 = VERTEX_POINT('',#9210);
#9210 = CARTESIAN_POINT('',(0.1,-2.24,0.9));
#9211 = LINE('',#9212,#9213);
#9212 = CARTESIAN_POINT('',(0.3,-2.24,0.9));
#9213 = VECTOR('',#9214,1.);
#9214 = DIRECTION('',(-1.,1.110223024625E-16,0.));
#9215 = ORIENTED_EDGE('',*,*,#9216,.T.);
#9216 = EDGE_CURVE('',#9209,#9217,#9219,.T.);
#9217 = VERTEX_POINT('',#9218);
#9218 = CARTESIAN_POINT('',(0.1,-2.24,7.4));
#9219 = LINE('',#9220,#9221);
#9220 = CARTESIAN_POINT('',(0.1,-2.24,6.055738799212));
#9221 = VECTOR('',#9222,1.);
#9222 = DIRECTION('',(0.,-0.,1.));
#9223 = ORIENTED_EDGE('',*,*,#9224,.F.);
#9224 = EDGE_CURVE('',#9225,#9217,#9227,.T.);
#9225 = VERTEX_POINT('',#9226);
#9226 = CARTESIAN_POINT('',(-0.1,-2.24,7.4));
#9227 = LINE('',#9228,#9229);
#9228 = CARTESIAN_POINT('',(-0.1,-2.24,7.4));
#9229 = VECTOR('',#9230,1.);
#9230 = DIRECTION('',(1.,-1.110223024625E-16,0.));
#9231 = ORIENTED_EDGE('',*,*,#9232,.F.);
#9232 = EDGE_CURVE('',#9233,#9225,#9235,.T.);
#9233 = VERTEX_POINT('',#9234);
#9234 = CARTESIAN_POINT('',(-0.1,-2.24,0.9));
#9235 = LINE('',#9236,#9237);
#9236 = CARTESIAN_POINT('',(-0.1,-2.24,6.055738799212));
#9237 = VECTOR('',#9238,1.);
#9238 = DIRECTION('',(0.,-0.,1.));
#9239 = ORIENTED_EDGE('',*,*,#9240,.T.);
#9240 = EDGE_CURVE('',#9233,#9241,#9243,.T.);
#9241 = VERTEX_POINT('',#9242);
#9242 = CARTESIAN_POINT('',(-0.3,-2.24,0.9));
#9243 = LINE('',#9244,#9245);
#9244 = CARTESIAN_POINT('',(0.3,-2.24,0.9));
#9245 = VECTOR('',#9246,1.);
#9246 = DIRECTION('',(-1.,1.110223024625E-16,0.));
#9247 = ORIENTED_EDGE('',*,*,#9248,.F.);
#9248 = EDGE_CURVE('',#7033,#9241,#9249,.T.);
#9249 = LINE('',#9250,#9251);
#9250 = CARTESIAN_POINT('',(-0.3,-2.24,8.2));
#9251 = VECTOR('',#9252,1.);
#9252 = DIRECTION('',(0.,-0.,-1.));
#9253 = PLANE('',#9254);
#9254 = AXIS2_PLACEMENT_3D('',#9255,#9256,#9257);
#9255 = CARTESIAN_POINT('',(0.3,-2.24,8.2));
#9256 = DIRECTION('',(1.110223024625E-16,1.,0.));
#9257 = DIRECTION('',(-1.,1.110223024625E-16,0.));
#9258 = ADVANCED_FACE('',(#9259),#9277,.F.);
#9259 = FACE_BOUND('',#9260,.F.);
#9260 = EDGE_LOOP('',(#9261,#9262,#9270,#9276));
#9261 = ORIENTED_EDGE('',*,*,#9248,.T.);
#9262 = ORIENTED_EDGE('',*,*,#9263,.T.);
#9263 = EDGE_CURVE('',#9241,#9264,#9266,.T.);
#9264 = VERTEX_POINT('',#9265);
#9265 = CARTESIAN_POINT('',(-0.3,-2.84,0.9));
#9266 = LINE('',#9267,#9268);
#9267 = CARTESIAN_POINT('',(-0.3,-2.24,0.9));
#9268 = VECTOR('',#9269,1.);
#9269 = DIRECTION('',(-1.110223024625E-16,-1.,0.));
#9270 = ORIENTED_EDGE('',*,*,#9271,.F.);
#9271 = EDGE_CURVE('',#7057,#9264,#9272,.T.);
#9272 = LINE('',#9273,#9274);
#9273 = CARTESIAN_POINT('',(-0.3,-2.84,8.2));
#9274 = VECTOR('',#9275,1.);
#9275 = DIRECTION('',(0.,-0.,-1.));
#9276 = ORIENTED_EDGE('',*,*,#7064,.F.);
#9277 = PLANE('',#9278);
#9278 = AXIS2_PLACEMENT_3D('',#9279,#9280,#9281);
#9279 = CARTESIAN_POINT('',(-0.3,-2.24,8.2));
#9280 = DIRECTION('',(-1.,1.110223024625E-16,0.));
#9281 = DIRECTION('',(-1.110223024625E-16,-1.,0.));
#9282 = ADVANCED_FACE('',(#9283),#9326,.F.);
#9283 = FACE_BOUND('',#9284,.F.);
#9284 = EDGE_LOOP('',(#9285,#9286,#9287,#9295,#9303,#9311,#9319,#9325));
#9285 = ORIENTED_EDGE('',*,*,#7081,.F.);
#9286 = ORIENTED_EDGE('',*,*,#9271,.T.);
#9287 = ORIENTED_EDGE('',*,*,#9288,.T.);
#9288 = EDGE_CURVE('',#9264,#9289,#9291,.T.);
#9289 = VERTEX_POINT('',#9290);
#9290 = CARTESIAN_POINT('',(-0.1,-2.84,0.9));
#9291 = LINE('',#9292,#9293);
#9292 = CARTESIAN_POINT('',(-0.3,-2.84,0.9));
#9293 = VECTOR('',#9294,1.);
#9294 = DIRECTION('',(1.,-1.110223024625E-16,0.));
#9295 = ORIENTED_EDGE('',*,*,#9296,.F.);
#9296 = EDGE_CURVE('',#9297,#9289,#9299,.T.);
#9297 = VERTEX_POINT('',#9298);
#9298 = CARTESIAN_POINT('',(-0.1,-2.84,7.4));
#9299 = LINE('',#9300,#9301);
#9300 = CARTESIAN_POINT('',(-0.1,-2.84,6.055738799212));
#9301 = VECTOR('',#9302,1.);
#9302 = DIRECTION('',(-0.,0.,-1.));
#9303 = ORIENTED_EDGE('',*,*,#9304,.T.);
#9304 = EDGE_CURVE('',#9297,#9305,#9307,.T.);
#9305 = VERTEX_POINT('',#9306);
#9306 = CARTESIAN_POINT('',(0.1,-2.84,7.4));
#9307 = LINE('',#9308,#9309);
#9308 = CARTESIAN_POINT('',(-0.1,-2.84,7.4));
#9309 = VECTOR('',#9310,1.);
#9310 = DIRECTION('',(1.,-1.110223024625E-16,0.));
#9311 = ORIENTED_EDGE('',*,*,#9312,.T.);
#9312 = EDGE_CURVE('',#9305,#9313,#9315,.T.);
#9313 = VERTEX_POINT('',#9314);
#9314 = CARTESIAN_POINT('',(0.1,-2.84,0.9));
#9315 = LINE('',#9316,#9317);
#9316 = CARTESIAN_POINT('',(0.1,-2.84,6.055738799212));
#9317 = VECTOR('',#9318,1.);
#9318 = DIRECTION('',(-0.,0.,-1.));
#9319 = ORIENTED_EDGE('',*,*,#9320,.T.);
#9320 = EDGE_CURVE('',#9313,#9176,#9321,.T.);
#9321 = LINE('',#9322,#9323);
#9322 = CARTESIAN_POINT('',(-0.3,-2.84,0.9));
#9323 = VECTOR('',#9324,1.);
#9324 = DIRECTION('',(1.,-1.110223024625E-16,0.));
#9325 = ORIENTED_EDGE('',*,*,#9175,.F.);
#9326 = PLANE('',#9327);
#9327 = AXIS2_PLACEMENT_3D('',#9328,#9329,#9330);
#9328 = CARTESIAN_POINT('',(-0.3,-2.84,8.2));
#9329 = DIRECTION('',(-1.110223024625E-16,-1.,0.));
#9330 = DIRECTION('',(1.,-1.110223024625E-16,0.));
#9331 = ADVANCED_FACE('',(#9332),#9357,.F.);
#9332 = FACE_BOUND('',#9333,.F.);
#9333 = EDGE_LOOP('',(#9334,#9342,#9350,#9356));
#9334 = ORIENTED_EDGE('',*,*,#9335,.T.);
#9335 = EDGE_CURVE('',#7096,#9336,#9338,.T.);
#9336 = VERTEX_POINT('',#9337);
#9337 = CARTESIAN_POINT('',(0.3,-0.3,0.9));
#9338 = LINE('',#9339,#9340);
#9339 = CARTESIAN_POINT('',(0.3,-0.3,8.2));
#9340 = VECTOR('',#9341,1.);
#9341 = DIRECTION('',(0.,-0.,-1.));
#9342 = ORIENTED_EDGE('',*,*,#9343,.T.);
#9343 = EDGE_CURVE('',#9336,#9344,#9346,.T.);
#9344 = VERTEX_POINT('',#9345);
#9345 = CARTESIAN_POINT('',(0.3,0.3,0.9));
#9346 = LINE('',#9347,#9348);
#9347 = CARTESIAN_POINT('',(0.3,-0.3,0.9));
#9348 = VECTOR('',#9349,1.);
#9349 = DIRECTION('',(1.110223024625E-16,1.,0.));
#9350 = ORIENTED_EDGE('',*,*,#9351,.F.);
#9351 = EDGE_CURVE('',#7105,#9344,#9352,.T.);
#9352 = LINE('',#9353,#9354);
#9353 = CARTESIAN_POINT('',(0.3,0.3,8.2));
#9354 = VECTOR('',#9355,1.);
#9355 = DIRECTION('',(0.,-0.,-1.));
#9356 = ORIENTED_EDGE('',*,*,#7112,.F.);
#9357 = PLANE('',#9358);
#9358 = AXIS2_PLACEMENT_3D('',#9359,#9360,#9361);
#9359 = CARTESIAN_POINT('',(0.3,-0.3,8.2));
#9360 = DIRECTION('',(1.,-1.110223024625E-16,0.));
#9361 = DIRECTION('',(1.110223024625E-16,1.,0.));
#9362 = ADVANCED_FACE('',(#9363),#9413,.F.);
#9363 = FACE_BOUND('',#9364,.F.);
#9364 = EDGE_LOOP('',(#9365,#9366,#9367,#9375,#9383,#9391,#9399,#9407));
#9365 = ORIENTED_EDGE('',*,*,#7136,.F.);
#9366 = ORIENTED_EDGE('',*,*,#9351,.T.);
#9367 = ORIENTED_EDGE('',*,*,#9368,.T.);
#9368 = EDGE_CURVE('',#9344,#9369,#9371,.T.);
#9369 = VERTEX_POINT('',#9370);
#9370 = CARTESIAN_POINT('',(0.1,0.3,0.9));
#9371 = LINE('',#9372,#9373);
#9372 = CARTESIAN_POINT('',(0.3,0.3,0.9));
#9373 = VECTOR('',#9374,1.);
#9374 = DIRECTION('',(-1.,1.110223024625E-16,0.));
#9375 = ORIENTED_EDGE('',*,*,#9376,.T.);
#9376 = EDGE_CURVE('',#9369,#9377,#9379,.T.);
#9377 = VERTEX_POINT('',#9378);
#9378 = CARTESIAN_POINT('',(0.1,0.3,7.4));
#9379 = LINE('',#9380,#9381);
#9380 = CARTESIAN_POINT('',(0.1,0.3,6.055738799212));
#9381 = VECTOR('',#9382,1.);
#9382 = DIRECTION('',(0.,-0.,1.));
#9383 = ORIENTED_EDGE('',*,*,#9384,.F.);
#9384 = EDGE_CURVE('',#9385,#9377,#9387,.T.);
#9385 = VERTEX_POINT('',#9386);
#9386 = CARTESIAN_POINT('',(-0.1,0.3,7.4));
#9387 = LINE('',#9388,#9389);
#9388 = CARTESIAN_POINT('',(-0.1,0.3,7.4));
#9389 = VECTOR('',#9390,1.);
#9390 = DIRECTION('',(1.,-1.110223024625E-16,0.));
#9391 = ORIENTED_EDGE('',*,*,#9392,.F.);
#9392 = EDGE_CURVE('',#9393,#9385,#9395,.T.);
#9393 = VERTEX_POINT('',#9394);
#9394 = CARTESIAN_POINT('',(-0.1,0.3,0.9));
#9395 = LINE('',#9396,#9397);
#9396 = CARTESIAN_POINT('',(-0.1,0.3,6.055738799212));
#9397 = VECTOR('',#9398,1.);
#9398 = DIRECTION('',(0.,-0.,1.));
#9399 = ORIENTED_EDGE('',*,*,#9400,.T.);
#9400 = EDGE_CURVE('',#9393,#9401,#9403,.T.);
#9401 = VERTEX_POINT('',#9402);
#9402 = CARTESIAN_POINT('',(-0.3,0.3,0.9));
#9403 = LINE('',#9404,#9405);
#9404 = CARTESIAN_POINT('',(0.3,0.3,0.9));
#9405 = VECTOR('',#9406,1.);
#9406 = DIRECTION('',(-1.,1.110223024625E-16,0.));
#9407 = ORIENTED_EDGE('',*,*,#9408,.F.);
#9408 = EDGE_CURVE('',#7129,#9401,#9409,.T.);
#9409 = LINE('',#9410,#9411);
#9410 = CARTESIAN_POINT('',(-0.3,0.3,8.2));
#9411 = VECTOR('',#9412,1.);
#9412 = DIRECTION('',(0.,-0.,-1.));
#9413 = PLANE('',#9414);
#9414 = AXIS2_PLACEMENT_3D('',#9415,#9416,#9417);
#9415 = CARTESIAN_POINT('',(0.3,0.3,8.2));
#9416 = DIRECTION('',(1.110223024625E-16,1.,0.));
#9417 = DIRECTION('',(-1.,1.110223024625E-16,0.));
#9418 = ADVANCED_FACE('',(#9419),#9437,.F.);
#9419 = FACE_BOUND('',#9420,.F.);
#9420 = EDGE_LOOP('',(#9421,#9422,#9430,#9436));
#9421 = ORIENTED_EDGE('',*,*,#9408,.T.);
#9422 = ORIENTED_EDGE('',*,*,#9423,.T.);
#9423 = EDGE_CURVE('',#9401,#9424,#9426,.T.);
#9424 = VERTEX_POINT('',#9425);
#9425 = CARTESIAN_POINT('',(-0.3,-0.3,0.9));
#9426 = LINE('',#9427,#9428);
#9427 = CARTESIAN_POINT('',(-0.3,0.3,0.9));
#9428 = VECTOR('',#9429,1.);
#9429 = DIRECTION('',(-1.110223024625E-16,-1.,0.));
#9430 = ORIENTED_EDGE('',*,*,#9431,.F.);
#9431 = EDGE_CURVE('',#7153,#9424,#9432,.T.);
#9432 = LINE('',#9433,#9434);
#9433 = CARTESIAN_POINT('',(-0.3,-0.3,8.2));
#9434 = VECTOR('',#9435,1.);
#9435 = DIRECTION('',(0.,-0.,-1.));
#9436 = ORIENTED_EDGE('',*,*,#7160,.F.);
#9437 = PLANE('',#9438);
#9438 = AXIS2_PLACEMENT_3D('',#9439,#9440,#9441);
#9439 = CARTESIAN_POINT('',(-0.3,0.3,8.2));
#9440 = DIRECTION('',(-1.,1.110223024625E-16,0.));
#9441 = DIRECTION('',(-1.110223024625E-16,-1.,0.));
#9442 = ADVANCED_FACE('',(#9443),#9486,.F.);
#9443 = FACE_BOUND('',#9444,.F.);
#9444 = EDGE_LOOP('',(#9445,#9446,#9447,#9455,#9463,#9471,#9479,#9485));
#9445 = ORIENTED_EDGE('',*,*,#7177,.F.);
#9446 = ORIENTED_EDGE('',*,*,#9431,.T.);
#9447 = ORIENTED_EDGE('',*,*,#9448,.T.);
#9448 = EDGE_CURVE('',#9424,#9449,#9451,.T.);
#9449 = VERTEX_POINT('',#9450);
#9450 = CARTESIAN_POINT('',(-0.1,-0.3,0.9));
#9451 = LINE('',#9452,#9453);
#9452 = CARTESIAN_POINT('',(-0.3,-0.3,0.9));
#9453 = VECTOR('',#9454,1.);
#9454 = DIRECTION('',(1.,-1.110223024625E-16,0.));
#9455 = ORIENTED_EDGE('',*,*,#9456,.F.);
#9456 = EDGE_CURVE('',#9457,#9449,#9459,.T.);
#9457 = VERTEX_POINT('',#9458);
#9458 = CARTESIAN_POINT('',(-0.1,-0.3,7.4));
#9459 = LINE('',#9460,#9461);
#9460 = CARTESIAN_POINT('',(-0.1,-0.3,6.055738799212));
#9461 = VECTOR('',#9462,1.);
#9462 = DIRECTION('',(-0.,0.,-1.));
#9463 = ORIENTED_EDGE('',*,*,#9464,.T.);
#9464 = EDGE_CURVE('',#9457,#9465,#9467,.T.);
#9465 = VERTEX_POINT('',#9466);
#9466 = CARTESIAN_POINT('',(0.1,-0.3,7.4));
#9467 = LINE('',#9468,#9469);
#9468 = CARTESIAN_POINT('',(-0.1,-0.3,7.4));
#9469 = VECTOR('',#9470,1.);
#9470 = DIRECTION('',(1.,-1.110223024625E-16,0.));
#9471 = ORIENTED_EDGE('',*,*,#9472,.T.);
#9472 = EDGE_CURVE('',#9465,#9473,#9475,.T.);
#9473 = VERTEX_POINT('',#9474);
#9474 = CARTESIAN_POINT('',(0.1,-0.3,0.9));
#9475 = LINE('',#9476,#9477);
#9476 = CARTESIAN_POINT('',(0.1,-0.3,6.055738799212));
#9477 = VECTOR('',#9478,1.);
#9478 = DIRECTION('',(-0.,0.,-1.));
#9479 = ORIENTED_EDGE('',*,*,#9480,.T.);
#9480 = EDGE_CURVE('',#9473,#9336,#9481,.T.);
#9481 = LINE('',#9482,#9483);
#9482 = CARTESIAN_POINT('',(-0.3,-0.3,0.9));
#9483 = VECTOR('',#9484,1.);
#9484 = DIRECTION('',(1.,-1.110223024625E-16,0.));
#9485 = ORIENTED_EDGE('',*,*,#9335,.F.);
#9486 = PLANE('',#9487);
#9487 = AXIS2_PLACEMENT_3D('',#9488,#9489,#9490);
#9488 = CARTESIAN_POINT('',(-0.3,-0.3,8.2));
#9489 = DIRECTION('',(-1.110223024625E-16,-1.,0.));
#9490 = DIRECTION('',(1.,-1.110223024625E-16,0.));
#9491 = ADVANCED_FACE('',(#9492),#9503,.T.);
#9492 = FACE_BOUND('',#9493,.T.);
#9493 = EDGE_LOOP('',(#9494,#9500,#9501,#9502));
#9494 = ORIENTED_EDGE('',*,*,#9495,.T.);
#9495 = EDGE_CURVE('',#7273,#7209,#9496,.T.);
#9496 = LINE('',#9497,#9498);
#9497 = CARTESIAN_POINT('',(-0.1,-18.08,-2.5));
#9498 = VECTOR('',#9499,1.);
#9499 = DIRECTION('',(1.,-1.110223024625E-16,0.));
#9500 = ORIENTED_EDGE('',*,*,#7208,.T.);
#9501 = ORIENTED_EDGE('',*,*,#7193,.F.);
#9502 = ORIENTED_EDGE('',*,*,#7272,.F.);
#9503 = PLANE('',#9504);
#9504 = AXIS2_PLACEMENT_3D('',#9505,#9506,#9507);
#9505 = CARTESIAN_POINT('',(-0.1,-18.08,-2.5));
#9506 = DIRECTION('',(-1.110223024625E-16,-1.,0.));
#9507 = DIRECTION('',(0.,0.,1.));
#9508 = ADVANCED_FACE('',(#9509),#9520,.T.);
#9509 = FACE_BOUND('',#9510,.T.);
#9510 = EDGE_LOOP('',(#9511,#9517,#9518,#9519));
#9511 = ORIENTED_EDGE('',*,*,#9512,.T.);
#9512 = EDGE_CURVE('',#7298,#7234,#9513,.T.);
#9513 = LINE('',#9514,#9515);
#9514 = CARTESIAN_POINT('',(-0.1,-17.93,-3.1));
#9515 = VECTOR('',#9516,1.);
#9516 = DIRECTION('',(1.,-1.110223024625E-16,0.));
#9517 = ORIENTED_EDGE('',*,*,#7241,.T.);
#9518 = ORIENTED_EDGE('',*,*,#9495,.F.);
#9519 = ORIENTED_EDGE('',*,*,#7305,.F.);
#9520 = PLANE('',#9521);
#9521 = AXIS2_PLACEMENT_3D('',#9522,#9523,#9524);
#9522 = CARTESIAN_POINT('',(-0.1,-17.93,-3.1));
#9523 = DIRECTION('',(-1.077074540829E-16,-0.970142500145,
    -0.242535625036));
#9524 = DIRECTION('',(-2.692686352073E-17,-0.242535625036,0.970142500145
    ));
#9525 = ADVANCED_FACE('',(#9526),#9537,.T.);
#9526 = FACE_BOUND('',#9527,.T.);
#9527 = EDGE_LOOP('',(#9528,#9534,#9535,#9536));
#9528 = ORIENTED_EDGE('',*,*,#9529,.T.);
#9529 = EDGE_CURVE('',#7290,#7226,#9530,.T.);
#9530 = LINE('',#9531,#9532);
#9531 = CARTESIAN_POINT('',(-0.1,-17.63,-3.1));
#9532 = VECTOR('',#9533,1.);
#9533 = DIRECTION('',(1.,-1.110223024625E-16,0.));
#9534 = ORIENTED_EDGE('',*,*,#7233,.T.);
#9535 = ORIENTED_EDGE('',*,*,#9512,.F.);
#9536 = ORIENTED_EDGE('',*,*,#7297,.T.);
#9537 = PLANE('',#9538);
#9538 = AXIS2_PLACEMENT_3D('',#9539,#9540,#9541);
#9539 = CARTESIAN_POINT('',(-0.1,-17.63,-3.1));
#9540 = DIRECTION('',(0.,-0.,-1.));
#9541 = DIRECTION('',(-1.110223024625E-16,-1.,0.));
#9542 = ADVANCED_FACE('',(#9543),#9554,.T.);
#9543 = FACE_BOUND('',#9544,.T.);
#9544 = EDGE_LOOP('',(#9545,#9551,#9552,#9553));
#9545 = ORIENTED_EDGE('',*,*,#9546,.T.);
#9546 = EDGE_CURVE('',#7282,#7218,#9547,.T.);
#9547 = LINE('',#9548,#9549);
#9548 = CARTESIAN_POINT('',(-0.1,-17.48,-2.5));
#9549 = VECTOR('',#9550,1.);
#9550 = DIRECTION('',(1.,-1.110223024625E-16,0.));
#9551 = ORIENTED_EDGE('',*,*,#7225,.T.);
#9552 = ORIENTED_EDGE('',*,*,#9529,.F.);
#9553 = ORIENTED_EDGE('',*,*,#7289,.F.);
#9554 = PLANE('',#9555);
#9555 = AXIS2_PLACEMENT_3D('',#9556,#9557,#9558);
#9556 = CARTESIAN_POINT('',(-0.1,-17.48,-2.5));
#9557 = DIRECTION('',(1.077074540829E-16,0.970142500145,-0.242535625036)
  );
#9558 = DIRECTION('',(-2.692686352073E-17,-0.242535625036,
    -0.970142500145));
#9559 = ADVANCED_FACE('',(#9560),#9566,.T.);
#9560 = FACE_BOUND('',#9561,.T.);
#9561 = EDGE_LOOP('',(#9562,#9563,#9564,#9565));
#9562 = ORIENTED_EDGE('',*,*,#7255,.T.);
#9563 = ORIENTED_EDGE('',*,*,#7217,.T.);
#9564 = ORIENTED_EDGE('',*,*,#9546,.F.);
#9565 = ORIENTED_EDGE('',*,*,#7281,.F.);
#9566 = PLANE('',#9567);
#9567 = AXIS2_PLACEMENT_3D('',#9568,#9569,#9570);
#9568 = CARTESIAN_POINT('',(-0.1,-17.48,0.2));
#9569 = DIRECTION('',(1.110223024625E-16,1.,0.));
#9570 = DIRECTION('',(0.,0.,-1.));
#9571 = ADVANCED_FACE('',(#9572),#9583,.T.);
#9572 = FACE_BOUND('',#9573,.T.);
#9573 = EDGE_LOOP('',(#9574,#9580,#9581,#9582));
#9574 = ORIENTED_EDGE('',*,*,#9575,.T.);
#9575 = EDGE_CURVE('',#7401,#7337,#9576,.T.);
#9576 = LINE('',#9577,#9578);
#9577 = CARTESIAN_POINT('',(-0.1,-15.54,-2.5));
#9578 = VECTOR('',#9579,1.);
#9579 = DIRECTION('',(1.,-1.110223024625E-16,0.));
#9580 = ORIENTED_EDGE('',*,*,#7336,.T.);
#9581 = ORIENTED_EDGE('',*,*,#7321,.F.);
#9582 = ORIENTED_EDGE('',*,*,#7400,.F.);
#9583 = PLANE('',#9584);
#9584 = AXIS2_PLACEMENT_3D('',#9585,#9586,#9587);
#9585 = CARTESIAN_POINT('',(-0.1,-15.54,-2.5));
#9586 = DIRECTION('',(-1.110223024625E-16,-1.,0.));
#9587 = DIRECTION('',(0.,0.,1.));
#9588 = ADVANCED_FACE('',(#9589),#9600,.T.);
#9589 = FACE_BOUND('',#9590,.T.);
#9590 = EDGE_LOOP('',(#9591,#9597,#9598,#9599));
#9591 = ORIENTED_EDGE('',*,*,#9592,.T.);
#9592 = EDGE_CURVE('',#7426,#7362,#9593,.T.);
#9593 = LINE('',#9594,#9595);
#9594 = CARTESIAN_POINT('',(-0.1,-15.39,-3.1));
#9595 = VECTOR('',#9596,1.);
#9596 = DIRECTION('',(1.,-1.110223024625E-16,0.));
#9597 = ORIENTED_EDGE('',*,*,#7369,.T.);
#9598 = ORIENTED_EDGE('',*,*,#9575,.F.);
#9599 = ORIENTED_EDGE('',*,*,#7433,.F.);
#9600 = PLANE('',#9601);
#9601 = AXIS2_PLACEMENT_3D('',#9602,#9603,#9604);
#9602 = CARTESIAN_POINT('',(-0.1,-15.39,-3.1));
#9603 = DIRECTION('',(-1.077074540829E-16,-0.970142500145,
    -0.242535625036));
#9604 = DIRECTION('',(-2.692686352073E-17,-0.242535625036,0.970142500145
    ));
#9605 = ADVANCED_FACE('',(#9606),#9617,.T.);
#9606 = FACE_BOUND('',#9607,.T.);
#9607 = EDGE_LOOP('',(#9608,#9614,#9615,#9616));
#9608 = ORIENTED_EDGE('',*,*,#9609,.T.);
#9609 = EDGE_CURVE('',#7418,#7354,#9610,.T.);
#9610 = LINE('',#9611,#9612);
#9611 = CARTESIAN_POINT('',(-0.1,-15.09,-3.1));
#9612 = VECTOR('',#9613,1.);
#9613 = DIRECTION('',(1.,-1.110223024625E-16,0.));
#9614 = ORIENTED_EDGE('',*,*,#7361,.T.);
#9615 = ORIENTED_EDGE('',*,*,#9592,.F.);
#9616 = ORIENTED_EDGE('',*,*,#7425,.T.);
#9617 = PLANE('',#9618);
#9618 = AXIS2_PLACEMENT_3D('',#9619,#9620,#9621);
#9619 = CARTESIAN_POINT('',(-0.1,-15.09,-3.1));
#9620 = DIRECTION('',(0.,-0.,-1.));
#9621 = DIRECTION('',(-1.110223024625E-16,-1.,0.));
#9622 = ADVANCED_FACE('',(#9623),#9634,.T.);
#9623 = FACE_BOUND('',#9624,.T.);
#9624 = EDGE_LOOP('',(#9625,#9631,#9632,#9633));
#9625 = ORIENTED_EDGE('',*,*,#9626,.T.);
#9626 = EDGE_CURVE('',#7410,#7346,#9627,.T.);
#9627 = LINE('',#9628,#9629);
#9628 = CARTESIAN_POINT('',(-0.1,-14.94,-2.5));
#9629 = VECTOR('',#9630,1.);
#9630 = DIRECTION('',(1.,-1.110223024625E-16,0.));
#9631 = ORIENTED_EDGE('',*,*,#7353,.T.);
#9632 = ORIENTED_EDGE('',*,*,#9609,.F.);
#9633 = ORIENTED_EDGE('',*,*,#7417,.F.);
#9634 = PLANE('',#9635);
#9635 = AXIS2_PLACEMENT_3D('',#9636,#9637,#9638);
#9636 = CARTESIAN_POINT('',(-0.1,-14.94,-2.5));
#9637 = DIRECTION('',(1.077074540829E-16,0.970142500145,-0.242535625036)
  );
#9638 = DIRECTION('',(-2.692686352073E-17,-0.242535625036,
    -0.970142500145));
#9639 = ADVANCED_FACE('',(#9640),#9646,.T.);
#9640 = FACE_BOUND('',#9641,.T.);
#9641 = EDGE_LOOP('',(#9642,#9643,#9644,#9645));
#9642 = ORIENTED_EDGE('',*,*,#7383,.T.);
#9643 = ORIENTED_EDGE('',*,*,#7345,.T.);
#9644 = ORIENTED_EDGE('',*,*,#9626,.F.);
#9645 = ORIENTED_EDGE('',*,*,#7409,.F.);
#9646 = PLANE('',#9647);
#9647 = AXIS2_PLACEMENT_3D('',#9648,#9649,#9650);
#9648 = CARTESIAN_POINT('',(-0.1,-14.94,0.2));
#9649 = DIRECTION('',(1.110223024625E-16,1.,0.));
#9650 = DIRECTION('',(0.,0.,-1.));
#9651 = ADVANCED_FACE('',(#9652),#9663,.T.);
#9652 = FACE_BOUND('',#9653,.T.);
#9653 = EDGE_LOOP('',(#9654,#9660,#9661,#9662));
#9654 = ORIENTED_EDGE('',*,*,#9655,.T.);
#9655 = EDGE_CURVE('',#7529,#7465,#9656,.T.);
#9656 = LINE('',#9657,#9658);
#9657 = CARTESIAN_POINT('',(-0.1,-13.,-2.5));
#9658 = VECTOR('',#9659,1.);
#9659 = DIRECTION('',(1.,-1.110223024625E-16,0.));
#9660 = ORIENTED_EDGE('',*,*,#7464,.T.);
#9661 = ORIENTED_EDGE('',*,*,#7449,.F.);
#9662 = ORIENTED_EDGE('',*,*,#7528,.F.);
#9663 = PLANE('',#9664);
#9664 = AXIS2_PLACEMENT_3D('',#9665,#9666,#9667);
#9665 = CARTESIAN_POINT('',(-0.1,-13.,-2.5));
#9666 = DIRECTION('',(-1.110223024625E-16,-1.,0.));
#9667 = DIRECTION('',(0.,0.,1.));
#9668 = ADVANCED_FACE('',(#9669),#9680,.T.);
#9669 = FACE_BOUND('',#9670,.T.);
#9670 = EDGE_LOOP('',(#9671,#9677,#9678,#9679));
#9671 = ORIENTED_EDGE('',*,*,#9672,.T.);
#9672 = EDGE_CURVE('',#7554,#7490,#9673,.T.);
#9673 = LINE('',#9674,#9675);
#9674 = CARTESIAN_POINT('',(-0.1,-12.85,-3.1));
#9675 = VECTOR('',#9676,1.);
#9676 = DIRECTION('',(1.,-1.110223024625E-16,0.));
#9677 = ORIENTED_EDGE('',*,*,#7497,.T.);
#9678 = ORIENTED_EDGE('',*,*,#9655,.F.);
#9679 = ORIENTED_EDGE('',*,*,#7561,.F.);
#9680 = PLANE('',#9681);
#9681 = AXIS2_PLACEMENT_3D('',#9682,#9683,#9684);
#9682 = CARTESIAN_POINT('',(-0.1,-12.85,-3.1));
#9683 = DIRECTION('',(-1.077074540829E-16,-0.970142500145,
    -0.242535625036));
#9684 = DIRECTION('',(-2.692686352073E-17,-0.242535625036,0.970142500145
    ));
#9685 = ADVANCED_FACE('',(#9686),#9697,.T.);
#9686 = FACE_BOUND('',#9687,.T.);
#9687 = EDGE_LOOP('',(#9688,#9694,#9695,#9696));
#9688 = ORIENTED_EDGE('',*,*,#9689,.T.);
#9689 = EDGE_CURVE('',#7546,#7482,#9690,.T.);
#9690 = LINE('',#9691,#9692);
#9691 = CARTESIAN_POINT('',(-0.1,-12.55,-3.1));
#9692 = VECTOR('',#9693,1.);
#9693 = DIRECTION('',(1.,-1.110223024625E-16,0.));
#9694 = ORIENTED_EDGE('',*,*,#7489,.T.);
#9695 = ORIENTED_EDGE('',*,*,#9672,.F.);
#9696 = ORIENTED_EDGE('',*,*,#7553,.T.);
#9697 = PLANE('',#9698);
#9698 = AXIS2_PLACEMENT_3D('',#9699,#9700,#9701);
#9699 = CARTESIAN_POINT('',(-0.1,-12.55,-3.1));
#9700 = DIRECTION('',(0.,-0.,-1.));
#9701 = DIRECTION('',(-1.110223024625E-16,-1.,0.));
#9702 = ADVANCED_FACE('',(#9703),#9714,.T.);
#9703 = FACE_BOUND('',#9704,.T.);
#9704 = EDGE_LOOP('',(#9705,#9711,#9712,#9713));
#9705 = ORIENTED_EDGE('',*,*,#9706,.T.);
#9706 = EDGE_CURVE('',#7538,#7474,#9707,.T.);
#9707 = LINE('',#9708,#9709);
#9708 = CARTESIAN_POINT('',(-0.1,-12.4,-2.5));
#9709 = VECTOR('',#9710,1.);
#9710 = DIRECTION('',(1.,-1.110223024625E-16,0.));
#9711 = ORIENTED_EDGE('',*,*,#7481,.T.);
#9712 = ORIENTED_EDGE('',*,*,#9689,.F.);
#9713 = ORIENTED_EDGE('',*,*,#7545,.F.);
#9714 = PLANE('',#9715);
#9715 = AXIS2_PLACEMENT_3D('',#9716,#9717,#9718);
#9716 = CARTESIAN_POINT('',(-0.1,-12.4,-2.5));
#9717 = DIRECTION('',(1.077074540829E-16,0.970142500145,-0.242535625036)
  );
#9718 = DIRECTION('',(-2.692686352073E-17,-0.242535625036,
    -0.970142500145));
#9719 = ADVANCED_FACE('',(#9720),#9726,.T.);
#9720 = FACE_BOUND('',#9721,.T.);
#9721 = EDGE_LOOP('',(#9722,#9723,#9724,#9725));
#9722 = ORIENTED_EDGE('',*,*,#7511,.T.);
#9723 = ORIENTED_EDGE('',*,*,#7473,.T.);
#9724 = ORIENTED_EDGE('',*,*,#9706,.F.);
#9725 = ORIENTED_EDGE('',*,*,#7537,.F.);
#9726 = PLANE('',#9727);
#9727 = AXIS2_PLACEMENT_3D('',#9728,#9729,#9730);
#9728 = CARTESIAN_POINT('',(-0.1,-12.4,0.2));
#9729 = DIRECTION('',(1.110223024625E-16,1.,0.));
#9730 = DIRECTION('',(0.,0.,-1.));
#9731 = ADVANCED_FACE('',(#9732),#9743,.T.);
#9732 = FACE_BOUND('',#9733,.T.);
#9733 = EDGE_LOOP('',(#9734,#9740,#9741,#9742));
#9734 = ORIENTED_EDGE('',*,*,#9735,.T.);
#9735 = EDGE_CURVE('',#7657,#7593,#9736,.T.);
#9736 = LINE('',#9737,#9738);
#9737 = CARTESIAN_POINT('',(-0.1,-10.46,-2.5));
#9738 = VECTOR('',#9739,1.);
#9739 = DIRECTION('',(1.,-1.110223024625E-16,0.));
#9740 = ORIENTED_EDGE('',*,*,#7592,.T.);
#9741 = ORIENTED_EDGE('',*,*,#7577,.F.);
#9742 = ORIENTED_EDGE('',*,*,#7656,.F.);
#9743 = PLANE('',#9744);
#9744 = AXIS2_PLACEMENT_3D('',#9745,#9746,#9747);
#9745 = CARTESIAN_POINT('',(-0.1,-10.46,-2.5));
#9746 = DIRECTION('',(-1.110223024625E-16,-1.,0.));
#9747 = DIRECTION('',(0.,0.,1.));
#9748 = ADVANCED_FACE('',(#9749),#9760,.T.);
#9749 = FACE_BOUND('',#9750,.T.);
#9750 = EDGE_LOOP('',(#9751,#9757,#9758,#9759));
#9751 = ORIENTED_EDGE('',*,*,#9752,.T.);
#9752 = EDGE_CURVE('',#7682,#7618,#9753,.T.);
#9753 = LINE('',#9754,#9755);
#9754 = CARTESIAN_POINT('',(-0.1,-10.31,-3.1));
#9755 = VECTOR('',#9756,1.);
#9756 = DIRECTION('',(1.,-1.110223024625E-16,0.));
#9757 = ORIENTED_EDGE('',*,*,#7625,.T.);
#9758 = ORIENTED_EDGE('',*,*,#9735,.F.);
#9759 = ORIENTED_EDGE('',*,*,#7689,.F.);
#9760 = PLANE('',#9761);
#9761 = AXIS2_PLACEMENT_3D('',#9762,#9763,#9764);
#9762 = CARTESIAN_POINT('',(-0.1,-10.31,-3.1));
#9763 = DIRECTION('',(-1.077074540829E-16,-0.970142500145,
    -0.242535625036));
#9764 = DIRECTION('',(-2.692686352073E-17,-0.242535625036,0.970142500145
    ));
#9765 = ADVANCED_FACE('',(#9766),#9777,.T.);
#9766 = FACE_BOUND('',#9767,.T.);
#9767 = EDGE_LOOP('',(#9768,#9774,#9775,#9776));
#9768 = ORIENTED_EDGE('',*,*,#9769,.T.);
#9769 = EDGE_CURVE('',#7674,#7610,#9770,.T.);
#9770 = LINE('',#9771,#9772);
#9771 = CARTESIAN_POINT('',(-0.1,-10.01,-3.1));
#9772 = VECTOR('',#9773,1.);
#9773 = DIRECTION('',(1.,-1.110223024625E-16,0.));
#9774 = ORIENTED_EDGE('',*,*,#7617,.T.);
#9775 = ORIENTED_EDGE('',*,*,#9752,.F.);
#9776 = ORIENTED_EDGE('',*,*,#7681,.T.);
#9777 = PLANE('',#9778);
#9778 = AXIS2_PLACEMENT_3D('',#9779,#9780,#9781);
#9779 = CARTESIAN_POINT('',(-0.1,-10.01,-3.1));
#9780 = DIRECTION('',(0.,-0.,-1.));
#9781 = DIRECTION('',(-1.110223024625E-16,-1.,0.));
#9782 = ADVANCED_FACE('',(#9783),#9794,.T.);
#9783 = FACE_BOUND('',#9784,.T.);
#9784 = EDGE_LOOP('',(#9785,#9791,#9792,#9793));
#9785 = ORIENTED_EDGE('',*,*,#9786,.T.);
#9786 = EDGE_CURVE('',#7666,#7602,#9787,.T.);
#9787 = LINE('',#9788,#9789);
#9788 = CARTESIAN_POINT('',(-0.1,-9.86,-2.5));
#9789 = VECTOR('',#9790,1.);
#9790 = DIRECTION('',(1.,-1.110223024625E-16,0.));
#9791 = ORIENTED_EDGE('',*,*,#7609,.T.);
#9792 = ORIENTED_EDGE('',*,*,#9769,.F.);
#9793 = ORIENTED_EDGE('',*,*,#7673,.F.);
#9794 = PLANE('',#9795);
#9795 = AXIS2_PLACEMENT_3D('',#9796,#9797,#9798);
#9796 = CARTESIAN_POINT('',(-0.1,-9.86,-2.5));
#9797 = DIRECTION('',(1.077074540829E-16,0.970142500145,-0.242535625036)
  );
#9798 = DIRECTION('',(-2.692686352073E-17,-0.242535625036,
    -0.970142500145));
#9799 = ADVANCED_FACE('',(#9800),#9806,.T.);
#9800 = FACE_BOUND('',#9801,.T.);
#9801 = EDGE_LOOP('',(#9802,#9803,#9804,#9805));
#9802 = ORIENTED_EDGE('',*,*,#7639,.T.);
#9803 = ORIENTED_EDGE('',*,*,#7601,.T.);
#9804 = ORIENTED_EDGE('',*,*,#9786,.F.);
#9805 = ORIENTED_EDGE('',*,*,#7665,.F.);
#9806 = PLANE('',#9807);
#9807 = AXIS2_PLACEMENT_3D('',#9808,#9809,#9810);
#9808 = CARTESIAN_POINT('',(-0.1,-9.86,0.2));
#9809 = DIRECTION('',(1.110223024625E-16,1.,0.));
#9810 = DIRECTION('',(0.,0.,-1.));
#9811 = ADVANCED_FACE('',(#9812),#9823,.T.);
#9812 = FACE_BOUND('',#9813,.T.);
#9813 = EDGE_LOOP('',(#9814,#9820,#9821,#9822));
#9814 = ORIENTED_EDGE('',*,*,#9815,.T.);
#9815 = EDGE_CURVE('',#7785,#7721,#9816,.T.);
#9816 = LINE('',#9817,#9818);
#9817 = CARTESIAN_POINT('',(-0.1,-7.92,-2.5));
#9818 = VECTOR('',#9819,1.);
#9819 = DIRECTION('',(1.,-1.110223024625E-16,0.));
#9820 = ORIENTED_EDGE('',*,*,#7720,.T.);
#9821 = ORIENTED_EDGE('',*,*,#7705,.F.);
#9822 = ORIENTED_EDGE('',*,*,#7784,.F.);
#9823 = PLANE('',#9824);
#9824 = AXIS2_PLACEMENT_3D('',#9825,#9826,#9827);
#9825 = CARTESIAN_POINT('',(-0.1,-7.92,-2.5));
#9826 = DIRECTION('',(-1.110223024625E-16,-1.,0.));
#9827 = DIRECTION('',(0.,0.,1.));
#9828 = ADVANCED_FACE('',(#9829),#9840,.T.);
#9829 = FACE_BOUND('',#9830,.T.);
#9830 = EDGE_LOOP('',(#9831,#9837,#9838,#9839));
#9831 = ORIENTED_EDGE('',*,*,#9832,.T.);
#9832 = EDGE_CURVE('',#7810,#7746,#9833,.T.);
#9833 = LINE('',#9834,#9835);
#9834 = CARTESIAN_POINT('',(-0.1,-7.77,-3.1));
#9835 = VECTOR('',#9836,1.);
#9836 = DIRECTION('',(1.,-1.110223024625E-16,0.));
#9837 = ORIENTED_EDGE('',*,*,#7753,.T.);
#9838 = ORIENTED_EDGE('',*,*,#9815,.F.);
#9839 = ORIENTED_EDGE('',*,*,#7817,.F.);
#9840 = PLANE('',#9841);
#9841 = AXIS2_PLACEMENT_3D('',#9842,#9843,#9844);
#9842 = CARTESIAN_POINT('',(-0.1,-7.77,-3.1));
#9843 = DIRECTION('',(-1.077074540829E-16,-0.970142500145,
    -0.242535625036));
#9844 = DIRECTION('',(-2.692686352073E-17,-0.242535625036,0.970142500145
    ));
#9845 = ADVANCED_FACE('',(#9846),#9857,.T.);
#9846 = FACE_BOUND('',#9847,.T.);
#9847 = EDGE_LOOP('',(#9848,#9854,#9855,#9856));
#9848 = ORIENTED_EDGE('',*,*,#9849,.T.);
#9849 = EDGE_CURVE('',#7802,#7738,#9850,.T.);
#9850 = LINE('',#9851,#9852);
#9851 = CARTESIAN_POINT('',(-0.1,-7.47,-3.1));
#9852 = VECTOR('',#9853,1.);
#9853 = DIRECTION('',(1.,-1.110223024625E-16,0.));
#9854 = ORIENTED_EDGE('',*,*,#7745,.T.);
#9855 = ORIENTED_EDGE('',*,*,#9832,.F.);
#9856 = ORIENTED_EDGE('',*,*,#7809,.T.);
#9857 = PLANE('',#9858);
#9858 = AXIS2_PLACEMENT_3D('',#9859,#9860,#9861);
#9859 = CARTESIAN_POINT('',(-0.1,-7.47,-3.1));
#9860 = DIRECTION('',(0.,-0.,-1.));
#9861 = DIRECTION('',(-1.110223024625E-16,-1.,0.));
#9862 = ADVANCED_FACE('',(#9863),#9874,.T.);
#9863 = FACE_BOUND('',#9864,.T.);
#9864 = EDGE_LOOP('',(#9865,#9871,#9872,#9873));
#9865 = ORIENTED_EDGE('',*,*,#9866,.T.);
#9866 = EDGE_CURVE('',#7794,#7730,#9867,.T.);
#9867 = LINE('',#9868,#9869);
#9868 = CARTESIAN_POINT('',(-0.1,-7.32,-2.5));
#9869 = VECTOR('',#9870,1.);
#9870 = DIRECTION('',(1.,-1.110223024625E-16,0.));
#9871 = ORIENTED_EDGE('',*,*,#7737,.T.);
#9872 = ORIENTED_EDGE('',*,*,#9849,.F.);
#9873 = ORIENTED_EDGE('',*,*,#7801,.F.);
#9874 = PLANE('',#9875);
#9875 = AXIS2_PLACEMENT_3D('',#9876,#9877,#9878);
#9876 = CARTESIAN_POINT('',(-0.1,-7.32,-2.5));
#9877 = DIRECTION('',(1.077074540829E-16,0.970142500145,-0.242535625036)
  );
#9878 = DIRECTION('',(-2.692686352073E-17,-0.242535625036,
    -0.970142500145));
#9879 = ADVANCED_FACE('',(#9880),#9886,.T.);
#9880 = FACE_BOUND('',#9881,.T.);
#9881 = EDGE_LOOP('',(#9882,#9883,#9884,#9885));
#9882 = ORIENTED_EDGE('',*,*,#7767,.T.);
#9883 = ORIENTED_EDGE('',*,*,#7729,.T.);
#9884 = ORIENTED_EDGE('',*,*,#9866,.F.);
#9885 = ORIENTED_EDGE('',*,*,#7793,.F.);
#9886 = PLANE('',#9887);
#9887 = AXIS2_PLACEMENT_3D('',#9888,#9889,#9890);
#9888 = CARTESIAN_POINT('',(-0.1,-7.32,0.2));
#9889 = DIRECTION('',(1.110223024625E-16,1.,0.));
#9890 = DIRECTION('',(0.,0.,-1.));
#9891 = ADVANCED_FACE('',(#9892),#9903,.T.);
#9892 = FACE_BOUND('',#9893,.T.);
#9893 = EDGE_LOOP('',(#9894,#9900,#9901,#9902));
#9894 = ORIENTED_EDGE('',*,*,#9895,.T.);
#9895 = EDGE_CURVE('',#7913,#7849,#9896,.T.);
#9896 = LINE('',#9897,#9898);
#9897 = CARTESIAN_POINT('',(-0.1,-5.38,-2.5));
#9898 = VECTOR('',#9899,1.);
#9899 = DIRECTION('',(1.,-1.110223024625E-16,0.));
#9900 = ORIENTED_EDGE('',*,*,#7848,.T.);
#9901 = ORIENTED_EDGE('',*,*,#7833,.F.);
#9902 = ORIENTED_EDGE('',*,*,#7912,.F.);
#9903 = PLANE('',#9904);
#9904 = AXIS2_PLACEMENT_3D('',#9905,#9906,#9907);
#9905 = CARTESIAN_POINT('',(-0.1,-5.38,-2.5));
#9906 = DIRECTION('',(-1.110223024625E-16,-1.,0.));
#9907 = DIRECTION('',(0.,0.,1.));
#9908 = ADVANCED_FACE('',(#9909),#9920,.T.);
#9909 = FACE_BOUND('',#9910,.T.);
#9910 = EDGE_LOOP('',(#9911,#9917,#9918,#9919));
#9911 = ORIENTED_EDGE('',*,*,#9912,.T.);
#9912 = EDGE_CURVE('',#7938,#7874,#9913,.T.);
#9913 = LINE('',#9914,#9915);
#9914 = CARTESIAN_POINT('',(-0.1,-5.23,-3.1));
#9915 = VECTOR('',#9916,1.);
#9916 = DIRECTION('',(1.,-1.110223024625E-16,0.));
#9917 = ORIENTED_EDGE('',*,*,#7881,.T.);
#9918 = ORIENTED_EDGE('',*,*,#9895,.F.);
#9919 = ORIENTED_EDGE('',*,*,#7945,.F.);
#9920 = PLANE('',#9921);
#9921 = AXIS2_PLACEMENT_3D('',#9922,#9923,#9924);
#9922 = CARTESIAN_POINT('',(-0.1,-5.23,-3.1));
#9923 = DIRECTION('',(-1.077074540829E-16,-0.970142500145,
    -0.242535625036));
#9924 = DIRECTION('',(-2.692686352073E-17,-0.242535625036,0.970142500145
    ));
#9925 = ADVANCED_FACE('',(#9926),#9937,.T.);
#9926 = FACE_BOUND('',#9927,.T.);
#9927 = EDGE_LOOP('',(#9928,#9934,#9935,#9936));
#9928 = ORIENTED_EDGE('',*,*,#9929,.T.);
#9929 = EDGE_CURVE('',#7930,#7866,#9930,.T.);
#9930 = LINE('',#9931,#9932);
#9931 = CARTESIAN_POINT('',(-0.1,-4.93,-3.1));
#9932 = VECTOR('',#9933,1.);
#9933 = DIRECTION('',(1.,-1.110223024625E-16,0.));
#9934 = ORIENTED_EDGE('',*,*,#7873,.T.);
#9935 = ORIENTED_EDGE('',*,*,#9912,.F.);
#9936 = ORIENTED_EDGE('',*,*,#7937,.T.);
#9937 = PLANE('',#9938);
#9938 = AXIS2_PLACEMENT_3D('',#9939,#9940,#9941);
#9939 = CARTESIAN_POINT('',(-0.1,-4.93,-3.1));
#9940 = DIRECTION('',(0.,-0.,-1.));
#9941 = DIRECTION('',(-1.110223024625E-16,-1.,0.));
#9942 = ADVANCED_FACE('',(#9943),#9954,.T.);
#9943 = FACE_BOUND('',#9944,.T.);
#9944 = EDGE_LOOP('',(#9945,#9951,#9952,#9953));
#9945 = ORIENTED_EDGE('',*,*,#9946,.T.);
#9946 = EDGE_CURVE('',#7922,#7858,#9947,.T.);
#9947 = LINE('',#9948,#9949);
#9948 = CARTESIAN_POINT('',(-0.1,-4.78,-2.5));
#9949 = VECTOR('',#9950,1.);
#9950 = DIRECTION('',(1.,-1.110223024625E-16,0.));
#9951 = ORIENTED_EDGE('',*,*,#7865,.T.);
#9952 = ORIENTED_EDGE('',*,*,#9929,.F.);
#9953 = ORIENTED_EDGE('',*,*,#7929,.F.);
#9954 = PLANE('',#9955);
#9955 = AXIS2_PLACEMENT_3D('',#9956,#9957,#9958);
#9956 = CARTESIAN_POINT('',(-0.1,-4.78,-2.5));
#9957 = DIRECTION('',(1.077074540829E-16,0.970142500145,-0.242535625036)
  );
#9958 = DIRECTION('',(-2.692686352073E-17,-0.242535625036,
    -0.970142500145));
#9959 = ADVANCED_FACE('',(#9960),#9966,.T.);
#9960 = FACE_BOUND('',#9961,.T.);
#9961 = EDGE_LOOP('',(#9962,#9963,#9964,#9965));
#9962 = ORIENTED_EDGE('',*,*,#7895,.T.);
#9963 = ORIENTED_EDGE('',*,*,#7857,.T.);
#9964 = ORIENTED_EDGE('',*,*,#9946,.F.);
#9965 = ORIENTED_EDGE('',*,*,#7921,.F.);
#9966 = PLANE('',#9967);
#9967 = AXIS2_PLACEMENT_3D('',#9968,#9969,#9970);
#9968 = CARTESIAN_POINT('',(-0.1,-4.78,0.2));
#9969 = DIRECTION('',(1.110223024625E-16,1.,0.));
#9970 = DIRECTION('',(0.,0.,-1.));
#9971 = ADVANCED_FACE('',(#9972),#9983,.T.);
#9972 = FACE_BOUND('',#9973,.T.);
#9973 = EDGE_LOOP('',(#9974,#9980,#9981,#9982));
#9974 = ORIENTED_EDGE('',*,*,#9975,.T.);
#9975 = EDGE_CURVE('',#8041,#7977,#9976,.T.);
#9976 = LINE('',#9977,#9978);
#9977 = CARTESIAN_POINT('',(-0.1,-2.84,-2.5));
#9978 = VECTOR('',#9979,1.);
#9979 = DIRECTION('',(1.,-1.110223024625E-16,0.));
#9980 = ORIENTED_EDGE('',*,*,#7976,.T.);
#9981 = ORIENTED_EDGE('',*,*,#7961,.F.);
#9982 = ORIENTED_EDGE('',*,*,#8040,.F.);
#9983 = PLANE('',#9984);
#9984 = AXIS2_PLACEMENT_3D('',#9985,#9986,#9987);
#9985 = CARTESIAN_POINT('',(-0.1,-2.84,-2.5));
#9986 = DIRECTION('',(-1.110223024625E-16,-1.,0.));
#9987 = DIRECTION('',(0.,0.,1.));
#9988 = ADVANCED_FACE('',(#9989),#10000,.T.);
#9989 = FACE_BOUND('',#9990,.T.);
#9990 = EDGE_LOOP('',(#9991,#9997,#9998,#9999));
#9991 = ORIENTED_EDGE('',*,*,#9992,.T.);
#9992 = EDGE_CURVE('',#8066,#8002,#9993,.T.);
#9993 = LINE('',#9994,#9995);
#9994 = CARTESIAN_POINT('',(-0.1,-2.69,-3.1));
#9995 = VECTOR('',#9996,1.);
#9996 = DIRECTION('',(1.,-1.110223024625E-16,0.));
#9997 = ORIENTED_EDGE('',*,*,#8009,.T.);
#9998 = ORIENTED_EDGE('',*,*,#9975,.F.);
#9999 = ORIENTED_EDGE('',*,*,#8073,.F.);
#10000 = PLANE('',#10001);
#10001 = AXIS2_PLACEMENT_3D('',#10002,#10003,#10004);
#10002 = CARTESIAN_POINT('',(-0.1,-2.69,-3.1));
#10003 = DIRECTION('',(-1.077074540829E-16,-0.970142500145,
    -0.242535625036));
#10004 = DIRECTION('',(-2.692686352073E-17,-0.242535625036,
    0.970142500145));
#10005 = ADVANCED_FACE('',(#10006),#10017,.T.);
#10006 = FACE_BOUND('',#10007,.T.);
#10007 = EDGE_LOOP('',(#10008,#10014,#10015,#10016));
#10008 = ORIENTED_EDGE('',*,*,#10009,.T.);
#10009 = EDGE_CURVE('',#8058,#7994,#10010,.T.);
#10010 = LINE('',#10011,#10012);
#10011 = CARTESIAN_POINT('',(-0.1,-2.39,-3.1));
#10012 = VECTOR('',#10013,1.);
#10013 = DIRECTION('',(1.,-1.110223024625E-16,0.));
#10014 = ORIENTED_EDGE('',*,*,#8001,.T.);
#10015 = ORIENTED_EDGE('',*,*,#9992,.F.);
#10016 = ORIENTED_EDGE('',*,*,#8065,.T.);
#10017 = PLANE('',#10018);
#10018 = AXIS2_PLACEMENT_3D('',#10019,#10020,#10021);
#10019 = CARTESIAN_POINT('',(-0.1,-2.39,-3.1));
#10020 = DIRECTION('',(0.,-0.,-1.));
#10021 = DIRECTION('',(-1.110223024625E-16,-1.,0.));
#10022 = ADVANCED_FACE('',(#10023),#10034,.T.);
#10023 = FACE_BOUND('',#10024,.T.);
#10024 = EDGE_LOOP('',(#10025,#10031,#10032,#10033));
#10025 = ORIENTED_EDGE('',*,*,#10026,.T.);
#10026 = EDGE_CURVE('',#8050,#7986,#10027,.T.);
#10027 = LINE('',#10028,#10029);
#10028 = CARTESIAN_POINT('',(-0.1,-2.24,-2.5));
#10029 = VECTOR('',#10030,1.);
#10030 = DIRECTION('',(1.,-1.110223024625E-16,0.));
#10031 = ORIENTED_EDGE('',*,*,#7993,.T.);
#10032 = ORIENTED_EDGE('',*,*,#10009,.F.);
#10033 = ORIENTED_EDGE('',*,*,#8057,.F.);
#10034 = PLANE('',#10035);
#10035 = AXIS2_PLACEMENT_3D('',#10036,#10037,#10038);
#10036 = CARTESIAN_POINT('',(-0.1,-2.24,-2.5));
#10037 = DIRECTION('',(1.077074540829E-16,0.970142500145,-0.242535625036
    ));
#10038 = DIRECTION('',(-2.692686352073E-17,-0.242535625036,
    -0.970142500145));
#10039 = ADVANCED_FACE('',(#10040),#10046,.T.);
#10040 = FACE_BOUND('',#10041,.T.);
#10041 = EDGE_LOOP('',(#10042,#10043,#10044,#10045));
#10042 = ORIENTED_EDGE('',*,*,#8023,.T.);
#10043 = ORIENTED_EDGE('',*,*,#7985,.T.);
#10044 = ORIENTED_EDGE('',*,*,#10026,.F.);
#10045 = ORIENTED_EDGE('',*,*,#8049,.F.);
#10046 = PLANE('',#10047);
#10047 = AXIS2_PLACEMENT_3D('',#10048,#10049,#10050);
#10048 = CARTESIAN_POINT('',(-0.1,-2.24,0.2));
#10049 = DIRECTION('',(1.110223024625E-16,1.,0.));
#10050 = DIRECTION('',(0.,0.,-1.));
#10051 = ADVANCED_FACE('',(#10052),#10063,.T.);
#10052 = FACE_BOUND('',#10053,.T.);
#10053 = EDGE_LOOP('',(#10054,#10060,#10061,#10062));
#10054 = ORIENTED_EDGE('',*,*,#10055,.T.);
#10055 = EDGE_CURVE('',#8169,#8105,#10056,.T.);
#10056 = LINE('',#10057,#10058);
#10057 = CARTESIAN_POINT('',(-0.1,-0.3,-2.5));
#10058 = VECTOR('',#10059,1.);
#10059 = DIRECTION('',(1.,-1.110223024625E-16,0.));
#10060 = ORIENTED_EDGE('',*,*,#8104,.T.);
#10061 = ORIENTED_EDGE('',*,*,#8089,.F.);
#10062 = ORIENTED_EDGE('',*,*,#8168,.F.);
#10063 = PLANE('',#10064);
#10064 = AXIS2_PLACEMENT_3D('',#10065,#10066,#10067);
#10065 = CARTESIAN_POINT('',(-0.1,-0.3,-2.5));
#10066 = DIRECTION('',(-1.110223024625E-16,-1.,0.));
#10067 = DIRECTION('',(0.,0.,1.));
#10068 = ADVANCED_FACE('',(#10069),#10080,.T.);
#10069 = FACE_BOUND('',#10070,.T.);
#10070 = EDGE_LOOP('',(#10071,#10077,#10078,#10079));
#10071 = ORIENTED_EDGE('',*,*,#10072,.T.);
#10072 = EDGE_CURVE('',#8194,#8130,#10073,.T.);
#10073 = LINE('',#10074,#10075);
#10074 = CARTESIAN_POINT('',(-0.1,-0.15,-3.1));
#10075 = VECTOR('',#10076,1.);
#10076 = DIRECTION('',(1.,-1.110223024625E-16,0.));
#10077 = ORIENTED_EDGE('',*,*,#8137,.T.);
#10078 = ORIENTED_EDGE('',*,*,#10055,.F.);
#10079 = ORIENTED_EDGE('',*,*,#8201,.F.);
#10080 = PLANE('',#10081);
#10081 = AXIS2_PLACEMENT_3D('',#10082,#10083,#10084);
#10082 = CARTESIAN_POINT('',(-0.1,-0.15,-3.1));
#10083 = DIRECTION('',(-1.077074540829E-16,-0.970142500145,
    -0.242535625036));
#10084 = DIRECTION('',(-2.692686352073E-17,-0.242535625036,
    0.970142500145));
#10085 = ADVANCED_FACE('',(#10086),#10097,.T.);
#10086 = FACE_BOUND('',#10087,.T.);
#10087 = EDGE_LOOP('',(#10088,#10094,#10095,#10096));
#10088 = ORIENTED_EDGE('',*,*,#10089,.T.);
#10089 = EDGE_CURVE('',#8186,#8122,#10090,.T.);
#10090 = LINE('',#10091,#10092);
#10091 = CARTESIAN_POINT('',(-0.1,0.15,-3.1));
#10092 = VECTOR('',#10093,1.);
#10093 = DIRECTION('',(1.,-1.110223024625E-16,0.));
#10094 = ORIENTED_EDGE('',*,*,#8129,.T.);
#10095 = ORIENTED_EDGE('',*,*,#10072,.F.);
#10096 = ORIENTED_EDGE('',*,*,#8193,.T.);
#10097 = PLANE('',#10098);
#10098 = AXIS2_PLACEMENT_3D('',#10099,#10100,#10101);
#10099 = CARTESIAN_POINT('',(-0.1,0.15,-3.1));
#10100 = DIRECTION('',(0.,-0.,-1.));
#10101 = DIRECTION('',(-1.110223024625E-16,-1.,0.));
#10102 = ADVANCED_FACE('',(#10103),#10114,.T.);
#10103 = FACE_BOUND('',#10104,.T.);
#10104 = EDGE_LOOP('',(#10105,#10111,#10112,#10113));
#10105 = ORIENTED_EDGE('',*,*,#10106,.T.);
#10106 = EDGE_CURVE('',#8178,#8114,#10107,.T.);
#10107 = LINE('',#10108,#10109);
#10108 = CARTESIAN_POINT('',(-0.1,0.3,-2.5));
#10109 = VECTOR('',#10110,1.);
#10110 = DIRECTION('',(1.,-1.110223024625E-16,0.));
#10111 = ORIENTED_EDGE('',*,*,#8121,.T.);
#10112 = ORIENTED_EDGE('',*,*,#10089,.F.);
#10113 = ORIENTED_EDGE('',*,*,#8185,.F.);
#10114 = PLANE('',#10115);
#10115 = AXIS2_PLACEMENT_3D('',#10116,#10117,#10118);
#10116 = CARTESIAN_POINT('',(-0.1,0.3,-2.5));
#10117 = DIRECTION('',(1.077074540829E-16,0.970142500145,-0.242535625036
    ));
#10118 = DIRECTION('',(-2.692686352073E-17,-0.242535625036,
    -0.970142500145));
#10119 = ADVANCED_FACE('',(#10120),#10126,.T.);
#10120 = FACE_BOUND('',#10121,.T.);
#10121 = EDGE_LOOP('',(#10122,#10123,#10124,#10125));
#10122 = ORIENTED_EDGE('',*,*,#8151,.T.);
#10123 = ORIENTED_EDGE('',*,*,#8113,.T.);
#10124 = ORIENTED_EDGE('',*,*,#10106,.F.);
#10125 = ORIENTED_EDGE('',*,*,#8177,.F.);
#10126 = PLANE('',#10127);
#10127 = AXIS2_PLACEMENT_3D('',#10128,#10129,#10130);
#10128 = CARTESIAN_POINT('',(-0.1,0.3,0.2));
#10129 = DIRECTION('',(1.110223024625E-16,1.,0.));
#10130 = DIRECTION('',(0.,0.,-1.));
#10131 = ADVANCED_FACE('',(#10132),#10143,.T.);
#10132 = FACE_BOUND('',#10133,.T.);
#10133 = EDGE_LOOP('',(#10134,#10135,#10136,#10137));
#10134 = ORIENTED_EDGE('',*,*,#8360,.T.);
#10135 = ORIENTED_EDGE('',*,*,#8223,.T.);
#10136 = ORIENTED_EDGE('',*,*,#8248,.T.);
#10137 = ORIENTED_EDGE('',*,*,#10138,.T.);
#10138 = EDGE_CURVE('',#8249,#8353,#10139,.T.);
#10139 = LINE('',#10140,#10141);
#10140 = CARTESIAN_POINT('',(0.1,-17.78,0.9));
#10141 = VECTOR('',#10142,1.);
#10142 = DIRECTION('',(-1.110223024625E-16,-1.,0.));
#10143 = PLANE('',#10144);
#10144 = AXIS2_PLACEMENT_3D('',#10145,#10146,#10147);
#10145 = CARTESIAN_POINT('',(-2.067651605486E-15,-17.78,0.9));
#10146 = DIRECTION('',(0.,0.,1.));
#10147 = DIRECTION('',(1.110223024625E-16,1.,-0.));
#10148 = ADVANCED_FACE('',(#10149),#10160,.T.);
#10149 = FACE_BOUND('',#10150,.T.);
#10150 = EDGE_LOOP('',(#10151,#10152,#10158,#10159));
#10151 = ORIENTED_EDGE('',*,*,#8328,.T.);
#10152 = ORIENTED_EDGE('',*,*,#10153,.F.);
#10153 = EDGE_CURVE('',#8273,#8329,#10154,.T.);
#10154 = LINE('',#10155,#10156);
#10155 = CARTESIAN_POINT('',(-0.1,-17.78,0.9));
#10156 = VECTOR('',#10157,1.);
#10157 = DIRECTION('',(-1.110223024625E-16,-1.,0.));
#10158 = ORIENTED_EDGE('',*,*,#8280,.T.);
#10159 = ORIENTED_EDGE('',*,*,#8303,.T.);
#10160 = PLANE('',#10161);
#10161 = AXIS2_PLACEMENT_3D('',#10162,#10163,#10164);
#10162 = CARTESIAN_POINT('',(-2.067651605486E-15,-17.78,0.9));
#10163 = DIRECTION('',(0.,0.,1.));
#10164 = DIRECTION('',(1.110223024625E-16,1.,-0.));
#10165 = ADVANCED_FACE('',(#10166),#10209,.T.);
#10166 = FACE_BOUND('',#10167,.T.);
#10167 = EDGE_LOOP('',(#10168,#10169,#10177,#10185,#10193,#10201,#10207,
    #10208));
#10168 = ORIENTED_EDGE('',*,*,#8336,.F.);
#10169 = ORIENTED_EDGE('',*,*,#10170,.T.);
#10170 = EDGE_CURVE('',#8337,#10171,#10173,.T.);
#10171 = VERTEX_POINT('',#10172);
#10172 = CARTESIAN_POINT('',(-0.1,-18.03,7.35));
#10173 = LINE('',#10174,#10175);
#10174 = CARTESIAN_POINT('',(-0.1,-18.08,7.4));
#10175 = VECTOR('',#10176,1.);
#10176 = DIRECTION('',(7.850462293414E-17,0.707106781187,-0.707106781187
    ));
#10177 = ORIENTED_EDGE('',*,*,#10178,.T.);
#10178 = EDGE_CURVE('',#10171,#10179,#10181,.T.);
#10179 = VERTEX_POINT('',#10180);
#10180 = CARTESIAN_POINT('',(-0.1,-18.03,1.25));
#10181 = LINE('',#10182,#10183);
#10182 = CARTESIAN_POINT('',(-0.1,-18.03,7.35));
#10183 = VECTOR('',#10184,1.);
#10184 = DIRECTION('',(0.,0.,-1.));
#10185 = ORIENTED_EDGE('',*,*,#10186,.T.);
#10186 = EDGE_CURVE('',#10179,#10187,#10189,.T.);
#10187 = VERTEX_POINT('',#10188);
#10188 = CARTESIAN_POINT('',(-0.1,-17.53,1.25));
#10189 = LINE('',#10190,#10191);
#10190 = CARTESIAN_POINT('',(-0.1,-18.03,1.25));
#10191 = VECTOR('',#10192,1.);
#10192 = DIRECTION('',(1.110223024625E-16,1.,0.));
#10193 = ORIENTED_EDGE('',*,*,#10194,.T.);
#10194 = EDGE_CURVE('',#10187,#10195,#10197,.T.);
#10195 = VERTEX_POINT('',#10196);
#10196 = CARTESIAN_POINT('',(-0.1,-17.53,7.35));
#10197 = LINE('',#10198,#10199);
#10198 = CARTESIAN_POINT('',(-0.1,-17.53,1.25));
#10199 = VECTOR('',#10200,1.);
#10200 = DIRECTION('',(0.,0.,1.));
#10201 = ORIENTED_EDGE('',*,*,#10202,.T.);
#10202 = EDGE_CURVE('',#10195,#8265,#10203,.T.);
#10203 = LINE('',#10204,#10205);
#10204 = CARTESIAN_POINT('',(-0.1,-17.53,7.35));
#10205 = VECTOR('',#10206,1.);
#10206 = DIRECTION('',(7.850462293414E-17,0.707106781187,0.707106781187)
  );
#10207 = ORIENTED_EDGE('',*,*,#8272,.F.);
#10208 = ORIENTED_EDGE('',*,*,#10153,.T.);
#10209 = PLANE('',#10210);
#10210 = AXIS2_PLACEMENT_3D('',#10211,#10212,#10213);
#10211 = CARTESIAN_POINT('',(-0.1,-17.78,3.911477598424));
#10212 = DIRECTION('',(-1.,1.110223024625E-16,0.));
#10213 = DIRECTION('',(0.,0.,1.));
#10214 = ADVANCED_FACE('',(#10215),#10233,.T.);
#10215 = FACE_BOUND('',#10216,.T.);
#10216 = EDGE_LOOP('',(#10217,#10225,#10231,#10232));
#10217 = ORIENTED_EDGE('',*,*,#10218,.T.);
#10218 = EDGE_CURVE('',#10195,#10219,#10221,.T.);
#10219 = VERTEX_POINT('',#10220);
#10220 = CARTESIAN_POINT('',(0.1,-17.53,7.35));
#10221 = LINE('',#10222,#10223);
#10222 = CARTESIAN_POINT('',(-0.1,-17.53,7.35));
#10223 = VECTOR('',#10224,1.);
#10224 = DIRECTION('',(1.,-1.110223024625E-16,0.));
#10225 = ORIENTED_EDGE('',*,*,#10226,.T.);
#10226 = EDGE_CURVE('',#10219,#8257,#10227,.T.);
#10227 = LINE('',#10228,#10229);
#10228 = CARTESIAN_POINT('',(0.1,-17.53,7.35));
#10229 = VECTOR('',#10230,1.);
#10230 = DIRECTION('',(7.850462293414E-17,0.707106781187,0.707106781187)
  );
#10231 = ORIENTED_EDGE('',*,*,#8264,.F.);
#10232 = ORIENTED_EDGE('',*,*,#10202,.F.);
#10233 = PLANE('',#10234);
#10234 = AXIS2_PLACEMENT_3D('',#10235,#10236,#10237);
#10235 = CARTESIAN_POINT('',(-0.1,-17.53,7.35));
#10236 = DIRECTION('',(-7.850462293414E-17,-0.707106781187,
    0.707106781187));
#10237 = DIRECTION('',(7.850462293414E-17,0.707106781187,0.707106781187)
  );
#10238 = ADVANCED_FACE('',(#10239),#10275,.F.);
#10239 = FACE_BOUND('',#10240,.F.);
#10240 = EDGE_LOOP('',(#10241,#10242,#10250,#10258,#10266,#10272,#10273,
    #10274));
#10241 = ORIENTED_EDGE('',*,*,#8352,.F.);
#10242 = ORIENTED_EDGE('',*,*,#10243,.T.);
#10243 = EDGE_CURVE('',#8345,#10244,#10246,.T.);
#10244 = VERTEX_POINT('',#10245);
#10245 = CARTESIAN_POINT('',(0.1,-18.03,7.35));
#10246 = LINE('',#10247,#10248);
#10247 = CARTESIAN_POINT('',(0.1,-18.08,7.4));
#10248 = VECTOR('',#10249,1.);
#10249 = DIRECTION('',(7.850462293414E-17,0.707106781187,-0.707106781187
    ));
#10250 = ORIENTED_EDGE('',*,*,#10251,.T.);
#10251 = EDGE_CURVE('',#10244,#10252,#10254,.T.);
#10252 = VERTEX_POINT('',#10253);
#10253 = CARTESIAN_POINT('',(0.1,-18.03,1.25));
#10254 = LINE('',#10255,#10256);
#10255 = CARTESIAN_POINT('',(0.1,-18.03,7.35));
#10256 = VECTOR('',#10257,1.);
#10257 = DIRECTION('',(0.,0.,-1.));
#10258 = ORIENTED_EDGE('',*,*,#10259,.T.);
#10259 = EDGE_CURVE('',#10252,#10260,#10262,.T.);
#10260 = VERTEX_POINT('',#10261);
#10261 = CARTESIAN_POINT('',(0.1,-17.53,1.25));
#10262 = LINE('',#10263,#10264);
#10263 = CARTESIAN_POINT('',(0.1,-18.03,1.25));
#10264 = VECTOR('',#10265,1.);
#10265 = DIRECTION('',(1.110223024625E-16,1.,0.));
#10266 = ORIENTED_EDGE('',*,*,#10267,.T.);
#10267 = EDGE_CURVE('',#10260,#10219,#10268,.T.);
#10268 = LINE('',#10269,#10270);
#10269 = CARTESIAN_POINT('',(0.1,-17.53,1.25));
#10270 = VECTOR('',#10271,1.);
#10271 = DIRECTION('',(0.,0.,1.));
#10272 = ORIENTED_EDGE('',*,*,#10226,.T.);
#10273 = ORIENTED_EDGE('',*,*,#8256,.F.);
#10274 = ORIENTED_EDGE('',*,*,#10138,.T.);
#10275 = PLANE('',#10276);
#10276 = AXIS2_PLACEMENT_3D('',#10277,#10278,#10279);
#10277 = CARTESIAN_POINT('',(0.1,-17.78,3.911477598424));
#10278 = DIRECTION('',(-1.,1.110223024625E-16,0.));
#10279 = DIRECTION('',(0.,0.,1.));
#10280 = ADVANCED_FACE('',(#10281),#10292,.T.);
#10281 = FACE_BOUND('',#10282,.T.);
#10282 = EDGE_LOOP('',(#10283,#10284,#10285,#10291));
#10283 = ORIENTED_EDGE('',*,*,#8344,.T.);
#10284 = ORIENTED_EDGE('',*,*,#10243,.T.);
#10285 = ORIENTED_EDGE('',*,*,#10286,.F.);
#10286 = EDGE_CURVE('',#10171,#10244,#10287,.T.);
#10287 = LINE('',#10288,#10289);
#10288 = CARTESIAN_POINT('',(-0.1,-18.03,7.35));
#10289 = VECTOR('',#10290,1.);
#10290 = DIRECTION('',(1.,-1.110223024625E-16,0.));
#10291 = ORIENTED_EDGE('',*,*,#10170,.F.);
#10292 = PLANE('',#10293);
#10293 = AXIS2_PLACEMENT_3D('',#10294,#10295,#10296);
#10294 = CARTESIAN_POINT('',(-0.1,-18.08,7.4));
#10295 = DIRECTION('',(7.850462293414E-17,0.707106781187,0.707106781187)
  );
#10296 = DIRECTION('',(7.850462293414E-17,0.707106781187,-0.707106781187
    ));
#10297 = ADVANCED_FACE('',(#10298),#10309,.T.);
#10298 = FACE_BOUND('',#10299,.T.);
#10299 = EDGE_LOOP('',(#10300,#10301,#10302,#10303));
#10300 = ORIENTED_EDGE('',*,*,#8520,.T.);
#10301 = ORIENTED_EDGE('',*,*,#8383,.T.);
#10302 = ORIENTED_EDGE('',*,*,#8408,.T.);
#10303 = ORIENTED_EDGE('',*,*,#10304,.T.);
#10304 = EDGE_CURVE('',#8409,#8513,#10305,.T.);
#10305 = LINE('',#10306,#10307);
#10306 = CARTESIAN_POINT('',(0.1,-15.24,0.9));
#10307 = VECTOR('',#10308,1.);
#10308 = DIRECTION('',(-1.110223024625E-16,-1.,0.));
#10309 = PLANE('',#10310);
#10310 = AXIS2_PLACEMENT_3D('',#10311,#10312,#10313);
#10311 = CARTESIAN_POINT('',(-1.785654957231E-15,-15.24,0.9));
#10312 = DIRECTION('',(0.,0.,1.));
#10313 = DIRECTION('',(1.110223024625E-16,1.,-0.));
#10314 = ADVANCED_FACE('',(#10315),#10326,.T.);
#10315 = FACE_BOUND('',#10316,.T.);
#10316 = EDGE_LOOP('',(#10317,#10318,#10324,#10325));
#10317 = ORIENTED_EDGE('',*,*,#8488,.T.);
#10318 = ORIENTED_EDGE('',*,*,#10319,.F.);
#10319 = EDGE_CURVE('',#8433,#8489,#10320,.T.);
#10320 = LINE('',#10321,#10322);
#10321 = CARTESIAN_POINT('',(-0.1,-15.24,0.9));
#10322 = VECTOR('',#10323,1.);
#10323 = DIRECTION('',(-1.110223024625E-16,-1.,0.));
#10324 = ORIENTED_EDGE('',*,*,#8440,.T.);
#10325 = ORIENTED_EDGE('',*,*,#8463,.T.);
#10326 = PLANE('',#10327);
#10327 = AXIS2_PLACEMENT_3D('',#10328,#10329,#10330);
#10328 = CARTESIAN_POINT('',(-1.785654957231E-15,-15.24,0.9));
#10329 = DIRECTION('',(0.,0.,1.));
#10330 = DIRECTION('',(1.110223024625E-16,1.,-0.));
#10331 = ADVANCED_FACE('',(#10332),#10375,.T.);
#10332 = FACE_BOUND('',#10333,.T.);
#10333 = EDGE_LOOP('',(#10334,#10335,#10343,#10351,#10359,#10367,#10373,
    #10374));
#10334 = ORIENTED_EDGE('',*,*,#8496,.F.);
#10335 = ORIENTED_EDGE('',*,*,#10336,.T.);
#10336 = EDGE_CURVE('',#8497,#10337,#10339,.T.);
#10337 = VERTEX_POINT('',#10338);
#10338 = CARTESIAN_POINT('',(-0.1,-15.49,7.35));
#10339 = LINE('',#10340,#10341);
#10340 = CARTESIAN_POINT('',(-0.1,-15.54,7.4));
#10341 = VECTOR('',#10342,1.);
#10342 = DIRECTION('',(7.850462293414E-17,0.707106781187,-0.707106781187
    ));
#10343 = ORIENTED_EDGE('',*,*,#10344,.T.);
#10344 = EDGE_CURVE('',#10337,#10345,#10347,.T.);
#10345 = VERTEX_POINT('',#10346);
#10346 = CARTESIAN_POINT('',(-0.1,-15.49,1.25));
#10347 = LINE('',#10348,#10349);
#10348 = CARTESIAN_POINT('',(-0.1,-15.49,7.35));
#10349 = VECTOR('',#10350,1.);
#10350 = DIRECTION('',(0.,0.,-1.));
#10351 = ORIENTED_EDGE('',*,*,#10352,.T.);
#10352 = EDGE_CURVE('',#10345,#10353,#10355,.T.);
#10353 = VERTEX_POINT('',#10354);
#10354 = CARTESIAN_POINT('',(-0.1,-14.99,1.25));
#10355 = LINE('',#10356,#10357);
#10356 = CARTESIAN_POINT('',(-0.1,-15.49,1.25));
#10357 = VECTOR('',#10358,1.);
#10358 = DIRECTION('',(1.110223024625E-16,1.,0.));
#10359 = ORIENTED_EDGE('',*,*,#10360,.T.);
#10360 = EDGE_CURVE('',#10353,#10361,#10363,.T.);
#10361 = VERTEX_POINT('',#10362);
#10362 = CARTESIAN_POINT('',(-0.1,-14.99,7.35));
#10363 = LINE('',#10364,#10365);
#10364 = CARTESIAN_POINT('',(-0.1,-14.99,1.25));
#10365 = VECTOR('',#10366,1.);
#10366 = DIRECTION('',(0.,0.,1.));
#10367 = ORIENTED_EDGE('',*,*,#10368,.T.);
#10368 = EDGE_CURVE('',#10361,#8425,#10369,.T.);
#10369 = LINE('',#10370,#10371);
#10370 = CARTESIAN_POINT('',(-0.1,-14.99,7.35));
#10371 = VECTOR('',#10372,1.);
#10372 = DIRECTION('',(7.850462293414E-17,0.707106781187,0.707106781187)
  );
#10373 = ORIENTED_EDGE('',*,*,#8432,.F.);
#10374 = ORIENTED_EDGE('',*,*,#10319,.T.);
#10375 = PLANE('',#10376);
#10376 = AXIS2_PLACEMENT_3D('',#10377,#10378,#10379);
#10377 = CARTESIAN_POINT('',(-0.1,-15.24,3.911477598424));
#10378 = DIRECTION('',(-1.,1.110223024625E-16,0.));
#10379 = DIRECTION('',(0.,0.,1.));
#10380 = ADVANCED_FACE('',(#10381),#10399,.T.);
#10381 = FACE_BOUND('',#10382,.T.);
#10382 = EDGE_LOOP('',(#10383,#10391,#10397,#10398));
#10383 = ORIENTED_EDGE('',*,*,#10384,.T.);
#10384 = EDGE_CURVE('',#10361,#10385,#10387,.T.);
#10385 = VERTEX_POINT('',#10386);
#10386 = CARTESIAN_POINT('',(0.1,-14.99,7.35));
#10387 = LINE('',#10388,#10389);
#10388 = CARTESIAN_POINT('',(-0.1,-14.99,7.35));
#10389 = VECTOR('',#10390,1.);
#10390 = DIRECTION('',(1.,-1.110223024625E-16,0.));
#10391 = ORIENTED_EDGE('',*,*,#10392,.T.);
#10392 = EDGE_CURVE('',#10385,#8417,#10393,.T.);
#10393 = LINE('',#10394,#10395);
#10394 = CARTESIAN_POINT('',(0.1,-14.99,7.35));
#10395 = VECTOR('',#10396,1.);
#10396 = DIRECTION('',(7.850462293414E-17,0.707106781187,0.707106781187)
  );
#10397 = ORIENTED_EDGE('',*,*,#8424,.F.);
#10398 = ORIENTED_EDGE('',*,*,#10368,.F.);
#10399 = PLANE('',#10400);
#10400 = AXIS2_PLACEMENT_3D('',#10401,#10402,#10403);
#10401 = CARTESIAN_POINT('',(-0.1,-14.99,7.35));
#10402 = DIRECTION('',(-7.850462293414E-17,-0.707106781187,
    0.707106781187));
#10403 = DIRECTION('',(7.850462293414E-17,0.707106781187,0.707106781187)
  );
#10404 = ADVANCED_FACE('',(#10405),#10441,.F.);
#10405 = FACE_BOUND('',#10406,.F.);
#10406 = EDGE_LOOP('',(#10407,#10408,#10416,#10424,#10432,#10438,#10439,
    #10440));
#10407 = ORIENTED_EDGE('',*,*,#8512,.F.);
#10408 = ORIENTED_EDGE('',*,*,#10409,.T.);
#10409 = EDGE_CURVE('',#8505,#10410,#10412,.T.);
#10410 = VERTEX_POINT('',#10411);
#10411 = CARTESIAN_POINT('',(0.1,-15.49,7.35));
#10412 = LINE('',#10413,#10414);
#10413 = CARTESIAN_POINT('',(0.1,-15.54,7.4));
#10414 = VECTOR('',#10415,1.);
#10415 = DIRECTION('',(7.850462293414E-17,0.707106781187,-0.707106781187
    ));
#10416 = ORIENTED_EDGE('',*,*,#10417,.T.);
#10417 = EDGE_CURVE('',#10410,#10418,#10420,.T.);
#10418 = VERTEX_POINT('',#10419);
#10419 = CARTESIAN_POINT('',(0.1,-15.49,1.25));
#10420 = LINE('',#10421,#10422);
#10421 = CARTESIAN_POINT('',(0.1,-15.49,7.35));
#10422 = VECTOR('',#10423,1.);
#10423 = DIRECTION('',(0.,0.,-1.));
#10424 = ORIENTED_EDGE('',*,*,#10425,.T.);
#10425 = EDGE_CURVE('',#10418,#10426,#10428,.T.);
#10426 = VERTEX_POINT('',#10427);
#10427 = CARTESIAN_POINT('',(0.1,-14.99,1.25));
#10428 = LINE('',#10429,#10430);
#10429 = CARTESIAN_POINT('',(0.1,-15.49,1.25));
#10430 = VECTOR('',#10431,1.);
#10431 = DIRECTION('',(1.110223024625E-16,1.,0.));
#10432 = ORIENTED_EDGE('',*,*,#10433,.T.);
#10433 = EDGE_CURVE('',#10426,#10385,#10434,.T.);
#10434 = LINE('',#10435,#10436);
#10435 = CARTESIAN_POINT('',(0.1,-14.99,1.25));
#10436 = VECTOR('',#10437,1.);
#10437 = DIRECTION('',(0.,0.,1.));
#10438 = ORIENTED_EDGE('',*,*,#10392,.T.);
#10439 = ORIENTED_EDGE('',*,*,#8416,.F.);
#10440 = ORIENTED_EDGE('',*,*,#10304,.T.);
#10441 = PLANE('',#10442);
#10442 = AXIS2_PLACEMENT_3D('',#10443,#10444,#10445);
#10443 = CARTESIAN_POINT('',(0.1,-15.24,3.911477598424));
#10444 = DIRECTION('',(-1.,1.110223024625E-16,0.));
#10445 = DIRECTION('',(0.,0.,1.));
#10446 = ADVANCED_FACE('',(#10447),#10458,.T.);
#10447 = FACE_BOUND('',#10448,.T.);
#10448 = EDGE_LOOP('',(#10449,#10450,#10451,#10457));
#10449 = ORIENTED_EDGE('',*,*,#8504,.T.);
#10450 = ORIENTED_EDGE('',*,*,#10409,.T.);
#10451 = ORIENTED_EDGE('',*,*,#10452,.F.);
#10452 = EDGE_CURVE('',#10337,#10410,#10453,.T.);
#10453 = LINE('',#10454,#10455);
#10454 = CARTESIAN_POINT('',(-0.1,-15.49,7.35));
#10455 = VECTOR('',#10456,1.);
#10456 = DIRECTION('',(1.,-1.110223024625E-16,0.));
#10457 = ORIENTED_EDGE('',*,*,#10336,.F.);
#10458 = PLANE('',#10459);
#10459 = AXIS2_PLACEMENT_3D('',#10460,#10461,#10462);
#10460 = CARTESIAN_POINT('',(-0.1,-15.54,7.4));
#10461 = DIRECTION('',(7.850462293414E-17,0.707106781187,0.707106781187)
  );
#10462 = DIRECTION('',(7.850462293414E-17,0.707106781187,-0.707106781187
    ));
#10463 = ADVANCED_FACE('',(#10464),#10475,.T.);
#10464 = FACE_BOUND('',#10465,.T.);
#10465 = EDGE_LOOP('',(#10466,#10467,#10468,#10469));
#10466 = ORIENTED_EDGE('',*,*,#8680,.T.);
#10467 = ORIENTED_EDGE('',*,*,#8543,.T.);
#10468 = ORIENTED_EDGE('',*,*,#8568,.T.);
#10469 = ORIENTED_EDGE('',*,*,#10470,.T.);
#10470 = EDGE_CURVE('',#8569,#8673,#10471,.T.);
#10471 = LINE('',#10472,#10473);
#10472 = CARTESIAN_POINT('',(0.1,-12.7,0.9));
#10473 = VECTOR('',#10474,1.);
#10474 = DIRECTION('',(-1.110223024625E-16,-1.,0.));
#10475 = PLANE('',#10476);
#10476 = AXIS2_PLACEMENT_3D('',#10477,#10478,#10479);
#10477 = CARTESIAN_POINT('',(-1.503658308977E-15,-12.7,0.9));
#10478 = DIRECTION('',(0.,0.,1.));
#10479 = DIRECTION('',(1.110223024625E-16,1.,-0.));
#10480 = ADVANCED_FACE('',(#10481),#10492,.T.);
#10481 = FACE_BOUND('',#10482,.T.);
#10482 = EDGE_LOOP('',(#10483,#10484,#10490,#10491));
#10483 = ORIENTED_EDGE('',*,*,#8648,.T.);
#10484 = ORIENTED_EDGE('',*,*,#10485,.F.);
#10485 = EDGE_CURVE('',#8593,#8649,#10486,.T.);
#10486 = LINE('',#10487,#10488);
#10487 = CARTESIAN_POINT('',(-0.1,-12.7,0.9));
#10488 = VECTOR('',#10489,1.);
#10489 = DIRECTION('',(-1.110223024625E-16,-1.,0.));
#10490 = ORIENTED_EDGE('',*,*,#8600,.T.);
#10491 = ORIENTED_EDGE('',*,*,#8623,.T.);
#10492 = PLANE('',#10493);
#10493 = AXIS2_PLACEMENT_3D('',#10494,#10495,#10496);
#10494 = CARTESIAN_POINT('',(-1.503658308977E-15,-12.7,0.9));
#10495 = DIRECTION('',(0.,0.,1.));
#10496 = DIRECTION('',(1.110223024625E-16,1.,-0.));
#10497 = ADVANCED_FACE('',(#10498),#10541,.T.);
#10498 = FACE_BOUND('',#10499,.T.);
#10499 = EDGE_LOOP('',(#10500,#10501,#10509,#10517,#10525,#10533,#10539,
    #10540));
#10500 = ORIENTED_EDGE('',*,*,#8656,.F.);
#10501 = ORIENTED_EDGE('',*,*,#10502,.T.);
#10502 = EDGE_CURVE('',#8657,#10503,#10505,.T.);
#10503 = VERTEX_POINT('',#10504);
#10504 = CARTESIAN_POINT('',(-0.1,-12.95,7.35));
#10505 = LINE('',#10506,#10507);
#10506 = CARTESIAN_POINT('',(-0.1,-13.,7.4));
#10507 = VECTOR('',#10508,1.);
#10508 = DIRECTION('',(7.850462293414E-17,0.707106781187,-0.707106781187
    ));
#10509 = ORIENTED_EDGE('',*,*,#10510,.T.);
#10510 = EDGE_CURVE('',#10503,#10511,#10513,.T.);
#10511 = VERTEX_POINT('',#10512);
#10512 = CARTESIAN_POINT('',(-0.1,-12.95,1.25));
#10513 = LINE('',#10514,#10515);
#10514 = CARTESIAN_POINT('',(-0.1,-12.95,7.35));
#10515 = VECTOR('',#10516,1.);
#10516 = DIRECTION('',(0.,0.,-1.));
#10517 = ORIENTED_EDGE('',*,*,#10518,.T.);
#10518 = EDGE_CURVE('',#10511,#10519,#10521,.T.);
#10519 = VERTEX_POINT('',#10520);
#10520 = CARTESIAN_POINT('',(-0.1,-12.45,1.25));
#10521 = LINE('',#10522,#10523);
#10522 = CARTESIAN_POINT('',(-0.1,-12.95,1.25));
#10523 = VECTOR('',#10524,1.);
#10524 = DIRECTION('',(1.110223024625E-16,1.,0.));
#10525 = ORIENTED_EDGE('',*,*,#10526,.T.);
#10526 = EDGE_CURVE('',#10519,#10527,#10529,.T.);
#10527 = VERTEX_POINT('',#10528);
#10528 = CARTESIAN_POINT('',(-0.1,-12.45,7.35));
#10529 = LINE('',#10530,#10531);
#10530 = CARTESIAN_POINT('',(-0.1,-12.45,1.25));
#10531 = VECTOR('',#10532,1.);
#10532 = DIRECTION('',(0.,0.,1.));
#10533 = ORIENTED_EDGE('',*,*,#10534,.T.);
#10534 = EDGE_CURVE('',#10527,#8585,#10535,.T.);
#10535 = LINE('',#10536,#10537);
#10536 = CARTESIAN_POINT('',(-0.1,-12.45,7.35));
#10537 = VECTOR('',#10538,1.);
#10538 = DIRECTION('',(7.850462293414E-17,0.707106781187,0.707106781187)
  );
#10539 = ORIENTED_EDGE('',*,*,#8592,.F.);
#10540 = ORIENTED_EDGE('',*,*,#10485,.T.);
#10541 = PLANE('',#10542);
#10542 = AXIS2_PLACEMENT_3D('',#10543,#10544,#10545);
#10543 = CARTESIAN_POINT('',(-0.1,-12.7,3.911477598424));
#10544 = DIRECTION('',(-1.,1.110223024625E-16,0.));
#10545 = DIRECTION('',(0.,0.,1.));
#10546 = ADVANCED_FACE('',(#10547),#10565,.T.);
#10547 = FACE_BOUND('',#10548,.T.);
#10548 = EDGE_LOOP('',(#10549,#10557,#10563,#10564));
#10549 = ORIENTED_EDGE('',*,*,#10550,.T.);
#10550 = EDGE_CURVE('',#10527,#10551,#10553,.T.);
#10551 = VERTEX_POINT('',#10552);
#10552 = CARTESIAN_POINT('',(0.1,-12.45,7.35));
#10553 = LINE('',#10554,#10555);
#10554 = CARTESIAN_POINT('',(-0.1,-12.45,7.35));
#10555 = VECTOR('',#10556,1.);
#10556 = DIRECTION('',(1.,-1.110223024625E-16,0.));
#10557 = ORIENTED_EDGE('',*,*,#10558,.T.);
#10558 = EDGE_CURVE('',#10551,#8577,#10559,.T.);
#10559 = LINE('',#10560,#10561);
#10560 = CARTESIAN_POINT('',(0.1,-12.45,7.35));
#10561 = VECTOR('',#10562,1.);
#10562 = DIRECTION('',(7.850462293414E-17,0.707106781187,0.707106781187)
  );
#10563 = ORIENTED_EDGE('',*,*,#8584,.F.);
#10564 = ORIENTED_EDGE('',*,*,#10534,.F.);
#10565 = PLANE('',#10566);
#10566 = AXIS2_PLACEMENT_3D('',#10567,#10568,#10569);
#10567 = CARTESIAN_POINT('',(-0.1,-12.45,7.35));
#10568 = DIRECTION('',(-7.850462293414E-17,-0.707106781187,
    0.707106781187));
#10569 = DIRECTION('',(7.850462293414E-17,0.707106781187,0.707106781187)
  );
#10570 = ADVANCED_FACE('',(#10571),#10607,.F.);
#10571 = FACE_BOUND('',#10572,.F.);
#10572 = EDGE_LOOP('',(#10573,#10574,#10582,#10590,#10598,#10604,#10605,
    #10606));
#10573 = ORIENTED_EDGE('',*,*,#8672,.F.);
#10574 = ORIENTED_EDGE('',*,*,#10575,.T.);
#10575 = EDGE_CURVE('',#8665,#10576,#10578,.T.);
#10576 = VERTEX_POINT('',#10577);
#10577 = CARTESIAN_POINT('',(0.1,-12.95,7.35));
#10578 = LINE('',#10579,#10580);
#10579 = CARTESIAN_POINT('',(0.1,-13.,7.4));
#10580 = VECTOR('',#10581,1.);
#10581 = DIRECTION('',(7.850462293414E-17,0.707106781187,-0.707106781187
    ));
#10582 = ORIENTED_EDGE('',*,*,#10583,.T.);
#10583 = EDGE_CURVE('',#10576,#10584,#10586,.T.);
#10584 = VERTEX_POINT('',#10585);
#10585 = CARTESIAN_POINT('',(0.1,-12.95,1.25));
#10586 = LINE('',#10587,#10588);
#10587 = CARTESIAN_POINT('',(0.1,-12.95,7.35));
#10588 = VECTOR('',#10589,1.);
#10589 = DIRECTION('',(0.,0.,-1.));
#10590 = ORIENTED_EDGE('',*,*,#10591,.T.);
#10591 = EDGE_CURVE('',#10584,#10592,#10594,.T.);
#10592 = VERTEX_POINT('',#10593);
#10593 = CARTESIAN_POINT('',(0.1,-12.45,1.25));
#10594 = LINE('',#10595,#10596);
#10595 = CARTESIAN_POINT('',(0.1,-12.95,1.25));
#10596 = VECTOR('',#10597,1.);
#10597 = DIRECTION('',(1.110223024625E-16,1.,0.));
#10598 = ORIENTED_EDGE('',*,*,#10599,.T.);
#10599 = EDGE_CURVE('',#10592,#10551,#10600,.T.);
#10600 = LINE('',#10601,#10602);
#10601 = CARTESIAN_POINT('',(0.1,-12.45,1.25));
#10602 = VECTOR('',#10603,1.);
#10603 = DIRECTION('',(0.,0.,1.));
#10604 = ORIENTED_EDGE('',*,*,#10558,.T.);
#10605 = ORIENTED_EDGE('',*,*,#8576,.F.);
#10606 = ORIENTED_EDGE('',*,*,#10470,.T.);
#10607 = PLANE('',#10608);
#10608 = AXIS2_PLACEMENT_3D('',#10609,#10610,#10611);
#10609 = CARTESIAN_POINT('',(0.1,-12.7,3.911477598424));
#10610 = DIRECTION('',(-1.,1.110223024625E-16,0.));
#10611 = DIRECTION('',(0.,0.,1.));
#10612 = ADVANCED_FACE('',(#10613),#10624,.T.);
#10613 = FACE_BOUND('',#10614,.T.);
#10614 = EDGE_LOOP('',(#10615,#10616,#10617,#10623));
#10615 = ORIENTED_EDGE('',*,*,#8664,.T.);
#10616 = ORIENTED_EDGE('',*,*,#10575,.T.);
#10617 = ORIENTED_EDGE('',*,*,#10618,.F.);
#10618 = EDGE_CURVE('',#10503,#10576,#10619,.T.);
#10619 = LINE('',#10620,#10621);
#10620 = CARTESIAN_POINT('',(-0.1,-12.95,7.35));
#10621 = VECTOR('',#10622,1.);
#10622 = DIRECTION('',(1.,-1.110223024625E-16,0.));
#10623 = ORIENTED_EDGE('',*,*,#10502,.F.);
#10624 = PLANE('',#10625);
#10625 = AXIS2_PLACEMENT_3D('',#10626,#10627,#10628);
#10626 = CARTESIAN_POINT('',(-0.1,-13.,7.4));
#10627 = DIRECTION('',(7.850462293414E-17,0.707106781187,0.707106781187)
  );
#10628 = DIRECTION('',(7.850462293414E-17,0.707106781187,-0.707106781187
    ));
#10629 = ADVANCED_FACE('',(#10630),#10641,.T.);
#10630 = FACE_BOUND('',#10631,.T.);
#10631 = EDGE_LOOP('',(#10632,#10633,#10634,#10635));
#10632 = ORIENTED_EDGE('',*,*,#8840,.T.);
#10633 = ORIENTED_EDGE('',*,*,#8703,.T.);
#10634 = ORIENTED_EDGE('',*,*,#8728,.T.);
#10635 = ORIENTED_EDGE('',*,*,#10636,.T.);
#10636 = EDGE_CURVE('',#8729,#8833,#10637,.T.);
#10637 = LINE('',#10638,#10639);
#10638 = CARTESIAN_POINT('',(0.1,-10.16,0.9));
#10639 = VECTOR('',#10640,1.);
#10640 = DIRECTION('',(-1.110223024625E-16,-1.,0.));
#10641 = PLANE('',#10642);
#10642 = AXIS2_PLACEMENT_3D('',#10643,#10644,#10645);
#10643 = CARTESIAN_POINT('',(-1.221661660722E-15,-10.16,0.9));
#10644 = DIRECTION('',(0.,0.,1.));
#10645 = DIRECTION('',(1.110223024625E-16,1.,-0.));
#10646 = ADVANCED_FACE('',(#10647),#10658,.T.);
#10647 = FACE_BOUND('',#10648,.T.);
#10648 = EDGE_LOOP('',(#10649,#10650,#10656,#10657));
#10649 = ORIENTED_EDGE('',*,*,#8808,.T.);
#10650 = ORIENTED_EDGE('',*,*,#10651,.F.);
#10651 = EDGE_CURVE('',#8753,#8809,#10652,.T.);
#10652 = LINE('',#10653,#10654);
#10653 = CARTESIAN_POINT('',(-0.1,-10.16,0.9));
#10654 = VECTOR('',#10655,1.);
#10655 = DIRECTION('',(-1.110223024625E-16,-1.,0.));
#10656 = ORIENTED_EDGE('',*,*,#8760,.T.);
#10657 = ORIENTED_EDGE('',*,*,#8783,.T.);
#10658 = PLANE('',#10659);
#10659 = AXIS2_PLACEMENT_3D('',#10660,#10661,#10662);
#10660 = CARTESIAN_POINT('',(-1.221661660722E-15,-10.16,0.9));
#10661 = DIRECTION('',(0.,0.,1.));
#10662 = DIRECTION('',(1.110223024625E-16,1.,-0.));
#10663 = ADVANCED_FACE('',(#10664),#10707,.T.);
#10664 = FACE_BOUND('',#10665,.T.);
#10665 = EDGE_LOOP('',(#10666,#10667,#10675,#10683,#10691,#10699,#10705,
    #10706));
#10666 = ORIENTED_EDGE('',*,*,#8816,.F.);
#10667 = ORIENTED_EDGE('',*,*,#10668,.T.);
#10668 = EDGE_CURVE('',#8817,#10669,#10671,.T.);
#10669 = VERTEX_POINT('',#10670);
#10670 = CARTESIAN_POINT('',(-0.1,-10.41,7.35));
#10671 = LINE('',#10672,#10673);
#10672 = CARTESIAN_POINT('',(-0.1,-10.46,7.4));
#10673 = VECTOR('',#10674,1.);
#10674 = DIRECTION('',(7.850462293414E-17,0.707106781187,-0.707106781187
    ));
#10675 = ORIENTED_EDGE('',*,*,#10676,.T.);
#10676 = EDGE_CURVE('',#10669,#10677,#10679,.T.);
#10677 = VERTEX_POINT('',#10678);
#10678 = CARTESIAN_POINT('',(-0.1,-10.41,1.25));
#10679 = LINE('',#10680,#10681);
#10680 = CARTESIAN_POINT('',(-0.1,-10.41,7.35));
#10681 = VECTOR('',#10682,1.);
#10682 = DIRECTION('',(0.,0.,-1.));
#10683 = ORIENTED_EDGE('',*,*,#10684,.T.);
#10684 = EDGE_CURVE('',#10677,#10685,#10687,.T.);
#10685 = VERTEX_POINT('',#10686);
#10686 = CARTESIAN_POINT('',(-0.1,-9.91,1.25));
#10687 = LINE('',#10688,#10689);
#10688 = CARTESIAN_POINT('',(-0.1,-10.41,1.25));
#10689 = VECTOR('',#10690,1.);
#10690 = DIRECTION('',(1.110223024625E-16,1.,0.));
#10691 = ORIENTED_EDGE('',*,*,#10692,.T.);
#10692 = EDGE_CURVE('',#10685,#10693,#10695,.T.);
#10693 = VERTEX_POINT('',#10694);
#10694 = CARTESIAN_POINT('',(-0.1,-9.91,7.35));
#10695 = LINE('',#10696,#10697);
#10696 = CARTESIAN_POINT('',(-0.1,-9.91,1.25));
#10697 = VECTOR('',#10698,1.);
#10698 = DIRECTION('',(0.,0.,1.));
#10699 = ORIENTED_EDGE('',*,*,#10700,.T.);
#10700 = EDGE_CURVE('',#10693,#8745,#10701,.T.);
#10701 = LINE('',#10702,#10703);
#10702 = CARTESIAN_POINT('',(-0.1,-9.91,7.35));
#10703 = VECTOR('',#10704,1.);
#10704 = DIRECTION('',(7.850462293414E-17,0.707106781187,0.707106781187)
  );
#10705 = ORIENTED_EDGE('',*,*,#8752,.F.);
#10706 = ORIENTED_EDGE('',*,*,#10651,.T.);
#10707 = PLANE('',#10708);
#10708 = AXIS2_PLACEMENT_3D('',#10709,#10710,#10711);
#10709 = CARTESIAN_POINT('',(-0.1,-10.16,3.911477598424));
#10710 = DIRECTION('',(-1.,1.110223024625E-16,0.));
#10711 = DIRECTION('',(0.,0.,1.));
#10712 = ADVANCED_FACE('',(#10713),#10731,.T.);
#10713 = FACE_BOUND('',#10714,.T.);
#10714 = EDGE_LOOP('',(#10715,#10723,#10729,#10730));
#10715 = ORIENTED_EDGE('',*,*,#10716,.T.);
#10716 = EDGE_CURVE('',#10693,#10717,#10719,.T.);
#10717 = VERTEX_POINT('',#10718);
#10718 = CARTESIAN_POINT('',(0.1,-9.91,7.35));
#10719 = LINE('',#10720,#10721);
#10720 = CARTESIAN_POINT('',(-0.1,-9.91,7.35));
#10721 = VECTOR('',#10722,1.);
#10722 = DIRECTION('',(1.,-1.110223024625E-16,0.));
#10723 = ORIENTED_EDGE('',*,*,#10724,.T.);
#10724 = EDGE_CURVE('',#10717,#8737,#10725,.T.);
#10725 = LINE('',#10726,#10727);
#10726 = CARTESIAN_POINT('',(0.1,-9.91,7.35));
#10727 = VECTOR('',#10728,1.);
#10728 = DIRECTION('',(7.850462293414E-17,0.707106781187,0.707106781187)
  );
#10729 = ORIENTED_EDGE('',*,*,#8744,.F.);
#10730 = ORIENTED_EDGE('',*,*,#10700,.F.);
#10731 = PLANE('',#10732);
#10732 = AXIS2_PLACEMENT_3D('',#10733,#10734,#10735);
#10733 = CARTESIAN_POINT('',(-0.1,-9.91,7.35));
#10734 = DIRECTION('',(-7.850462293414E-17,-0.707106781187,
    0.707106781187));
#10735 = DIRECTION('',(7.850462293414E-17,0.707106781187,0.707106781187)
  );
#10736 = ADVANCED_FACE('',(#10737),#10773,.F.);
#10737 = FACE_BOUND('',#10738,.F.);
#10738 = EDGE_LOOP('',(#10739,#10740,#10748,#10756,#10764,#10770,#10771,
    #10772));
#10739 = ORIENTED_EDGE('',*,*,#8832,.F.);
#10740 = ORIENTED_EDGE('',*,*,#10741,.T.);
#10741 = EDGE_CURVE('',#8825,#10742,#10744,.T.);
#10742 = VERTEX_POINT('',#10743);
#10743 = CARTESIAN_POINT('',(0.1,-10.41,7.35));
#10744 = LINE('',#10745,#10746);
#10745 = CARTESIAN_POINT('',(0.1,-10.46,7.4));
#10746 = VECTOR('',#10747,1.);
#10747 = DIRECTION('',(7.850462293414E-17,0.707106781187,-0.707106781187
    ));
#10748 = ORIENTED_EDGE('',*,*,#10749,.T.);
#10749 = EDGE_CURVE('',#10742,#10750,#10752,.T.);
#10750 = VERTEX_POINT('',#10751);
#10751 = CARTESIAN_POINT('',(0.1,-10.41,1.25));
#10752 = LINE('',#10753,#10754);
#10753 = CARTESIAN_POINT('',(0.1,-10.41,7.35));
#10754 = VECTOR('',#10755,1.);
#10755 = DIRECTION('',(0.,0.,-1.));
#10756 = ORIENTED_EDGE('',*,*,#10757,.T.);
#10757 = EDGE_CURVE('',#10750,#10758,#10760,.T.);
#10758 = VERTEX_POINT('',#10759);
#10759 = CARTESIAN_POINT('',(0.1,-9.91,1.25));
#10760 = LINE('',#10761,#10762);
#10761 = CARTESIAN_POINT('',(0.1,-10.41,1.25));
#10762 = VECTOR('',#10763,1.);
#10763 = DIRECTION('',(1.110223024625E-16,1.,0.));
#10764 = ORIENTED_EDGE('',*,*,#10765,.T.);
#10765 = EDGE_CURVE('',#10758,#10717,#10766,.T.);
#10766 = LINE('',#10767,#10768);
#10767 = CARTESIAN_POINT('',(0.1,-9.91,1.25));
#10768 = VECTOR('',#10769,1.);
#10769 = DIRECTION('',(0.,0.,1.));
#10770 = ORIENTED_EDGE('',*,*,#10724,.T.);
#10771 = ORIENTED_EDGE('',*,*,#8736,.F.);
#10772 = ORIENTED_EDGE('',*,*,#10636,.T.);
#10773 = PLANE('',#10774);
#10774 = AXIS2_PLACEMENT_3D('',#10775,#10776,#10777);
#10775 = CARTESIAN_POINT('',(0.1,-10.16,3.911477598424));
#10776 = DIRECTION('',(-1.,1.110223024625E-16,0.));
#10777 = DIRECTION('',(0.,0.,1.));
#10778 = ADVANCED_FACE('',(#10779),#10790,.T.);
#10779 = FACE_BOUND('',#10780,.T.);
#10780 = EDGE_LOOP('',(#10781,#10782,#10783,#10789));
#10781 = ORIENTED_EDGE('',*,*,#8824,.T.);
#10782 = ORIENTED_EDGE('',*,*,#10741,.T.);
#10783 = ORIENTED_EDGE('',*,*,#10784,.F.);
#10784 = EDGE_CURVE('',#10669,#10742,#10785,.T.);
#10785 = LINE('',#10786,#10787);
#10786 = CARTESIAN_POINT('',(-0.1,-10.41,7.35));
#10787 = VECTOR('',#10788,1.);
#10788 = DIRECTION('',(1.,-1.110223024625E-16,0.));
#10789 = ORIENTED_EDGE('',*,*,#10668,.F.);
#10790 = PLANE('',#10791);
#10791 = AXIS2_PLACEMENT_3D('',#10792,#10793,#10794);
#10792 = CARTESIAN_POINT('',(-0.1,-10.46,7.4));
#10793 = DIRECTION('',(7.850462293414E-17,0.707106781187,0.707106781187)
  );
#10794 = DIRECTION('',(7.850462293414E-17,0.707106781187,-0.707106781187
    ));
#10795 = ADVANCED_FACE('',(#10796),#10807,.T.);
#10796 = FACE_BOUND('',#10797,.T.);
#10797 = EDGE_LOOP('',(#10798,#10799,#10800,#10801));
#10798 = ORIENTED_EDGE('',*,*,#9000,.T.);
#10799 = ORIENTED_EDGE('',*,*,#8863,.T.);
#10800 = ORIENTED_EDGE('',*,*,#8888,.T.);
#10801 = ORIENTED_EDGE('',*,*,#10802,.T.);
#10802 = EDGE_CURVE('',#8889,#8993,#10803,.T.);
#10803 = LINE('',#10804,#10805);
#10804 = CARTESIAN_POINT('',(0.1,-7.62,0.9));
#10805 = VECTOR('',#10806,1.);
#10806 = DIRECTION('',(-1.110223024625E-16,-1.,0.));
#10807 = PLANE('',#10808);
#10808 = AXIS2_PLACEMENT_3D('',#10809,#10810,#10811);
#10809 = CARTESIAN_POINT('',(-9.396650124671E-16,-7.62,0.9));
#10810 = DIRECTION('',(0.,0.,1.));
#10811 = DIRECTION('',(1.110223024625E-16,1.,-0.));
#10812 = ADVANCED_FACE('',(#10813),#10824,.T.);
#10813 = FACE_BOUND('',#10814,.T.);
#10814 = EDGE_LOOP('',(#10815,#10816,#10822,#10823));
#10815 = ORIENTED_EDGE('',*,*,#8968,.T.);
#10816 = ORIENTED_EDGE('',*,*,#10817,.F.);
#10817 = EDGE_CURVE('',#8913,#8969,#10818,.T.);
#10818 = LINE('',#10819,#10820);
#10819 = CARTESIAN_POINT('',(-0.1,-7.62,0.9));
#10820 = VECTOR('',#10821,1.);
#10821 = DIRECTION('',(-1.110223024625E-16,-1.,0.));
#10822 = ORIENTED_EDGE('',*,*,#8920,.T.);
#10823 = ORIENTED_EDGE('',*,*,#8943,.T.);
#10824 = PLANE('',#10825);
#10825 = AXIS2_PLACEMENT_3D('',#10826,#10827,#10828);
#10826 = CARTESIAN_POINT('',(-9.396650124671E-16,-7.62,0.9));
#10827 = DIRECTION('',(0.,0.,1.));
#10828 = DIRECTION('',(1.110223024625E-16,1.,-0.));
#10829 = ADVANCED_FACE('',(#10830),#10873,.T.);
#10830 = FACE_BOUND('',#10831,.T.);
#10831 = EDGE_LOOP('',(#10832,#10833,#10841,#10849,#10857,#10865,#10871,
    #10872));
#10832 = ORIENTED_EDGE('',*,*,#8976,.F.);
#10833 = ORIENTED_EDGE('',*,*,#10834,.T.);
#10834 = EDGE_CURVE('',#8977,#10835,#10837,.T.);
#10835 = VERTEX_POINT('',#10836);
#10836 = CARTESIAN_POINT('',(-0.1,-7.87,7.35));
#10837 = LINE('',#10838,#10839);
#10838 = CARTESIAN_POINT('',(-0.1,-7.92,7.4));
#10839 = VECTOR('',#10840,1.);
#10840 = DIRECTION('',(7.850462293414E-17,0.707106781187,-0.707106781187
    ));
#10841 = ORIENTED_EDGE('',*,*,#10842,.T.);
#10842 = EDGE_CURVE('',#10835,#10843,#10845,.T.);
#10843 = VERTEX_POINT('',#10844);
#10844 = CARTESIAN_POINT('',(-0.1,-7.87,1.25));
#10845 = LINE('',#10846,#10847);
#10846 = CARTESIAN_POINT('',(-0.1,-7.87,7.35));
#10847 = VECTOR('',#10848,1.);
#10848 = DIRECTION('',(0.,0.,-1.));
#10849 = ORIENTED_EDGE('',*,*,#10850,.T.);
#10850 = EDGE_CURVE('',#10843,#10851,#10853,.T.);
#10851 = VERTEX_POINT('',#10852);
#10852 = CARTESIAN_POINT('',(-0.1,-7.37,1.25));
#10853 = LINE('',#10854,#10855);
#10854 = CARTESIAN_POINT('',(-0.1,-7.87,1.25));
#10855 = VECTOR('',#10856,1.);
#10856 = DIRECTION('',(1.110223024625E-16,1.,0.));
#10857 = ORIENTED_EDGE('',*,*,#10858,.T.);
#10858 = EDGE_CURVE('',#10851,#10859,#10861,.T.);
#10859 = VERTEX_POINT('',#10860);
#10860 = CARTESIAN_POINT('',(-0.1,-7.37,7.35));
#10861 = LINE('',#10862,#10863);
#10862 = CARTESIAN_POINT('',(-0.1,-7.37,1.25));
#10863 = VECTOR('',#10864,1.);
#10864 = DIRECTION('',(0.,0.,1.));
#10865 = ORIENTED_EDGE('',*,*,#10866,.T.);
#10866 = EDGE_CURVE('',#10859,#8905,#10867,.T.);
#10867 = LINE('',#10868,#10869);
#10868 = CARTESIAN_POINT('',(-0.1,-7.37,7.35));
#10869 = VECTOR('',#10870,1.);
#10870 = DIRECTION('',(7.850462293414E-17,0.707106781187,0.707106781187)
  );
#10871 = ORIENTED_EDGE('',*,*,#8912,.F.);
#10872 = ORIENTED_EDGE('',*,*,#10817,.T.);
#10873 = PLANE('',#10874);
#10874 = AXIS2_PLACEMENT_3D('',#10875,#10876,#10877);
#10875 = CARTESIAN_POINT('',(-0.1,-7.62,3.911477598424));
#10876 = DIRECTION('',(-1.,1.110223024625E-16,0.));
#10877 = DIRECTION('',(0.,0.,1.));
#10878 = ADVANCED_FACE('',(#10879),#10897,.T.);
#10879 = FACE_BOUND('',#10880,.T.);
#10880 = EDGE_LOOP('',(#10881,#10889,#10895,#10896));
#10881 = ORIENTED_EDGE('',*,*,#10882,.T.);
#10882 = EDGE_CURVE('',#10859,#10883,#10885,.T.);
#10883 = VERTEX_POINT('',#10884);
#10884 = CARTESIAN_POINT('',(0.1,-7.37,7.35));
#10885 = LINE('',#10886,#10887);
#10886 = CARTESIAN_POINT('',(-0.1,-7.37,7.35));
#10887 = VECTOR('',#10888,1.);
#10888 = DIRECTION('',(1.,-1.110223024625E-16,0.));
#10889 = ORIENTED_EDGE('',*,*,#10890,.T.);
#10890 = EDGE_CURVE('',#10883,#8897,#10891,.T.);
#10891 = LINE('',#10892,#10893);
#10892 = CARTESIAN_POINT('',(0.1,-7.37,7.35));
#10893 = VECTOR('',#10894,1.);
#10894 = DIRECTION('',(7.850462293414E-17,0.707106781187,0.707106781187)
  );
#10895 = ORIENTED_EDGE('',*,*,#8904,.F.);
#10896 = ORIENTED_EDGE('',*,*,#10866,.F.);
#10897 = PLANE('',#10898);
#10898 = AXIS2_PLACEMENT_3D('',#10899,#10900,#10901);
#10899 = CARTESIAN_POINT('',(-0.1,-7.37,7.35));
#10900 = DIRECTION('',(-7.850462293414E-17,-0.707106781187,
    0.707106781187));
#10901 = DIRECTION('',(7.850462293414E-17,0.707106781187,0.707106781187)
  );
#10902 = ADVANCED_FACE('',(#10903),#10939,.F.);
#10903 = FACE_BOUND('',#10904,.F.);
#10904 = EDGE_LOOP('',(#10905,#10906,#10914,#10922,#10930,#10936,#10937,
    #10938));
#10905 = ORIENTED_EDGE('',*,*,#8992,.F.);
#10906 = ORIENTED_EDGE('',*,*,#10907,.T.);
#10907 = EDGE_CURVE('',#8985,#10908,#10910,.T.);
#10908 = VERTEX_POINT('',#10909);
#10909 = CARTESIAN_POINT('',(0.1,-7.87,7.35));
#10910 = LINE('',#10911,#10912);
#10911 = CARTESIAN_POINT('',(0.1,-7.92,7.4));
#10912 = VECTOR('',#10913,1.);
#10913 = DIRECTION('',(7.850462293414E-17,0.707106781187,-0.707106781187
    ));
#10914 = ORIENTED_EDGE('',*,*,#10915,.T.);
#10915 = EDGE_CURVE('',#10908,#10916,#10918,.T.);
#10916 = VERTEX_POINT('',#10917);
#10917 = CARTESIAN_POINT('',(0.1,-7.87,1.25));
#10918 = LINE('',#10919,#10920);
#10919 = CARTESIAN_POINT('',(0.1,-7.87,7.35));
#10920 = VECTOR('',#10921,1.);
#10921 = DIRECTION('',(0.,0.,-1.));
#10922 = ORIENTED_EDGE('',*,*,#10923,.T.);
#10923 = EDGE_CURVE('',#10916,#10924,#10926,.T.);
#10924 = VERTEX_POINT('',#10925);
#10925 = CARTESIAN_POINT('',(0.1,-7.37,1.25));
#10926 = LINE('',#10927,#10928);
#10927 = CARTESIAN_POINT('',(0.1,-7.87,1.25));
#10928 = VECTOR('',#10929,1.);
#10929 = DIRECTION('',(1.110223024625E-16,1.,0.));
#10930 = ORIENTED_EDGE('',*,*,#10931,.T.);
#10931 = EDGE_CURVE('',#10924,#10883,#10932,.T.);
#10932 = LINE('',#10933,#10934);
#10933 = CARTESIAN_POINT('',(0.1,-7.37,1.25));
#10934 = VECTOR('',#10935,1.);
#10935 = DIRECTION('',(0.,0.,1.));
#10936 = ORIENTED_EDGE('',*,*,#10890,.T.);
#10937 = ORIENTED_EDGE('',*,*,#8896,.F.);
#10938 = ORIENTED_EDGE('',*,*,#10802,.T.);
#10939 = PLANE('',#10940);
#10940 = AXIS2_PLACEMENT_3D('',#10941,#10942,#10943);
#10941 = CARTESIAN_POINT('',(0.1,-7.62,3.911477598424));
#10942 = DIRECTION('',(-1.,1.110223024625E-16,0.));
#10943 = DIRECTION('',(0.,0.,1.));
#10944 = ADVANCED_FACE('',(#10945),#10956,.T.);
#10945 = FACE_BOUND('',#10946,.T.);
#10946 = EDGE_LOOP('',(#10947,#10948,#10949,#10955));
#10947 = ORIENTED_EDGE('',*,*,#8984,.T.);
#10948 = ORIENTED_EDGE('',*,*,#10907,.T.);
#10949 = ORIENTED_EDGE('',*,*,#10950,.F.);
#10950 = EDGE_CURVE('',#10835,#10908,#10951,.T.);
#10951 = LINE('',#10952,#10953);
#10952 = CARTESIAN_POINT('',(-0.1,-7.87,7.35));
#10953 = VECTOR('',#10954,1.);
#10954 = DIRECTION('',(1.,-1.110223024625E-16,0.));
#10955 = ORIENTED_EDGE('',*,*,#10834,.F.);
#10956 = PLANE('',#10957);
#10957 = AXIS2_PLACEMENT_3D('',#10958,#10959,#10960);
#10958 = CARTESIAN_POINT('',(-0.1,-7.92,7.4));
#10959 = DIRECTION('',(7.850462293414E-17,0.707106781187,0.707106781187)
  );
#10960 = DIRECTION('',(7.850462293414E-17,0.707106781187,-0.707106781187
    ));
#10961 = ADVANCED_FACE('',(#10962),#10973,.T.);
#10962 = FACE_BOUND('',#10963,.T.);
#10963 = EDGE_LOOP('',(#10964,#10965,#10966,#10967));
#10964 = ORIENTED_EDGE('',*,*,#9160,.T.);
#10965 = ORIENTED_EDGE('',*,*,#9023,.T.);
#10966 = ORIENTED_EDGE('',*,*,#9048,.T.);
#10967 = ORIENTED_EDGE('',*,*,#10968,.T.);
#10968 = EDGE_CURVE('',#9049,#9153,#10969,.T.);
#10969 = LINE('',#10970,#10971);
#10970 = CARTESIAN_POINT('',(0.1,-5.08,0.9));
#10971 = VECTOR('',#10972,1.);
#10972 = DIRECTION('',(-1.110223024625E-16,-1.,0.));
#10973 = PLANE('',#10974);
#10974 = AXIS2_PLACEMENT_3D('',#10975,#10976,#10977);
#10975 = CARTESIAN_POINT('',(-6.576683642123E-16,-5.08,0.9));
#10976 = DIRECTION('',(0.,0.,1.));
#10977 = DIRECTION('',(1.110223024625E-16,1.,-0.));
#10978 = ADVANCED_FACE('',(#10979),#10990,.T.);
#10979 = FACE_BOUND('',#10980,.T.);
#10980 = EDGE_LOOP('',(#10981,#10982,#10988,#10989));
#10981 = ORIENTED_EDGE('',*,*,#9128,.T.);
#10982 = ORIENTED_EDGE('',*,*,#10983,.F.);
#10983 = EDGE_CURVE('',#9073,#9129,#10984,.T.);
#10984 = LINE('',#10985,#10986);
#10985 = CARTESIAN_POINT('',(-0.1,-5.08,0.9));
#10986 = VECTOR('',#10987,1.);
#10987 = DIRECTION('',(-1.110223024625E-16,-1.,0.));
#10988 = ORIENTED_EDGE('',*,*,#9080,.T.);
#10989 = ORIENTED_EDGE('',*,*,#9103,.T.);
#10990 = PLANE('',#10991);
#10991 = AXIS2_PLACEMENT_3D('',#10992,#10993,#10994);
#10992 = CARTESIAN_POINT('',(-6.576683642123E-16,-5.08,0.9));
#10993 = DIRECTION('',(0.,0.,1.));
#10994 = DIRECTION('',(1.110223024625E-16,1.,-0.));
#10995 = ADVANCED_FACE('',(#10996),#11039,.T.);
#10996 = FACE_BOUND('',#10997,.T.);
#10997 = EDGE_LOOP('',(#10998,#10999,#11007,#11015,#11023,#11031,#11037,
    #11038));
#10998 = ORIENTED_EDGE('',*,*,#9136,.F.);
#10999 = ORIENTED_EDGE('',*,*,#11000,.T.);
#11000 = EDGE_CURVE('',#9137,#11001,#11003,.T.);
#11001 = VERTEX_POINT('',#11002);
#11002 = CARTESIAN_POINT('',(-0.1,-5.33,7.35));
#11003 = LINE('',#11004,#11005);
#11004 = CARTESIAN_POINT('',(-0.1,-5.38,7.4));
#11005 = VECTOR('',#11006,1.);
#11006 = DIRECTION('',(7.850462293414E-17,0.707106781187,-0.707106781187
    ));
#11007 = ORIENTED_EDGE('',*,*,#11008,.T.);
#11008 = EDGE_CURVE('',#11001,#11009,#11011,.T.);
#11009 = VERTEX_POINT('',#11010);
#11010 = CARTESIAN_POINT('',(-0.1,-5.33,1.25));
#11011 = LINE('',#11012,#11013);
#11012 = CARTESIAN_POINT('',(-0.1,-5.33,7.35));
#11013 = VECTOR('',#11014,1.);
#11014 = DIRECTION('',(0.,0.,-1.));
#11015 = ORIENTED_EDGE('',*,*,#11016,.T.);
#11016 = EDGE_CURVE('',#11009,#11017,#11019,.T.);
#11017 = VERTEX_POINT('',#11018);
#11018 = CARTESIAN_POINT('',(-0.1,-4.83,1.25));
#11019 = LINE('',#11020,#11021);
#11020 = CARTESIAN_POINT('',(-0.1,-5.33,1.25));
#11021 = VECTOR('',#11022,1.);
#11022 = DIRECTION('',(1.110223024625E-16,1.,0.));
#11023 = ORIENTED_EDGE('',*,*,#11024,.T.);
#11024 = EDGE_CURVE('',#11017,#11025,#11027,.T.);
#11025 = VERTEX_POINT('',#11026);
#11026 = CARTESIAN_POINT('',(-0.1,-4.83,7.35));
#11027 = LINE('',#11028,#11029);
#11028 = CARTESIAN_POINT('',(-0.1,-4.83,1.25));
#11029 = VECTOR('',#11030,1.);
#11030 = DIRECTION('',(0.,0.,1.));
#11031 = ORIENTED_EDGE('',*,*,#11032,.T.);
#11032 = EDGE_CURVE('',#11025,#9065,#11033,.T.);
#11033 = LINE('',#11034,#11035);
#11034 = CARTESIAN_POINT('',(-0.1,-4.83,7.35));
#11035 = VECTOR('',#11036,1.);
#11036 = DIRECTION('',(7.850462293414E-17,0.707106781187,0.707106781187)
  );
#11037 = ORIENTED_EDGE('',*,*,#9072,.F.);
#11038 = ORIENTED_EDGE('',*,*,#10983,.T.);
#11039 = PLANE('',#11040);
#11040 = AXIS2_PLACEMENT_3D('',#11041,#11042,#11043);
#11041 = CARTESIAN_POINT('',(-0.1,-5.08,3.911477598424));
#11042 = DIRECTION('',(-1.,1.110223024625E-16,0.));
#11043 = DIRECTION('',(0.,0.,1.));
#11044 = ADVANCED_FACE('',(#11045),#11063,.T.);
#11045 = FACE_BOUND('',#11046,.T.);
#11046 = EDGE_LOOP('',(#11047,#11055,#11061,#11062));
#11047 = ORIENTED_EDGE('',*,*,#11048,.T.);
#11048 = EDGE_CURVE('',#11025,#11049,#11051,.T.);
#11049 = VERTEX_POINT('',#11050);
#11050 = CARTESIAN_POINT('',(0.1,-4.83,7.35));
#11051 = LINE('',#11052,#11053);
#11052 = CARTESIAN_POINT('',(-0.1,-4.83,7.35));
#11053 = VECTOR('',#11054,1.);
#11054 = DIRECTION('',(1.,-1.110223024625E-16,0.));
#11055 = ORIENTED_EDGE('',*,*,#11056,.T.);
#11056 = EDGE_CURVE('',#11049,#9057,#11057,.T.);
#11057 = LINE('',#11058,#11059);
#11058 = CARTESIAN_POINT('',(0.1,-4.83,7.35));
#11059 = VECTOR('',#11060,1.);
#11060 = DIRECTION('',(7.850462293414E-17,0.707106781187,0.707106781187)
  );
#11061 = ORIENTED_EDGE('',*,*,#9064,.F.);
#11062 = ORIENTED_EDGE('',*,*,#11032,.F.);
#11063 = PLANE('',#11064);
#11064 = AXIS2_PLACEMENT_3D('',#11065,#11066,#11067);
#11065 = CARTESIAN_POINT('',(-0.1,-4.83,7.35));
#11066 = DIRECTION('',(-7.850462293414E-17,-0.707106781187,
    0.707106781187));
#11067 = DIRECTION('',(7.850462293414E-17,0.707106781187,0.707106781187)
  );
#11068 = ADVANCED_FACE('',(#11069),#11105,.F.);
#11069 = FACE_BOUND('',#11070,.F.);
#11070 = EDGE_LOOP('',(#11071,#11072,#11080,#11088,#11096,#11102,#11103,
    #11104));
#11071 = ORIENTED_EDGE('',*,*,#9152,.F.);
#11072 = ORIENTED_EDGE('',*,*,#11073,.T.);
#11073 = EDGE_CURVE('',#9145,#11074,#11076,.T.);
#11074 = VERTEX_POINT('',#11075);
#11075 = CARTESIAN_POINT('',(0.1,-5.33,7.35));
#11076 = LINE('',#11077,#11078);
#11077 = CARTESIAN_POINT('',(0.1,-5.38,7.4));
#11078 = VECTOR('',#11079,1.);
#11079 = DIRECTION('',(7.850462293414E-17,0.707106781187,-0.707106781187
    ));
#11080 = ORIENTED_EDGE('',*,*,#11081,.T.);
#11081 = EDGE_CURVE('',#11074,#11082,#11084,.T.);
#11082 = VERTEX_POINT('',#11083);
#11083 = CARTESIAN_POINT('',(0.1,-5.33,1.25));
#11084 = LINE('',#11085,#11086);
#11085 = CARTESIAN_POINT('',(0.1,-5.33,7.35));
#11086 = VECTOR('',#11087,1.);
#11087 = DIRECTION('',(0.,0.,-1.));
#11088 = ORIENTED_EDGE('',*,*,#11089,.T.);
#11089 = EDGE_CURVE('',#11082,#11090,#11092,.T.);
#11090 = VERTEX_POINT('',#11091);
#11091 = CARTESIAN_POINT('',(0.1,-4.83,1.25));
#11092 = LINE('',#11093,#11094);
#11093 = CARTESIAN_POINT('',(0.1,-5.33,1.25));
#11094 = VECTOR('',#11095,1.);
#11095 = DIRECTION('',(1.110223024625E-16,1.,0.));
#11096 = ORIENTED_EDGE('',*,*,#11097,.T.);
#11097 = EDGE_CURVE('',#11090,#11049,#11098,.T.);
#11098 = LINE('',#11099,#11100);
#11099 = CARTESIAN_POINT('',(0.1,-4.83,1.25));
#11100 = VECTOR('',#11101,1.);
#11101 = DIRECTION('',(0.,0.,1.));
#11102 = ORIENTED_EDGE('',*,*,#11056,.T.);
#11103 = ORIENTED_EDGE('',*,*,#9056,.F.);
#11104 = ORIENTED_EDGE('',*,*,#10968,.T.);
#11105 = PLANE('',#11106);
#11106 = AXIS2_PLACEMENT_3D('',#11107,#11108,#11109);
#11107 = CARTESIAN_POINT('',(0.1,-5.08,3.911477598424));
#11108 = DIRECTION('',(-1.,1.110223024625E-16,0.));
#11109 = DIRECTION('',(0.,0.,1.));
#11110 = ADVANCED_FACE('',(#11111),#11122,.T.);
#11111 = FACE_BOUND('',#11112,.T.);
#11112 = EDGE_LOOP('',(#11113,#11114,#11115,#11121));
#11113 = ORIENTED_EDGE('',*,*,#9144,.T.);
#11114 = ORIENTED_EDGE('',*,*,#11073,.T.);
#11115 = ORIENTED_EDGE('',*,*,#11116,.F.);
#11116 = EDGE_CURVE('',#11001,#11074,#11117,.T.);
#11117 = LINE('',#11118,#11119);
#11118 = CARTESIAN_POINT('',(-0.1,-5.33,7.35));
#11119 = VECTOR('',#11120,1.);
#11120 = DIRECTION('',(1.,-1.110223024625E-16,0.));
#11121 = ORIENTED_EDGE('',*,*,#11000,.F.);
#11122 = PLANE('',#11123);
#11123 = AXIS2_PLACEMENT_3D('',#11124,#11125,#11126);
#11124 = CARTESIAN_POINT('',(-0.1,-5.38,7.4));
#11125 = DIRECTION('',(7.850462293414E-17,0.707106781187,0.707106781187)
  );
#11126 = DIRECTION('',(7.850462293414E-17,0.707106781187,-0.707106781187
    ));
#11127 = ADVANCED_FACE('',(#11128),#11139,.T.);
#11128 = FACE_BOUND('',#11129,.T.);
#11129 = EDGE_LOOP('',(#11130,#11131,#11132,#11133));
#11130 = ORIENTED_EDGE('',*,*,#9320,.T.);
#11131 = ORIENTED_EDGE('',*,*,#9183,.T.);
#11132 = ORIENTED_EDGE('',*,*,#9208,.T.);
#11133 = ORIENTED_EDGE('',*,*,#11134,.T.);
#11134 = EDGE_CURVE('',#9209,#9313,#11135,.T.);
#11135 = LINE('',#11136,#11137);
#11136 = CARTESIAN_POINT('',(0.1,-2.54,0.9));
#11137 = VECTOR('',#11138,1.);
#11138 = DIRECTION('',(-1.110223024625E-16,-1.,0.));
#11139 = PLANE('',#11140);
#11140 = AXIS2_PLACEMENT_3D('',#11141,#11142,#11143);
#11141 = CARTESIAN_POINT('',(-3.756717159575E-16,-2.54,0.9));
#11142 = DIRECTION('',(0.,0.,1.));
#11143 = DIRECTION('',(1.110223024625E-16,1.,-0.));
#11144 = ADVANCED_FACE('',(#11145),#11156,.T.);
#11145 = FACE_BOUND('',#11146,.T.);
#11146 = EDGE_LOOP('',(#11147,#11148,#11154,#11155));
#11147 = ORIENTED_EDGE('',*,*,#9288,.T.);
#11148 = ORIENTED_EDGE('',*,*,#11149,.F.);
#11149 = EDGE_CURVE('',#9233,#9289,#11150,.T.);
#11150 = LINE('',#11151,#11152);
#11151 = CARTESIAN_POINT('',(-0.1,-2.54,0.9));
#11152 = VECTOR('',#11153,1.);
#11153 = DIRECTION('',(-1.110223024625E-16,-1.,0.));
#11154 = ORIENTED_EDGE('',*,*,#9240,.T.);
#11155 = ORIENTED_EDGE('',*,*,#9263,.T.);
#11156 = PLANE('',#11157);
#11157 = AXIS2_PLACEMENT_3D('',#11158,#11159,#11160);
#11158 = CARTESIAN_POINT('',(-3.756717159575E-16,-2.54,0.9));
#11159 = DIRECTION('',(0.,0.,1.));
#11160 = DIRECTION('',(1.110223024625E-16,1.,-0.));
#11161 = ADVANCED_FACE('',(#11162),#11205,.T.);
#11162 = FACE_BOUND('',#11163,.T.);
#11163 = EDGE_LOOP('',(#11164,#11165,#11173,#11181,#11189,#11197,#11203,
    #11204));
#11164 = ORIENTED_EDGE('',*,*,#9296,.F.);
#11165 = ORIENTED_EDGE('',*,*,#11166,.T.);
#11166 = EDGE_CURVE('',#9297,#11167,#11169,.T.);
#11167 = VERTEX_POINT('',#11168);
#11168 = CARTESIAN_POINT('',(-0.1,-2.79,7.35));
#11169 = LINE('',#11170,#11171);
#11170 = CARTESIAN_POINT('',(-0.1,-2.84,7.4));
#11171 = VECTOR('',#11172,1.);
#11172 = DIRECTION('',(7.850462293414E-17,0.707106781187,-0.707106781187
    ));
#11173 = ORIENTED_EDGE('',*,*,#11174,.T.);
#11174 = EDGE_CURVE('',#11167,#11175,#11177,.T.);
#11175 = VERTEX_POINT('',#11176);
#11176 = CARTESIAN_POINT('',(-0.1,-2.79,1.25));
#11177 = LINE('',#11178,#11179);
#11178 = CARTESIAN_POINT('',(-0.1,-2.79,7.35));
#11179 = VECTOR('',#11180,1.);
#11180 = DIRECTION('',(0.,0.,-1.));
#11181 = ORIENTED_EDGE('',*,*,#11182,.T.);
#11182 = EDGE_CURVE('',#11175,#11183,#11185,.T.);
#11183 = VERTEX_POINT('',#11184);
#11184 = CARTESIAN_POINT('',(-0.1,-2.29,1.25));
#11185 = LINE('',#11186,#11187);
#11186 = CARTESIAN_POINT('',(-0.1,-2.79,1.25));
#11187 = VECTOR('',#11188,1.);
#11188 = DIRECTION('',(1.110223024625E-16,1.,0.));
#11189 = ORIENTED_EDGE('',*,*,#11190,.T.);
#11190 = EDGE_CURVE('',#11183,#11191,#11193,.T.);
#11191 = VERTEX_POINT('',#11192);
#11192 = CARTESIAN_POINT('',(-0.1,-2.29,7.35));
#11193 = LINE('',#11194,#11195);
#11194 = CARTESIAN_POINT('',(-0.1,-2.29,1.25));
#11195 = VECTOR('',#11196,1.);
#11196 = DIRECTION('',(0.,0.,1.));
#11197 = ORIENTED_EDGE('',*,*,#11198,.T.);
#11198 = EDGE_CURVE('',#11191,#9225,#11199,.T.);
#11199 = LINE('',#11200,#11201);
#11200 = CARTESIAN_POINT('',(-0.1,-2.29,7.35));
#11201 = VECTOR('',#11202,1.);
#11202 = DIRECTION('',(7.850462293414E-17,0.707106781187,0.707106781187)
  );
#11203 = ORIENTED_EDGE('',*,*,#9232,.F.);
#11204 = ORIENTED_EDGE('',*,*,#11149,.T.);
#11205 = PLANE('',#11206);
#11206 = AXIS2_PLACEMENT_3D('',#11207,#11208,#11209);
#11207 = CARTESIAN_POINT('',(-0.1,-2.54,3.911477598424));
#11208 = DIRECTION('',(-1.,1.110223024625E-16,0.));
#11209 = DIRECTION('',(0.,0.,1.));
#11210 = ADVANCED_FACE('',(#11211),#11229,.T.);
#11211 = FACE_BOUND('',#11212,.T.);
#11212 = EDGE_LOOP('',(#11213,#11221,#11227,#11228));
#11213 = ORIENTED_EDGE('',*,*,#11214,.T.);
#11214 = EDGE_CURVE('',#11191,#11215,#11217,.T.);
#11215 = VERTEX_POINT('',#11216);
#11216 = CARTESIAN_POINT('',(0.1,-2.29,7.35));
#11217 = LINE('',#11218,#11219);
#11218 = CARTESIAN_POINT('',(-0.1,-2.29,7.35));
#11219 = VECTOR('',#11220,1.);
#11220 = DIRECTION('',(1.,-1.110223024625E-16,0.));
#11221 = ORIENTED_EDGE('',*,*,#11222,.T.);
#11222 = EDGE_CURVE('',#11215,#9217,#11223,.T.);
#11223 = LINE('',#11224,#11225);
#11224 = CARTESIAN_POINT('',(0.1,-2.29,7.35));
#11225 = VECTOR('',#11226,1.);
#11226 = DIRECTION('',(7.850462293414E-17,0.707106781187,0.707106781187)
  );
#11227 = ORIENTED_EDGE('',*,*,#9224,.F.);
#11228 = ORIENTED_EDGE('',*,*,#11198,.F.);
#11229 = PLANE('',#11230);
#11230 = AXIS2_PLACEMENT_3D('',#11231,#11232,#11233);
#11231 = CARTESIAN_POINT('',(-0.1,-2.29,7.35));
#11232 = DIRECTION('',(-7.850462293414E-17,-0.707106781187,
    0.707106781187));
#11233 = DIRECTION('',(7.850462293414E-17,0.707106781187,0.707106781187)
  );
#11234 = ADVANCED_FACE('',(#11235),#11271,.F.);
#11235 = FACE_BOUND('',#11236,.F.);
#11236 = EDGE_LOOP('',(#11237,#11238,#11246,#11254,#11262,#11268,#11269,
    #11270));
#11237 = ORIENTED_EDGE('',*,*,#9312,.F.);
#11238 = ORIENTED_EDGE('',*,*,#11239,.T.);
#11239 = EDGE_CURVE('',#9305,#11240,#11242,.T.);
#11240 = VERTEX_POINT('',#11241);
#11241 = CARTESIAN_POINT('',(0.1,-2.79,7.35));
#11242 = LINE('',#11243,#11244);
#11243 = CARTESIAN_POINT('',(0.1,-2.84,7.4));
#11244 = VECTOR('',#11245,1.);
#11245 = DIRECTION('',(7.850462293414E-17,0.707106781187,-0.707106781187
    ));
#11246 = ORIENTED_EDGE('',*,*,#11247,.T.);
#11247 = EDGE_CURVE('',#11240,#11248,#11250,.T.);
#11248 = VERTEX_POINT('',#11249);
#11249 = CARTESIAN_POINT('',(0.1,-2.79,1.25));
#11250 = LINE('',#11251,#11252);
#11251 = CARTESIAN_POINT('',(0.1,-2.79,7.35));
#11252 = VECTOR('',#11253,1.);
#11253 = DIRECTION('',(0.,0.,-1.));
#11254 = ORIENTED_EDGE('',*,*,#11255,.T.);
#11255 = EDGE_CURVE('',#11248,#11256,#11258,.T.);
#11256 = VERTEX_POINT('',#11257);
#11257 = CARTESIAN_POINT('',(0.1,-2.29,1.25));
#11258 = LINE('',#11259,#11260);
#11259 = CARTESIAN_POINT('',(0.1,-2.79,1.25));
#11260 = VECTOR('',#11261,1.);
#11261 = DIRECTION('',(1.110223024625E-16,1.,0.));
#11262 = ORIENTED_EDGE('',*,*,#11263,.T.);
#11263 = EDGE_CURVE('',#11256,#11215,#11264,.T.);
#11264 = LINE('',#11265,#11266);
#11265 = CARTESIAN_POINT('',(0.1,-2.29,1.25));
#11266 = VECTOR('',#11267,1.);
#11267 = DIRECTION('',(0.,0.,1.));
#11268 = ORIENTED_EDGE('',*,*,#11222,.T.);
#11269 = ORIENTED_EDGE('',*,*,#9216,.F.);
#11270 = ORIENTED_EDGE('',*,*,#11134,.T.);
#11271 = PLANE('',#11272);
#11272 = AXIS2_PLACEMENT_3D('',#11273,#11274,#11275);
#11273 = CARTESIAN_POINT('',(0.1,-2.54,3.911477598424));
#11274 = DIRECTION('',(-1.,1.110223024625E-16,0.));
#11275 = DIRECTION('',(0.,0.,1.));
#11276 = ADVANCED_FACE('',(#11277),#11288,.T.);
#11277 = FACE_BOUND('',#11278,.T.);
#11278 = EDGE_LOOP('',(#11279,#11280,#11281,#11287));
#11279 = ORIENTED_EDGE('',*,*,#9304,.T.);
#11280 = ORIENTED_EDGE('',*,*,#11239,.T.);
#11281 = ORIENTED_EDGE('',*,*,#11282,.F.);
#11282 = EDGE_CURVE('',#11167,#11240,#11283,.T.);
#11283 = LINE('',#11284,#11285);
#11284 = CARTESIAN_POINT('',(-0.1,-2.79,7.35));
#11285 = VECTOR('',#11286,1.);
#11286 = DIRECTION('',(1.,-1.110223024625E-16,0.));
#11287 = ORIENTED_EDGE('',*,*,#11166,.F.);
#11288 = PLANE('',#11289);
#11289 = AXIS2_PLACEMENT_3D('',#11290,#11291,#11292);
#11290 = CARTESIAN_POINT('',(-0.1,-2.84,7.4));
#11291 = DIRECTION('',(7.850462293414E-17,0.707106781187,0.707106781187)
  );
#11292 = DIRECTION('',(7.850462293414E-17,0.707106781187,-0.707106781187
    ));
#11293 = ADVANCED_FACE('',(#11294),#11305,.T.);
#11294 = FACE_BOUND('',#11295,.T.);
#11295 = EDGE_LOOP('',(#11296,#11297,#11298,#11299));
#11296 = ORIENTED_EDGE('',*,*,#9480,.T.);
#11297 = ORIENTED_EDGE('',*,*,#9343,.T.);
#11298 = ORIENTED_EDGE('',*,*,#9368,.T.);
#11299 = ORIENTED_EDGE('',*,*,#11300,.T.);
#11300 = EDGE_CURVE('',#9369,#9473,#11301,.T.);
#11301 = LINE('',#11302,#11303);
#11302 = CARTESIAN_POINT('',(0.1,8.770761894539E-16,0.9));
#11303 = VECTOR('',#11304,1.);
#11304 = DIRECTION('',(-1.110223024625E-16,-1.,0.));
#11305 = PLANE('',#11306);
#11306 = AXIS2_PLACEMENT_3D('',#11307,#11308,#11309);
#11307 = CARTESIAN_POINT('',(-9.367506770275E-17,1.7763568394E-15,0.9));
#11308 = DIRECTION('',(0.,0.,1.));
#11309 = DIRECTION('',(1.110223024625E-16,1.,-0.));
#11310 = ADVANCED_FACE('',(#11311),#11322,.T.);
#11311 = FACE_BOUND('',#11312,.T.);
#11312 = EDGE_LOOP('',(#11313,#11314,#11320,#11321));
#11313 = ORIENTED_EDGE('',*,*,#9448,.T.);
#11314 = ORIENTED_EDGE('',*,*,#11315,.F.);
#11315 = EDGE_CURVE('',#9393,#9449,#11316,.T.);
#11316 = LINE('',#11317,#11318);
#11317 = CARTESIAN_POINT('',(-0.1,8.992806499464E-16,0.9));
#11318 = VECTOR('',#11319,1.);
#11319 = DIRECTION('',(-1.110223024625E-16,-1.,0.));
#11320 = ORIENTED_EDGE('',*,*,#9400,.T.);
#11321 = ORIENTED_EDGE('',*,*,#9423,.T.);
#11322 = PLANE('',#11323);
#11323 = AXIS2_PLACEMENT_3D('',#11324,#11325,#11326);
#11324 = CARTESIAN_POINT('',(-9.367506770275E-17,1.7763568394E-15,0.9));
#11325 = DIRECTION('',(0.,0.,1.));
#11326 = DIRECTION('',(1.110223024625E-16,1.,-0.));
#11327 = ADVANCED_FACE('',(#11328),#11371,.T.);
#11328 = FACE_BOUND('',#11329,.T.);
#11329 = EDGE_LOOP('',(#11330,#11331,#11339,#11347,#11355,#11363,#11369,
    #11370));
#11330 = ORIENTED_EDGE('',*,*,#9456,.F.);
#11331 = ORIENTED_EDGE('',*,*,#11332,.T.);
#11332 = EDGE_CURVE('',#9457,#11333,#11335,.T.);
#11333 = VERTEX_POINT('',#11334);
#11334 = CARTESIAN_POINT('',(-0.1,-0.25,7.35));
#11335 = LINE('',#11336,#11337);
#11336 = CARTESIAN_POINT('',(-0.1,-0.3,7.4));
#11337 = VECTOR('',#11338,1.);
#11338 = DIRECTION('',(7.850462293414E-17,0.707106781187,-0.707106781187
    ));
#11339 = ORIENTED_EDGE('',*,*,#11340,.T.);
#11340 = EDGE_CURVE('',#11333,#11341,#11343,.T.);
#11341 = VERTEX_POINT('',#11342);
#11342 = CARTESIAN_POINT('',(-0.1,-0.25,1.25));
#11343 = LINE('',#11344,#11345);
#11344 = CARTESIAN_POINT('',(-0.1,-0.25,7.35));
#11345 = VECTOR('',#11346,1.);
#11346 = DIRECTION('',(0.,0.,-1.));
#11347 = ORIENTED_EDGE('',*,*,#11348,.T.);
#11348 = EDGE_CURVE('',#11341,#11349,#11351,.T.);
#11349 = VERTEX_POINT('',#11350);
#11350 = CARTESIAN_POINT('',(-0.1,0.25,1.25));
#11351 = LINE('',#11352,#11353);
#11352 = CARTESIAN_POINT('',(-0.1,-0.25,1.25));
#11353 = VECTOR('',#11354,1.);
#11354 = DIRECTION('',(1.110223024625E-16,1.,0.));
#11355 = ORIENTED_EDGE('',*,*,#11356,.T.);
#11356 = EDGE_CURVE('',#11349,#11357,#11359,.T.);
#11357 = VERTEX_POINT('',#11358);
#11358 = CARTESIAN_POINT('',(-0.1,0.25,7.35));
#11359 = LINE('',#11360,#11361);
#11360 = CARTESIAN_POINT('',(-0.1,0.25,1.25));
#11361 = VECTOR('',#11362,1.);
#11362 = DIRECTION('',(0.,0.,1.));
#11363 = ORIENTED_EDGE('',*,*,#11364,.T.);
#11364 = EDGE_CURVE('',#11357,#9385,#11365,.T.);
#11365 = LINE('',#11366,#11367);
#11366 = CARTESIAN_POINT('',(-0.1,0.25,7.35));
#11367 = VECTOR('',#11368,1.);
#11368 = DIRECTION('',(7.850462293414E-17,0.707106781187,0.707106781187)
  );
#11369 = ORIENTED_EDGE('',*,*,#9392,.F.);
#11370 = ORIENTED_EDGE('',*,*,#11315,.T.);
#11371 = PLANE('',#11372);
#11372 = AXIS2_PLACEMENT_3D('',#11373,#11374,#11375);
#11373 = CARTESIAN_POINT('',(-0.1,1.110223024625E-17,3.911477598424));
#11374 = DIRECTION('',(-1.,1.110223024625E-16,0.));
#11375 = DIRECTION('',(0.,0.,1.));
#11376 = ADVANCED_FACE('',(#11377),#11395,.T.);
#11377 = FACE_BOUND('',#11378,.T.);
#11378 = EDGE_LOOP('',(#11379,#11387,#11393,#11394));
#11379 = ORIENTED_EDGE('',*,*,#11380,.T.);
#11380 = EDGE_CURVE('',#11357,#11381,#11383,.T.);
#11381 = VERTEX_POINT('',#11382);
#11382 = CARTESIAN_POINT('',(0.1,0.25,7.35));
#11383 = LINE('',#11384,#11385);
#11384 = CARTESIAN_POINT('',(-0.1,0.25,7.35));
#11385 = VECTOR('',#11386,1.);
#11386 = DIRECTION('',(1.,-1.110223024625E-16,0.));
#11387 = ORIENTED_EDGE('',*,*,#11388,.T.);
#11388 = EDGE_CURVE('',#11381,#9377,#11389,.T.);
#11389 = LINE('',#11390,#11391);
#11390 = CARTESIAN_POINT('',(0.1,0.25,7.35));
#11391 = VECTOR('',#11392,1.);
#11392 = DIRECTION('',(7.850462293414E-17,0.707106781187,0.707106781187)
  );
#11393 = ORIENTED_EDGE('',*,*,#9384,.F.);
#11394 = ORIENTED_EDGE('',*,*,#11364,.F.);
#11395 = PLANE('',#11396);
#11396 = AXIS2_PLACEMENT_3D('',#11397,#11398,#11399);
#11397 = CARTESIAN_POINT('',(-0.1,0.25,7.35));
#11398 = DIRECTION('',(-7.850462293414E-17,-0.707106781187,
    0.707106781187));
#11399 = DIRECTION('',(7.850462293414E-17,0.707106781187,0.707106781187)
  );
#11400 = ADVANCED_FACE('',(#11401),#11437,.F.);
#11401 = FACE_BOUND('',#11402,.F.);
#11402 = EDGE_LOOP('',(#11403,#11404,#11412,#11420,#11428,#11434,#11435,
    #11436));
#11403 = ORIENTED_EDGE('',*,*,#9472,.F.);
#11404 = ORIENTED_EDGE('',*,*,#11405,.T.);
#11405 = EDGE_CURVE('',#9465,#11406,#11408,.T.);
#11406 = VERTEX_POINT('',#11407);
#11407 = CARTESIAN_POINT('',(0.1,-0.25,7.35));
#11408 = LINE('',#11409,#11410);
#11409 = CARTESIAN_POINT('',(0.1,-0.3,7.4));
#11410 = VECTOR('',#11411,1.);
#11411 = DIRECTION('',(7.850462293414E-17,0.707106781187,-0.707106781187
    ));
#11412 = ORIENTED_EDGE('',*,*,#11413,.T.);
#11413 = EDGE_CURVE('',#11406,#11414,#11416,.T.);
#11414 = VERTEX_POINT('',#11415);
#11415 = CARTESIAN_POINT('',(0.1,-0.25,1.25));
#11416 = LINE('',#11417,#11418);
#11417 = CARTESIAN_POINT('',(0.1,-0.25,7.35));
#11418 = VECTOR('',#11419,1.);
#11419 = DIRECTION('',(0.,0.,-1.));
#11420 = ORIENTED_EDGE('',*,*,#11421,.T.);
#11421 = EDGE_CURVE('',#11414,#11422,#11424,.T.);
#11422 = VERTEX_POINT('',#11423);
#11423 = CARTESIAN_POINT('',(0.1,0.25,1.25));
#11424 = LINE('',#11425,#11426);
#11425 = CARTESIAN_POINT('',(0.1,-0.25,1.25));
#11426 = VECTOR('',#11427,1.);
#11427 = DIRECTION('',(1.110223024625E-16,1.,0.));
#11428 = ORIENTED_EDGE('',*,*,#11429,.T.);
#11429 = EDGE_CURVE('',#11422,#11381,#11430,.T.);
#11430 = LINE('',#11431,#11432);
#11431 = CARTESIAN_POINT('',(0.1,0.25,1.25));
#11432 = VECTOR('',#11433,1.);
#11433 = DIRECTION('',(0.,0.,1.));
#11434 = ORIENTED_EDGE('',*,*,#11388,.T.);
#11435 = ORIENTED_EDGE('',*,*,#9376,.F.);
#11436 = ORIENTED_EDGE('',*,*,#11300,.T.);
#11437 = PLANE('',#11438);
#11438 = AXIS2_PLACEMENT_3D('',#11439,#11440,#11441);
#11439 = CARTESIAN_POINT('',(0.1,-1.110223024625E-17,3.911477598424));
#11440 = DIRECTION('',(-1.,1.110223024625E-16,0.));
#11441 = DIRECTION('',(0.,0.,1.));
#11442 = ADVANCED_FACE('',(#11443),#11454,.T.);
#11443 = FACE_BOUND('',#11444,.T.);
#11444 = EDGE_LOOP('',(#11445,#11446,#11447,#11453));
#11445 = ORIENTED_EDGE('',*,*,#9464,.T.);
#11446 = ORIENTED_EDGE('',*,*,#11405,.T.);
#11447 = ORIENTED_EDGE('',*,*,#11448,.F.);
#11448 = EDGE_CURVE('',#11333,#11406,#11449,.T.);
#11449 = LINE('',#11450,#11451);
#11450 = CARTESIAN_POINT('',(-0.1,-0.25,7.35));
#11451 = VECTOR('',#11452,1.);
#11452 = DIRECTION('',(1.,-1.110223024625E-16,0.));
#11453 = ORIENTED_EDGE('',*,*,#11332,.F.);
#11454 = PLANE('',#11455);
#11455 = AXIS2_PLACEMENT_3D('',#11456,#11457,#11458);
#11456 = CARTESIAN_POINT('',(-0.1,-0.3,7.4));
#11457 = DIRECTION('',(7.850462293414E-17,0.707106781187,0.707106781187)
  );
#11458 = DIRECTION('',(7.850462293414E-17,0.707106781187,-0.707106781187
    ));
#11459 = ADVANCED_FACE('',(#11460),#11471,.T.);
#11460 = FACE_BOUND('',#11461,.T.);
#11461 = EDGE_LOOP('',(#11462,#11468,#11469,#11470));
#11462 = ORIENTED_EDGE('',*,*,#11463,.T.);
#11463 = EDGE_CURVE('',#10187,#10260,#11464,.T.);
#11464 = LINE('',#11465,#11466);
#11465 = CARTESIAN_POINT('',(-0.1,-17.53,1.25));
#11466 = VECTOR('',#11467,1.);
#11467 = DIRECTION('',(1.,-1.110223024625E-16,0.));
#11468 = ORIENTED_EDGE('',*,*,#10267,.T.);
#11469 = ORIENTED_EDGE('',*,*,#10218,.F.);
#11470 = ORIENTED_EDGE('',*,*,#10194,.F.);
#11471 = PLANE('',#11472);
#11472 = AXIS2_PLACEMENT_3D('',#11473,#11474,#11475);
#11473 = CARTESIAN_POINT('',(-0.1,-17.53,1.25));
#11474 = DIRECTION('',(-1.110223024625E-16,-1.,0.));
#11475 = DIRECTION('',(0.,0.,1.));
#11476 = ADVANCED_FACE('',(#11477),#11488,.T.);
#11477 = FACE_BOUND('',#11478,.T.);
#11478 = EDGE_LOOP('',(#11479,#11485,#11486,#11487));
#11479 = ORIENTED_EDGE('',*,*,#11480,.T.);
#11480 = EDGE_CURVE('',#10179,#10252,#11481,.T.);
#11481 = LINE('',#11482,#11483);
#11482 = CARTESIAN_POINT('',(-0.1,-18.03,1.25));
#11483 = VECTOR('',#11484,1.);
#11484 = DIRECTION('',(1.,-1.110223024625E-16,0.));
#11485 = ORIENTED_EDGE('',*,*,#10259,.T.);
#11486 = ORIENTED_EDGE('',*,*,#11463,.F.);
#11487 = ORIENTED_EDGE('',*,*,#10186,.F.);
#11488 = PLANE('',#11489);
#11489 = AXIS2_PLACEMENT_3D('',#11490,#11491,#11492);
#11490 = CARTESIAN_POINT('',(-0.1,-18.03,1.25));
#11491 = DIRECTION('',(0.,0.,1.));
#11492 = DIRECTION('',(1.110223024625E-16,1.,-0.));
#11493 = ADVANCED_FACE('',(#11494),#11500,.T.);
#11494 = FACE_BOUND('',#11495,.T.);
#11495 = EDGE_LOOP('',(#11496,#11497,#11498,#11499));
#11496 = ORIENTED_EDGE('',*,*,#10286,.T.);
#11497 = ORIENTED_EDGE('',*,*,#10251,.T.);
#11498 = ORIENTED_EDGE('',*,*,#11480,.F.);
#11499 = ORIENTED_EDGE('',*,*,#10178,.F.);
#11500 = PLANE('',#11501);
#11501 = AXIS2_PLACEMENT_3D('',#11502,#11503,#11504);
#11502 = CARTESIAN_POINT('',(-0.1,-18.03,7.35));
#11503 = DIRECTION('',(1.110223024625E-16,1.,0.));
#11504 = DIRECTION('',(0.,0.,-1.));
#11505 = ADVANCED_FACE('',(#11506),#11517,.T.);
#11506 = FACE_BOUND('',#11507,.T.);
#11507 = EDGE_LOOP('',(#11508,#11514,#11515,#11516));
#11508 = ORIENTED_EDGE('',*,*,#11509,.T.);
#11509 = EDGE_CURVE('',#10353,#10426,#11510,.T.);
#11510 = LINE('',#11511,#11512);
#11511 = CARTESIAN_POINT('',(-0.1,-14.99,1.25));
#11512 = VECTOR('',#11513,1.);
#11513 = DIRECTION('',(1.,-1.110223024625E-16,0.));
#11514 = ORIENTED_EDGE('',*,*,#10433,.T.);
#11515 = ORIENTED_EDGE('',*,*,#10384,.F.);
#11516 = ORIENTED_EDGE('',*,*,#10360,.F.);
#11517 = PLANE('',#11518);
#11518 = AXIS2_PLACEMENT_3D('',#11519,#11520,#11521);
#11519 = CARTESIAN_POINT('',(-0.1,-14.99,1.25));
#11520 = DIRECTION('',(-1.110223024625E-16,-1.,0.));
#11521 = DIRECTION('',(0.,0.,1.));
#11522 = ADVANCED_FACE('',(#11523),#11534,.T.);
#11523 = FACE_BOUND('',#11524,.T.);
#11524 = EDGE_LOOP('',(#11525,#11531,#11532,#11533));
#11525 = ORIENTED_EDGE('',*,*,#11526,.T.);
#11526 = EDGE_CURVE('',#10345,#10418,#11527,.T.);
#11527 = LINE('',#11528,#11529);
#11528 = CARTESIAN_POINT('',(-0.1,-15.49,1.25));
#11529 = VECTOR('',#11530,1.);
#11530 = DIRECTION('',(1.,-1.110223024625E-16,0.));
#11531 = ORIENTED_EDGE('',*,*,#10425,.T.);
#11532 = ORIENTED_EDGE('',*,*,#11509,.F.);
#11533 = ORIENTED_EDGE('',*,*,#10352,.F.);
#11534 = PLANE('',#11535);
#11535 = AXIS2_PLACEMENT_3D('',#11536,#11537,#11538);
#11536 = CARTESIAN_POINT('',(-0.1,-15.49,1.25));
#11537 = DIRECTION('',(0.,0.,1.));
#11538 = DIRECTION('',(1.110223024625E-16,1.,-0.));
#11539 = ADVANCED_FACE('',(#11540),#11546,.T.);
#11540 = FACE_BOUND('',#11541,.T.);
#11541 = EDGE_LOOP('',(#11542,#11543,#11544,#11545));
#11542 = ORIENTED_EDGE('',*,*,#10452,.T.);
#11543 = ORIENTED_EDGE('',*,*,#10417,.T.);
#11544 = ORIENTED_EDGE('',*,*,#11526,.F.);
#11545 = ORIENTED_EDGE('',*,*,#10344,.F.);
#11546 = PLANE('',#11547);
#11547 = AXIS2_PLACEMENT_3D('',#11548,#11549,#11550);
#11548 = CARTESIAN_POINT('',(-0.1,-15.49,7.35));
#11549 = DIRECTION('',(1.110223024625E-16,1.,0.));
#11550 = DIRECTION('',(0.,0.,-1.));
#11551 = ADVANCED_FACE('',(#11552),#11563,.T.);
#11552 = FACE_BOUND('',#11553,.T.);
#11553 = EDGE_LOOP('',(#11554,#11560,#11561,#11562));
#11554 = ORIENTED_EDGE('',*,*,#11555,.T.);
#11555 = EDGE_CURVE('',#10519,#10592,#11556,.T.);
#11556 = LINE('',#11557,#11558);
#11557 = CARTESIAN_POINT('',(-0.1,-12.45,1.25));
#11558 = VECTOR('',#11559,1.);
#11559 = DIRECTION('',(1.,-1.110223024625E-16,0.));
#11560 = ORIENTED_EDGE('',*,*,#10599,.T.);
#11561 = ORIENTED_EDGE('',*,*,#10550,.F.);
#11562 = ORIENTED_EDGE('',*,*,#10526,.F.);
#11563 = PLANE('',#11564);
#11564 = AXIS2_PLACEMENT_3D('',#11565,#11566,#11567);
#11565 = CARTESIAN_POINT('',(-0.1,-12.45,1.25));
#11566 = DIRECTION('',(-1.110223024625E-16,-1.,0.));
#11567 = DIRECTION('',(0.,0.,1.));
#11568 = ADVANCED_FACE('',(#11569),#11580,.T.);
#11569 = FACE_BOUND('',#11570,.T.);
#11570 = EDGE_LOOP('',(#11571,#11577,#11578,#11579));
#11571 = ORIENTED_EDGE('',*,*,#11572,.T.);
#11572 = EDGE_CURVE('',#10511,#10584,#11573,.T.);
#11573 = LINE('',#11574,#11575);
#11574 = CARTESIAN_POINT('',(-0.1,-12.95,1.25));
#11575 = VECTOR('',#11576,1.);
#11576 = DIRECTION('',(1.,-1.110223024625E-16,0.));
#11577 = ORIENTED_EDGE('',*,*,#10591,.T.);
#11578 = ORIENTED_EDGE('',*,*,#11555,.F.);
#11579 = ORIENTED_EDGE('',*,*,#10518,.F.);
#11580 = PLANE('',#11581);
#11581 = AXIS2_PLACEMENT_3D('',#11582,#11583,#11584);
#11582 = CARTESIAN_POINT('',(-0.1,-12.95,1.25));
#11583 = DIRECTION('',(0.,0.,1.));
#11584 = DIRECTION('',(1.110223024625E-16,1.,-0.));
#11585 = ADVANCED_FACE('',(#11586),#11592,.T.);
#11586 = FACE_BOUND('',#11587,.T.);
#11587 = EDGE_LOOP('',(#11588,#11589,#11590,#11591));
#11588 = ORIENTED_EDGE('',*,*,#10618,.T.);
#11589 = ORIENTED_EDGE('',*,*,#10583,.T.);
#11590 = ORIENTED_EDGE('',*,*,#11572,.F.);
#11591 = ORIENTED_EDGE('',*,*,#10510,.F.);
#11592 = PLANE('',#11593);
#11593 = AXIS2_PLACEMENT_3D('',#11594,#11595,#11596);
#11594 = CARTESIAN_POINT('',(-0.1,-12.95,7.35));
#11595 = DIRECTION('',(1.110223024625E-16,1.,0.));
#11596 = DIRECTION('',(0.,0.,-1.));
#11597 = ADVANCED_FACE('',(#11598),#11609,.T.);
#11598 = FACE_BOUND('',#11599,.T.);
#11599 = EDGE_LOOP('',(#11600,#11606,#11607,#11608));
#11600 = ORIENTED_EDGE('',*,*,#11601,.T.);
#11601 = EDGE_CURVE('',#10685,#10758,#11602,.T.);
#11602 = LINE('',#11603,#11604);
#11603 = CARTESIAN_POINT('',(-0.1,-9.91,1.25));
#11604 = VECTOR('',#11605,1.);
#11605 = DIRECTION('',(1.,-1.110223024625E-16,0.));
#11606 = ORIENTED_EDGE('',*,*,#10765,.T.);
#11607 = ORIENTED_EDGE('',*,*,#10716,.F.);
#11608 = ORIENTED_EDGE('',*,*,#10692,.F.);
#11609 = PLANE('',#11610);
#11610 = AXIS2_PLACEMENT_3D('',#11611,#11612,#11613);
#11611 = CARTESIAN_POINT('',(-0.1,-9.91,1.25));
#11612 = DIRECTION('',(-1.110223024625E-16,-1.,0.));
#11613 = DIRECTION('',(0.,0.,1.));
#11614 = ADVANCED_FACE('',(#11615),#11626,.T.);
#11615 = FACE_BOUND('',#11616,.T.);
#11616 = EDGE_LOOP('',(#11617,#11623,#11624,#11625));
#11617 = ORIENTED_EDGE('',*,*,#11618,.T.);
#11618 = EDGE_CURVE('',#10677,#10750,#11619,.T.);
#11619 = LINE('',#11620,#11621);
#11620 = CARTESIAN_POINT('',(-0.1,-10.41,1.25));
#11621 = VECTOR('',#11622,1.);
#11622 = DIRECTION('',(1.,-1.110223024625E-16,0.));
#11623 = ORIENTED_EDGE('',*,*,#10757,.T.);
#11624 = ORIENTED_EDGE('',*,*,#11601,.F.);
#11625 = ORIENTED_EDGE('',*,*,#10684,.F.);
#11626 = PLANE('',#11627);
#11627 = AXIS2_PLACEMENT_3D('',#11628,#11629,#11630);
#11628 = CARTESIAN_POINT('',(-0.1,-10.41,1.25));
#11629 = DIRECTION('',(0.,0.,1.));
#11630 = DIRECTION('',(1.110223024625E-16,1.,-0.));
#11631 = ADVANCED_FACE('',(#11632),#11638,.T.);
#11632 = FACE_BOUND('',#11633,.T.);
#11633 = EDGE_LOOP('',(#11634,#11635,#11636,#11637));
#11634 = ORIENTED_EDGE('',*,*,#10784,.T.);
#11635 = ORIENTED_EDGE('',*,*,#10749,.T.);
#11636 = ORIENTED_EDGE('',*,*,#11618,.F.);
#11637 = ORIENTED_EDGE('',*,*,#10676,.F.);
#11638 = PLANE('',#11639);
#11639 = AXIS2_PLACEMENT_3D('',#11640,#11641,#11642);
#11640 = CARTESIAN_POINT('',(-0.1,-10.41,7.35));
#11641 = DIRECTION('',(1.110223024625E-16,1.,0.));
#11642 = DIRECTION('',(0.,0.,-1.));
#11643 = ADVANCED_FACE('',(#11644),#11655,.T.);
#11644 = FACE_BOUND('',#11645,.T.);
#11645 = EDGE_LOOP('',(#11646,#11652,#11653,#11654));
#11646 = ORIENTED_EDGE('',*,*,#11647,.T.);
#11647 = EDGE_CURVE('',#10851,#10924,#11648,.T.);
#11648 = LINE('',#11649,#11650);
#11649 = CARTESIAN_POINT('',(-0.1,-7.37,1.25));
#11650 = VECTOR('',#11651,1.);
#11651 = DIRECTION('',(1.,-1.110223024625E-16,0.));
#11652 = ORIENTED_EDGE('',*,*,#10931,.T.);
#11653 = ORIENTED_EDGE('',*,*,#10882,.F.);
#11654 = ORIENTED_EDGE('',*,*,#10858,.F.);
#11655 = PLANE('',#11656);
#11656 = AXIS2_PLACEMENT_3D('',#11657,#11658,#11659);
#11657 = CARTESIAN_POINT('',(-0.1,-7.37,1.25));
#11658 = DIRECTION('',(-1.110223024625E-16,-1.,0.));
#11659 = DIRECTION('',(0.,0.,1.));
#11660 = ADVANCED_FACE('',(#11661),#11672,.T.);
#11661 = FACE_BOUND('',#11662,.T.);
#11662 = EDGE_LOOP('',(#11663,#11669,#11670,#11671));
#11663 = ORIENTED_EDGE('',*,*,#11664,.T.);
#11664 = EDGE_CURVE('',#10843,#10916,#11665,.T.);
#11665 = LINE('',#11666,#11667);
#11666 = CARTESIAN_POINT('',(-0.1,-7.87,1.25));
#11667 = VECTOR('',#11668,1.);
#11668 = DIRECTION('',(1.,-1.110223024625E-16,0.));
#11669 = ORIENTED_EDGE('',*,*,#10923,.T.);
#11670 = ORIENTED_EDGE('',*,*,#11647,.F.);
#11671 = ORIENTED_EDGE('',*,*,#10850,.F.);
#11672 = PLANE('',#11673);
#11673 = AXIS2_PLACEMENT_3D('',#11674,#11675,#11676);
#11674 = CARTESIAN_POINT('',(-0.1,-7.87,1.25));
#11675 = DIRECTION('',(0.,0.,1.));
#11676 = DIRECTION('',(1.110223024625E-16,1.,-0.));
#11677 = ADVANCED_FACE('',(#11678),#11684,.T.);
#11678 = FACE_BOUND('',#11679,.T.);
#11679 = EDGE_LOOP('',(#11680,#11681,#11682,#11683));
#11680 = ORIENTED_EDGE('',*,*,#10950,.T.);
#11681 = ORIENTED_EDGE('',*,*,#10915,.T.);
#11682 = ORIENTED_EDGE('',*,*,#11664,.F.);
#11683 = ORIENTED_EDGE('',*,*,#10842,.F.);
#11684 = PLANE('',#11685);
#11685 = AXIS2_PLACEMENT_3D('',#11686,#11687,#11688);
#11686 = CARTESIAN_POINT('',(-0.1,-7.87,7.35));
#11687 = DIRECTION('',(1.110223024625E-16,1.,0.));
#11688 = DIRECTION('',(0.,0.,-1.));
#11689 = ADVANCED_FACE('',(#11690),#11701,.T.);
#11690 = FACE_BOUND('',#11691,.T.);
#11691 = EDGE_LOOP('',(#11692,#11698,#11699,#11700));
#11692 = ORIENTED_EDGE('',*,*,#11693,.T.);
#11693 = EDGE_CURVE('',#11017,#11090,#11694,.T.);
#11694 = LINE('',#11695,#11696);
#11695 = CARTESIAN_POINT('',(-0.1,-4.83,1.25));
#11696 = VECTOR('',#11697,1.);
#11697 = DIRECTION('',(1.,-1.110223024625E-16,0.));
#11698 = ORIENTED_EDGE('',*,*,#11097,.T.);
#11699 = ORIENTED_EDGE('',*,*,#11048,.F.);
#11700 = ORIENTED_EDGE('',*,*,#11024,.F.);
#11701 = PLANE('',#11702);
#11702 = AXIS2_PLACEMENT_3D('',#11703,#11704,#11705);
#11703 = CARTESIAN_POINT('',(-0.1,-4.83,1.25));
#11704 = DIRECTION('',(-1.110223024625E-16,-1.,0.));
#11705 = DIRECTION('',(0.,0.,1.));
#11706 = ADVANCED_FACE('',(#11707),#11718,.T.);
#11707 = FACE_BOUND('',#11708,.T.);
#11708 = EDGE_LOOP('',(#11709,#11715,#11716,#11717));
#11709 = ORIENTED_EDGE('',*,*,#11710,.T.);
#11710 = EDGE_CURVE('',#11009,#11082,#11711,.T.);
#11711 = LINE('',#11712,#11713);
#11712 = CARTESIAN_POINT('',(-0.1,-5.33,1.25));
#11713 = VECTOR('',#11714,1.);
#11714 = DIRECTION('',(1.,-1.110223024625E-16,0.));
#11715 = ORIENTED_EDGE('',*,*,#11089,.T.);
#11716 = ORIENTED_EDGE('',*,*,#11693,.F.);
#11717 = ORIENTED_EDGE('',*,*,#11016,.F.);
#11718 = PLANE('',#11719);
#11719 = AXIS2_PLACEMENT_3D('',#11720,#11721,#11722);
#11720 = CARTESIAN_POINT('',(-0.1,-5.33,1.25));
#11721 = DIRECTION('',(0.,0.,1.));
#11722 = DIRECTION('',(1.110223024625E-16,1.,-0.));
#11723 = ADVANCED_FACE('',(#11724),#11730,.T.);
#11724 = FACE_BOUND('',#11725,.T.);
#11725 = EDGE_LOOP('',(#11726,#11727,#11728,#11729));
#11726 = ORIENTED_EDGE('',*,*,#11116,.T.);
#11727 = ORIENTED_EDGE('',*,*,#11081,.T.);
#11728 = ORIENTED_EDGE('',*,*,#11710,.F.);
#11729 = ORIENTED_EDGE('',*,*,#11008,.F.);
#11730 = PLANE('',#11731);
#11731 = AXIS2_PLACEMENT_3D('',#11732,#11733,#11734);
#11732 = CARTESIAN_POINT('',(-0.1,-5.33,7.35));
#11733 = DIRECTION('',(1.110223024625E-16,1.,0.));
#11734 = DIRECTION('',(0.,0.,-1.));
#11735 = ADVANCED_FACE('',(#11736),#11747,.T.);
#11736 = FACE_BOUND('',#11737,.T.);
#11737 = EDGE_LOOP('',(#11738,#11744,#11745,#11746));
#11738 = ORIENTED_EDGE('',*,*,#11739,.T.);
#11739 = EDGE_CURVE('',#11183,#11256,#11740,.T.);
#11740 = LINE('',#11741,#11742);
#11741 = CARTESIAN_POINT('',(-0.1,-2.29,1.25));
#11742 = VECTOR('',#11743,1.);
#11743 = DIRECTION('',(1.,-1.110223024625E-16,0.));
#11744 = ORIENTED_EDGE('',*,*,#11263,.T.);
#11745 = ORIENTED_EDGE('',*,*,#11214,.F.);
#11746 = ORIENTED_EDGE('',*,*,#11190,.F.);
#11747 = PLANE('',#11748);
#11748 = AXIS2_PLACEMENT_3D('',#11749,#11750,#11751);
#11749 = CARTESIAN_POINT('',(-0.1,-2.29,1.25));
#11750 = DIRECTION('',(-1.110223024625E-16,-1.,0.));
#11751 = DIRECTION('',(0.,0.,1.));
#11752 = ADVANCED_FACE('',(#11753),#11764,.T.);
#11753 = FACE_BOUND('',#11754,.T.);
#11754 = EDGE_LOOP('',(#11755,#11761,#11762,#11763));
#11755 = ORIENTED_EDGE('',*,*,#11756,.T.);
#11756 = EDGE_CURVE('',#11175,#11248,#11757,.T.);
#11757 = LINE('',#11758,#11759);
#11758 = CARTESIAN_POINT('',(-0.1,-2.79,1.25));
#11759 = VECTOR('',#11760,1.);
#11760 = DIRECTION('',(1.,-1.110223024625E-16,0.));
#11761 = ORIENTED_EDGE('',*,*,#11255,.T.);
#11762 = ORIENTED_EDGE('',*,*,#11739,.F.);
#11763 = ORIENTED_EDGE('',*,*,#11182,.F.);
#11764 = PLANE('',#11765);
#11765 = AXIS2_PLACEMENT_3D('',#11766,#11767,#11768);
#11766 = CARTESIAN_POINT('',(-0.1,-2.79,1.25));
#11767 = DIRECTION('',(0.,0.,1.));
#11768 = DIRECTION('',(1.110223024625E-16,1.,-0.));
#11769 = ADVANCED_FACE('',(#11770),#11776,.T.);
#11770 = FACE_BOUND('',#11771,.T.);
#11771 = EDGE_LOOP('',(#11772,#11773,#11774,#11775));
#11772 = ORIENTED_EDGE('',*,*,#11282,.T.);
#11773 = ORIENTED_EDGE('',*,*,#11247,.T.);
#11774 = ORIENTED_EDGE('',*,*,#11756,.F.);
#11775 = ORIENTED_EDGE('',*,*,#11174,.F.);
#11776 = PLANE('',#11777);
#11777 = AXIS2_PLACEMENT_3D('',#11778,#11779,#11780);
#11778 = CARTESIAN_POINT('',(-0.1,-2.79,7.35));
#11779 = DIRECTION('',(1.110223024625E-16,1.,0.));
#11780 = DIRECTION('',(0.,0.,-1.));
#11781 = ADVANCED_FACE('',(#11782),#11793,.T.);
#11782 = FACE_BOUND('',#11783,.T.);
#11783 = EDGE_LOOP('',(#11784,#11790,#11791,#11792));
#11784 = ORIENTED_EDGE('',*,*,#11785,.T.);
#11785 = EDGE_CURVE('',#11349,#11422,#11786,.T.);
#11786 = LINE('',#11787,#11788);
#11787 = CARTESIAN_POINT('',(-0.1,0.25,1.25));
#11788 = VECTOR('',#11789,1.);
#11789 = DIRECTION('',(1.,-1.110223024625E-16,0.));
#11790 = ORIENTED_EDGE('',*,*,#11429,.T.);
#11791 = ORIENTED_EDGE('',*,*,#11380,.F.);
#11792 = ORIENTED_EDGE('',*,*,#11356,.F.);
#11793 = PLANE('',#11794);
#11794 = AXIS2_PLACEMENT_3D('',#11795,#11796,#11797);
#11795 = CARTESIAN_POINT('',(-0.1,0.25,1.25));
#11796 = DIRECTION('',(-1.110223024625E-16,-1.,0.));
#11797 = DIRECTION('',(0.,0.,1.));
#11798 = ADVANCED_FACE('',(#11799),#11810,.T.);
#11799 = FACE_BOUND('',#11800,.T.);
#11800 = EDGE_LOOP('',(#11801,#11807,#11808,#11809));
#11801 = ORIENTED_EDGE('',*,*,#11802,.T.);
#11802 = EDGE_CURVE('',#11341,#11414,#11803,.T.);
#11803 = LINE('',#11804,#11805);
#11804 = CARTESIAN_POINT('',(-0.1,-0.25,1.25));
#11805 = VECTOR('',#11806,1.);
#11806 = DIRECTION('',(1.,-1.110223024625E-16,0.));
#11807 = ORIENTED_EDGE('',*,*,#11421,.T.);
#11808 = ORIENTED_EDGE('',*,*,#11785,.F.);
#11809 = ORIENTED_EDGE('',*,*,#11348,.F.);
#11810 = PLANE('',#11811);
#11811 = AXIS2_PLACEMENT_3D('',#11812,#11813,#11814);
#11812 = CARTESIAN_POINT('',(-0.1,-0.25,1.25));
#11813 = DIRECTION('',(0.,0.,1.));
#11814 = DIRECTION('',(1.110223024625E-16,1.,-0.));
#11815 = ADVANCED_FACE('',(#11816),#11822,.T.);
#11816 = FACE_BOUND('',#11817,.T.);
#11817 = EDGE_LOOP('',(#11818,#11819,#11820,#11821));
#11818 = ORIENTED_EDGE('',*,*,#11448,.T.);
#11819 = ORIENTED_EDGE('',*,*,#11413,.T.);
#11820 = ORIENTED_EDGE('',*,*,#11802,.F.);
#11821 = ORIENTED_EDGE('',*,*,#11340,.F.);
#11822 = PLANE('',#11823);
#11823 = AXIS2_PLACEMENT_3D('',#11824,#11825,#11826);
#11824 = CARTESIAN_POINT('',(-0.1,-0.25,7.35));
#11825 = DIRECTION('',(1.110223024625E-16,1.,0.));
#11826 = DIRECTION('',(0.,0.,-1.));
#11827 = ( GEOMETRIC_REPRESENTATION_CONTEXT(3) 
GLOBAL_UNCERTAINTY_ASSIGNED_CONTEXT((#11831)) 
GLOBAL_UNIT_ASSIGNED_CONTEXT((#11828,#11829,#11830)) 
REPRESENTATION_CONTEXT('Context #1',
  '3D Context with UNIT and UNCERTAINTY') );
#11828 = ( LENGTH_UNIT() NAMED_UNIT(*) SI_UNIT(.MILLI.,.METRE.) );
#11829 = ( NAMED_UNIT(*) PLANE_ANGLE_UNIT() SI_UNIT($,.RADIAN.) );
#11830 = ( NAMED_UNIT(*) SI_UNIT($,.STERADIAN.) SOLID_ANGLE_UNIT() );
#11831 = UNCERTAINTY_MEASURE_WITH_UNIT(LENGTH_MEASURE(1.E-07),#11828,
  'distance_accuracy_value','confusion accuracy');
#11832 = CONTEXT_DEPENDENT_SHAPE_REPRESENTATION(#11833,#11835);
#11833 = ( REPRESENTATION_RELATIONSHIP('','',#5336,#5313) 
REPRESENTATION_RELATIONSHIP_WITH_TRANSFORMATION(#11834) 
SHAPE_REPRESENTATION_RELATIONSHIP() );
#11834 = ITEM_DEFINED_TRANSFORMATION('','',#11,#5314);
#11835 = PRODUCT_DEFINITION_SHAPE('Placement','Placement of an item',
  #11836);
#11836 = NEXT_ASSEMBLY_USAGE_OCCURRENCE('7','=>[0:1:1:8]','',#5308,#5331
  ,$);
#11837 = PRODUCT_RELATED_PRODUCT_CATEGORY('part',$,(#5333));
#11838 = CONTEXT_DEPENDENT_SHAPE_REPRESENTATION(#11839,#11841);
#11839 = ( REPRESENTATION_RELATIONSHIP('','',#56,#10) 
REPRESENTATION_RELATIONSHIP_WITH_TRANSFORMATION(#11840) 
SHAPE_REPRESENTATION_RELATIONSHIP() );
#11840 = ITEM_DEFINED_TRANSFORMATION('','',#11,#27);
#11841 = PRODUCT_DEFINITION_SHAPE('Placement','Placement of an item',
  #11842);
#11842 = NEXT_ASSEMBLY_USAGE_OCCURRENCE('9','SW1','',#5,#51,$);
#11843 = CONTEXT_DEPENDENT_SHAPE_REPRESENTATION(#11844,#11846);
#11844 = ( REPRESENTATION_RELATIONSHIP('','',#56,#10) 
REPRESENTATION_RELATIONSHIP_WITH_TRANSFORMATION(#11845) 
SHAPE_REPRESENTATION_RELATIONSHIP() );
#11845 = ITEM_DEFINED_TRANSFORMATION('','',#11,#31);
#11846 = PRODUCT_DEFINITION_SHAPE('Placement','Placement of an item',
  #11847);
#11847 = NEXT_ASSEMBLY_USAGE_OCCURRENCE('10','SW4','',#5,#51,$);
#11848 = SHAPE_DEFINITION_REPRESENTATION(#11849,#11855);
#11849 = PRODUCT_DEFINITION_SHAPE('','',#11850);
#11850 = PRODUCT_DEFINITION('design','',#11851,#11854);
#11851 = PRODUCT_DEFINITION_FORMATION('','',#11852);
#11852 = PRODUCT('Buzzer_12x9.5RM7.6','Buzzer_12x9.5RM7.6','',(#11853));
#11853 = PRODUCT_CONTEXT('',#2,'mechanical');
#11854 = PRODUCT_DEFINITION_CONTEXT('part definition',#2,'design');
#11855 = SHAPE_REPRESENTATION('',(#11,#11856),#11860);
#11856 = AXIS2_PLACEMENT_3D('',#11857,#11858,#11859);
#11857 = CARTESIAN_POINT('',(0.,0.,0.));
#11858 = DIRECTION('',(0.,0.,1.));
#11859 = DIRECTION('',(1.,0.,-0.));
#11860 = ( GEOMETRIC_REPRESENTATION_CONTEXT(3) 
GLOBAL_UNCERTAINTY_ASSIGNED_CONTEXT((#11864)) 
GLOBAL_UNIT_ASSIGNED_CONTEXT((#11861,#11862,#11863)) 
REPRESENTATION_CONTEXT('Context #1',
  '3D Context with UNIT and UNCERTAINTY') );
#11861 = ( LENGTH_UNIT() NAMED_UNIT(*) SI_UNIT(.MILLI.,.METRE.) );
#11862 = ( NAMED_UNIT(*) PLANE_ANGLE_UNIT() SI_UNIT($,.RADIAN.) );
#11863 = ( NAMED_UNIT(*) SI_UNIT($,.STERADIAN.) SOLID_ANGLE_UNIT() );
#11864 = UNCERTAINTY_MEASURE_WITH_UNIT(LENGTH_MEASURE(1.E-07),#11861,
  'distance_accuracy_value','confusion accuracy');
#11865 = CONTEXT_DEPENDENT_SHAPE_REPRESENTATION(#11866,#11868);
#11866 = ( REPRESENTATION_RELATIONSHIP('','',#11855,#10) 
REPRESENTATION_RELATIONSHIP_WITH_TRANSFORMATION(#11867) 
SHAPE_REPRESENTATION_RELATIONSHIP() );
#11867 = ITEM_DEFINED_TRANSFORMATION('','',#11,#35);
#11868 = PRODUCT_DEFINITION_SHAPE('Placement','Placement of an item',
  #11869);
#11869 = NEXT_ASSEMBLY_USAGE_OCCURRENCE('12','BZ1','',#5,#11850,$);
#11870 = PRODUCT_RELATED_PRODUCT_CATEGORY('part',$,(#11852));
#11871 = SHAPE_DEFINITION_REPRESENTATION(#11872,#11878);
#11872 = PRODUCT_DEFINITION_SHAPE('','',#11873);
#11873 = PRODUCT_DEFINITION('design','',#11874,#11877);
#11874 = PRODUCT_DEFINITION_FORMATION('','',#11875);
#11875 = PRODUCT('Buzzer_12x95RM76','Buzzer_12x95RM76','',(#11876));
#11876 = PRODUCT_CONTEXT('',#2,'mechanical');
#11877 = PRODUCT_DEFINITION_CONTEXT('part definition',#2,'design');
#11878 = ADVANCED_BREP_SHAPE_REPRESENTATION('',(#11,#11879),#12171);
#11879 = MANIFOLD_SOLID_BREP('',#11880);
#11880 = CLOSED_SHELL('',(#11881,#11914,#11940,#11966,#11997,#12017,
    #12042,#12067,#12092,#12118,#12144,#12153,#12162));
#11881 = ADVANCED_FACE('',(#11882),#11909,.T.);
#11882 = FACE_BOUND('',#11883,.T.);
#11883 = EDGE_LOOP('',(#11884,#11893,#11901,#11908));
#11884 = ORIENTED_EDGE('',*,*,#11885,.T.);
#11885 = EDGE_CURVE('',#11886,#11886,#11888,.T.);
#11886 = VERTEX_POINT('',#11887);
#11887 = CARTESIAN_POINT('',(9.8,1.804356723968E-35,0.33));
#11888 = CIRCLE('',#11889,6.);
#11889 = AXIS2_PLACEMENT_3D('',#11890,#11891,#11892);
#11890 = CARTESIAN_POINT('',(3.8,1.804356723968E-35,0.33));
#11891 = DIRECTION('',(-8.559688641721E-35,6.014522413226E-35,1.));
#11892 = DIRECTION('',(1.,6.690258951221E-52,8.559688641721E-35));
#11893 = ORIENTED_EDGE('',*,*,#11894,.T.);
#11894 = EDGE_CURVE('',#11886,#11895,#11897,.T.);
#11895 = VERTEX_POINT('',#11896);
#11896 = CARTESIAN_POINT('',(9.8,-8.91040357515E-35,8.048518518519));
#11897 = LINE('',#11898,#11899);
#11898 = CARTESIAN_POINT('',(9.8,0.,3.E-02));
#11899 = VECTOR('',#11900,1.);
#11900 = DIRECTION('',(0.,0.,1.));
#11901 = ORIENTED_EDGE('',*,*,#11902,.F.);
#11902 = EDGE_CURVE('',#11895,#11895,#11903,.T.);
#11903 = CIRCLE('',#11904,6.);
#11904 = AXIS2_PLACEMENT_3D('',#11905,#11906,#11907);
#11905 = CARTESIAN_POINT('',(3.8,-8.91040357515E-35,8.048518518519));
#11906 = DIRECTION('',(-8.559688641721E-35,6.014522413226E-35,1.));
#11907 = DIRECTION('',(1.,8.259101077374E-51,8.559688641721E-35));
#11908 = ORIENTED_EDGE('',*,*,#11894,.F.);
#11909 = CYLINDRICAL_SURFACE('',#11910,6.);
#11910 = AXIS2_PLACEMENT_3D('',#11911,#11912,#11913);
#11911 = CARTESIAN_POINT('',(3.8,0.,3.E-02));
#11912 = DIRECTION('',(-0.,-0.,-1.));
#11913 = DIRECTION('',(1.,0.,0.));
#11914 = ADVANCED_FACE('',(#11915),#11935,.T.);
#11915 = FACE_BOUND('',#11916,.T.);
#11916 = EDGE_LOOP('',(#11917,#11926,#11933,#11934));
#11917 = ORIENTED_EDGE('',*,*,#11918,.T.);
#11918 = EDGE_CURVE('',#11919,#11919,#11921,.T.);
#11919 = VERTEX_POINT('',#11920);
#11920 = CARTESIAN_POINT('',(9.5,2.672764710092E-51,3.E-02));
#11921 = CIRCLE('',#11922,5.7);
#11922 = AXIS2_PLACEMENT_3D('',#11923,#11924,#11925);
#11923 = CARTESIAN_POINT('',(3.8,0.,3.E-02));
#11924 = DIRECTION('',(-8.559688641721E-35,6.014522413226E-35,1.));
#11925 = DIRECTION('',(1.,6.690258951221E-52,8.559688641721E-35));
#11926 = ORIENTED_EDGE('',*,*,#11927,.F.);
#11927 = EDGE_CURVE('',#11886,#11919,#11928,.T.);
#11928 = CIRCLE('',#11929,0.3);
#11929 = AXIS2_PLACEMENT_3D('',#11930,#11931,#11932);
#11930 = CARTESIAN_POINT('',(9.5,9.021783619839E-37,0.33));
#11931 = DIRECTION('',(3.007261206613E-36,1.,-6.014522413226E-35));
#11932 = DIRECTION('',(1.,-3.007261206613E-36,8.559688641721E-35));
#11933 = ORIENTED_EDGE('',*,*,#11885,.F.);
#11934 = ORIENTED_EDGE('',*,*,#11927,.T.);
#11935 = TOROIDAL_SURFACE('',#11936,5.7,0.3);
#11936 = AXIS2_PLACEMENT_3D('',#11937,#11938,#11939);
#11937 = CARTESIAN_POINT('',(3.8,1.804356723968E-35,0.33));
#11938 = DIRECTION('',(8.559688641721E-35,-6.014522413226E-35,-1.));
#11939 = DIRECTION('',(1.,6.690258951221E-52,8.559688641721E-35));
#11940 = ADVANCED_FACE('',(#11941),#11961,.T.);
#11941 = FACE_BOUND('',#11942,.T.);
#11942 = EDGE_LOOP('',(#11943,#11952,#11953,#11954));
#11943 = ORIENTED_EDGE('',*,*,#11944,.F.);
#11944 = EDGE_CURVE('',#11895,#11945,#11947,.T.);
#11945 = VERTEX_POINT('',#11946);
#11946 = CARTESIAN_POINT('',(8.318518518519,3.207317652111E-50,9.53));
#11947 = CIRCLE('',#11948,1.481481481481);
#11948 = AXIS2_PLACEMENT_3D('',#11949,#11950,#11951);
#11949 = CARTESIAN_POINT('',(8.318518518519,-8.91040357515E-35,
    8.048518518519));
#11950 = DIRECTION('',(8.259101077374E-51,-1.,6.014522413226E-35));
#11951 = DIRECTION('',(1.,8.259101077374E-51,8.559688641721E-35));
#11952 = ORIENTED_EDGE('',*,*,#11902,.T.);
#11953 = ORIENTED_EDGE('',*,*,#11944,.T.);
#11954 = ORIENTED_EDGE('',*,*,#11955,.F.);
#11955 = EDGE_CURVE('',#11945,#11945,#11956,.T.);
#11956 = CIRCLE('',#11957,4.518518518519);
#11957 = AXIS2_PLACEMENT_3D('',#11958,#11959,#11960);
#11958 = CARTESIAN_POINT('',(3.8,0.,9.53));
#11959 = DIRECTION('',(-8.559688641721E-35,6.014522413226E-35,1.));
#11960 = DIRECTION('',(1.,8.259101077374E-51,8.559688641721E-35));
#11961 = TOROIDAL_SURFACE('',#11962,4.518518518519,1.481481481481);
#11962 = AXIS2_PLACEMENT_3D('',#11963,#11964,#11965);
#11963 = CARTESIAN_POINT('',(3.8,-8.91040357515E-35,8.048518518519));
#11964 = DIRECTION('',(-8.559688641721E-35,6.014522413226E-35,1.));
#11965 = DIRECTION('',(1.,8.259101077374E-51,8.559688641721E-35));
#11966 = ADVANCED_FACE('',(#11967,#11970,#11981),#11992,.F.);
#11967 = FACE_BOUND('',#11968,.F.);
#11968 = EDGE_LOOP('',(#11969));
#11969 = ORIENTED_EDGE('',*,*,#11918,.T.);
#11970 = FACE_BOUND('',#11971,.F.);
#11971 = EDGE_LOOP('',(#11972));
#11972 = ORIENTED_EDGE('',*,*,#11973,.F.);
#11973 = EDGE_CURVE('',#11974,#11974,#11976,.T.);
#11974 = VERTEX_POINT('',#11975);
#11975 = CARTESIAN_POINT('',(0.45,0.,3.E-02));
#11976 = CIRCLE('',#11977,0.45);
#11977 = AXIS2_PLACEMENT_3D('',#11978,#11979,#11980);
#11978 = CARTESIAN_POINT('',(0.,0.,3.E-02));
#11979 = DIRECTION('',(0.,0.,1.));
#11980 = DIRECTION('',(1.,0.,-0.));
#11981 = FACE_BOUND('',#11982,.F.);
#11982 = EDGE_LOOP('',(#11983));
#11983 = ORIENTED_EDGE('',*,*,#11984,.F.);
#11984 = EDGE_CURVE('',#11985,#11985,#11987,.T.);
#11985 = VERTEX_POINT('',#11986);
#11986 = CARTESIAN_POINT('',(8.05,0.,3.E-02));
#11987 = CIRCLE('',#11988,0.45);
#11988 = AXIS2_PLACEMENT_3D('',#11989,#11990,#11991);
#11989 = CARTESIAN_POINT('',(7.6,0.,3.E-02));
#11990 = DIRECTION('',(0.,0.,1.));
#11991 = DIRECTION('',(1.,0.,-0.));
#11992 = PLANE('',#11993);
#11993 = AXIS2_PLACEMENT_3D('',#11994,#11995,#11996);
#11994 = CARTESIAN_POINT('',(3.8,2.108840176837E-16,3.E-02));
#11995 = DIRECTION('',(-8.559688641721E-35,6.014522413226E-35,1.));
#11996 = DIRECTION('',(1.,0.,8.559688641721E-35));
#11997 = ADVANCED_FACE('',(#11998,#12001),#12012,.T.);
#11998 = FACE_BOUND('',#11999,.T.);
#11999 = EDGE_LOOP('',(#12000));
#12000 = ORIENTED_EDGE('',*,*,#11955,.T.);
#12001 = FACE_BOUND('',#12002,.T.);
#12002 = EDGE_LOOP('',(#12003));
#12003 = ORIENTED_EDGE('',*,*,#12004,.T.);
#12004 = EDGE_CURVE('',#12005,#12005,#12007,.T.);
#12005 = VERTEX_POINT('',#12006);
#12006 = CARTESIAN_POINT('',(4.8,0.,9.53));
#12007 = CIRCLE('',#12008,1.);
#12008 = AXIS2_PLACEMENT_3D('',#12009,#12010,#12011);
#12009 = CARTESIAN_POINT('',(3.8,0.,9.53));
#12010 = DIRECTION('',(0.,0.,-1.));
#12011 = DIRECTION('',(1.,0.,0.));
#12012 = PLANE('',#12013);
#12013 = AXIS2_PLACEMENT_3D('',#12014,#12015,#12016);
#12014 = CARTESIAN_POINT('',(3.8,2.108840176837E-16,9.53));
#12015 = DIRECTION('',(-8.559688641721E-35,6.014522413226E-35,1.));
#12016 = DIRECTION('',(1.,0.,8.559688641721E-35));
#12017 = ADVANCED_FACE('',(#12018),#12037,.T.);
#12018 = FACE_BOUND('',#12019,.T.);
#12019 = EDGE_LOOP('',(#12020,#12021,#12029,#12036));
#12020 = ORIENTED_EDGE('',*,*,#11973,.F.);
#12021 = ORIENTED_EDGE('',*,*,#12022,.T.);
#12022 = EDGE_CURVE('',#11974,#12023,#12025,.T.);
#12023 = VERTEX_POINT('',#12024);
#12024 = CARTESIAN_POINT('',(0.45,0.,-2.82));
#12025 = LINE('',#12026,#12027);
#12026 = CARTESIAN_POINT('',(0.45,0.,1.03));
#12027 = VECTOR('',#12028,1.);
#12028 = DIRECTION('',(-0.,-0.,-1.));
#12029 = ORIENTED_EDGE('',*,*,#12030,.T.);
#12030 = EDGE_CURVE('',#12023,#12023,#12031,.T.);
#12031 = CIRCLE('',#12032,0.45);
#12032 = AXIS2_PLACEMENT_3D('',#12033,#12034,#12035);
#12033 = CARTESIAN_POINT('',(0.,0.,-2.82));
#12034 = DIRECTION('',(0.,0.,1.));
#12035 = DIRECTION('',(1.,0.,-0.));
#12036 = ORIENTED_EDGE('',*,*,#12022,.F.);
#12037 = CYLINDRICAL_SURFACE('',#12038,0.45);
#12038 = AXIS2_PLACEMENT_3D('',#12039,#12040,#12041);
#12039 = CARTESIAN_POINT('',(0.,0.,1.03));
#12040 = DIRECTION('',(0.,0.,1.));
#12041 = DIRECTION('',(1.,0.,-0.));
#12042 = ADVANCED_FACE('',(#12043),#12062,.T.);
#12043 = FACE_BOUND('',#12044,.T.);
#12044 = EDGE_LOOP('',(#12045,#12046,#12054,#12061));
#12045 = ORIENTED_EDGE('',*,*,#11984,.F.);
#12046 = ORIENTED_EDGE('',*,*,#12047,.T.);
#12047 = EDGE_CURVE('',#11985,#12048,#12050,.T.);
#12048 = VERTEX_POINT('',#12049);
#12049 = CARTESIAN_POINT('',(8.05,6.042804770876E-33,-2.82));
#12050 = LINE('',#12051,#12052);
#12051 = CARTESIAN_POINT('',(8.05,0.,1.03));
#12052 = VECTOR('',#12053,1.);
#12053 = DIRECTION('',(-0.,-0.,-1.));
#12054 = ORIENTED_EDGE('',*,*,#12055,.T.);
#12055 = EDGE_CURVE('',#12048,#12048,#12056,.T.);
#12056 = CIRCLE('',#12057,0.45);
#12057 = AXIS2_PLACEMENT_3D('',#12058,#12059,#12060);
#12058 = CARTESIAN_POINT('',(7.6,-1.29542663314E-31,-2.82));
#12059 = DIRECTION('',(-1.19708830782E-30,3.357113761597E-32,1.));
#12060 = DIRECTION('',(1.,3.013010401886E-31,1.19708830782E-30));
#12061 = ORIENTED_EDGE('',*,*,#12047,.F.);
#12062 = CYLINDRICAL_SURFACE('',#12063,0.45);
#12063 = AXIS2_PLACEMENT_3D('',#12064,#12065,#12066);
#12064 = CARTESIAN_POINT('',(7.6,0.,1.03));
#12065 = DIRECTION('',(0.,0.,1.));
#12066 = DIRECTION('',(1.,0.,-0.));
#12067 = ADVANCED_FACE('',(#12068),#12087,.F.);
#12068 = FACE_BOUND('',#12069,.F.);
#12069 = EDGE_LOOP('',(#12070,#12078,#12079,#12080));
#12070 = ORIENTED_EDGE('',*,*,#12071,.T.);
#12071 = EDGE_CURVE('',#12072,#12005,#12074,.T.);
#12072 = VERTEX_POINT('',#12073);
#12073 = CARTESIAN_POINT('',(4.8,0.,9.33));
#12074 = LINE('',#12075,#12076);
#12075 = CARTESIAN_POINT('',(4.8,0.,1.93));
#12076 = VECTOR('',#12077,1.);
#12077 = DIRECTION('',(0.,0.,1.));
#12078 = ORIENTED_EDGE('',*,*,#12004,.T.);
#12079 = ORIENTED_EDGE('',*,*,#12071,.F.);
#12080 = ORIENTED_EDGE('',*,*,#12081,.T.);
#12081 = EDGE_CURVE('',#12072,#12072,#12082,.T.);
#12082 = CIRCLE('',#12083,1.);
#12083 = AXIS2_PLACEMENT_3D('',#12084,#12085,#12086);
#12084 = CARTESIAN_POINT('',(3.8,0.,9.33));
#12085 = DIRECTION('',(0.,0.,1.));
#12086 = DIRECTION('',(1.,0.,-0.));
#12087 = CYLINDRICAL_SURFACE('',#12088,1.);
#12088 = AXIS2_PLACEMENT_3D('',#12089,#12090,#12091);
#12089 = CARTESIAN_POINT('',(3.8,0.,1.93));
#12090 = DIRECTION('',(-0.,-0.,-1.));
#12091 = DIRECTION('',(1.,0.,0.));
#12092 = ADVANCED_FACE('',(#12093),#12113,.T.);
#12093 = FACE_BOUND('',#12094,.T.);
#12094 = EDGE_LOOP('',(#12095,#12104,#12111,#12112));
#12095 = ORIENTED_EDGE('',*,*,#12096,.T.);
#12096 = EDGE_CURVE('',#12097,#12097,#12099,.T.);
#12097 = VERTEX_POINT('',#12098);
#12098 = CARTESIAN_POINT('',(0.27,0.,-3.));
#12099 = CIRCLE('',#12100,0.27);
#12100 = AXIS2_PLACEMENT_3D('',#12101,#12102,#12103);
#12101 = CARTESIAN_POINT('',(0.,0.,-3.));
#12102 = DIRECTION('',(0.,0.,1.));
#12103 = DIRECTION('',(1.,0.,-0.));
#12104 = ORIENTED_EDGE('',*,*,#12105,.F.);
#12105 = EDGE_CURVE('',#12023,#12097,#12106,.T.);
#12106 = CIRCLE('',#12107,0.18);
#12107 = AXIS2_PLACEMENT_3D('',#12108,#12109,#12110);
#12108 = CARTESIAN_POINT('',(0.27,0.,-2.82));
#12109 = DIRECTION('',(-0.,1.,0.));
#12110 = DIRECTION('',(1.,0.,0.));
#12111 = ORIENTED_EDGE('',*,*,#12030,.F.);
#12112 = ORIENTED_EDGE('',*,*,#12105,.T.);
#12113 = TOROIDAL_SURFACE('',#12114,0.27,0.18);
#12114 = AXIS2_PLACEMENT_3D('',#12115,#12116,#12117);
#12115 = CARTESIAN_POINT('',(0.,0.,-2.82));
#12116 = DIRECTION('',(-0.,-0.,-1.));
#12117 = DIRECTION('',(1.,0.,0.));
#12118 = ADVANCED_FACE('',(#12119),#12139,.T.);
#12119 = FACE_BOUND('',#12120,.T.);
#12120 = EDGE_LOOP('',(#12121,#12130,#12137,#12138));
#12121 = ORIENTED_EDGE('',*,*,#12122,.T.);
#12122 = EDGE_CURVE('',#12123,#12123,#12125,.T.);
#12123 = VERTEX_POINT('',#12124);
#12124 = CARTESIAN_POINT('',(7.87,-5.423418723394E-32,-3.));
#12125 = CIRCLE('',#12126,0.27);
#12126 = AXIS2_PLACEMENT_3D('',#12127,#12128,#12129);
#12127 = CARTESIAN_POINT('',(7.6,-1.355854680849E-31,-3.));
#12128 = DIRECTION('',(-1.19708830782E-30,3.357113761597E-32,1.));
#12129 = DIRECTION('',(1.,3.013010401886E-31,1.19708830782E-30));
#12130 = ORIENTED_EDGE('',*,*,#12131,.F.);
#12131 = EDGE_CURVE('',#12048,#12123,#12132,.T.);
#12132 = CIRCLE('',#12133,0.18);
#12133 = AXIS2_PLACEMENT_3D('',#12134,#12135,#12136);
#12134 = CARTESIAN_POINT('',(7.87,-5.181706532559E-32,-2.82));
#12135 = DIRECTION('',(-2.878725851422E-31,1.,-3.357113761597E-32));
#12136 = DIRECTION('',(1.,2.878725851422E-31,1.19708830782E-30));
#12137 = ORIENTED_EDGE('',*,*,#12055,.F.);
#12138 = ORIENTED_EDGE('',*,*,#12131,.T.);
#12139 = TOROIDAL_SURFACE('',#12140,0.27,0.18);
#12140 = AXIS2_PLACEMENT_3D('',#12141,#12142,#12143);
#12141 = CARTESIAN_POINT('',(7.6,-1.29542663314E-31,-2.82));
#12142 = DIRECTION('',(1.19708830782E-30,-3.357113761597E-32,-1.));
#12143 = DIRECTION('',(1.,3.013010401886E-31,1.19708830782E-30));
#12144 = ADVANCED_FACE('',(#12145),#12148,.T.);
#12145 = FACE_BOUND('',#12146,.T.);
#12146 = EDGE_LOOP('',(#12147));
#12147 = ORIENTED_EDGE('',*,*,#12081,.T.);
#12148 = PLANE('',#12149);
#12149 = AXIS2_PLACEMENT_3D('',#12150,#12151,#12152);
#12150 = CARTESIAN_POINT('',(3.8,8.737595245399E-17,9.33));
#12151 = DIRECTION('',(-4.930380657631E-31,-1.632186346944E-32,1.));
#12152 = DIRECTION('',(1.,0.,4.930380657631E-31));
#12153 = ADVANCED_FACE('',(#12154),#12157,.F.);
#12154 = FACE_BOUND('',#12155,.F.);
#12155 = EDGE_LOOP('',(#12156));
#12156 = ORIENTED_EDGE('',*,*,#12096,.T.);
#12157 = PLANE('',#12158);
#12158 = AXIS2_PLACEMENT_3D('',#12159,#12160,#12161);
#12159 = CARTESIAN_POINT('',(-1.18701400394E-17,2.911085817041E-17,-3.)
  );
#12160 = DIRECTION('',(0.,0.,1.));
#12161 = DIRECTION('',(1.,0.,-0.));
#12162 = ADVANCED_FACE('',(#12163),#12166,.F.);
#12163 = FACE_BOUND('',#12164,.F.);
#12164 = EDGE_LOOP('',(#12165));
#12165 = ORIENTED_EDGE('',*,*,#12122,.T.);
#12166 = PLANE('',#12167);
#12167 = AXIS2_PLACEMENT_3D('',#12168,#12169,#12170);
#12168 = CARTESIAN_POINT('',(7.6,-1.836970198721E-17,-3.));
#12169 = DIRECTION('',(-1.19708830782E-30,3.357113761597E-32,1.));
#12170 = DIRECTION('',(1.,0.,1.19708830782E-30));
#12171 = ( GEOMETRIC_REPRESENTATION_CONTEXT(3) 
GLOBAL_UNCERTAINTY_ASSIGNED_CONTEXT((#12175)) 
GLOBAL_UNIT_ASSIGNED_CONTEXT((#12172,#12173,#12174)) 
REPRESENTATION_CONTEXT('Context #1',
  '3D Context with UNIT and UNCERTAINTY') );
#12172 = ( LENGTH_UNIT() NAMED_UNIT(*) SI_UNIT(.MILLI.,.METRE.) );
#12173 = ( NAMED_UNIT(*) PLANE_ANGLE_UNIT() SI_UNIT($,.RADIAN.) );
#12174 = ( NAMED_UNIT(*) SI_UNIT($,.STERADIAN.) SOLID_ANGLE_UNIT() );
#12175 = UNCERTAINTY_MEASURE_WITH_UNIT(LENGTH_MEASURE(1.E-07),#12172,
  'distance_accuracy_value','confusion accuracy');
#12176 = CONTEXT_DEPENDENT_SHAPE_REPRESENTATION(#12177,#12179);
#12177 = ( REPRESENTATION_RELATIONSHIP('','',#11878,#11855) 
REPRESENTATION_RELATIONSHIP_WITH_TRANSFORMATION(#12178) 
SHAPE_REPRESENTATION_RELATIONSHIP() );
#12178 = ITEM_DEFINED_TRANSFORMATION('','',#11,#11856);
#12179 = PRODUCT_DEFINITION_SHAPE('Placement','Placement of an item',
  #12180);
#12180 = NEXT_ASSEMBLY_USAGE_OCCURRENCE('11','=>[0:1:1:10]','',#11850,
  #11873,$);
#12181 = PRODUCT_RELATED_PRODUCT_CATEGORY('part',$,(#11875));
#12182 = SHAPE_DEFINITION_REPRESENTATION(#12183,#12189);
#12183 = PRODUCT_DEFINITION_SHAPE('','',#12184);
#12184 = PRODUCT_DEFINITION('design','',#12185,#12188);
#12185 = PRODUCT_DEFINITION_FORMATION('','',#12186);
#12186 = PRODUCT('YourClock_PCB','YourClock_PCB','',(#12187));
#12187 = PRODUCT_CONTEXT('',#2,'mechanical');
#12188 = PRODUCT_DEFINITION_CONTEXT('part definition',#2,'design');
#12189 = ADVANCED_BREP_SHAPE_REPRESENTATION('',(#11,#12190),#14212);
#12190 = MANIFOLD_SOLID_BREP('',#12191);
#12191 = CLOSED_SHELL('',(#12192,#12232,#12263,#12294,#12839,#13384,
    #13396,#13413,#13430,#13447,#13464,#13481,#13498,#13515,#13532,
    #13549,#13566,#13583,#13600,#13617,#13634,#13651,#13668,#13685,
    #13702,#13719,#13736,#13753,#13770,#13787,#13804,#13821,#13838,
    #13855,#13872,#13889,#13906,#13923,#13940,#13957,#13974,#13991,
    #14008,#14025,#14042,#14059,#14076,#14093,#14110,#14127,#14144,
    #14161,#14178,#14195));
#12192 = ADVANCED_FACE('',(#12193),#12227,.T.);
#12193 = FACE_BOUND('',#12194,.T.);
#12194 = EDGE_LOOP('',(#12195,#12205,#12213,#12221));
#12195 = ORIENTED_EDGE('',*,*,#12196,.T.);
#12196 = EDGE_CURVE('',#12197,#12199,#12201,.T.);
#12197 = VERTEX_POINT('',#12198);
#12198 = CARTESIAN_POINT('',(194.,-133.,0.));
#12199 = VERTEX_POINT('',#12200);
#12200 = CARTESIAN_POINT('',(194.,-133.,1.51));
#12201 = LINE('',#12202,#12203);
#12202 = CARTESIAN_POINT('',(194.,-133.,0.));
#12203 = VECTOR('',#12204,1.);
#12204 = DIRECTION('',(0.,0.,1.));
#12205 = ORIENTED_EDGE('',*,*,#12206,.T.);
#12206 = EDGE_CURVE('',#12199,#12207,#12209,.T.);
#12207 = VERTEX_POINT('',#12208);
#12208 = CARTESIAN_POINT('',(88.,-133.,1.51));
#12209 = LINE('',#12210,#12211);
#12210 = CARTESIAN_POINT('',(194.,-133.,1.51));
#12211 = VECTOR('',#12212,1.);
#12212 = DIRECTION('',(-1.,0.,0.));
#12213 = ORIENTED_EDGE('',*,*,#12214,.F.);
#12214 = EDGE_CURVE('',#12215,#12207,#12217,.T.);
#12215 = VERTEX_POINT('',#12216);
#12216 = CARTESIAN_POINT('',(88.,-133.,0.));
#12217 = LINE('',#12218,#12219);
#12218 = CARTESIAN_POINT('',(88.,-133.,0.));
#12219 = VECTOR('',#12220,1.);
#12220 = DIRECTION('',(0.,0.,1.));
#12221 = ORIENTED_EDGE('',*,*,#12222,.F.);
#12222 = EDGE_CURVE('',#12197,#12215,#12223,.T.);
#12223 = LINE('',#12224,#12225);
#12224 = CARTESIAN_POINT('',(194.,-133.,0.));
#12225 = VECTOR('',#12226,1.);
#12226 = DIRECTION('',(-1.,0.,0.));
#12227 = PLANE('',#12228);
#12228 = AXIS2_PLACEMENT_3D('',#12229,#12230,#12231);
#12229 = CARTESIAN_POINT('',(194.,-133.,0.));
#12230 = DIRECTION('',(0.,-1.,0.));
#12231 = DIRECTION('',(-1.,0.,0.));
#12232 = ADVANCED_FACE('',(#12233),#12258,.T.);
#12233 = FACE_BOUND('',#12234,.T.);
#12234 = EDGE_LOOP('',(#12235,#12245,#12251,#12252));
#12235 = ORIENTED_EDGE('',*,*,#12236,.T.);
#12236 = EDGE_CURVE('',#12237,#12239,#12241,.T.);
#12237 = VERTEX_POINT('',#12238);
#12238 = CARTESIAN_POINT('',(194.,-65.5,0.));
#12239 = VERTEX_POINT('',#12240);
#12240 = CARTESIAN_POINT('',(194.,-65.5,1.51));
#12241 = LINE('',#12242,#12243);
#12242 = CARTESIAN_POINT('',(194.,-65.5,0.));
#12243 = VECTOR('',#12244,1.);
#12244 = DIRECTION('',(0.,0.,1.));
#12245 = ORIENTED_EDGE('',*,*,#12246,.T.);
#12246 = EDGE_CURVE('',#12239,#12199,#12247,.T.);
#12247 = LINE('',#12248,#12249);
#12248 = CARTESIAN_POINT('',(194.,-65.5,1.51));
#12249 = VECTOR('',#12250,1.);
#12250 = DIRECTION('',(0.,-1.,0.));
#12251 = ORIENTED_EDGE('',*,*,#12196,.F.);
#12252 = ORIENTED_EDGE('',*,*,#12253,.F.);
#12253 = EDGE_CURVE('',#12237,#12197,#12254,.T.);
#12254 = LINE('',#12255,#12256);
#12255 = CARTESIAN_POINT('',(194.,-65.5,0.));
#12256 = VECTOR('',#12257,1.);
#12257 = DIRECTION('',(0.,-1.,0.));
#12258 = PLANE('',#12259);
#12259 = AXIS2_PLACEMENT_3D('',#12260,#12261,#12262);
#12260 = CARTESIAN_POINT('',(194.,-65.5,0.));
#12261 = DIRECTION('',(1.,0.,-0.));
#12262 = DIRECTION('',(0.,-1.,0.));
#12263 = ADVANCED_FACE('',(#12264),#12289,.T.);
#12264 = FACE_BOUND('',#12265,.T.);
#12265 = EDGE_LOOP('',(#12266,#12267,#12275,#12283));
#12266 = ORIENTED_EDGE('',*,*,#12214,.T.);
#12267 = ORIENTED_EDGE('',*,*,#12268,.T.);
#12268 = EDGE_CURVE('',#12207,#12269,#12271,.T.);
#12269 = VERTEX_POINT('',#12270);
#12270 = CARTESIAN_POINT('',(88.,-65.5,1.51));
#12271 = LINE('',#12272,#12273);
#12272 = CARTESIAN_POINT('',(88.,-133.,1.51));
#12273 = VECTOR('',#12274,1.);
#12274 = DIRECTION('',(0.,1.,0.));
#12275 = ORIENTED_EDGE('',*,*,#12276,.F.);
#12276 = EDGE_CURVE('',#12277,#12269,#12279,.T.);
#12277 = VERTEX_POINT('',#12278);
#12278 = CARTESIAN_POINT('',(88.,-65.5,0.));
#12279 = LINE('',#12280,#12281);
#12280 = CARTESIAN_POINT('',(88.,-65.5,0.));
#12281 = VECTOR('',#12282,1.);
#12282 = DIRECTION('',(0.,0.,1.));
#12283 = ORIENTED_EDGE('',*,*,#12284,.F.);
#12284 = EDGE_CURVE('',#12215,#12277,#12285,.T.);
#12285 = LINE('',#12286,#12287);
#12286 = CARTESIAN_POINT('',(88.,-133.,0.));
#12287 = VECTOR('',#12288,1.);
#12288 = DIRECTION('',(0.,1.,0.));
#12289 = PLANE('',#12290);
#12290 = AXIS2_PLACEMENT_3D('',#12291,#12292,#12293);
#12291 = CARTESIAN_POINT('',(88.,-133.,0.));
#12292 = DIRECTION('',(-1.,0.,0.));
#12293 = DIRECTION('',(0.,1.,0.));
#12294 = ADVANCED_FACE('',(#12295,#12306,#12317,#12328,#12339,#12350,
    #12361,#12372,#12383,#12394,#12405,#12416,#12427,#12438,#12449,
    #12460,#12471,#12482,#12493,#12504,#12515,#12526,#12537,#12548,
    #12559,#12570,#12581,#12592,#12603,#12614,#12625,#12636,#12647,
    #12658,#12669,#12680,#12691,#12702,#12713,#12724,#12735,#12746,
    #12757,#12768,#12779,#12790,#12801,#12812,#12823),#12834,.F.);
#12295 = FACE_BOUND('',#12296,.F.);
#12296 = EDGE_LOOP('',(#12297,#12298,#12299,#12305));
#12297 = ORIENTED_EDGE('',*,*,#12222,.F.);
#12298 = ORIENTED_EDGE('',*,*,#12253,.F.);
#12299 = ORIENTED_EDGE('',*,*,#12300,.F.);
#12300 = EDGE_CURVE('',#12277,#12237,#12301,.T.);
#12301 = LINE('',#12302,#12303);
#12302 = CARTESIAN_POINT('',(88.,-65.5,0.));
#12303 = VECTOR('',#12304,1.);
#12304 = DIRECTION('',(1.,0.,0.));
#12305 = ORIENTED_EDGE('',*,*,#12284,.F.);
#12306 = FACE_BOUND('',#12307,.F.);
#12307 = EDGE_LOOP('',(#12308));
#12308 = ORIENTED_EDGE('',*,*,#12309,.T.);
#12309 = EDGE_CURVE('',#12310,#12310,#12312,.T.);
#12310 = VERTEX_POINT('',#12311);
#12311 = CARTESIAN_POINT('',(92.,-129.1,0.));
#12312 = CIRCLE('',#12313,1.6);
#12313 = AXIS2_PLACEMENT_3D('',#12314,#12315,#12316);
#12314 = CARTESIAN_POINT('',(92.,-127.5,0.));
#12315 = DIRECTION('',(-0.,0.,-1.));
#12316 = DIRECTION('',(-0.,-1.,0.));
#12317 = FACE_BOUND('',#12318,.F.);
#12318 = EDGE_LOOP('',(#12319));
#12319 = ORIENTED_EDGE('',*,*,#12320,.T.);
#12320 = EDGE_CURVE('',#12321,#12321,#12323,.T.);
#12321 = VERTEX_POINT('',#12322);
#12322 = CARTESIAN_POINT('',(99.54,-119.1,0.));
#12323 = CIRCLE('',#12324,0.75);
#12324 = AXIS2_PLACEMENT_3D('',#12325,#12326,#12327);
#12325 = CARTESIAN_POINT('',(99.54,-118.35,0.));
#12326 = DIRECTION('',(-0.,0.,-1.));
#12327 = DIRECTION('',(-0.,-1.,0.));
#12328 = FACE_BOUND('',#12329,.F.);
#12329 = EDGE_LOOP('',(#12330));
#12330 = ORIENTED_EDGE('',*,*,#12331,.T.);
#12331 = EDGE_CURVE('',#12332,#12332,#12334,.T.);
#12332 = VERTEX_POINT('',#12333);
#12333 = CARTESIAN_POINT('',(102.08,-120.47,0.));
#12334 = CIRCLE('',#12335,0.85);
#12335 = AXIS2_PLACEMENT_3D('',#12336,#12337,#12338);
#12336 = CARTESIAN_POINT('',(102.08,-119.62,0.));
#12337 = DIRECTION('',(-0.,0.,-1.));
#12338 = DIRECTION('',(-1.671865260612E-14,-1.,0.));
#12339 = FACE_BOUND('',#12340,.F.);
#12340 = EDGE_LOOP('',(#12341));
#12341 = ORIENTED_EDGE('',*,*,#12342,.T.);
#12342 = EDGE_CURVE('',#12343,#12343,#12345,.T.);
#12343 = VERTEX_POINT('',#12344);
#12344 = CARTESIAN_POINT('',(102.08,-116.54,0.));
#12345 = CIRCLE('',#12346,2.);
#12346 = AXIS2_PLACEMENT_3D('',#12347,#12348,#12349);
#12347 = CARTESIAN_POINT('',(102.08,-114.54,0.));
#12348 = DIRECTION('',(-0.,0.,-1.));
#12349 = DIRECTION('',(-0.,-1.,0.));
#12350 = FACE_BOUND('',#12351,.F.);
#12351 = EDGE_LOOP('',(#12352));
#12352 = ORIENTED_EDGE('',*,*,#12353,.T.);
#12353 = EDGE_CURVE('',#12354,#12354,#12356,.T.);
#12354 = VERTEX_POINT('',#12355);
#12355 = CARTESIAN_POINT('',(133.38,-121.0645,0.));
#12356 = CIRCLE('',#12357,0.4445);
#12357 = AXIS2_PLACEMENT_3D('',#12358,#12359,#12360);
#12358 = CARTESIAN_POINT('',(133.38,-120.62,0.));
#12359 = DIRECTION('',(-0.,0.,-1.));
#12360 = DIRECTION('',(-0.,-1.,0.));
#12361 = FACE_BOUND('',#12362,.F.);
#12362 = EDGE_LOOP('',(#12363));
#12363 = ORIENTED_EDGE('',*,*,#12364,.T.);
#12364 = EDGE_CURVE('',#12365,#12365,#12367,.T.);
#12365 = VERTEX_POINT('',#12366);
#12366 = CARTESIAN_POINT('',(133.38,-118.5245,0.));
#12367 = CIRCLE('',#12368,0.4445);
#12368 = AXIS2_PLACEMENT_3D('',#12369,#12370,#12371);
#12369 = CARTESIAN_POINT('',(133.38,-118.08,0.));
#12370 = DIRECTION('',(-0.,0.,-1.));
#12371 = DIRECTION('',(-0.,-1.,0.));
#12372 = FACE_BOUND('',#12373,.F.);
#12373 = EDGE_LOOP('',(#12374));
#12374 = ORIENTED_EDGE('',*,*,#12375,.T.);
#12375 = EDGE_CURVE('',#12376,#12376,#12378,.T.);
#12376 = VERTEX_POINT('',#12377);
#12377 = CARTESIAN_POINT('',(133.38,-115.9845,0.));
#12378 = CIRCLE('',#12379,0.4445);
#12379 = AXIS2_PLACEMENT_3D('',#12380,#12381,#12382);
#12380 = CARTESIAN_POINT('',(133.38,-115.54,0.));
#12381 = DIRECTION('',(-0.,0.,-1.));
#12382 = DIRECTION('',(-0.,-1.,0.));
#12383 = FACE_BOUND('',#12384,.F.);
#12384 = EDGE_LOOP('',(#12385));
#12385 = ORIENTED_EDGE('',*,*,#12386,.T.);
#12386 = EDGE_CURVE('',#12387,#12387,#12389,.T.);
#12387 = VERTEX_POINT('',#12388);
#12388 = CARTESIAN_POINT('',(97.,-112.75,0.));
#12389 = CIRCLE('',#12390,0.75);
#12390 = AXIS2_PLACEMENT_3D('',#12391,#12392,#12393);
#12391 = CARTESIAN_POINT('',(97.,-112.,0.));
#12392 = DIRECTION('',(-0.,0.,-1.));
#12393 = DIRECTION('',(-0.,-1.,0.));
#12394 = FACE_BOUND('',#12395,.F.);
#12395 = EDGE_LOOP('',(#12396));
#12396 = ORIENTED_EDGE('',*,*,#12397,.T.);
#12397 = EDGE_CURVE('',#12398,#12398,#12400,.T.);
#12398 = VERTEX_POINT('',#12399);
#12399 = CARTESIAN_POINT('',(102.08,-110.31,0.));
#12400 = CIRCLE('',#12401,0.85);
#12401 = AXIS2_PLACEMENT_3D('',#12402,#12403,#12404);
#12402 = CARTESIAN_POINT('',(102.08,-109.46,0.));
#12403 = DIRECTION('',(-0.,0.,-1.));
#12404 = DIRECTION('',(-1.671865260612E-14,-1.,0.));
#12405 = FACE_BOUND('',#12406,.F.);
#12406 = EDGE_LOOP('',(#12407));
#12407 = ORIENTED_EDGE('',*,*,#12408,.T.);
#12408 = EDGE_CURVE('',#12409,#12409,#12411,.T.);
#12409 = VERTEX_POINT('',#12410);
#12410 = CARTESIAN_POINT('',(133.38,-113.4445,0.));
#12411 = CIRCLE('',#12412,0.4445);
#12412 = AXIS2_PLACEMENT_3D('',#12413,#12414,#12415);
#12413 = CARTESIAN_POINT('',(133.38,-113.,0.));
#12414 = DIRECTION('',(-0.,0.,-1.));
#12415 = DIRECTION('',(-0.,-1.,0.));
#12416 = FACE_BOUND('',#12417,.F.);
#12417 = EDGE_LOOP('',(#12418));
#12418 = ORIENTED_EDGE('',*,*,#12419,.T.);
#12419 = EDGE_CURVE('',#12420,#12420,#12422,.T.);
#12420 = VERTEX_POINT('',#12421);
#12421 = CARTESIAN_POINT('',(133.38,-110.9045,0.));
#12422 = CIRCLE('',#12423,0.4445);
#12423 = AXIS2_PLACEMENT_3D('',#12424,#12425,#12426);
#12424 = CARTESIAN_POINT('',(133.38,-110.46,0.));
#12425 = DIRECTION('',(-0.,0.,-1.));
#12426 = DIRECTION('',(-0.,-1.,0.));
#12427 = FACE_BOUND('',#12428,.F.);
#12428 = EDGE_LOOP('',(#12429));
#12429 = ORIENTED_EDGE('',*,*,#12430,.T.);
#12430 = EDGE_CURVE('',#12431,#12431,#12433,.T.);
#12431 = VERTEX_POINT('',#12432);
#12432 = CARTESIAN_POINT('',(133.38,-108.3645,0.));
#12433 = CIRCLE('',#12434,0.4445);
#12434 = AXIS2_PLACEMENT_3D('',#12435,#12436,#12437);
#12435 = CARTESIAN_POINT('',(133.38,-107.92,0.));
#12436 = DIRECTION('',(-0.,0.,-1.));
#12437 = DIRECTION('',(-0.,-1.,0.));
#12438 = FACE_BOUND('',#12439,.F.);
#12439 = EDGE_LOOP('',(#12440));
#12440 = ORIENTED_EDGE('',*,*,#12441,.T.);
#12441 = EDGE_CURVE('',#12442,#12442,#12444,.T.);
#12442 = VERTEX_POINT('',#12443);
#12443 = CARTESIAN_POINT('',(133.38,-105.8245,0.));
#12444 = CIRCLE('',#12445,0.4445);
#12445 = AXIS2_PLACEMENT_3D('',#12446,#12447,#12448);
#12446 = CARTESIAN_POINT('',(133.38,-105.38,0.));
#12447 = DIRECTION('',(-0.,0.,-1.));
#12448 = DIRECTION('',(-0.,-1.,0.));
#12449 = FACE_BOUND('',#12450,.F.);
#12450 = EDGE_LOOP('',(#12451));
#12451 = ORIENTED_EDGE('',*,*,#12452,.T.);
#12452 = EDGE_CURVE('',#12453,#12453,#12455,.T.);
#12453 = VERTEX_POINT('',#12454);
#12454 = CARTESIAN_POINT('',(148.62,-121.0645,0.));
#12455 = CIRCLE('',#12456,0.4445);
#12456 = AXIS2_PLACEMENT_3D('',#12457,#12458,#12459);
#12457 = CARTESIAN_POINT('',(148.62,-120.62,0.));
#12458 = DIRECTION('',(-0.,0.,-1.));
#12459 = DIRECTION('',(-0.,-1.,0.));
#12460 = FACE_BOUND('',#12461,.F.);
#12461 = EDGE_LOOP('',(#12462));
#12462 = ORIENTED_EDGE('',*,*,#12463,.T.);
#12463 = EDGE_CURVE('',#12464,#12464,#12466,.T.);
#12464 = VERTEX_POINT('',#12465);
#12465 = CARTESIAN_POINT('',(148.62,-118.5245,0.));
#12466 = CIRCLE('',#12467,0.4445);
#12467 = AXIS2_PLACEMENT_3D('',#12468,#12469,#12470);
#12468 = CARTESIAN_POINT('',(148.62,-118.08,0.));
#12469 = DIRECTION('',(-0.,0.,-1.));
#12470 = DIRECTION('',(-0.,-1.,0.));
#12471 = FACE_BOUND('',#12472,.F.);
#12472 = EDGE_LOOP('',(#12473));
#12473 = ORIENTED_EDGE('',*,*,#12474,.T.);
#12474 = EDGE_CURVE('',#12475,#12475,#12477,.T.);
#12475 = VERTEX_POINT('',#12476);
#12476 = CARTESIAN_POINT('',(148.62,-115.9845,0.));
#12477 = CIRCLE('',#12478,0.4445);
#12478 = AXIS2_PLACEMENT_3D('',#12479,#12480,#12481);
#12479 = CARTESIAN_POINT('',(148.62,-115.54,0.));
#12480 = DIRECTION('',(-0.,0.,-1.));
#12481 = DIRECTION('',(-0.,-1.,0.));
#12482 = FACE_BOUND('',#12483,.F.);
#12483 = EDGE_LOOP('',(#12484));
#12484 = ORIENTED_EDGE('',*,*,#12485,.T.);
#12485 = EDGE_CURVE('',#12486,#12486,#12488,.T.);
#12486 = VERTEX_POINT('',#12487);
#12487 = CARTESIAN_POINT('',(190.,-129.1,0.));
#12488 = CIRCLE('',#12489,1.6);
#12489 = AXIS2_PLACEMENT_3D('',#12490,#12491,#12492);
#12490 = CARTESIAN_POINT('',(190.,-127.5,0.));
#12491 = DIRECTION('',(-0.,0.,-1.));
#12492 = DIRECTION('',(-0.,-1.,0.));
#12493 = FACE_BOUND('',#12494,.F.);
#12494 = EDGE_LOOP('',(#12495));
#12495 = ORIENTED_EDGE('',*,*,#12496,.T.);
#12496 = EDGE_CURVE('',#12497,#12497,#12499,.T.);
#12497 = VERTEX_POINT('',#12498);
#12498 = CARTESIAN_POINT('',(177.54,-119.1,0.));
#12499 = CIRCLE('',#12500,0.75);
#12500 = AXIS2_PLACEMENT_3D('',#12501,#12502,#12503);
#12501 = CARTESIAN_POINT('',(177.54,-118.35,0.));
#12502 = DIRECTION('',(-0.,0.,-1.));
#12503 = DIRECTION('',(-0.,-1.,0.));
#12504 = FACE_BOUND('',#12505,.F.);
#12505 = EDGE_LOOP('',(#12506));
#12506 = ORIENTED_EDGE('',*,*,#12507,.T.);
#12507 = EDGE_CURVE('',#12508,#12508,#12510,.T.);
#12508 = VERTEX_POINT('',#12509);
#12509 = CARTESIAN_POINT('',(180.08,-120.47,0.));
#12510 = CIRCLE('',#12511,0.85);
#12511 = AXIS2_PLACEMENT_3D('',#12512,#12513,#12514);
#12512 = CARTESIAN_POINT('',(180.08,-119.62,0.));
#12513 = DIRECTION('',(-0.,0.,-1.));
#12514 = DIRECTION('',(3.343730521224E-14,-1.,-0.));
#12515 = FACE_BOUND('',#12516,.F.);
#12516 = EDGE_LOOP('',(#12517));
#12517 = ORIENTED_EDGE('',*,*,#12518,.T.);
#12518 = EDGE_CURVE('',#12519,#12519,#12521,.T.);
#12519 = VERTEX_POINT('',#12520);
#12520 = CARTESIAN_POINT('',(180.08,-116.54,0.));
#12521 = CIRCLE('',#12522,2.);
#12522 = AXIS2_PLACEMENT_3D('',#12523,#12524,#12525);
#12523 = CARTESIAN_POINT('',(180.08,-114.54,0.));
#12524 = DIRECTION('',(-0.,0.,-1.));
#12525 = DIRECTION('',(-0.,-1.,0.));
#12526 = FACE_BOUND('',#12527,.F.);
#12527 = EDGE_LOOP('',(#12528));
#12528 = ORIENTED_EDGE('',*,*,#12529,.T.);
#12529 = EDGE_CURVE('',#12530,#12530,#12532,.T.);
#12530 = VERTEX_POINT('',#12531);
#12531 = CARTESIAN_POINT('',(148.62,-113.4445,0.));
#12532 = CIRCLE('',#12533,0.4445);
#12533 = AXIS2_PLACEMENT_3D('',#12534,#12535,#12536);
#12534 = CARTESIAN_POINT('',(148.62,-113.,0.));
#12535 = DIRECTION('',(-0.,0.,-1.));
#12536 = DIRECTION('',(-0.,-1.,0.));
#12537 = FACE_BOUND('',#12538,.F.);
#12538 = EDGE_LOOP('',(#12539));
#12539 = ORIENTED_EDGE('',*,*,#12540,.T.);
#12540 = EDGE_CURVE('',#12541,#12541,#12543,.T.);
#12541 = VERTEX_POINT('',#12542);
#12542 = CARTESIAN_POINT('',(148.62,-110.9045,0.));
#12543 = CIRCLE('',#12544,0.4445);
#12544 = AXIS2_PLACEMENT_3D('',#12545,#12546,#12547);
#12545 = CARTESIAN_POINT('',(148.62,-110.46,0.));
#12546 = DIRECTION('',(-0.,0.,-1.));
#12547 = DIRECTION('',(-0.,-1.,0.));
#12548 = FACE_BOUND('',#12549,.F.);
#12549 = EDGE_LOOP('',(#12550));
#12550 = ORIENTED_EDGE('',*,*,#12551,.T.);
#12551 = EDGE_CURVE('',#12552,#12552,#12554,.T.);
#12552 = VERTEX_POINT('',#12553);
#12553 = CARTESIAN_POINT('',(148.62,-108.3645,0.));
#12554 = CIRCLE('',#12555,0.4445);
#12555 = AXIS2_PLACEMENT_3D('',#12556,#12557,#12558);
#12556 = CARTESIAN_POINT('',(148.62,-107.92,0.));
#12557 = DIRECTION('',(-0.,0.,-1.));
#12558 = DIRECTION('',(-0.,-1.,0.));
#12559 = FACE_BOUND('',#12560,.F.);
#12560 = EDGE_LOOP('',(#12561));
#12561 = ORIENTED_EDGE('',*,*,#12562,.T.);
#12562 = EDGE_CURVE('',#12563,#12563,#12565,.T.);
#12563 = VERTEX_POINT('',#12564);
#12564 = CARTESIAN_POINT('',(148.62,-105.8245,0.));
#12565 = CIRCLE('',#12566,0.4445);
#12566 = AXIS2_PLACEMENT_3D('',#12567,#12568,#12569);
#12567 = CARTESIAN_POINT('',(148.62,-105.38,0.));
#12568 = DIRECTION('',(-0.,0.,-1.));
#12569 = DIRECTION('',(-0.,-1.,0.));
#12570 = FACE_BOUND('',#12571,.F.);
#12571 = EDGE_LOOP('',(#12572));
#12572 = ORIENTED_EDGE('',*,*,#12573,.T.);
#12573 = EDGE_CURVE('',#12574,#12574,#12576,.T.);
#12574 = VERTEX_POINT('',#12575);
#12575 = CARTESIAN_POINT('',(175.,-112.75,0.));
#12576 = CIRCLE('',#12577,0.75);
#12577 = AXIS2_PLACEMENT_3D('',#12578,#12579,#12580);
#12578 = CARTESIAN_POINT('',(175.,-112.,0.));
#12579 = DIRECTION('',(-0.,0.,-1.));
#12580 = DIRECTION('',(-0.,-1.,0.));
#12581 = FACE_BOUND('',#12582,.F.);
#12582 = EDGE_LOOP('',(#12583));
#12583 = ORIENTED_EDGE('',*,*,#12584,.T.);
#12584 = EDGE_CURVE('',#12585,#12585,#12587,.T.);
#12585 = VERTEX_POINT('',#12586);
#12586 = CARTESIAN_POINT('',(180.08,-110.31,0.));
#12587 = CIRCLE('',#12588,0.85);
#12588 = AXIS2_PLACEMENT_3D('',#12589,#12590,#12591);
#12589 = CARTESIAN_POINT('',(180.08,-109.46,0.));
#12590 = DIRECTION('',(-0.,0.,-1.));
#12591 = DIRECTION('',(3.343730521224E-14,-1.,-0.));
#12592 = FACE_BOUND('',#12593,.F.);
#12593 = EDGE_LOOP('',(#12594));
#12594 = ORIENTED_EDGE('',*,*,#12595,.T.);
#12595 = EDGE_CURVE('',#12596,#12596,#12598,.T.);
#12596 = VERTEX_POINT('',#12597);
#12597 = CARTESIAN_POINT('',(99.54,-95.1,0.));
#12598 = CIRCLE('',#12599,0.75);
#12599 = AXIS2_PLACEMENT_3D('',#12600,#12601,#12602);
#12600 = CARTESIAN_POINT('',(99.54,-94.35,0.));
#12601 = DIRECTION('',(-0.,0.,-1.));
#12602 = DIRECTION('',(-0.,-1.,0.));
#12603 = FACE_BOUND('',#12604,.F.);
#12604 = EDGE_LOOP('',(#12605));
#12605 = ORIENTED_EDGE('',*,*,#12606,.T.);
#12606 = EDGE_CURVE('',#12607,#12607,#12609,.T.);
#12607 = VERTEX_POINT('',#12608);
#12608 = CARTESIAN_POINT('',(102.08,-96.47,0.));
#12609 = CIRCLE('',#12610,0.85);
#12610 = AXIS2_PLACEMENT_3D('',#12611,#12612,#12613);
#12611 = CARTESIAN_POINT('',(102.08,-95.62,0.));
#12612 = DIRECTION('',(-0.,0.,-1.));
#12613 = DIRECTION('',(-1.671865260612E-14,-1.,0.));
#12614 = FACE_BOUND('',#12615,.F.);
#12615 = EDGE_LOOP('',(#12616));
#12616 = ORIENTED_EDGE('',*,*,#12617,.T.);
#12617 = EDGE_CURVE('',#12618,#12618,#12620,.T.);
#12618 = VERTEX_POINT('',#12619);
#12619 = CARTESIAN_POINT('',(102.08,-92.54,0.));
#12620 = CIRCLE('',#12621,2.);
#12621 = AXIS2_PLACEMENT_3D('',#12622,#12623,#12624);
#12622 = CARTESIAN_POINT('',(102.08,-90.54,0.));
#12623 = DIRECTION('',(-0.,0.,-1.));
#12624 = DIRECTION('',(-0.,-1.,0.));
#12625 = FACE_BOUND('',#12626,.F.);
#12626 = EDGE_LOOP('',(#12627));
#12627 = ORIENTED_EDGE('',*,*,#12628,.T.);
#12628 = EDGE_CURVE('',#12629,#12629,#12631,.T.);
#12629 = VERTEX_POINT('',#12630);
#12630 = CARTESIAN_POINT('',(97.,-88.75,0.));
#12631 = CIRCLE('',#12632,0.75);
#12632 = AXIS2_PLACEMENT_3D('',#12633,#12634,#12635);
#12633 = CARTESIAN_POINT('',(97.,-88.,0.));
#12634 = DIRECTION('',(-0.,0.,-1.));
#12635 = DIRECTION('',(-0.,-1.,0.));
#12636 = FACE_BOUND('',#12637,.F.);
#12637 = EDGE_LOOP('',(#12638));
#12638 = ORIENTED_EDGE('',*,*,#12639,.T.);
#12639 = EDGE_CURVE('',#12640,#12640,#12642,.T.);
#12640 = VERTEX_POINT('',#12641);
#12641 = CARTESIAN_POINT('',(102.08,-86.31,0.));
#12642 = CIRCLE('',#12643,0.85);
#12643 = AXIS2_PLACEMENT_3D('',#12644,#12645,#12646);
#12644 = CARTESIAN_POINT('',(102.08,-85.46,0.));
#12645 = DIRECTION('',(-0.,0.,-1.));
#12646 = DIRECTION('',(-1.671865260612E-14,-1.,0.));
#12647 = FACE_BOUND('',#12648,.F.);
#12648 = EDGE_LOOP('',(#12649));
#12649 = ORIENTED_EDGE('',*,*,#12650,.T.);
#12650 = EDGE_CURVE('',#12651,#12651,#12653,.T.);
#12651 = VERTEX_POINT('',#12652);
#12652 = CARTESIAN_POINT('',(132.1,-93.5,0.));
#12653 = CIRCLE('',#12654,0.5);
#12654 = AXIS2_PLACEMENT_3D('',#12655,#12656,#12657);
#12655 = CARTESIAN_POINT('',(132.1,-93.,0.));
#12656 = DIRECTION('',(-0.,0.,-1.));
#12657 = DIRECTION('',(-0.,-1.,0.));
#12658 = FACE_BOUND('',#12659,.F.);
#12659 = EDGE_LOOP('',(#12660));
#12660 = ORIENTED_EDGE('',*,*,#12661,.T.);
#12661 = EDGE_CURVE('',#12662,#12662,#12664,.T.);
#12662 = VERTEX_POINT('',#12663);
#12663 = CARTESIAN_POINT('',(134.64,-93.5,0.));
#12664 = CIRCLE('',#12665,0.5);
#12665 = AXIS2_PLACEMENT_3D('',#12666,#12667,#12668);
#12666 = CARTESIAN_POINT('',(134.64,-93.,0.));
#12667 = DIRECTION('',(-0.,0.,-1.));
#12668 = DIRECTION('',(-0.,-1.,0.));
#12669 = FACE_BOUND('',#12670,.F.);
#12670 = EDGE_LOOP('',(#12671));
#12671 = ORIENTED_EDGE('',*,*,#12672,.T.);
#12672 = EDGE_CURVE('',#12673,#12673,#12675,.T.);
#12673 = VERTEX_POINT('',#12674);
#12674 = CARTESIAN_POINT('',(137.18,-93.5,0.));
#12675 = CIRCLE('',#12676,0.5);
#12676 = AXIS2_PLACEMENT_3D('',#12677,#12678,#12679);
#12677 = CARTESIAN_POINT('',(137.18,-93.,0.));
#12678 = DIRECTION('',(-0.,0.,-1.));
#12679 = DIRECTION('',(-0.,-1.,0.));
#12680 = FACE_BOUND('',#12681,.F.);
#12681 = EDGE_LOOP('',(#12682));
#12682 = ORIENTED_EDGE('',*,*,#12683,.T.);
#12683 = EDGE_CURVE('',#12684,#12684,#12686,.T.);
#12684 = VERTEX_POINT('',#12685);
#12685 = CARTESIAN_POINT('',(139.72,-93.5,0.));
#12686 = CIRCLE('',#12687,0.5);
#12687 = AXIS2_PLACEMENT_3D('',#12688,#12689,#12690);
#12688 = CARTESIAN_POINT('',(139.72,-93.,0.));
#12689 = DIRECTION('',(-0.,0.,-1.));
#12690 = DIRECTION('',(-0.,-1.,0.));
#12691 = FACE_BOUND('',#12692,.F.);
#12692 = EDGE_LOOP('',(#12693));
#12693 = ORIENTED_EDGE('',*,*,#12694,.T.);
#12694 = EDGE_CURVE('',#12695,#12695,#12697,.T.);
#12695 = VERTEX_POINT('',#12696);
#12696 = CARTESIAN_POINT('',(92.,-75.1,0.));
#12697 = CIRCLE('',#12698,1.6);
#12698 = AXIS2_PLACEMENT_3D('',#12699,#12700,#12701);
#12699 = CARTESIAN_POINT('',(92.,-73.5,0.));
#12700 = DIRECTION('',(-0.,0.,-1.));
#12701 = DIRECTION('',(-0.,-1.,0.));
#12702 = FACE_BOUND('',#12703,.F.);
#12703 = EDGE_LOOP('',(#12704));
#12704 = ORIENTED_EDGE('',*,*,#12705,.T.);
#12705 = EDGE_CURVE('',#12706,#12706,#12708,.T.);
#12706 = VERTEX_POINT('',#12707);
#12707 = CARTESIAN_POINT('',(142.26,-93.5,0.));
#12708 = CIRCLE('',#12709,0.5);
#12709 = AXIS2_PLACEMENT_3D('',#12710,#12711,#12712);
#12710 = CARTESIAN_POINT('',(142.26,-93.,0.));
#12711 = DIRECTION('',(-0.,0.,-1.));
#12712 = DIRECTION('',(-0.,-1.,0.));
#12713 = FACE_BOUND('',#12714,.F.);
#12714 = EDGE_LOOP('',(#12715));
#12715 = ORIENTED_EDGE('',*,*,#12716,.T.);
#12716 = EDGE_CURVE('',#12717,#12717,#12719,.T.);
#12717 = VERTEX_POINT('',#12718);
#12718 = CARTESIAN_POINT('',(144.8,-93.5,0.));
#12719 = CIRCLE('',#12720,0.5);
#12720 = AXIS2_PLACEMENT_3D('',#12721,#12722,#12723);
#12721 = CARTESIAN_POINT('',(144.8,-93.,0.));
#12722 = DIRECTION('',(-0.,0.,-1.));
#12723 = DIRECTION('',(-0.,-1.,0.));
#12724 = FACE_BOUND('',#12725,.F.);
#12725 = EDGE_LOOP('',(#12726));
#12726 = ORIENTED_EDGE('',*,*,#12727,.T.);
#12727 = EDGE_CURVE('',#12728,#12728,#12730,.T.);
#12728 = VERTEX_POINT('',#12729);
#12729 = CARTESIAN_POINT('',(147.34,-93.5,0.));
#12730 = CIRCLE('',#12731,0.5);
#12731 = AXIS2_PLACEMENT_3D('',#12732,#12733,#12734);
#12732 = CARTESIAN_POINT('',(147.34,-93.,0.));
#12733 = DIRECTION('',(-0.,0.,-1.));
#12734 = DIRECTION('',(-0.,-1.,0.));
#12735 = FACE_BOUND('',#12736,.F.);
#12736 = EDGE_LOOP('',(#12737));
#12737 = ORIENTED_EDGE('',*,*,#12738,.T.);
#12738 = EDGE_CURVE('',#12739,#12739,#12741,.T.);
#12739 = VERTEX_POINT('',#12740);
#12740 = CARTESIAN_POINT('',(149.88,-93.5,0.));
#12741 = CIRCLE('',#12742,0.5);
#12742 = AXIS2_PLACEMENT_3D('',#12743,#12744,#12745);
#12743 = CARTESIAN_POINT('',(149.88,-93.,0.));
#12744 = DIRECTION('',(-0.,0.,-1.));
#12745 = DIRECTION('',(-0.,-1.,0.));
#12746 = FACE_BOUND('',#12747,.F.);
#12747 = EDGE_LOOP('',(#12748));
#12748 = ORIENTED_EDGE('',*,*,#12749,.T.);
#12749 = EDGE_CURVE('',#12750,#12750,#12752,.T.);
#12750 = VERTEX_POINT('',#12751);
#12751 = CARTESIAN_POINT('',(177.54,-95.1,0.));
#12752 = CIRCLE('',#12753,0.75);
#12753 = AXIS2_PLACEMENT_3D('',#12754,#12755,#12756);
#12754 = CARTESIAN_POINT('',(177.54,-94.35,0.));
#12755 = DIRECTION('',(-0.,0.,-1.));
#12756 = DIRECTION('',(-0.,-1.,0.));
#12757 = FACE_BOUND('',#12758,.F.);
#12758 = EDGE_LOOP('',(#12759));
#12759 = ORIENTED_EDGE('',*,*,#12760,.T.);
#12760 = EDGE_CURVE('',#12761,#12761,#12763,.T.);
#12761 = VERTEX_POINT('',#12762);
#12762 = CARTESIAN_POINT('',(180.08,-96.47,0.));
#12763 = CIRCLE('',#12764,0.85);
#12764 = AXIS2_PLACEMENT_3D('',#12765,#12766,#12767);
#12765 = CARTESIAN_POINT('',(180.08,-95.62,0.));
#12766 = DIRECTION('',(-0.,0.,-1.));
#12767 = DIRECTION('',(3.343730521224E-14,-1.,-0.));
#12768 = FACE_BOUND('',#12769,.F.);
#12769 = EDGE_LOOP('',(#12770));
#12770 = ORIENTED_EDGE('',*,*,#12771,.T.);
#12771 = EDGE_CURVE('',#12772,#12772,#12774,.T.);
#12772 = VERTEX_POINT('',#12773);
#12773 = CARTESIAN_POINT('',(175.,-88.75,0.));
#12774 = CIRCLE('',#12775,0.75);
#12775 = AXIS2_PLACEMENT_3D('',#12776,#12777,#12778);
#12776 = CARTESIAN_POINT('',(175.,-88.,0.));
#12777 = DIRECTION('',(-0.,0.,-1.));
#12778 = DIRECTION('',(-0.,-1.,0.));
#12779 = FACE_BOUND('',#12780,.F.);
#12780 = EDGE_LOOP('',(#12781));
#12781 = ORIENTED_EDGE('',*,*,#12782,.T.);
#12782 = EDGE_CURVE('',#12783,#12783,#12785,.T.);
#12783 = VERTEX_POINT('',#12784);
#12784 = CARTESIAN_POINT('',(180.08,-92.54,0.));
#12785 = CIRCLE('',#12786,2.);
#12786 = AXIS2_PLACEMENT_3D('',#12787,#12788,#12789);
#12787 = CARTESIAN_POINT('',(180.08,-90.54,0.));
#12788 = DIRECTION('',(-0.,0.,-1.));
#12789 = DIRECTION('',(-0.,-1.,0.));
#12790 = FACE_BOUND('',#12791,.F.);
#12791 = EDGE_LOOP('',(#12792));
#12792 = ORIENTED_EDGE('',*,*,#12793,.T.);
#12793 = EDGE_CURVE('',#12794,#12794,#12796,.T.);
#12794 = VERTEX_POINT('',#12795);
#12795 = CARTESIAN_POINT('',(180.08,-86.31,0.));
#12796 = CIRCLE('',#12797,0.85);
#12797 = AXIS2_PLACEMENT_3D('',#12798,#12799,#12800);
#12798 = CARTESIAN_POINT('',(180.08,-85.46,0.));
#12799 = DIRECTION('',(-0.,0.,-1.));
#12800 = DIRECTION('',(3.343730521224E-14,-1.,-0.));
#12801 = FACE_BOUND('',#12802,.F.);
#12802 = EDGE_LOOP('',(#12803));
#12803 = ORIENTED_EDGE('',*,*,#12804,.T.);
#12804 = EDGE_CURVE('',#12805,#12805,#12807,.T.);
#12805 = VERTEX_POINT('',#12806);
#12806 = CARTESIAN_POINT('',(141.,-78.5,0.));
#12807 = CIRCLE('',#12808,0.5);
#12808 = AXIS2_PLACEMENT_3D('',#12809,#12810,#12811);
#12809 = CARTESIAN_POINT('',(141.,-78.,0.));
#12810 = DIRECTION('',(-0.,0.,-1.));
#12811 = DIRECTION('',(-0.,-1.,0.));
#12812 = FACE_BOUND('',#12813,.F.);
#12813 = EDGE_LOOP('',(#12814));
#12814 = ORIENTED_EDGE('',*,*,#12815,.T.);
#12815 = EDGE_CURVE('',#12816,#12816,#12818,.T.);
#12816 = VERTEX_POINT('',#12817);
#12817 = CARTESIAN_POINT('',(141.,-70.9,0.));
#12818 = CIRCLE('',#12819,0.5);
#12819 = AXIS2_PLACEMENT_3D('',#12820,#12821,#12822);
#12820 = CARTESIAN_POINT('',(141.,-70.4,0.));
#12821 = DIRECTION('',(-0.,0.,-1.));
#12822 = DIRECTION('',(-0.,-1.,0.));
#12823 = FACE_BOUND('',#12824,.F.);
#12824 = EDGE_LOOP('',(#12825));
#12825 = ORIENTED_EDGE('',*,*,#12826,.T.);
#12826 = EDGE_CURVE('',#12827,#12827,#12829,.T.);
#12827 = VERTEX_POINT('',#12828);
#12828 = CARTESIAN_POINT('',(190.,-75.1,0.));
#12829 = CIRCLE('',#12830,1.6);
#12830 = AXIS2_PLACEMENT_3D('',#12831,#12832,#12833);
#12831 = CARTESIAN_POINT('',(190.,-73.5,0.));
#12832 = DIRECTION('',(-0.,0.,-1.));
#12833 = DIRECTION('',(-0.,-1.,0.));
#12834 = PLANE('',#12835);
#12835 = AXIS2_PLACEMENT_3D('',#12836,#12837,#12838);
#12836 = CARTESIAN_POINT('',(0.,0.,0.));
#12837 = DIRECTION('',(0.,0.,1.));
#12838 = DIRECTION('',(1.,0.,-0.));
#12839 = ADVANCED_FACE('',(#12840,#12851,#12862,#12873,#12884,#12895,
    #12906,#12917,#12928,#12939,#12950,#12961,#12972,#12983,#12994,
    #13005,#13016,#13027,#13038,#13049,#13060,#13071,#13082,#13093,
    #13104,#13115,#13126,#13137,#13148,#13159,#13170,#13181,#13192,
    #13203,#13214,#13225,#13236,#13247,#13258,#13269,#13280,#13291,
    #13302,#13313,#13324,#13335,#13346,#13357,#13368),#13379,.T.);
#12840 = FACE_BOUND('',#12841,.T.);
#12841 = EDGE_LOOP('',(#12842,#12843,#12844,#12850));
#12842 = ORIENTED_EDGE('',*,*,#12206,.F.);
#12843 = ORIENTED_EDGE('',*,*,#12246,.F.);
#12844 = ORIENTED_EDGE('',*,*,#12845,.F.);
#12845 = EDGE_CURVE('',#12269,#12239,#12846,.T.);
#12846 = LINE('',#12847,#12848);
#12847 = CARTESIAN_POINT('',(88.,-65.5,1.51));
#12848 = VECTOR('',#12849,1.);
#12849 = DIRECTION('',(1.,0.,0.));
#12850 = ORIENTED_EDGE('',*,*,#12268,.F.);
#12851 = FACE_BOUND('',#12852,.T.);
#12852 = EDGE_LOOP('',(#12853));
#12853 = ORIENTED_EDGE('',*,*,#12854,.T.);
#12854 = EDGE_CURVE('',#12855,#12855,#12857,.T.);
#12855 = VERTEX_POINT('',#12856);
#12856 = CARTESIAN_POINT('',(92.,-129.1,1.51));
#12857 = CIRCLE('',#12858,1.6);
#12858 = AXIS2_PLACEMENT_3D('',#12859,#12860,#12861);
#12859 = CARTESIAN_POINT('',(92.,-127.5,1.51));
#12860 = DIRECTION('',(-0.,0.,-1.));
#12861 = DIRECTION('',(-0.,-1.,0.));
#12862 = FACE_BOUND('',#12863,.T.);
#12863 = EDGE_LOOP('',(#12864));
#12864 = ORIENTED_EDGE('',*,*,#12865,.T.);
#12865 = EDGE_CURVE('',#12866,#12866,#12868,.T.);
#12866 = VERTEX_POINT('',#12867);
#12867 = CARTESIAN_POINT('',(99.54,-119.1,1.51));
#12868 = CIRCLE('',#12869,0.75);
#12869 = AXIS2_PLACEMENT_3D('',#12870,#12871,#12872);
#12870 = CARTESIAN_POINT('',(99.54,-118.35,1.51));
#12871 = DIRECTION('',(-0.,0.,-1.));
#12872 = DIRECTION('',(-0.,-1.,0.));
#12873 = FACE_BOUND('',#12874,.T.);
#12874 = EDGE_LOOP('',(#12875));
#12875 = ORIENTED_EDGE('',*,*,#12876,.T.);
#12876 = EDGE_CURVE('',#12877,#12877,#12879,.T.);
#12877 = VERTEX_POINT('',#12878);
#12878 = CARTESIAN_POINT('',(102.08,-120.47,1.51));
#12879 = CIRCLE('',#12880,0.85);
#12880 = AXIS2_PLACEMENT_3D('',#12881,#12882,#12883);
#12881 = CARTESIAN_POINT('',(102.08,-119.62,1.51));
#12882 = DIRECTION('',(-0.,0.,-1.));
#12883 = DIRECTION('',(-1.671865260612E-14,-1.,0.));
#12884 = FACE_BOUND('',#12885,.T.);
#12885 = EDGE_LOOP('',(#12886));
#12886 = ORIENTED_EDGE('',*,*,#12887,.T.);
#12887 = EDGE_CURVE('',#12888,#12888,#12890,.T.);
#12888 = VERTEX_POINT('',#12889);
#12889 = CARTESIAN_POINT('',(102.08,-116.54,1.51));
#12890 = CIRCLE('',#12891,2.);
#12891 = AXIS2_PLACEMENT_3D('',#12892,#12893,#12894);
#12892 = CARTESIAN_POINT('',(102.08,-114.54,1.51));
#12893 = DIRECTION('',(-0.,0.,-1.));
#12894 = DIRECTION('',(-0.,-1.,0.));
#12895 = FACE_BOUND('',#12896,.T.);
#12896 = EDGE_LOOP('',(#12897));
#12897 = ORIENTED_EDGE('',*,*,#12898,.T.);
#12898 = EDGE_CURVE('',#12899,#12899,#12901,.T.);
#12899 = VERTEX_POINT('',#12900);
#12900 = CARTESIAN_POINT('',(133.38,-121.0645,1.51));
#12901 = CIRCLE('',#12902,0.4445);
#12902 = AXIS2_PLACEMENT_3D('',#12903,#12904,#12905);
#12903 = CARTESIAN_POINT('',(133.38,-120.62,1.51));
#12904 = DIRECTION('',(-0.,0.,-1.));
#12905 = DIRECTION('',(-0.,-1.,0.));
#12906 = FACE_BOUND('',#12907,.T.);
#12907 = EDGE_LOOP('',(#12908));
#12908 = ORIENTED_EDGE('',*,*,#12909,.T.);
#12909 = EDGE_CURVE('',#12910,#12910,#12912,.T.);
#12910 = VERTEX_POINT('',#12911);
#12911 = CARTESIAN_POINT('',(133.38,-118.5245,1.51));
#12912 = CIRCLE('',#12913,0.4445);
#12913 = AXIS2_PLACEMENT_3D('',#12914,#12915,#12916);
#12914 = CARTESIAN_POINT('',(133.38,-118.08,1.51));
#12915 = DIRECTION('',(-0.,0.,-1.));
#12916 = DIRECTION('',(-0.,-1.,0.));
#12917 = FACE_BOUND('',#12918,.T.);
#12918 = EDGE_LOOP('',(#12919));
#12919 = ORIENTED_EDGE('',*,*,#12920,.T.);
#12920 = EDGE_CURVE('',#12921,#12921,#12923,.T.);
#12921 = VERTEX_POINT('',#12922);
#12922 = CARTESIAN_POINT('',(133.38,-115.9845,1.51));
#12923 = CIRCLE('',#12924,0.4445);
#12924 = AXIS2_PLACEMENT_3D('',#12925,#12926,#12927);
#12925 = CARTESIAN_POINT('',(133.38,-115.54,1.51));
#12926 = DIRECTION('',(-0.,0.,-1.));
#12927 = DIRECTION('',(-0.,-1.,0.));
#12928 = FACE_BOUND('',#12929,.T.);
#12929 = EDGE_LOOP('',(#12930));
#12930 = ORIENTED_EDGE('',*,*,#12931,.T.);
#12931 = EDGE_CURVE('',#12932,#12932,#12934,.T.);
#12932 = VERTEX_POINT('',#12933);
#12933 = CARTESIAN_POINT('',(97.,-112.75,1.51));
#12934 = CIRCLE('',#12935,0.75);
#12935 = AXIS2_PLACEMENT_3D('',#12936,#12937,#12938);
#12936 = CARTESIAN_POINT('',(97.,-112.,1.51));
#12937 = DIRECTION('',(-0.,0.,-1.));
#12938 = DIRECTION('',(-0.,-1.,0.));
#12939 = FACE_BOUND('',#12940,.T.);
#12940 = EDGE_LOOP('',(#12941));
#12941 = ORIENTED_EDGE('',*,*,#12942,.T.);
#12942 = EDGE_CURVE('',#12943,#12943,#12945,.T.);
#12943 = VERTEX_POINT('',#12944);
#12944 = CARTESIAN_POINT('',(102.08,-110.31,1.51));
#12945 = CIRCLE('',#12946,0.85);
#12946 = AXIS2_PLACEMENT_3D('',#12947,#12948,#12949);
#12947 = CARTESIAN_POINT('',(102.08,-109.46,1.51));
#12948 = DIRECTION('',(-0.,0.,-1.));
#12949 = DIRECTION('',(-1.671865260612E-14,-1.,0.));
#12950 = FACE_BOUND('',#12951,.T.);
#12951 = EDGE_LOOP('',(#12952));
#12952 = ORIENTED_EDGE('',*,*,#12953,.T.);
#12953 = EDGE_CURVE('',#12954,#12954,#12956,.T.);
#12954 = VERTEX_POINT('',#12955);
#12955 = CARTESIAN_POINT('',(133.38,-113.4445,1.51));
#12956 = CIRCLE('',#12957,0.4445);
#12957 = AXIS2_PLACEMENT_3D('',#12958,#12959,#12960);
#12958 = CARTESIAN_POINT('',(133.38,-113.,1.51));
#12959 = DIRECTION('',(-0.,0.,-1.));
#12960 = DIRECTION('',(-0.,-1.,0.));
#12961 = FACE_BOUND('',#12962,.T.);
#12962 = EDGE_LOOP('',(#12963));
#12963 = ORIENTED_EDGE('',*,*,#12964,.T.);
#12964 = EDGE_CURVE('',#12965,#12965,#12967,.T.);
#12965 = VERTEX_POINT('',#12966);
#12966 = CARTESIAN_POINT('',(133.38,-110.9045,1.51));
#12967 = CIRCLE('',#12968,0.4445);
#12968 = AXIS2_PLACEMENT_3D('',#12969,#12970,#12971);
#12969 = CARTESIAN_POINT('',(133.38,-110.46,1.51));
#12970 = DIRECTION('',(-0.,0.,-1.));
#12971 = DIRECTION('',(-0.,-1.,0.));
#12972 = FACE_BOUND('',#12973,.T.);
#12973 = EDGE_LOOP('',(#12974));
#12974 = ORIENTED_EDGE('',*,*,#12975,.T.);
#12975 = EDGE_CURVE('',#12976,#12976,#12978,.T.);
#12976 = VERTEX_POINT('',#12977);
#12977 = CARTESIAN_POINT('',(133.38,-108.3645,1.51));
#12978 = CIRCLE('',#12979,0.4445);
#12979 = AXIS2_PLACEMENT_3D('',#12980,#12981,#12982);
#12980 = CARTESIAN_POINT('',(133.38,-107.92,1.51));
#12981 = DIRECTION('',(-0.,0.,-1.));
#12982 = DIRECTION('',(-0.,-1.,0.));
#12983 = FACE_BOUND('',#12984,.T.);
#12984 = EDGE_LOOP('',(#12985));
#12985 = ORIENTED_EDGE('',*,*,#12986,.T.);
#12986 = EDGE_CURVE('',#12987,#12987,#12989,.T.);
#12987 = VERTEX_POINT('',#12988);
#12988 = CARTESIAN_POINT('',(133.38,-105.8245,1.51));
#12989 = CIRCLE('',#12990,0.4445);
#12990 = AXIS2_PLACEMENT_3D('',#12991,#12992,#12993);
#12991 = CARTESIAN_POINT('',(133.38,-105.38,1.51));
#12992 = DIRECTION('',(-0.,0.,-1.));
#12993 = DIRECTION('',(-0.,-1.,0.));
#12994 = FACE_BOUND('',#12995,.T.);
#12995 = EDGE_LOOP('',(#12996));
#12996 = ORIENTED_EDGE('',*,*,#12997,.T.);
#12997 = EDGE_CURVE('',#12998,#12998,#13000,.T.);
#12998 = VERTEX_POINT('',#12999);
#12999 = CARTESIAN_POINT('',(148.62,-121.0645,1.51));
#13000 = CIRCLE('',#13001,0.4445);
#13001 = AXIS2_PLACEMENT_3D('',#13002,#13003,#13004);
#13002 = CARTESIAN_POINT('',(148.62,-120.62,1.51));
#13003 = DIRECTION('',(-0.,0.,-1.));
#13004 = DIRECTION('',(-0.,-1.,0.));
#13005 = FACE_BOUND('',#13006,.T.);
#13006 = EDGE_LOOP('',(#13007));
#13007 = ORIENTED_EDGE('',*,*,#13008,.T.);
#13008 = EDGE_CURVE('',#13009,#13009,#13011,.T.);
#13009 = VERTEX_POINT('',#13010);
#13010 = CARTESIAN_POINT('',(148.62,-118.5245,1.51));
#13011 = CIRCLE('',#13012,0.4445);
#13012 = AXIS2_PLACEMENT_3D('',#13013,#13014,#13015);
#13013 = CARTESIAN_POINT('',(148.62,-118.08,1.51));
#13014 = DIRECTION('',(-0.,0.,-1.));
#13015 = DIRECTION('',(-0.,-1.,0.));
#13016 = FACE_BOUND('',#13017,.T.);
#13017 = EDGE_LOOP('',(#13018));
#13018 = ORIENTED_EDGE('',*,*,#13019,.T.);
#13019 = EDGE_CURVE('',#13020,#13020,#13022,.T.);
#13020 = VERTEX_POINT('',#13021);
#13021 = CARTESIAN_POINT('',(148.62,-115.9845,1.51));
#13022 = CIRCLE('',#13023,0.4445);
#13023 = AXIS2_PLACEMENT_3D('',#13024,#13025,#13026);
#13024 = CARTESIAN_POINT('',(148.62,-115.54,1.51));
#13025 = DIRECTION('',(-0.,0.,-1.));
#13026 = DIRECTION('',(-0.,-1.,0.));
#13027 = FACE_BOUND('',#13028,.T.);
#13028 = EDGE_LOOP('',(#13029));
#13029 = ORIENTED_EDGE('',*,*,#13030,.T.);
#13030 = EDGE_CURVE('',#13031,#13031,#13033,.T.);
#13031 = VERTEX_POINT('',#13032);
#13032 = CARTESIAN_POINT('',(190.,-129.1,1.51));
#13033 = CIRCLE('',#13034,1.6);
#13034 = AXIS2_PLACEMENT_3D('',#13035,#13036,#13037);
#13035 = CARTESIAN_POINT('',(190.,-127.5,1.51));
#13036 = DIRECTION('',(-0.,0.,-1.));
#13037 = DIRECTION('',(-0.,-1.,0.));
#13038 = FACE_BOUND('',#13039,.T.);
#13039 = EDGE_LOOP('',(#13040));
#13040 = ORIENTED_EDGE('',*,*,#13041,.T.);
#13041 = EDGE_CURVE('',#13042,#13042,#13044,.T.);
#13042 = VERTEX_POINT('',#13043);
#13043 = CARTESIAN_POINT('',(177.54,-119.1,1.51));
#13044 = CIRCLE('',#13045,0.75);
#13045 = AXIS2_PLACEMENT_3D('',#13046,#13047,#13048);
#13046 = CARTESIAN_POINT('',(177.54,-118.35,1.51));
#13047 = DIRECTION('',(-0.,0.,-1.));
#13048 = DIRECTION('',(-0.,-1.,0.));
#13049 = FACE_BOUND('',#13050,.T.);
#13050 = EDGE_LOOP('',(#13051));
#13051 = ORIENTED_EDGE('',*,*,#13052,.T.);
#13052 = EDGE_CURVE('',#13053,#13053,#13055,.T.);
#13053 = VERTEX_POINT('',#13054);
#13054 = CARTESIAN_POINT('',(180.08,-120.47,1.51));
#13055 = CIRCLE('',#13056,0.85);
#13056 = AXIS2_PLACEMENT_3D('',#13057,#13058,#13059);
#13057 = CARTESIAN_POINT('',(180.08,-119.62,1.51));
#13058 = DIRECTION('',(-0.,0.,-1.));
#13059 = DIRECTION('',(3.343730521224E-14,-1.,-0.));
#13060 = FACE_BOUND('',#13061,.T.);
#13061 = EDGE_LOOP('',(#13062));
#13062 = ORIENTED_EDGE('',*,*,#13063,.T.);
#13063 = EDGE_CURVE('',#13064,#13064,#13066,.T.);
#13064 = VERTEX_POINT('',#13065);
#13065 = CARTESIAN_POINT('',(180.08,-116.54,1.51));
#13066 = CIRCLE('',#13067,2.);
#13067 = AXIS2_PLACEMENT_3D('',#13068,#13069,#13070);
#13068 = CARTESIAN_POINT('',(180.08,-114.54,1.51));
#13069 = DIRECTION('',(-0.,0.,-1.));
#13070 = DIRECTION('',(-0.,-1.,0.));
#13071 = FACE_BOUND('',#13072,.T.);
#13072 = EDGE_LOOP('',(#13073));
#13073 = ORIENTED_EDGE('',*,*,#13074,.T.);
#13074 = EDGE_CURVE('',#13075,#13075,#13077,.T.);
#13075 = VERTEX_POINT('',#13076);
#13076 = CARTESIAN_POINT('',(148.62,-113.4445,1.51));
#13077 = CIRCLE('',#13078,0.4445);
#13078 = AXIS2_PLACEMENT_3D('',#13079,#13080,#13081);
#13079 = CARTESIAN_POINT('',(148.62,-113.,1.51));
#13080 = DIRECTION('',(-0.,0.,-1.));
#13081 = DIRECTION('',(-0.,-1.,0.));
#13082 = FACE_BOUND('',#13083,.T.);
#13083 = EDGE_LOOP('',(#13084));
#13084 = ORIENTED_EDGE('',*,*,#13085,.T.);
#13085 = EDGE_CURVE('',#13086,#13086,#13088,.T.);
#13086 = VERTEX_POINT('',#13087);
#13087 = CARTESIAN_POINT('',(148.62,-110.9045,1.51));
#13088 = CIRCLE('',#13089,0.4445);
#13089 = AXIS2_PLACEMENT_3D('',#13090,#13091,#13092);
#13090 = CARTESIAN_POINT('',(148.62,-110.46,1.51));
#13091 = DIRECTION('',(-0.,0.,-1.));
#13092 = DIRECTION('',(-0.,-1.,0.));
#13093 = FACE_BOUND('',#13094,.T.);
#13094 = EDGE_LOOP('',(#13095));
#13095 = ORIENTED_EDGE('',*,*,#13096,.T.);
#13096 = EDGE_CURVE('',#13097,#13097,#13099,.T.);
#13097 = VERTEX_POINT('',#13098);
#13098 = CARTESIAN_POINT('',(148.62,-108.3645,1.51));
#13099 = CIRCLE('',#13100,0.4445);
#13100 = AXIS2_PLACEMENT_3D('',#13101,#13102,#13103);
#13101 = CARTESIAN_POINT('',(148.62,-107.92,1.51));
#13102 = DIRECTION('',(-0.,0.,-1.));
#13103 = DIRECTION('',(-0.,-1.,0.));
#13104 = FACE_BOUND('',#13105,.T.);
#13105 = EDGE_LOOP('',(#13106));
#13106 = ORIENTED_EDGE('',*,*,#13107,.T.);
#13107 = EDGE_CURVE('',#13108,#13108,#13110,.T.);
#13108 = VERTEX_POINT('',#13109);
#13109 = CARTESIAN_POINT('',(148.62,-105.8245,1.51));
#13110 = CIRCLE('',#13111,0.4445);
#13111 = AXIS2_PLACEMENT_3D('',#13112,#13113,#13114);
#13112 = CARTESIAN_POINT('',(148.62,-105.38,1.51));
#13113 = DIRECTION('',(-0.,0.,-1.));
#13114 = DIRECTION('',(-0.,-1.,0.));
#13115 = FACE_BOUND('',#13116,.T.);
#13116 = EDGE_LOOP('',(#13117));
#13117 = ORIENTED_EDGE('',*,*,#13118,.T.);
#13118 = EDGE_CURVE('',#13119,#13119,#13121,.T.);
#13119 = VERTEX_POINT('',#13120);
#13120 = CARTESIAN_POINT('',(175.,-112.75,1.51));
#13121 = CIRCLE('',#13122,0.75);
#13122 = AXIS2_PLACEMENT_3D('',#13123,#13124,#13125);
#13123 = CARTESIAN_POINT('',(175.,-112.,1.51));
#13124 = DIRECTION('',(-0.,0.,-1.));
#13125 = DIRECTION('',(-0.,-1.,0.));
#13126 = FACE_BOUND('',#13127,.T.);
#13127 = EDGE_LOOP('',(#13128));
#13128 = ORIENTED_EDGE('',*,*,#13129,.T.);
#13129 = EDGE_CURVE('',#13130,#13130,#13132,.T.);
#13130 = VERTEX_POINT('',#13131);
#13131 = CARTESIAN_POINT('',(180.08,-110.31,1.51));
#13132 = CIRCLE('',#13133,0.85);
#13133 = AXIS2_PLACEMENT_3D('',#13134,#13135,#13136);
#13134 = CARTESIAN_POINT('',(180.08,-109.46,1.51));
#13135 = DIRECTION('',(-0.,0.,-1.));
#13136 = DIRECTION('',(3.343730521224E-14,-1.,-0.));
#13137 = FACE_BOUND('',#13138,.T.);
#13138 = EDGE_LOOP('',(#13139));
#13139 = ORIENTED_EDGE('',*,*,#13140,.T.);
#13140 = EDGE_CURVE('',#13141,#13141,#13143,.T.);
#13141 = VERTEX_POINT('',#13142);
#13142 = CARTESIAN_POINT('',(99.54,-95.1,1.51));
#13143 = CIRCLE('',#13144,0.75);
#13144 = AXIS2_PLACEMENT_3D('',#13145,#13146,#13147);
#13145 = CARTESIAN_POINT('',(99.54,-94.35,1.51));
#13146 = DIRECTION('',(-0.,0.,-1.));
#13147 = DIRECTION('',(-0.,-1.,0.));
#13148 = FACE_BOUND('',#13149,.T.);
#13149 = EDGE_LOOP('',(#13150));
#13150 = ORIENTED_EDGE('',*,*,#13151,.T.);
#13151 = EDGE_CURVE('',#13152,#13152,#13154,.T.);
#13152 = VERTEX_POINT('',#13153);
#13153 = CARTESIAN_POINT('',(102.08,-96.47,1.51));
#13154 = CIRCLE('',#13155,0.85);
#13155 = AXIS2_PLACEMENT_3D('',#13156,#13157,#13158);
#13156 = CARTESIAN_POINT('',(102.08,-95.62,1.51));
#13157 = DIRECTION('',(-0.,0.,-1.));
#13158 = DIRECTION('',(-1.671865260612E-14,-1.,0.));
#13159 = FACE_BOUND('',#13160,.T.);
#13160 = EDGE_LOOP('',(#13161));
#13161 = ORIENTED_EDGE('',*,*,#13162,.T.);
#13162 = EDGE_CURVE('',#13163,#13163,#13165,.T.);
#13163 = VERTEX_POINT('',#13164);
#13164 = CARTESIAN_POINT('',(102.08,-92.54,1.51));
#13165 = CIRCLE('',#13166,2.);
#13166 = AXIS2_PLACEMENT_3D('',#13167,#13168,#13169);
#13167 = CARTESIAN_POINT('',(102.08,-90.54,1.51));
#13168 = DIRECTION('',(-0.,0.,-1.));
#13169 = DIRECTION('',(-0.,-1.,0.));
#13170 = FACE_BOUND('',#13171,.T.);
#13171 = EDGE_LOOP('',(#13172));
#13172 = ORIENTED_EDGE('',*,*,#13173,.T.);
#13173 = EDGE_CURVE('',#13174,#13174,#13176,.T.);
#13174 = VERTEX_POINT('',#13175);
#13175 = CARTESIAN_POINT('',(97.,-88.75,1.51));
#13176 = CIRCLE('',#13177,0.75);
#13177 = AXIS2_PLACEMENT_3D('',#13178,#13179,#13180);
#13178 = CARTESIAN_POINT('',(97.,-88.,1.51));
#13179 = DIRECTION('',(-0.,0.,-1.));
#13180 = DIRECTION('',(-0.,-1.,0.));
#13181 = FACE_BOUND('',#13182,.T.);
#13182 = EDGE_LOOP('',(#13183));
#13183 = ORIENTED_EDGE('',*,*,#13184,.T.);
#13184 = EDGE_CURVE('',#13185,#13185,#13187,.T.);
#13185 = VERTEX_POINT('',#13186);
#13186 = CARTESIAN_POINT('',(102.08,-86.31,1.51));
#13187 = CIRCLE('',#13188,0.85);
#13188 = AXIS2_PLACEMENT_3D('',#13189,#13190,#13191);
#13189 = CARTESIAN_POINT('',(102.08,-85.46,1.51));
#13190 = DIRECTION('',(-0.,0.,-1.));
#13191 = DIRECTION('',(-1.671865260612E-14,-1.,0.));
#13192 = FACE_BOUND('',#13193,.T.);
#13193 = EDGE_LOOP('',(#13194));
#13194 = ORIENTED_EDGE('',*,*,#13195,.T.);
#13195 = EDGE_CURVE('',#13196,#13196,#13198,.T.);
#13196 = VERTEX_POINT('',#13197);
#13197 = CARTESIAN_POINT('',(132.1,-93.5,1.51));
#13198 = CIRCLE('',#13199,0.5);
#13199 = AXIS2_PLACEMENT_3D('',#13200,#13201,#13202);
#13200 = CARTESIAN_POINT('',(132.1,-93.,1.51));
#13201 = DIRECTION('',(-0.,0.,-1.));
#13202 = DIRECTION('',(-0.,-1.,0.));
#13203 = FACE_BOUND('',#13204,.T.);
#13204 = EDGE_LOOP('',(#13205));
#13205 = ORIENTED_EDGE('',*,*,#13206,.T.);
#13206 = EDGE_CURVE('',#13207,#13207,#13209,.T.);
#13207 = VERTEX_POINT('',#13208);
#13208 = CARTESIAN_POINT('',(134.64,-93.5,1.51));
#13209 = CIRCLE('',#13210,0.5);
#13210 = AXIS2_PLACEMENT_3D('',#13211,#13212,#13213);
#13211 = CARTESIAN_POINT('',(134.64,-93.,1.51));
#13212 = DIRECTION('',(-0.,0.,-1.));
#13213 = DIRECTION('',(-0.,-1.,0.));
#13214 = FACE_BOUND('',#13215,.T.);
#13215 = EDGE_LOOP('',(#13216));
#13216 = ORIENTED_EDGE('',*,*,#13217,.T.);
#13217 = EDGE_CURVE('',#13218,#13218,#13220,.T.);
#13218 = VERTEX_POINT('',#13219);
#13219 = CARTESIAN_POINT('',(137.18,-93.5,1.51));
#13220 = CIRCLE('',#13221,0.5);
#13221 = AXIS2_PLACEMENT_3D('',#13222,#13223,#13224);
#13222 = CARTESIAN_POINT('',(137.18,-93.,1.51));
#13223 = DIRECTION('',(-0.,0.,-1.));
#13224 = DIRECTION('',(-0.,-1.,0.));
#13225 = FACE_BOUND('',#13226,.T.);
#13226 = EDGE_LOOP('',(#13227));
#13227 = ORIENTED_EDGE('',*,*,#13228,.T.);
#13228 = EDGE_CURVE('',#13229,#13229,#13231,.T.);
#13229 = VERTEX_POINT('',#13230);
#13230 = CARTESIAN_POINT('',(139.72,-93.5,1.51));
#13231 = CIRCLE('',#13232,0.5);
#13232 = AXIS2_PLACEMENT_3D('',#13233,#13234,#13235);
#13233 = CARTESIAN_POINT('',(139.72,-93.,1.51));
#13234 = DIRECTION('',(-0.,0.,-1.));
#13235 = DIRECTION('',(-0.,-1.,0.));
#13236 = FACE_BOUND('',#13237,.T.);
#13237 = EDGE_LOOP('',(#13238));
#13238 = ORIENTED_EDGE('',*,*,#13239,.T.);
#13239 = EDGE_CURVE('',#13240,#13240,#13242,.T.);
#13240 = VERTEX_POINT('',#13241);
#13241 = CARTESIAN_POINT('',(92.,-75.1,1.51));
#13242 = CIRCLE('',#13243,1.6);
#13243 = AXIS2_PLACEMENT_3D('',#13244,#13245,#13246);
#13244 = CARTESIAN_POINT('',(92.,-73.5,1.51));
#13245 = DIRECTION('',(-0.,0.,-1.));
#13246 = DIRECTION('',(-0.,-1.,0.));
#13247 = FACE_BOUND('',#13248,.T.);
#13248 = EDGE_LOOP('',(#13249));
#13249 = ORIENTED_EDGE('',*,*,#13250,.T.);
#13250 = EDGE_CURVE('',#13251,#13251,#13253,.T.);
#13251 = VERTEX_POINT('',#13252);
#13252 = CARTESIAN_POINT('',(142.26,-93.5,1.51));
#13253 = CIRCLE('',#13254,0.5);
#13254 = AXIS2_PLACEMENT_3D('',#13255,#13256,#13257);
#13255 = CARTESIAN_POINT('',(142.26,-93.,1.51));
#13256 = DIRECTION('',(-0.,0.,-1.));
#13257 = DIRECTION('',(-0.,-1.,0.));
#13258 = FACE_BOUND('',#13259,.T.);
#13259 = EDGE_LOOP('',(#13260));
#13260 = ORIENTED_EDGE('',*,*,#13261,.T.);
#13261 = EDGE_CURVE('',#13262,#13262,#13264,.T.);
#13262 = VERTEX_POINT('',#13263);
#13263 = CARTESIAN_POINT('',(144.8,-93.5,1.51));
#13264 = CIRCLE('',#13265,0.5);
#13265 = AXIS2_PLACEMENT_3D('',#13266,#13267,#13268);
#13266 = CARTESIAN_POINT('',(144.8,-93.,1.51));
#13267 = DIRECTION('',(-0.,0.,-1.));
#13268 = DIRECTION('',(-0.,-1.,0.));
#13269 = FACE_BOUND('',#13270,.T.);
#13270 = EDGE_LOOP('',(#13271));
#13271 = ORIENTED_EDGE('',*,*,#13272,.T.);
#13272 = EDGE_CURVE('',#13273,#13273,#13275,.T.);
#13273 = VERTEX_POINT('',#13274);
#13274 = CARTESIAN_POINT('',(147.34,-93.5,1.51));
#13275 = CIRCLE('',#13276,0.5);
#13276 = AXIS2_PLACEMENT_3D('',#13277,#13278,#13279);
#13277 = CARTESIAN_POINT('',(147.34,-93.,1.51));
#13278 = DIRECTION('',(-0.,0.,-1.));
#13279 = DIRECTION('',(-0.,-1.,0.));
#13280 = FACE_BOUND('',#13281,.T.);
#13281 = EDGE_LOOP('',(#13282));
#13282 = ORIENTED_EDGE('',*,*,#13283,.T.);
#13283 = EDGE_CURVE('',#13284,#13284,#13286,.T.);
#13284 = VERTEX_POINT('',#13285);
#13285 = CARTESIAN_POINT('',(149.88,-93.5,1.51));
#13286 = CIRCLE('',#13287,0.5);
#13287 = AXIS2_PLACEMENT_3D('',#13288,#13289,#13290);
#13288 = CARTESIAN_POINT('',(149.88,-93.,1.51));
#13289 = DIRECTION('',(-0.,0.,-1.));
#13290 = DIRECTION('',(-0.,-1.,0.));
#13291 = FACE_BOUND('',#13292,.T.);
#13292 = EDGE_LOOP('',(#13293));
#13293 = ORIENTED_EDGE('',*,*,#13294,.T.);
#13294 = EDGE_CURVE('',#13295,#13295,#13297,.T.);
#13295 = VERTEX_POINT('',#13296);
#13296 = CARTESIAN_POINT('',(177.54,-95.1,1.51));
#13297 = CIRCLE('',#13298,0.75);
#13298 = AXIS2_PLACEMENT_3D('',#13299,#13300,#13301);
#13299 = CARTESIAN_POINT('',(177.54,-94.35,1.51));
#13300 = DIRECTION('',(-0.,0.,-1.));
#13301 = DIRECTION('',(-0.,-1.,0.));
#13302 = FACE_BOUND('',#13303,.T.);
#13303 = EDGE_LOOP('',(#13304));
#13304 = ORIENTED_EDGE('',*,*,#13305,.T.);
#13305 = EDGE_CURVE('',#13306,#13306,#13308,.T.);
#13306 = VERTEX_POINT('',#13307);
#13307 = CARTESIAN_POINT('',(180.08,-96.47,1.51));
#13308 = CIRCLE('',#13309,0.85);
#13309 = AXIS2_PLACEMENT_3D('',#13310,#13311,#13312);
#13310 = CARTESIAN_POINT('',(180.08,-95.62,1.51));
#13311 = DIRECTION('',(-0.,0.,-1.));
#13312 = DIRECTION('',(3.343730521224E-14,-1.,-0.));
#13313 = FACE_BOUND('',#13314,.T.);
#13314 = EDGE_LOOP('',(#13315));
#13315 = ORIENTED_EDGE('',*,*,#13316,.T.);
#13316 = EDGE_CURVE('',#13317,#13317,#13319,.T.);
#13317 = VERTEX_POINT('',#13318);
#13318 = CARTESIAN_POINT('',(175.,-88.75,1.51));
#13319 = CIRCLE('',#13320,0.75);
#13320 = AXIS2_PLACEMENT_3D('',#13321,#13322,#13323);
#13321 = CARTESIAN_POINT('',(175.,-88.,1.51));
#13322 = DIRECTION('',(-0.,0.,-1.));
#13323 = DIRECTION('',(-0.,-1.,0.));
#13324 = FACE_BOUND('',#13325,.T.);
#13325 = EDGE_LOOP('',(#13326));
#13326 = ORIENTED_EDGE('',*,*,#13327,.T.);
#13327 = EDGE_CURVE('',#13328,#13328,#13330,.T.);
#13328 = VERTEX_POINT('',#13329);
#13329 = CARTESIAN_POINT('',(180.08,-92.54,1.51));
#13330 = CIRCLE('',#13331,2.);
#13331 = AXIS2_PLACEMENT_3D('',#13332,#13333,#13334);
#13332 = CARTESIAN_POINT('',(180.08,-90.54,1.51));
#13333 = DIRECTION('',(-0.,0.,-1.));
#13334 = DIRECTION('',(-0.,-1.,0.));
#13335 = FACE_BOUND('',#13336,.T.);
#13336 = EDGE_LOOP('',(#13337));
#13337 = ORIENTED_EDGE('',*,*,#13338,.T.);
#13338 = EDGE_CURVE('',#13339,#13339,#13341,.T.);
#13339 = VERTEX_POINT('',#13340);
#13340 = CARTESIAN_POINT('',(180.08,-86.31,1.51));
#13341 = CIRCLE('',#13342,0.85);
#13342 = AXIS2_PLACEMENT_3D('',#13343,#13344,#13345);
#13343 = CARTESIAN_POINT('',(180.08,-85.46,1.51));
#13344 = DIRECTION('',(-0.,0.,-1.));
#13345 = DIRECTION('',(3.343730521224E-14,-1.,-0.));
#13346 = FACE_BOUND('',#13347,.T.);
#13347 = EDGE_LOOP('',(#13348));
#13348 = ORIENTED_EDGE('',*,*,#13349,.T.);
#13349 = EDGE_CURVE('',#13350,#13350,#13352,.T.);
#13350 = VERTEX_POINT('',#13351);
#13351 = CARTESIAN_POINT('',(141.,-78.5,1.51));
#13352 = CIRCLE('',#13353,0.5);
#13353 = AXIS2_PLACEMENT_3D('',#13354,#13355,#13356);
#13354 = CARTESIAN_POINT('',(141.,-78.,1.51));
#13355 = DIRECTION('',(-0.,0.,-1.));
#13356 = DIRECTION('',(-0.,-1.,0.));
#13357 = FACE_BOUND('',#13358,.T.);
#13358 = EDGE_LOOP('',(#13359));
#13359 = ORIENTED_EDGE('',*,*,#13360,.T.);
#13360 = EDGE_CURVE('',#13361,#13361,#13363,.T.);
#13361 = VERTEX_POINT('',#13362);
#13362 = CARTESIAN_POINT('',(141.,-70.9,1.51));
#13363 = CIRCLE('',#13364,0.5);
#13364 = AXIS2_PLACEMENT_3D('',#13365,#13366,#13367);
#13365 = CARTESIAN_POINT('',(141.,-70.4,1.51));
#13366 = DIRECTION('',(-0.,0.,-1.));
#13367 = DIRECTION('',(-0.,-1.,0.));
#13368 = FACE_BOUND('',#13369,.T.);
#13369 = EDGE_LOOP('',(#13370));
#13370 = ORIENTED_EDGE('',*,*,#13371,.T.);
#13371 = EDGE_CURVE('',#13372,#13372,#13374,.T.);
#13372 = VERTEX_POINT('',#13373);
#13373 = CARTESIAN_POINT('',(190.,-75.1,1.51));
#13374 = CIRCLE('',#13375,1.6);
#13375 = AXIS2_PLACEMENT_3D('',#13376,#13377,#13378);
#13376 = CARTESIAN_POINT('',(190.,-73.5,1.51));
#13377 = DIRECTION('',(-0.,0.,-1.));
#13378 = DIRECTION('',(-0.,-1.,0.));
#13379 = PLANE('',#13380);
#13380 = AXIS2_PLACEMENT_3D('',#13381,#13382,#13383);
#13381 = CARTESIAN_POINT('',(0.,0.,1.51));
#13382 = DIRECTION('',(0.,0.,1.));
#13383 = DIRECTION('',(1.,0.,-0.));
#13384 = ADVANCED_FACE('',(#13385),#13391,.T.);
#13385 = FACE_BOUND('',#13386,.T.);
#13386 = EDGE_LOOP('',(#13387,#13388,#13389,#13390));
#13387 = ORIENTED_EDGE('',*,*,#12276,.T.);
#13388 = ORIENTED_EDGE('',*,*,#12845,.T.);
#13389 = ORIENTED_EDGE('',*,*,#12236,.F.);
#13390 = ORIENTED_EDGE('',*,*,#12300,.F.);
#13391 = PLANE('',#13392);
#13392 = AXIS2_PLACEMENT_3D('',#13393,#13394,#13395);
#13393 = CARTESIAN_POINT('',(88.,-65.5,0.));
#13394 = DIRECTION('',(0.,1.,0.));
#13395 = DIRECTION('',(1.,0.,0.));
#13396 = ADVANCED_FACE('',(#13397),#13408,.F.);
#13397 = FACE_BOUND('',#13398,.T.);
#13398 = EDGE_LOOP('',(#13399,#13400,#13406,#13407));
#13399 = ORIENTED_EDGE('',*,*,#12309,.T.);
#13400 = ORIENTED_EDGE('',*,*,#13401,.T.);
#13401 = EDGE_CURVE('',#12310,#12855,#13402,.T.);
#13402 = LINE('',#13403,#13404);
#13403 = CARTESIAN_POINT('',(92.,-129.1,-4.6E-02));
#13404 = VECTOR('',#13405,1.);
#13405 = DIRECTION('',(0.,0.,1.));
#13406 = ORIENTED_EDGE('',*,*,#12854,.F.);
#13407 = ORIENTED_EDGE('',*,*,#13401,.F.);
#13408 = CYLINDRICAL_SURFACE('',#13409,1.6);
#13409 = AXIS2_PLACEMENT_3D('',#13410,#13411,#13412);
#13410 = CARTESIAN_POINT('',(92.,-127.5,-4.6E-02));
#13411 = DIRECTION('',(-0.,-0.,-1.));
#13412 = DIRECTION('',(-0.,-1.,0.));
#13413 = ADVANCED_FACE('',(#13414),#13425,.F.);
#13414 = FACE_BOUND('',#13415,.T.);
#13415 = EDGE_LOOP('',(#13416,#13417,#13423,#13424));
#13416 = ORIENTED_EDGE('',*,*,#12320,.T.);
#13417 = ORIENTED_EDGE('',*,*,#13418,.T.);
#13418 = EDGE_CURVE('',#12321,#12866,#13419,.T.);
#13419 = LINE('',#13420,#13421);
#13420 = CARTESIAN_POINT('',(99.54,-119.1,-4.6E-02));
#13421 = VECTOR('',#13422,1.);
#13422 = DIRECTION('',(0.,0.,1.));
#13423 = ORIENTED_EDGE('',*,*,#12865,.F.);
#13424 = ORIENTED_EDGE('',*,*,#13418,.F.);
#13425 = CYLINDRICAL_SURFACE('',#13426,0.75);
#13426 = AXIS2_PLACEMENT_3D('',#13427,#13428,#13429);
#13427 = CARTESIAN_POINT('',(99.54,-118.35,-4.6E-02));
#13428 = DIRECTION('',(-0.,-0.,-1.));
#13429 = DIRECTION('',(-0.,-1.,0.));
#13430 = ADVANCED_FACE('',(#13431),#13442,.F.);
#13431 = FACE_BOUND('',#13432,.T.);
#13432 = EDGE_LOOP('',(#13433,#13434,#13440,#13441));
#13433 = ORIENTED_EDGE('',*,*,#12331,.T.);
#13434 = ORIENTED_EDGE('',*,*,#13435,.T.);
#13435 = EDGE_CURVE('',#12332,#12877,#13436,.T.);
#13436 = LINE('',#13437,#13438);
#13437 = CARTESIAN_POINT('',(102.08,-120.47,-4.6E-02));
#13438 = VECTOR('',#13439,1.);
#13439 = DIRECTION('',(0.,0.,1.));
#13440 = ORIENTED_EDGE('',*,*,#12876,.F.);
#13441 = ORIENTED_EDGE('',*,*,#13435,.F.);
#13442 = CYLINDRICAL_SURFACE('',#13443,0.85);
#13443 = AXIS2_PLACEMENT_3D('',#13444,#13445,#13446);
#13444 = CARTESIAN_POINT('',(102.08,-119.62,-4.6E-02));
#13445 = DIRECTION('',(-0.,-0.,-1.));
#13446 = DIRECTION('',(-1.671865260612E-14,-1.,0.));
#13447 = ADVANCED_FACE('',(#13448),#13459,.F.);
#13448 = FACE_BOUND('',#13449,.T.);
#13449 = EDGE_LOOP('',(#13450,#13451,#13457,#13458));
#13450 = ORIENTED_EDGE('',*,*,#12342,.T.);
#13451 = ORIENTED_EDGE('',*,*,#13452,.T.);
#13452 = EDGE_CURVE('',#12343,#12888,#13453,.T.);
#13453 = LINE('',#13454,#13455);
#13454 = CARTESIAN_POINT('',(102.08,-116.54,-4.6E-02));
#13455 = VECTOR('',#13456,1.);
#13456 = DIRECTION('',(0.,0.,1.));
#13457 = ORIENTED_EDGE('',*,*,#12887,.F.);
#13458 = ORIENTED_EDGE('',*,*,#13452,.F.);
#13459 = CYLINDRICAL_SURFACE('',#13460,2.);
#13460 = AXIS2_PLACEMENT_3D('',#13461,#13462,#13463);
#13461 = CARTESIAN_POINT('',(102.08,-114.54,-4.6E-02));
#13462 = DIRECTION('',(-0.,-0.,-1.));
#13463 = DIRECTION('',(-0.,-1.,0.));
#13464 = ADVANCED_FACE('',(#13465),#13476,.F.);
#13465 = FACE_BOUND('',#13466,.T.);
#13466 = EDGE_LOOP('',(#13467,#13468,#13474,#13475));
#13467 = ORIENTED_EDGE('',*,*,#12353,.T.);
#13468 = ORIENTED_EDGE('',*,*,#13469,.T.);
#13469 = EDGE_CURVE('',#12354,#12899,#13470,.T.);
#13470 = LINE('',#13471,#13472);
#13471 = CARTESIAN_POINT('',(133.38,-121.0645,-4.6E-02));
#13472 = VECTOR('',#13473,1.);
#13473 = DIRECTION('',(0.,0.,1.));
#13474 = ORIENTED_EDGE('',*,*,#12898,.F.);
#13475 = ORIENTED_EDGE('',*,*,#13469,.F.);
#13476 = CYLINDRICAL_SURFACE('',#13477,0.4445);
#13477 = AXIS2_PLACEMENT_3D('',#13478,#13479,#13480);
#13478 = CARTESIAN_POINT('',(133.38,-120.62,-4.6E-02));
#13479 = DIRECTION('',(-0.,-0.,-1.));
#13480 = DIRECTION('',(-0.,-1.,0.));
#13481 = ADVANCED_FACE('',(#13482),#13493,.F.);
#13482 = FACE_BOUND('',#13483,.T.);
#13483 = EDGE_LOOP('',(#13484,#13485,#13491,#13492));
#13484 = ORIENTED_EDGE('',*,*,#12364,.T.);
#13485 = ORIENTED_EDGE('',*,*,#13486,.T.);
#13486 = EDGE_CURVE('',#12365,#12910,#13487,.T.);
#13487 = LINE('',#13488,#13489);
#13488 = CARTESIAN_POINT('',(133.38,-118.5245,-4.6E-02));
#13489 = VECTOR('',#13490,1.);
#13490 = DIRECTION('',(0.,0.,1.));
#13491 = ORIENTED_EDGE('',*,*,#12909,.F.);
#13492 = ORIENTED_EDGE('',*,*,#13486,.F.);
#13493 = CYLINDRICAL_SURFACE('',#13494,0.4445);
#13494 = AXIS2_PLACEMENT_3D('',#13495,#13496,#13497);
#13495 = CARTESIAN_POINT('',(133.38,-118.08,-4.6E-02));
#13496 = DIRECTION('',(-0.,-0.,-1.));
#13497 = DIRECTION('',(-0.,-1.,0.));
#13498 = ADVANCED_FACE('',(#13499),#13510,.F.);
#13499 = FACE_BOUND('',#13500,.T.);
#13500 = EDGE_LOOP('',(#13501,#13502,#13508,#13509));
#13501 = ORIENTED_EDGE('',*,*,#12375,.T.);
#13502 = ORIENTED_EDGE('',*,*,#13503,.T.);
#13503 = EDGE_CURVE('',#12376,#12921,#13504,.T.);
#13504 = LINE('',#13505,#13506);
#13505 = CARTESIAN_POINT('',(133.38,-115.9845,-4.6E-02));
#13506 = VECTOR('',#13507,1.);
#13507 = DIRECTION('',(0.,0.,1.));
#13508 = ORIENTED_EDGE('',*,*,#12920,.F.);
#13509 = ORIENTED_EDGE('',*,*,#13503,.F.);
#13510 = CYLINDRICAL_SURFACE('',#13511,0.4445);
#13511 = AXIS2_PLACEMENT_3D('',#13512,#13513,#13514);
#13512 = CARTESIAN_POINT('',(133.38,-115.54,-4.6E-02));
#13513 = DIRECTION('',(-0.,-0.,-1.));
#13514 = DIRECTION('',(-0.,-1.,0.));
#13515 = ADVANCED_FACE('',(#13516),#13527,.F.);
#13516 = FACE_BOUND('',#13517,.T.);
#13517 = EDGE_LOOP('',(#13518,#13519,#13525,#13526));
#13518 = ORIENTED_EDGE('',*,*,#12386,.T.);
#13519 = ORIENTED_EDGE('',*,*,#13520,.T.);
#13520 = EDGE_CURVE('',#12387,#12932,#13521,.T.);
#13521 = LINE('',#13522,#13523);
#13522 = CARTESIAN_POINT('',(97.,-112.75,-4.6E-02));
#13523 = VECTOR('',#13524,1.);
#13524 = DIRECTION('',(0.,0.,1.));
#13525 = ORIENTED_EDGE('',*,*,#12931,.F.);
#13526 = ORIENTED_EDGE('',*,*,#13520,.F.);
#13527 = CYLINDRICAL_SURFACE('',#13528,0.75);
#13528 = AXIS2_PLACEMENT_3D('',#13529,#13530,#13531);
#13529 = CARTESIAN_POINT('',(97.,-112.,-4.6E-02));
#13530 = DIRECTION('',(-0.,-0.,-1.));
#13531 = DIRECTION('',(-0.,-1.,0.));
#13532 = ADVANCED_FACE('',(#13533),#13544,.F.);
#13533 = FACE_BOUND('',#13534,.T.);
#13534 = EDGE_LOOP('',(#13535,#13536,#13542,#13543));
#13535 = ORIENTED_EDGE('',*,*,#12397,.T.);
#13536 = ORIENTED_EDGE('',*,*,#13537,.T.);
#13537 = EDGE_CURVE('',#12398,#12943,#13538,.T.);
#13538 = LINE('',#13539,#13540);
#13539 = CARTESIAN_POINT('',(102.08,-110.31,-4.6E-02));
#13540 = VECTOR('',#13541,1.);
#13541 = DIRECTION('',(0.,0.,1.));
#13542 = ORIENTED_EDGE('',*,*,#12942,.F.);
#13543 = ORIENTED_EDGE('',*,*,#13537,.F.);
#13544 = CYLINDRICAL_SURFACE('',#13545,0.85);
#13545 = AXIS2_PLACEMENT_3D('',#13546,#13547,#13548);
#13546 = CARTESIAN_POINT('',(102.08,-109.46,-4.6E-02));
#13547 = DIRECTION('',(-0.,-0.,-1.));
#13548 = DIRECTION('',(-1.671865260612E-14,-1.,0.));
#13549 = ADVANCED_FACE('',(#13550),#13561,.F.);
#13550 = FACE_BOUND('',#13551,.T.);
#13551 = EDGE_LOOP('',(#13552,#13553,#13559,#13560));
#13552 = ORIENTED_EDGE('',*,*,#12408,.T.);
#13553 = ORIENTED_EDGE('',*,*,#13554,.T.);
#13554 = EDGE_CURVE('',#12409,#12954,#13555,.T.);
#13555 = LINE('',#13556,#13557);
#13556 = CARTESIAN_POINT('',(133.38,-113.4445,-4.6E-02));
#13557 = VECTOR('',#13558,1.);
#13558 = DIRECTION('',(0.,0.,1.));
#13559 = ORIENTED_EDGE('',*,*,#12953,.F.);
#13560 = ORIENTED_EDGE('',*,*,#13554,.F.);
#13561 = CYLINDRICAL_SURFACE('',#13562,0.4445);
#13562 = AXIS2_PLACEMENT_3D('',#13563,#13564,#13565);
#13563 = CARTESIAN_POINT('',(133.38,-113.,-4.6E-02));
#13564 = DIRECTION('',(-0.,-0.,-1.));
#13565 = DIRECTION('',(-0.,-1.,0.));
#13566 = ADVANCED_FACE('',(#13567),#13578,.F.);
#13567 = FACE_BOUND('',#13568,.T.);
#13568 = EDGE_LOOP('',(#13569,#13570,#13576,#13577));
#13569 = ORIENTED_EDGE('',*,*,#12419,.T.);
#13570 = ORIENTED_EDGE('',*,*,#13571,.T.);
#13571 = EDGE_CURVE('',#12420,#12965,#13572,.T.);
#13572 = LINE('',#13573,#13574);
#13573 = CARTESIAN_POINT('',(133.38,-110.9045,-4.6E-02));
#13574 = VECTOR('',#13575,1.);
#13575 = DIRECTION('',(0.,0.,1.));
#13576 = ORIENTED_EDGE('',*,*,#12964,.F.);
#13577 = ORIENTED_EDGE('',*,*,#13571,.F.);
#13578 = CYLINDRICAL_SURFACE('',#13579,0.4445);
#13579 = AXIS2_PLACEMENT_3D('',#13580,#13581,#13582);
#13580 = CARTESIAN_POINT('',(133.38,-110.46,-4.6E-02));
#13581 = DIRECTION('',(-0.,-0.,-1.));
#13582 = DIRECTION('',(-0.,-1.,0.));
#13583 = ADVANCED_FACE('',(#13584),#13595,.F.);
#13584 = FACE_BOUND('',#13585,.T.);
#13585 = EDGE_LOOP('',(#13586,#13587,#13593,#13594));
#13586 = ORIENTED_EDGE('',*,*,#12430,.T.);
#13587 = ORIENTED_EDGE('',*,*,#13588,.T.);
#13588 = EDGE_CURVE('',#12431,#12976,#13589,.T.);
#13589 = LINE('',#13590,#13591);
#13590 = CARTESIAN_POINT('',(133.38,-108.3645,-4.6E-02));
#13591 = VECTOR('',#13592,1.);
#13592 = DIRECTION('',(0.,0.,1.));
#13593 = ORIENTED_EDGE('',*,*,#12975,.F.);
#13594 = ORIENTED_EDGE('',*,*,#13588,.F.);
#13595 = CYLINDRICAL_SURFACE('',#13596,0.4445);
#13596 = AXIS2_PLACEMENT_3D('',#13597,#13598,#13599);
#13597 = CARTESIAN_POINT('',(133.38,-107.92,-4.6E-02));
#13598 = DIRECTION('',(-0.,-0.,-1.));
#13599 = DIRECTION('',(-0.,-1.,0.));
#13600 = ADVANCED_FACE('',(#13601),#13612,.F.);
#13601 = FACE_BOUND('',#13602,.T.);
#13602 = EDGE_LOOP('',(#13603,#13604,#13610,#13611));
#13603 = ORIENTED_EDGE('',*,*,#12441,.T.);
#13604 = ORIENTED_EDGE('',*,*,#13605,.T.);
#13605 = EDGE_CURVE('',#12442,#12987,#13606,.T.);
#13606 = LINE('',#13607,#13608);
#13607 = CARTESIAN_POINT('',(133.38,-105.8245,-4.6E-02));
#13608 = VECTOR('',#13609,1.);
#13609 = DIRECTION('',(0.,0.,1.));
#13610 = ORIENTED_EDGE('',*,*,#12986,.F.);
#13611 = ORIENTED_EDGE('',*,*,#13605,.F.);
#13612 = CYLINDRICAL_SURFACE('',#13613,0.4445);
#13613 = AXIS2_PLACEMENT_3D('',#13614,#13615,#13616);
#13614 = CARTESIAN_POINT('',(133.38,-105.38,-4.6E-02));
#13615 = DIRECTION('',(-0.,-0.,-1.));
#13616 = DIRECTION('',(-0.,-1.,0.));
#13617 = ADVANCED_FACE('',(#13618),#13629,.F.);
#13618 = FACE_BOUND('',#13619,.T.);
#13619 = EDGE_LOOP('',(#13620,#13621,#13627,#13628));
#13620 = ORIENTED_EDGE('',*,*,#12452,.T.);
#13621 = ORIENTED_EDGE('',*,*,#13622,.T.);
#13622 = EDGE_CURVE('',#12453,#12998,#13623,.T.);
#13623 = LINE('',#13624,#13625);
#13624 = CARTESIAN_POINT('',(148.62,-121.0645,-4.6E-02));
#13625 = VECTOR('',#13626,1.);
#13626 = DIRECTION('',(0.,0.,1.));
#13627 = ORIENTED_EDGE('',*,*,#12997,.F.);
#13628 = ORIENTED_EDGE('',*,*,#13622,.F.);
#13629 = CYLINDRICAL_SURFACE('',#13630,0.4445);
#13630 = AXIS2_PLACEMENT_3D('',#13631,#13632,#13633);
#13631 = CARTESIAN_POINT('',(148.62,-120.62,-4.6E-02));
#13632 = DIRECTION('',(-0.,-0.,-1.));
#13633 = DIRECTION('',(-0.,-1.,0.));
#13634 = ADVANCED_FACE('',(#13635),#13646,.F.);
#13635 = FACE_BOUND('',#13636,.T.);
#13636 = EDGE_LOOP('',(#13637,#13638,#13644,#13645));
#13637 = ORIENTED_EDGE('',*,*,#12463,.T.);
#13638 = ORIENTED_EDGE('',*,*,#13639,.T.);
#13639 = EDGE_CURVE('',#12464,#13009,#13640,.T.);
#13640 = LINE('',#13641,#13642);
#13641 = CARTESIAN_POINT('',(148.62,-118.5245,-4.6E-02));
#13642 = VECTOR('',#13643,1.);
#13643 = DIRECTION('',(0.,0.,1.));
#13644 = ORIENTED_EDGE('',*,*,#13008,.F.);
#13645 = ORIENTED_EDGE('',*,*,#13639,.F.);
#13646 = CYLINDRICAL_SURFACE('',#13647,0.4445);
#13647 = AXIS2_PLACEMENT_3D('',#13648,#13649,#13650);
#13648 = CARTESIAN_POINT('',(148.62,-118.08,-4.6E-02));
#13649 = DIRECTION('',(-0.,-0.,-1.));
#13650 = DIRECTION('',(-0.,-1.,0.));
#13651 = ADVANCED_FACE('',(#13652),#13663,.F.);
#13652 = FACE_BOUND('',#13653,.T.);
#13653 = EDGE_LOOP('',(#13654,#13655,#13661,#13662));
#13654 = ORIENTED_EDGE('',*,*,#12474,.T.);
#13655 = ORIENTED_EDGE('',*,*,#13656,.T.);
#13656 = EDGE_CURVE('',#12475,#13020,#13657,.T.);
#13657 = LINE('',#13658,#13659);
#13658 = CARTESIAN_POINT('',(148.62,-115.9845,-4.6E-02));
#13659 = VECTOR('',#13660,1.);
#13660 = DIRECTION('',(0.,0.,1.));
#13661 = ORIENTED_EDGE('',*,*,#13019,.F.);
#13662 = ORIENTED_EDGE('',*,*,#13656,.F.);
#13663 = CYLINDRICAL_SURFACE('',#13664,0.4445);
#13664 = AXIS2_PLACEMENT_3D('',#13665,#13666,#13667);
#13665 = CARTESIAN_POINT('',(148.62,-115.54,-4.6E-02));
#13666 = DIRECTION('',(-0.,-0.,-1.));
#13667 = DIRECTION('',(-0.,-1.,0.));
#13668 = ADVANCED_FACE('',(#13669),#13680,.F.);
#13669 = FACE_BOUND('',#13670,.T.);
#13670 = EDGE_LOOP('',(#13671,#13672,#13678,#13679));
#13671 = ORIENTED_EDGE('',*,*,#12485,.T.);
#13672 = ORIENTED_EDGE('',*,*,#13673,.T.);
#13673 = EDGE_CURVE('',#12486,#13031,#13674,.T.);
#13674 = LINE('',#13675,#13676);
#13675 = CARTESIAN_POINT('',(190.,-129.1,-4.6E-02));
#13676 = VECTOR('',#13677,1.);
#13677 = DIRECTION('',(0.,0.,1.));
#13678 = ORIENTED_EDGE('',*,*,#13030,.F.);
#13679 = ORIENTED_EDGE('',*,*,#13673,.F.);
#13680 = CYLINDRICAL_SURFACE('',#13681,1.6);
#13681 = AXIS2_PLACEMENT_3D('',#13682,#13683,#13684);
#13682 = CARTESIAN_POINT('',(190.,-127.5,-4.6E-02));
#13683 = DIRECTION('',(-0.,-0.,-1.));
#13684 = DIRECTION('',(-0.,-1.,0.));
#13685 = ADVANCED_FACE('',(#13686),#13697,.F.);
#13686 = FACE_BOUND('',#13687,.T.);
#13687 = EDGE_LOOP('',(#13688,#13689,#13695,#13696));
#13688 = ORIENTED_EDGE('',*,*,#12496,.T.);
#13689 = ORIENTED_EDGE('',*,*,#13690,.T.);
#13690 = EDGE_CURVE('',#12497,#13042,#13691,.T.);
#13691 = LINE('',#13692,#13693);
#13692 = CARTESIAN_POINT('',(177.54,-119.1,-4.6E-02));
#13693 = VECTOR('',#13694,1.);
#13694 = DIRECTION('',(0.,0.,1.));
#13695 = ORIENTED_EDGE('',*,*,#13041,.F.);
#13696 = ORIENTED_EDGE('',*,*,#13690,.F.);
#13697 = CYLINDRICAL_SURFACE('',#13698,0.75);
#13698 = AXIS2_PLACEMENT_3D('',#13699,#13700,#13701);
#13699 = CARTESIAN_POINT('',(177.54,-118.35,-4.6E-02));
#13700 = DIRECTION('',(-0.,-0.,-1.));
#13701 = DIRECTION('',(-0.,-1.,0.));
#13702 = ADVANCED_FACE('',(#13703),#13714,.F.);
#13703 = FACE_BOUND('',#13704,.T.);
#13704 = EDGE_LOOP('',(#13705,#13706,#13712,#13713));
#13705 = ORIENTED_EDGE('',*,*,#12507,.T.);
#13706 = ORIENTED_EDGE('',*,*,#13707,.T.);
#13707 = EDGE_CURVE('',#12508,#13053,#13708,.T.);
#13708 = LINE('',#13709,#13710);
#13709 = CARTESIAN_POINT('',(180.08,-120.47,-4.6E-02));
#13710 = VECTOR('',#13711,1.);
#13711 = DIRECTION('',(0.,0.,1.));
#13712 = ORIENTED_EDGE('',*,*,#13052,.F.);
#13713 = ORIENTED_EDGE('',*,*,#13707,.F.);
#13714 = CYLINDRICAL_SURFACE('',#13715,0.85);
#13715 = AXIS2_PLACEMENT_3D('',#13716,#13717,#13718);
#13716 = CARTESIAN_POINT('',(180.08,-119.62,-4.6E-02));
#13717 = DIRECTION('',(-0.,0.,-1.));
#13718 = DIRECTION('',(3.343730521224E-14,-1.,-0.));
#13719 = ADVANCED_FACE('',(#13720),#13731,.F.);
#13720 = FACE_BOUND('',#13721,.T.);
#13721 = EDGE_LOOP('',(#13722,#13723,#13729,#13730));
#13722 = ORIENTED_EDGE('',*,*,#12518,.T.);
#13723 = ORIENTED_EDGE('',*,*,#13724,.T.);
#13724 = EDGE_CURVE('',#12519,#13064,#13725,.T.);
#13725 = LINE('',#13726,#13727);
#13726 = CARTESIAN_POINT('',(180.08,-116.54,-4.6E-02));
#13727 = VECTOR('',#13728,1.);
#13728 = DIRECTION('',(0.,0.,1.));
#13729 = ORIENTED_EDGE('',*,*,#13063,.F.);
#13730 = ORIENTED_EDGE('',*,*,#13724,.F.);
#13731 = CYLINDRICAL_SURFACE('',#13732,2.);
#13732 = AXIS2_PLACEMENT_3D('',#13733,#13734,#13735);
#13733 = CARTESIAN_POINT('',(180.08,-114.54,-4.6E-02));
#13734 = DIRECTION('',(-0.,-0.,-1.));
#13735 = DIRECTION('',(-0.,-1.,0.));
#13736 = ADVANCED_FACE('',(#13737),#13748,.F.);
#13737 = FACE_BOUND('',#13738,.T.);
#13738 = EDGE_LOOP('',(#13739,#13740,#13746,#13747));
#13739 = ORIENTED_EDGE('',*,*,#12529,.T.);
#13740 = ORIENTED_EDGE('',*,*,#13741,.T.);
#13741 = EDGE_CURVE('',#12530,#13075,#13742,.T.);
#13742 = LINE('',#13743,#13744);
#13743 = CARTESIAN_POINT('',(148.62,-113.4445,-4.6E-02));
#13744 = VECTOR('',#13745,1.);
#13745 = DIRECTION('',(0.,0.,1.));
#13746 = ORIENTED_EDGE('',*,*,#13074,.F.);
#13747 = ORIENTED_EDGE('',*,*,#13741,.F.);
#13748 = CYLINDRICAL_SURFACE('',#13749,0.4445);
#13749 = AXIS2_PLACEMENT_3D('',#13750,#13751,#13752);
#13750 = CARTESIAN_POINT('',(148.62,-113.,-4.6E-02));
#13751 = DIRECTION('',(-0.,-0.,-1.));
#13752 = DIRECTION('',(-0.,-1.,0.));
#13753 = ADVANCED_FACE('',(#13754),#13765,.F.);
#13754 = FACE_BOUND('',#13755,.T.);
#13755 = EDGE_LOOP('',(#13756,#13757,#13763,#13764));
#13756 = ORIENTED_EDGE('',*,*,#12540,.T.);
#13757 = ORIENTED_EDGE('',*,*,#13758,.T.);
#13758 = EDGE_CURVE('',#12541,#13086,#13759,.T.);
#13759 = LINE('',#13760,#13761);
#13760 = CARTESIAN_POINT('',(148.62,-110.9045,-4.6E-02));
#13761 = VECTOR('',#13762,1.);
#13762 = DIRECTION('',(0.,0.,1.));
#13763 = ORIENTED_EDGE('',*,*,#13085,.F.);
#13764 = ORIENTED_EDGE('',*,*,#13758,.F.);
#13765 = CYLINDRICAL_SURFACE('',#13766,0.4445);
#13766 = AXIS2_PLACEMENT_3D('',#13767,#13768,#13769);
#13767 = CARTESIAN_POINT('',(148.62,-110.46,-4.6E-02));
#13768 = DIRECTION('',(-0.,-0.,-1.));
#13769 = DIRECTION('',(-0.,-1.,0.));
#13770 = ADVANCED_FACE('',(#13771),#13782,.F.);
#13771 = FACE_BOUND('',#13772,.T.);
#13772 = EDGE_LOOP('',(#13773,#13774,#13780,#13781));
#13773 = ORIENTED_EDGE('',*,*,#12551,.T.);
#13774 = ORIENTED_EDGE('',*,*,#13775,.T.);
#13775 = EDGE_CURVE('',#12552,#13097,#13776,.T.);
#13776 = LINE('',#13777,#13778);
#13777 = CARTESIAN_POINT('',(148.62,-108.3645,-4.6E-02));
#13778 = VECTOR('',#13779,1.);
#13779 = DIRECTION('',(0.,0.,1.));
#13780 = ORIENTED_EDGE('',*,*,#13096,.F.);
#13781 = ORIENTED_EDGE('',*,*,#13775,.F.);
#13782 = CYLINDRICAL_SURFACE('',#13783,0.4445);
#13783 = AXIS2_PLACEMENT_3D('',#13784,#13785,#13786);
#13784 = CARTESIAN_POINT('',(148.62,-107.92,-4.6E-02));
#13785 = DIRECTION('',(-0.,-0.,-1.));
#13786 = DIRECTION('',(-0.,-1.,0.));
#13787 = ADVANCED_FACE('',(#13788),#13799,.F.);
#13788 = FACE_BOUND('',#13789,.T.);
#13789 = EDGE_LOOP('',(#13790,#13791,#13797,#13798));
#13790 = ORIENTED_EDGE('',*,*,#12562,.T.);
#13791 = ORIENTED_EDGE('',*,*,#13792,.T.);
#13792 = EDGE_CURVE('',#12563,#13108,#13793,.T.);
#13793 = LINE('',#13794,#13795);
#13794 = CARTESIAN_POINT('',(148.62,-105.8245,-4.6E-02));
#13795 = VECTOR('',#13796,1.);
#13796 = DIRECTION('',(0.,0.,1.));
#13797 = ORIENTED_EDGE('',*,*,#13107,.F.);
#13798 = ORIENTED_EDGE('',*,*,#13792,.F.);
#13799 = CYLINDRICAL_SURFACE('',#13800,0.4445);
#13800 = AXIS2_PLACEMENT_3D('',#13801,#13802,#13803);
#13801 = CARTESIAN_POINT('',(148.62,-105.38,-4.6E-02));
#13802 = DIRECTION('',(-0.,-0.,-1.));
#13803 = DIRECTION('',(-0.,-1.,0.));
#13804 = ADVANCED_FACE('',(#13805),#13816,.F.);
#13805 = FACE_BOUND('',#13806,.T.);
#13806 = EDGE_LOOP('',(#13807,#13808,#13814,#13815));
#13807 = ORIENTED_EDGE('',*,*,#12573,.T.);
#13808 = ORIENTED_EDGE('',*,*,#13809,.T.);
#13809 = EDGE_CURVE('',#12574,#13119,#13810,.T.);
#13810 = LINE('',#13811,#13812);
#13811 = CARTESIAN_POINT('',(175.,-112.75,-4.6E-02));
#13812 = VECTOR('',#13813,1.);
#13813 = DIRECTION('',(0.,0.,1.));
#13814 = ORIENTED_EDGE('',*,*,#13118,.F.);
#13815 = ORIENTED_EDGE('',*,*,#13809,.F.);
#13816 = CYLINDRICAL_SURFACE('',#13817,0.75);
#13817 = AXIS2_PLACEMENT_3D('',#13818,#13819,#13820);
#13818 = CARTESIAN_POINT('',(175.,-112.,-4.6E-02));
#13819 = DIRECTION('',(-0.,-0.,-1.));
#13820 = DIRECTION('',(-0.,-1.,0.));
#13821 = ADVANCED_FACE('',(#13822),#13833,.F.);
#13822 = FACE_BOUND('',#13823,.T.);
#13823 = EDGE_LOOP('',(#13824,#13825,#13831,#13832));
#13824 = ORIENTED_EDGE('',*,*,#12584,.T.);
#13825 = ORIENTED_EDGE('',*,*,#13826,.T.);
#13826 = EDGE_CURVE('',#12585,#13130,#13827,.T.);
#13827 = LINE('',#13828,#13829);
#13828 = CARTESIAN_POINT('',(180.08,-110.31,-4.6E-02));
#13829 = VECTOR('',#13830,1.);
#13830 = DIRECTION('',(0.,0.,1.));
#13831 = ORIENTED_EDGE('',*,*,#13129,.F.);
#13832 = ORIENTED_EDGE('',*,*,#13826,.F.);
#13833 = CYLINDRICAL_SURFACE('',#13834,0.85);
#13834 = AXIS2_PLACEMENT_3D('',#13835,#13836,#13837);
#13835 = CARTESIAN_POINT('',(180.08,-109.46,-4.6E-02));
#13836 = DIRECTION('',(-0.,0.,-1.));
#13837 = DIRECTION('',(3.343730521224E-14,-1.,-0.));
#13838 = ADVANCED_FACE('',(#13839),#13850,.F.);
#13839 = FACE_BOUND('',#13840,.T.);
#13840 = EDGE_LOOP('',(#13841,#13842,#13848,#13849));
#13841 = ORIENTED_EDGE('',*,*,#12595,.T.);
#13842 = ORIENTED_EDGE('',*,*,#13843,.T.);
#13843 = EDGE_CURVE('',#12596,#13141,#13844,.T.);
#13844 = LINE('',#13845,#13846);
#13845 = CARTESIAN_POINT('',(99.54,-95.1,-4.6E-02));
#13846 = VECTOR('',#13847,1.);
#13847 = DIRECTION('',(0.,0.,1.));
#13848 = ORIENTED_EDGE('',*,*,#13140,.F.);
#13849 = ORIENTED_EDGE('',*,*,#13843,.F.);
#13850 = CYLINDRICAL_SURFACE('',#13851,0.75);
#13851 = AXIS2_PLACEMENT_3D('',#13852,#13853,#13854);
#13852 = CARTESIAN_POINT('',(99.54,-94.35,-4.6E-02));
#13853 = DIRECTION('',(-0.,-0.,-1.));
#13854 = DIRECTION('',(-0.,-1.,0.));
#13855 = ADVANCED_FACE('',(#13856),#13867,.F.);
#13856 = FACE_BOUND('',#13857,.T.);
#13857 = EDGE_LOOP('',(#13858,#13859,#13865,#13866));
#13858 = ORIENTED_EDGE('',*,*,#12606,.T.);
#13859 = ORIENTED_EDGE('',*,*,#13860,.T.);
#13860 = EDGE_CURVE('',#12607,#13152,#13861,.T.);
#13861 = LINE('',#13862,#13863);
#13862 = CARTESIAN_POINT('',(102.08,-96.47,-4.6E-02));
#13863 = VECTOR('',#13864,1.);
#13864 = DIRECTION('',(0.,0.,1.));
#13865 = ORIENTED_EDGE('',*,*,#13151,.F.);
#13866 = ORIENTED_EDGE('',*,*,#13860,.F.);
#13867 = CYLINDRICAL_SURFACE('',#13868,0.85);
#13868 = AXIS2_PLACEMENT_3D('',#13869,#13870,#13871);
#13869 = CARTESIAN_POINT('',(102.08,-95.62,-4.6E-02));
#13870 = DIRECTION('',(-0.,-0.,-1.));
#13871 = DIRECTION('',(-1.671865260612E-14,-1.,0.));
#13872 = ADVANCED_FACE('',(#13873),#13884,.F.);
#13873 = FACE_BOUND('',#13874,.T.);
#13874 = EDGE_LOOP('',(#13875,#13876,#13882,#13883));
#13875 = ORIENTED_EDGE('',*,*,#12617,.T.);
#13876 = ORIENTED_EDGE('',*,*,#13877,.T.);
#13877 = EDGE_CURVE('',#12618,#13163,#13878,.T.);
#13878 = LINE('',#13879,#13880);
#13879 = CARTESIAN_POINT('',(102.08,-92.54,-4.6E-02));
#13880 = VECTOR('',#13881,1.);
#13881 = DIRECTION('',(0.,0.,1.));
#13882 = ORIENTED_EDGE('',*,*,#13162,.F.);
#13883 = ORIENTED_EDGE('',*,*,#13877,.F.);
#13884 = CYLINDRICAL_SURFACE('',#13885,2.);
#13885 = AXIS2_PLACEMENT_3D('',#13886,#13887,#13888);
#13886 = CARTESIAN_POINT('',(102.08,-90.54,-4.6E-02));
#13887 = DIRECTION('',(-0.,-0.,-1.));
#13888 = DIRECTION('',(-0.,-1.,0.));
#13889 = ADVANCED_FACE('',(#13890),#13901,.F.);
#13890 = FACE_BOUND('',#13891,.T.);
#13891 = EDGE_LOOP('',(#13892,#13893,#13899,#13900));
#13892 = ORIENTED_EDGE('',*,*,#12628,.T.);
#13893 = ORIENTED_EDGE('',*,*,#13894,.T.);
#13894 = EDGE_CURVE('',#12629,#13174,#13895,.T.);
#13895 = LINE('',#13896,#13897);
#13896 = CARTESIAN_POINT('',(97.,-88.75,-4.6E-02));
#13897 = VECTOR('',#13898,1.);
#13898 = DIRECTION('',(0.,0.,1.));
#13899 = ORIENTED_EDGE('',*,*,#13173,.F.);
#13900 = ORIENTED_EDGE('',*,*,#13894,.F.);
#13901 = CYLINDRICAL_SURFACE('',#13902,0.75);
#13902 = AXIS2_PLACEMENT_3D('',#13903,#13904,#13905);
#13903 = CARTESIAN_POINT('',(97.,-88.,-4.6E-02));
#13904 = DIRECTION('',(-0.,-0.,-1.));
#13905 = DIRECTION('',(-0.,-1.,0.));
#13906 = ADVANCED_FACE('',(#13907),#13918,.F.);
#13907 = FACE_BOUND('',#13908,.T.);
#13908 = EDGE_LOOP('',(#13909,#13910,#13916,#13917));
#13909 = ORIENTED_EDGE('',*,*,#12639,.T.);
#13910 = ORIENTED_EDGE('',*,*,#13911,.T.);
#13911 = EDGE_CURVE('',#12640,#13185,#13912,.T.);
#13912 = LINE('',#13913,#13914);
#13913 = CARTESIAN_POINT('',(102.08,-86.31,-4.6E-02));
#13914 = VECTOR('',#13915,1.);
#13915 = DIRECTION('',(0.,0.,1.));
#13916 = ORIENTED_EDGE('',*,*,#13184,.F.);
#13917 = ORIENTED_EDGE('',*,*,#13911,.F.);
#13918 = CYLINDRICAL_SURFACE('',#13919,0.85);
#13919 = AXIS2_PLACEMENT_3D('',#13920,#13921,#13922);
#13920 = CARTESIAN_POINT('',(102.08,-85.46,-4.6E-02));
#13921 = DIRECTION('',(-0.,-0.,-1.));
#13922 = DIRECTION('',(-1.671865260612E-14,-1.,0.));
#13923 = ADVANCED_FACE('',(#13924),#13935,.F.);
#13924 = FACE_BOUND('',#13925,.T.);
#13925 = EDGE_LOOP('',(#13926,#13927,#13933,#13934));
#13926 = ORIENTED_EDGE('',*,*,#12650,.T.);
#13927 = ORIENTED_EDGE('',*,*,#13928,.T.);
#13928 = EDGE_CURVE('',#12651,#13196,#13929,.T.);
#13929 = LINE('',#13930,#13931);
#13930 = CARTESIAN_POINT('',(132.1,-93.5,-4.6E-02));
#13931 = VECTOR('',#13932,1.);
#13932 = DIRECTION('',(0.,0.,1.));
#13933 = ORIENTED_EDGE('',*,*,#13195,.F.);
#13934 = ORIENTED_EDGE('',*,*,#13928,.F.);
#13935 = CYLINDRICAL_SURFACE('',#13936,0.5);
#13936 = AXIS2_PLACEMENT_3D('',#13937,#13938,#13939);
#13937 = CARTESIAN_POINT('',(132.1,-93.,-4.6E-02));
#13938 = DIRECTION('',(-0.,-0.,-1.));
#13939 = DIRECTION('',(-0.,-1.,0.));
#13940 = ADVANCED_FACE('',(#13941),#13952,.F.);
#13941 = FACE_BOUND('',#13942,.T.);
#13942 = EDGE_LOOP('',(#13943,#13944,#13950,#13951));
#13943 = ORIENTED_EDGE('',*,*,#12661,.T.);
#13944 = ORIENTED_EDGE('',*,*,#13945,.T.);
#13945 = EDGE_CURVE('',#12662,#13207,#13946,.T.);
#13946 = LINE('',#13947,#13948);
#13947 = CARTESIAN_POINT('',(134.64,-93.5,-4.6E-02));
#13948 = VECTOR('',#13949,1.);
#13949 = DIRECTION('',(0.,0.,1.));
#13950 = ORIENTED_EDGE('',*,*,#13206,.F.);
#13951 = ORIENTED_EDGE('',*,*,#13945,.F.);
#13952 = CYLINDRICAL_SURFACE('',#13953,0.5);
#13953 = AXIS2_PLACEMENT_3D('',#13954,#13955,#13956);
#13954 = CARTESIAN_POINT('',(134.64,-93.,-4.6E-02));
#13955 = DIRECTION('',(-0.,-0.,-1.));
#13956 = DIRECTION('',(-0.,-1.,0.));
#13957 = ADVANCED_FACE('',(#13958),#13969,.F.);
#13958 = FACE_BOUND('',#13959,.T.);
#13959 = EDGE_LOOP('',(#13960,#13961,#13967,#13968));
#13960 = ORIENTED_EDGE('',*,*,#12672,.T.);
#13961 = ORIENTED_EDGE('',*,*,#13962,.T.);
#13962 = EDGE_CURVE('',#12673,#13218,#13963,.T.);
#13963 = LINE('',#13964,#13965);
#13964 = CARTESIAN_POINT('',(137.18,-93.5,-4.6E-02));
#13965 = VECTOR('',#13966,1.);
#13966 = DIRECTION('',(0.,0.,1.));
#13967 = ORIENTED_EDGE('',*,*,#13217,.F.);
#13968 = ORIENTED_EDGE('',*,*,#13962,.F.);
#13969 = CYLINDRICAL_SURFACE('',#13970,0.5);
#13970 = AXIS2_PLACEMENT_3D('',#13971,#13972,#13973);
#13971 = CARTESIAN_POINT('',(137.18,-93.,-4.6E-02));
#13972 = DIRECTION('',(-0.,-0.,-1.));
#13973 = DIRECTION('',(-0.,-1.,0.));
#13974 = ADVANCED_FACE('',(#13975),#13986,.F.);
#13975 = FACE_BOUND('',#13976,.T.);
#13976 = EDGE_LOOP('',(#13977,#13978,#13984,#13985));
#13977 = ORIENTED_EDGE('',*,*,#12683,.T.);
#13978 = ORIENTED_EDGE('',*,*,#13979,.T.);
#13979 = EDGE_CURVE('',#12684,#13229,#13980,.T.);
#13980 = LINE('',#13981,#13982);
#13981 = CARTESIAN_POINT('',(139.72,-93.5,-4.6E-02));
#13982 = VECTOR('',#13983,1.);
#13983 = DIRECTION('',(0.,0.,1.));
#13984 = ORIENTED_EDGE('',*,*,#13228,.F.);
#13985 = ORIENTED_EDGE('',*,*,#13979,.F.);
#13986 = CYLINDRICAL_SURFACE('',#13987,0.5);
#13987 = AXIS2_PLACEMENT_3D('',#13988,#13989,#13990);
#13988 = CARTESIAN_POINT('',(139.72,-93.,-4.6E-02));
#13989 = DIRECTION('',(-0.,-0.,-1.));
#13990 = DIRECTION('',(-0.,-1.,0.));
#13991 = ADVANCED_FACE('',(#13992),#14003,.F.);
#13992 = FACE_BOUND('',#13993,.T.);
#13993 = EDGE_LOOP('',(#13994,#13995,#14001,#14002));
#13994 = ORIENTED_EDGE('',*,*,#12694,.T.);
#13995 = ORIENTED_EDGE('',*,*,#13996,.T.);
#13996 = EDGE_CURVE('',#12695,#13240,#13997,.T.);
#13997 = LINE('',#13998,#13999);
#13998 = CARTESIAN_POINT('',(92.,-75.1,-4.6E-02));
#13999 = VECTOR('',#14000,1.);
#14000 = DIRECTION('',(0.,0.,1.));
#14001 = ORIENTED_EDGE('',*,*,#13239,.F.);
#14002 = ORIENTED_EDGE('',*,*,#13996,.F.);
#14003 = CYLINDRICAL_SURFACE('',#14004,1.6);
#14004 = AXIS2_PLACEMENT_3D('',#14005,#14006,#14007);
#14005 = CARTESIAN_POINT('',(92.,-73.5,-4.6E-02));
#14006 = DIRECTION('',(-0.,-0.,-1.));
#14007 = DIRECTION('',(-0.,-1.,0.));
#14008 = ADVANCED_FACE('',(#14009),#14020,.F.);
#14009 = FACE_BOUND('',#14010,.T.);
#14010 = EDGE_LOOP('',(#14011,#14012,#14018,#14019));
#14011 = ORIENTED_EDGE('',*,*,#12705,.T.);
#14012 = ORIENTED_EDGE('',*,*,#14013,.T.);
#14013 = EDGE_CURVE('',#12706,#13251,#14014,.T.);
#14014 = LINE('',#14015,#14016);
#14015 = CARTESIAN_POINT('',(142.26,-93.5,-4.6E-02));
#14016 = VECTOR('',#14017,1.);
#14017 = DIRECTION('',(0.,0.,1.));
#14018 = ORIENTED_EDGE('',*,*,#13250,.F.);
#14019 = ORIENTED_EDGE('',*,*,#14013,.F.);
#14020 = CYLINDRICAL_SURFACE('',#14021,0.5);
#14021 = AXIS2_PLACEMENT_3D('',#14022,#14023,#14024);
#14022 = CARTESIAN_POINT('',(142.26,-93.,-4.6E-02));
#14023 = DIRECTION('',(-0.,-0.,-1.));
#14024 = DIRECTION('',(-0.,-1.,0.));
#14025 = ADVANCED_FACE('',(#14026),#14037,.F.);
#14026 = FACE_BOUND('',#14027,.T.);
#14027 = EDGE_LOOP('',(#14028,#14029,#14035,#14036));
#14028 = ORIENTED_EDGE('',*,*,#12716,.T.);
#14029 = ORIENTED_EDGE('',*,*,#14030,.T.);
#14030 = EDGE_CURVE('',#12717,#13262,#14031,.T.);
#14031 = LINE('',#14032,#14033);
#14032 = CARTESIAN_POINT('',(144.8,-93.5,-4.6E-02));
#14033 = VECTOR('',#14034,1.);
#14034 = DIRECTION('',(0.,0.,1.));
#14035 = ORIENTED_EDGE('',*,*,#13261,.F.);
#14036 = ORIENTED_EDGE('',*,*,#14030,.F.);
#14037 = CYLINDRICAL_SURFACE('',#14038,0.5);
#14038 = AXIS2_PLACEMENT_3D('',#14039,#14040,#14041);
#14039 = CARTESIAN_POINT('',(144.8,-93.,-4.6E-02));
#14040 = DIRECTION('',(-0.,-0.,-1.));
#14041 = DIRECTION('',(-0.,-1.,0.));
#14042 = ADVANCED_FACE('',(#14043),#14054,.F.);
#14043 = FACE_BOUND('',#14044,.T.);
#14044 = EDGE_LOOP('',(#14045,#14046,#14052,#14053));
#14045 = ORIENTED_EDGE('',*,*,#12727,.T.);
#14046 = ORIENTED_EDGE('',*,*,#14047,.T.);
#14047 = EDGE_CURVE('',#12728,#13273,#14048,.T.);
#14048 = LINE('',#14049,#14050);
#14049 = CARTESIAN_POINT('',(147.34,-93.5,-4.6E-02));
#14050 = VECTOR('',#14051,1.);
#14051 = DIRECTION('',(0.,0.,1.));
#14052 = ORIENTED_EDGE('',*,*,#13272,.F.);
#14053 = ORIENTED_EDGE('',*,*,#14047,.F.);
#14054 = CYLINDRICAL_SURFACE('',#14055,0.5);
#14055 = AXIS2_PLACEMENT_3D('',#14056,#14057,#14058);
#14056 = CARTESIAN_POINT('',(147.34,-93.,-4.6E-02));
#14057 = DIRECTION('',(-0.,-0.,-1.));
#14058 = DIRECTION('',(-0.,-1.,0.));
#14059 = ADVANCED_FACE('',(#14060),#14071,.F.);
#14060 = FACE_BOUND('',#14061,.T.);
#14061 = EDGE_LOOP('',(#14062,#14063,#14069,#14070));
#14062 = ORIENTED_EDGE('',*,*,#12738,.T.);
#14063 = ORIENTED_EDGE('',*,*,#14064,.T.);
#14064 = EDGE_CURVE('',#12739,#13284,#14065,.T.);
#14065 = LINE('',#14066,#14067);
#14066 = CARTESIAN_POINT('',(149.88,-93.5,-4.6E-02));
#14067 = VECTOR('',#14068,1.);
#14068 = DIRECTION('',(0.,0.,1.));
#14069 = ORIENTED_EDGE('',*,*,#13283,.F.);
#14070 = ORIENTED_EDGE('',*,*,#14064,.F.);
#14071 = CYLINDRICAL_SURFACE('',#14072,0.5);
#14072 = AXIS2_PLACEMENT_3D('',#14073,#14074,#14075);
#14073 = CARTESIAN_POINT('',(149.88,-93.,-4.6E-02));
#14074 = DIRECTION('',(-0.,-0.,-1.));
#14075 = DIRECTION('',(-0.,-1.,0.));
#14076 = ADVANCED_FACE('',(#14077),#14088,.F.);
#14077 = FACE_BOUND('',#14078,.T.);
#14078 = EDGE_LOOP('',(#14079,#14080,#14086,#14087));
#14079 = ORIENTED_EDGE('',*,*,#12749,.T.);
#14080 = ORIENTED_EDGE('',*,*,#14081,.T.);
#14081 = EDGE_CURVE('',#12750,#13295,#14082,.T.);
#14082 = LINE('',#14083,#14084);
#14083 = CARTESIAN_POINT('',(177.54,-95.1,-4.6E-02));
#14084 = VECTOR('',#14085,1.);
#14085 = DIRECTION('',(0.,0.,1.));
#14086 = ORIENTED_EDGE('',*,*,#13294,.F.);
#14087 = ORIENTED_EDGE('',*,*,#14081,.F.);
#14088 = CYLINDRICAL_SURFACE('',#14089,0.75);
#14089 = AXIS2_PLACEMENT_3D('',#14090,#14091,#14092);
#14090 = CARTESIAN_POINT('',(177.54,-94.35,-4.6E-02));
#14091 = DIRECTION('',(-0.,-0.,-1.));
#14092 = DIRECTION('',(-0.,-1.,0.));
#14093 = ADVANCED_FACE('',(#14094),#14105,.F.);
#14094 = FACE_BOUND('',#14095,.T.);
#14095 = EDGE_LOOP('',(#14096,#14097,#14103,#14104));
#14096 = ORIENTED_EDGE('',*,*,#12760,.T.);
#14097 = ORIENTED_EDGE('',*,*,#14098,.T.);
#14098 = EDGE_CURVE('',#12761,#13306,#14099,.T.);
#14099 = LINE('',#14100,#14101);
#14100 = CARTESIAN_POINT('',(180.08,-96.47,-4.6E-02));
#14101 = VECTOR('',#14102,1.);
#14102 = DIRECTION('',(0.,0.,1.));
#14103 = ORIENTED_EDGE('',*,*,#13305,.F.);
#14104 = ORIENTED_EDGE('',*,*,#14098,.F.);
#14105 = CYLINDRICAL_SURFACE('',#14106,0.85);
#14106 = AXIS2_PLACEMENT_3D('',#14107,#14108,#14109);
#14107 = CARTESIAN_POINT('',(180.08,-95.62,-4.6E-02));
#14108 = DIRECTION('',(-0.,0.,-1.));
#14109 = DIRECTION('',(3.343730521224E-14,-1.,-0.));
#14110 = ADVANCED_FACE('',(#14111),#14122,.F.);
#14111 = FACE_BOUND('',#14112,.T.);
#14112 = EDGE_LOOP('',(#14113,#14114,#14120,#14121));
#14113 = ORIENTED_EDGE('',*,*,#12771,.T.);
#14114 = ORIENTED_EDGE('',*,*,#14115,.T.);
#14115 = EDGE_CURVE('',#12772,#13317,#14116,.T.);
#14116 = LINE('',#14117,#14118);
#14117 = CARTESIAN_POINT('',(175.,-88.75,-4.6E-02));
#14118 = VECTOR('',#14119,1.);
#14119 = DIRECTION('',(0.,0.,1.));
#14120 = ORIENTED_EDGE('',*,*,#13316,.F.);
#14121 = ORIENTED_EDGE('',*,*,#14115,.F.);
#14122 = CYLINDRICAL_SURFACE('',#14123,0.75);
#14123 = AXIS2_PLACEMENT_3D('',#14124,#14125,#14126);
#14124 = CARTESIAN_POINT('',(175.,-88.,-4.6E-02));
#14125 = DIRECTION('',(-0.,-0.,-1.));
#14126 = DIRECTION('',(-0.,-1.,0.));
#14127 = ADVANCED_FACE('',(#14128),#14139,.F.);
#14128 = FACE_BOUND('',#14129,.T.);
#14129 = EDGE_LOOP('',(#14130,#14131,#14137,#14138));
#14130 = ORIENTED_EDGE('',*,*,#12782,.T.);
#14131 = ORIENTED_EDGE('',*,*,#14132,.T.);
#14132 = EDGE_CURVE('',#12783,#13328,#14133,.T.);
#14133 = LINE('',#14134,#14135);
#14134 = CARTESIAN_POINT('',(180.08,-92.54,-4.6E-02));
#14135 = VECTOR('',#14136,1.);
#14136 = DIRECTION('',(0.,0.,1.));
#14137 = ORIENTED_EDGE('',*,*,#13327,.F.);
#14138 = ORIENTED_EDGE('',*,*,#14132,.F.);
#14139 = CYLINDRICAL_SURFACE('',#14140,2.);
#14140 = AXIS2_PLACEMENT_3D('',#14141,#14142,#14143);
#14141 = CARTESIAN_POINT('',(180.08,-90.54,-4.6E-02));
#14142 = DIRECTION('',(-0.,-0.,-1.));
#14143 = DIRECTION('',(-0.,-1.,0.));
#14144 = ADVANCED_FACE('',(#14145),#14156,.F.);
#14145 = FACE_BOUND('',#14146,.T.);
#14146 = EDGE_LOOP('',(#14147,#14148,#14154,#14155));
#14147 = ORIENTED_EDGE('',*,*,#12793,.T.);
#14148 = ORIENTED_EDGE('',*,*,#14149,.T.);
#14149 = EDGE_CURVE('',#12794,#13339,#14150,.T.);
#14150 = LINE('',#14151,#14152);
#14151 = CARTESIAN_POINT('',(180.08,-86.31,-4.6E-02));
#14152 = VECTOR('',#14153,1.);
#14153 = DIRECTION('',(0.,0.,1.));
#14154 = ORIENTED_EDGE('',*,*,#13338,.F.);
#14155 = ORIENTED_EDGE('',*,*,#14149,.F.);
#14156 = CYLINDRICAL_SURFACE('',#14157,0.85);
#14157 = AXIS2_PLACEMENT_3D('',#14158,#14159,#14160);
#14158 = CARTESIAN_POINT('',(180.08,-85.46,-4.6E-02));
#14159 = DIRECTION('',(-0.,0.,-1.));
#14160 = DIRECTION('',(3.343730521224E-14,-1.,-0.));
#14161 = ADVANCED_FACE('',(#14162),#14173,.F.);
#14162 = FACE_BOUND('',#14163,.T.);
#14163 = EDGE_LOOP('',(#14164,#14165,#14171,#14172));
#14164 = ORIENTED_EDGE('',*,*,#12804,.T.);
#14165 = ORIENTED_EDGE('',*,*,#14166,.T.);
#14166 = EDGE_CURVE('',#12805,#13350,#14167,.T.);
#14167 = LINE('',#14168,#14169);
#14168 = CARTESIAN_POINT('',(141.,-78.5,-4.6E-02));
#14169 = VECTOR('',#14170,1.);
#14170 = DIRECTION('',(0.,0.,1.));
#14171 = ORIENTED_EDGE('',*,*,#13349,.F.);
#14172 = ORIENTED_EDGE('',*,*,#14166,.F.);
#14173 = CYLINDRICAL_SURFACE('',#14174,0.5);
#14174 = AXIS2_PLACEMENT_3D('',#14175,#14176,#14177);
#14175 = CARTESIAN_POINT('',(141.,-78.,-4.6E-02));
#14176 = DIRECTION('',(-0.,-0.,-1.));
#14177 = DIRECTION('',(-0.,-1.,0.));
#14178 = ADVANCED_FACE('',(#14179),#14190,.F.);
#14179 = FACE_BOUND('',#14180,.T.);
#14180 = EDGE_LOOP('',(#14181,#14182,#14188,#14189));
#14181 = ORIENTED_EDGE('',*,*,#12815,.T.);
#14182 = ORIENTED_EDGE('',*,*,#14183,.T.);
#14183 = EDGE_CURVE('',#12816,#13361,#14184,.T.);
#14184 = LINE('',#14185,#14186);
#14185 = CARTESIAN_POINT('',(141.,-70.9,-4.6E-02));
#14186 = VECTOR('',#14187,1.);
#14187 = DIRECTION('',(0.,0.,1.));
#14188 = ORIENTED_EDGE('',*,*,#13360,.F.);
#14189 = ORIENTED_EDGE('',*,*,#14183,.F.);
#14190 = CYLINDRICAL_SURFACE('',#14191,0.5);
#14191 = AXIS2_PLACEMENT_3D('',#14192,#14193,#14194);
#14192 = CARTESIAN_POINT('',(141.,-70.4,-4.6E-02));
#14193 = DIRECTION('',(-0.,-0.,-1.));
#14194 = DIRECTION('',(-0.,-1.,0.));
#14195 = ADVANCED_FACE('',(#14196),#14207,.F.);
#14196 = FACE_BOUND('',#14197,.T.);
#14197 = EDGE_LOOP('',(#14198,#14199,#14205,#14206));
#14198 = ORIENTED_EDGE('',*,*,#12826,.T.);
#14199 = ORIENTED_EDGE('',*,*,#14200,.T.);
#14200 = EDGE_CURVE('',#12827,#13372,#14201,.T.);
#14201 = LINE('',#14202,#14203);
#14202 = CARTESIAN_POINT('',(190.,-75.1,-4.6E-02));
#14203 = VECTOR('',#14204,1.);
#14204 = DIRECTION('',(0.,0.,1.));
#14205 = ORIENTED_EDGE('',*,*,#13371,.F.);
#14206 = ORIENTED_EDGE('',*,*,#14200,.F.);
#14207 = CYLINDRICAL_SURFACE('',#14208,1.6);
#14208 = AXIS2_PLACEMENT_3D('',#14209,#14210,#14211);
#14209 = CARTESIAN_POINT('',(190.,-73.5,-4.6E-02));
#14210 = DIRECTION('',(-0.,-0.,-1.));
#14211 = DIRECTION('',(-0.,-1.,0.));
#14212 = ( GEOMETRIC_REPRESENTATION_CONTEXT(3) 
GLOBAL_UNCERTAINTY_ASSIGNED_CONTEXT((#14216)) 
GLOBAL_UNIT_ASSIGNED_CONTEXT((#14213,#14214,#14215)) 
REPRESENTATION_CONTEXT('Context #1',
  '3D Context with UNIT and UNCERTAINTY') );
#14213 = ( LENGTH_UNIT() NAMED_UNIT(*) SI_UNIT(.MILLI.,.METRE.) );
#14214 = ( NAMED_UNIT(*) PLANE_ANGLE_UNIT() SI_UNIT($,.RADIAN.) );
#14215 = ( NAMED_UNIT(*) SI_UNIT($,.STERADIAN.) SOLID_ANGLE_UNIT() );
#14216 = UNCERTAINTY_MEASURE_WITH_UNIT(LENGTH_MEASURE(1.E-07),#14213,
  'distance_accuracy_value','confusion accuracy');
#14217 = CONTEXT_DEPENDENT_SHAPE_REPRESENTATION(#14218,#14220);
#14218 = ( REPRESENTATION_RELATIONSHIP('','',#12189,#10) 
REPRESENTATION_RELATIONSHIP_WITH_TRANSFORMATION(#14219) 
SHAPE_REPRESENTATION_RELATIONSHIP() );
#14219 = ITEM_DEFINED_TRANSFORMATION('','',#11,#39);
#14220 = PRODUCT_DEFINITION_SHAPE('Placement','Placement of an item',
  #14221);
#14221 = NEXT_ASSEMBLY_USAGE_OCCURRENCE('13','=>[0:1:1:11]','',#5,#12184
  ,$);
#14222 = PRODUCT_RELATED_PRODUCT_CATEGORY('part',$,(#12186));
#14223 = REPRESENTATION('material name',(#14224),#3514);
#14224 = DESCRIPTIVE_REPRESENTATION_ITEM('Generic','Generic');
#14225 = DERIVED_UNIT((#14226,#14228));
#14226 = DERIVED_UNIT_ELEMENT(#14227,3.);
#14227 = ( MASS_UNIT() NAMED_UNIT(*) SI_UNIT($,.GRAM.) );
#14228 = DERIVED_UNIT_ELEMENT(#14229,2.);
#14229 = ( LENGTH_UNIT() NAMED_UNIT(*) SI_UNIT(.CENTI.,.METRE.) );
#14230 = REPRESENTATION('density',(#14231),#3514);
#14231 = MEASURE_REPRESENTATION_ITEM('density measure',
  POSITIVE_RATIO_MEASURE(1.),#14225);
#14232 = PROPERTY_DEFINITION('material property','material name',#105);
#14233 = PROPERTY_DEFINITION_REPRESENTATION(#14232,#14223);
#14234 = PROPERTY_DEFINITION('material property','density',#105);
#14235 = PROPERTY_DEFINITION_REPRESENTATION(#14234,#14230);
#14236 = PROPERTY_DEFINITION('material property','material name',#3527);
#14237 = PROPERTY_DEFINITION_REPRESENTATION(#14236,#14223);
#14238 = PROPERTY_DEFINITION('material property','density',#3527);
#14239 = PROPERTY_DEFINITION_REPRESENTATION(#14238,#14230);
#14240 = MECHANICAL_DESIGN_GEOMETRIC_PRESENTATION_REPRESENTATION('',(
    #14241,#14249,#14257,#14264,#14271,#14278,#14285,#14292,#14299,
    #14306,#14313,#14320,#14327,#14334,#14341,#14348,#14355,#14362),
  #5290);
#14241 = STYLED_ITEM('color',(#14242),#4858);
#14242 = PRESENTATION_STYLE_ASSIGNMENT((#14243));
#14243 = SURFACE_STYLE_USAGE(.BOTH.,#14244);
#14244 = SURFACE_SIDE_STYLE('',(#14245));
#14245 = SURFACE_STYLE_FILL_AREA(#14246);
#14246 = FILL_AREA_STYLE('',(#14247));
#14247 = FILL_AREA_STYLE_COLOUR('',#14248);
#14248 = COLOUR_RGB('',0.749019597622,0.749019597622,0.749019597622);
#14249 = OVER_RIDING_STYLED_ITEM('overriding color',(#14250),#4860,
  #14241);
#14250 = PRESENTATION_STYLE_ASSIGNMENT((#14251));
#14251 = SURFACE_STYLE_USAGE(.BOTH.,#14252);
#14252 = SURFACE_SIDE_STYLE('',(#14253));
#14253 = SURFACE_STYLE_FILL_AREA(#14254);
#14254 = FILL_AREA_STYLE('',(#14255));
#14255 = FILL_AREA_STYLE_COLOUR('',#14256);
#14256 = COLOUR_RGB('',0.749019597622,0.599999994755,5.882352716007E-02
  );
#14257 = OVER_RIDING_STYLED_ITEM('overriding color',(#14258),#4900,
  #14241);
#14258 = PRESENTATION_STYLE_ASSIGNMENT((#14259));
#14259 = SURFACE_STYLE_USAGE(.BOTH.,#14260);
#14260 = SURFACE_SIDE_STYLE('',(#14261));
#14261 = SURFACE_STYLE_FILL_AREA(#14262);
#14262 = FILL_AREA_STYLE('',(#14263));
#14263 = FILL_AREA_STYLE_COLOUR('',#14256);
#14264 = OVER_RIDING_STYLED_ITEM('overriding color',(#14265),#4947,
  #14241);
#14265 = PRESENTATION_STYLE_ASSIGNMENT((#14266));
#14266 = SURFACE_STYLE_USAGE(.BOTH.,#14267);
#14267 = SURFACE_SIDE_STYLE('',(#14268));
#14268 = SURFACE_STYLE_FILL_AREA(#14269);
#14269 = FILL_AREA_STYLE('',(#14270));
#14270 = FILL_AREA_STYLE_COLOUR('',#14256);
#14271 = OVER_RIDING_STYLED_ITEM('overriding color',(#14272),#4971,
  #14241);
#14272 = PRESENTATION_STYLE_ASSIGNMENT((#14273));
#14273 = SURFACE_STYLE_USAGE(.BOTH.,#14274);
#14274 = SURFACE_SIDE_STYLE('',(#14275));
#14275 = SURFACE_STYLE_FILL_AREA(#14276);
#14276 = FILL_AREA_STYLE('',(#14277));
#14277 = FILL_AREA_STYLE_COLOUR('',#14256);
#14278 = OVER_RIDING_STYLED_ITEM('overriding color',(#14279),#4995,
  #14241);
#14279 = PRESENTATION_STYLE_ASSIGNMENT((#14280));
#14280 = SURFACE_STYLE_USAGE(.BOTH.,#14281);
#14281 = SURFACE_SIDE_STYLE('',(#14282));
#14282 = SURFACE_STYLE_FILL_AREA(#14283);
#14283 = FILL_AREA_STYLE('',(#14284));
#14284 = FILL_AREA_STYLE_COLOUR('',#14256);
#14285 = OVER_RIDING_STYLED_ITEM('overriding color',(#14286),#5019,
  #14241);
#14286 = PRESENTATION_STYLE_ASSIGNMENT((#14287));
#14287 = SURFACE_STYLE_USAGE(.BOTH.,#14288);
#14288 = SURFACE_SIDE_STYLE('',(#14289));
#14289 = SURFACE_STYLE_FILL_AREA(#14290);
#14290 = FILL_AREA_STYLE('',(#14291));
#14291 = FILL_AREA_STYLE_COLOUR('',#14256);
#14292 = OVER_RIDING_STYLED_ITEM('overriding color',(#14293),#5045,
  #14241);
#14293 = PRESENTATION_STYLE_ASSIGNMENT((#14294));
#14294 = SURFACE_STYLE_USAGE(.BOTH.,#14295);
#14295 = SURFACE_SIDE_STYLE('',(#14296));
#14296 = SURFACE_STYLE_FILL_AREA(#14297);
#14297 = FILL_AREA_STYLE('',(#14298));
#14298 = FILL_AREA_STYLE_COLOUR('',#14256);
#14299 = OVER_RIDING_STYLED_ITEM('overriding color',(#14300),#5062,
  #14241);
#14300 = PRESENTATION_STYLE_ASSIGNMENT((#14301));
#14301 = SURFACE_STYLE_USAGE(.BOTH.,#14302);
#14302 = SURFACE_SIDE_STYLE('',(#14303));
#14303 = SURFACE_STYLE_FILL_AREA(#14304);
#14304 = FILL_AREA_STYLE('',(#14305));
#14305 = FILL_AREA_STYLE_COLOUR('',#14256);
#14306 = STYLED_ITEM('color',(#14307),#5074);
#14307 = PRESENTATION_STYLE_ASSIGNMENT((#14308));
#14308 = SURFACE_STYLE_USAGE(.BOTH.,#14309);
#14309 = SURFACE_SIDE_STYLE('',(#14310));
#14310 = SURFACE_STYLE_FILL_AREA(#14311);
#14311 = FILL_AREA_STYLE('',(#14312));
#14312 = FILL_AREA_STYLE_COLOUR('',#14248);
#14313 = OVER_RIDING_STYLED_ITEM('overriding color',(#14314),#5076,
  #14306);
#14314 = PRESENTATION_STYLE_ASSIGNMENT((#14315));
#14315 = SURFACE_STYLE_USAGE(.BOTH.,#14316);
#14316 = SURFACE_SIDE_STYLE('',(#14317));
#14317 = SURFACE_STYLE_FILL_AREA(#14318);
#14318 = FILL_AREA_STYLE('',(#14319));
#14319 = FILL_AREA_STYLE_COLOUR('',#14256);
#14320 = OVER_RIDING_STYLED_ITEM('overriding color',(#14321),#5116,
  #14306);
#14321 = PRESENTATION_STYLE_ASSIGNMENT((#14322));
#14322 = SURFACE_STYLE_USAGE(.BOTH.,#14323);
#14323 = SURFACE_SIDE_STYLE('',(#14324));
#14324 = SURFACE_STYLE_FILL_AREA(#14325);
#14325 = FILL_AREA_STYLE('',(#14326));
#14326 = FILL_AREA_STYLE_COLOUR('',#14256);
#14327 = OVER_RIDING_STYLED_ITEM('overriding color',(#14328),#5147,
  #14306);
#14328 = PRESENTATION_STYLE_ASSIGNMENT((#14329));
#14329 = SURFACE_STYLE_USAGE(.BOTH.,#14330);
#14330 = SURFACE_SIDE_STYLE('',(#14331));
#14331 = SURFACE_STYLE_FILL_AREA(#14332);
#14332 = FILL_AREA_STYLE('',(#14333));
#14333 = FILL_AREA_STYLE_COLOUR('',#14256);
#14334 = OVER_RIDING_STYLED_ITEM('overriding color',(#14335),#5187,
  #14306);
#14335 = PRESENTATION_STYLE_ASSIGNMENT((#14336));
#14336 = SURFACE_STYLE_USAGE(.BOTH.,#14337);
#14337 = SURFACE_SIDE_STYLE('',(#14338));
#14338 = SURFACE_STYLE_FILL_AREA(#14339);
#14339 = FILL_AREA_STYLE('',(#14340));
#14340 = FILL_AREA_STYLE_COLOUR('',#14256);
#14341 = OVER_RIDING_STYLED_ITEM('overriding color',(#14342),#5211,
  #14306);
#14342 = PRESENTATION_STYLE_ASSIGNMENT((#14343));
#14343 = SURFACE_STYLE_USAGE(.BOTH.,#14344);
#14344 = SURFACE_SIDE_STYLE('',(#14345));
#14345 = SURFACE_STYLE_FILL_AREA(#14346);
#14346 = FILL_AREA_STYLE('',(#14347));
#14347 = FILL_AREA_STYLE_COLOUR('',#14256);
#14348 = OVER_RIDING_STYLED_ITEM('overriding color',(#14349),#5244,
  #14306);
#14349 = PRESENTATION_STYLE_ASSIGNMENT((#14350));
#14350 = SURFACE_STYLE_USAGE(.BOTH.,#14351);
#14351 = SURFACE_SIDE_STYLE('',(#14352));
#14352 = SURFACE_STYLE_FILL_AREA(#14353);
#14353 = FILL_AREA_STYLE('',(#14354));
#14354 = FILL_AREA_STYLE_COLOUR('',#14256);
#14355 = OVER_RIDING_STYLED_ITEM('overriding color',(#14356),#5261,
  #14306);
#14356 = PRESENTATION_STYLE_ASSIGNMENT((#14357));
#14357 = SURFACE_STYLE_USAGE(.BOTH.,#14358);
#14358 = SURFACE_SIDE_STYLE('',(#14359));
#14359 = SURFACE_STYLE_FILL_AREA(#14360);
#14360 = FILL_AREA_STYLE('',(#14361));
#14361 = FILL_AREA_STYLE_COLOUR('',#14256);
#14362 = OVER_RIDING_STYLED_ITEM('overriding color',(#14363),#5278,
  #14306);
#14363 = PRESENTATION_STYLE_ASSIGNMENT((#14364));
#14364 = SURFACE_STYLE_USAGE(.BOTH.,#14365);
#14365 = SURFACE_SIDE_STYLE('',(#14366));
#14366 = SURFACE_STYLE_FILL_AREA(#14367);
#14367 = FILL_AREA_STYLE('',(#14368));
#14368 = FILL_AREA_STYLE_COLOUR('',#14256);
#14369 = MECHANICAL_DESIGN_GEOMETRIC_PRESENTATION_REPRESENTATION('',(
    #14370,#14377,#14385,#14392,#14399,#14406,#14413,#14420,#14427,
    #14434,#14441,#14448,#14455,#14462,#14469,#14476,#14483,#14490,
    #14497,#14504,#14511,#14518,#14525,#14532,#14539,#14546,#14553,
    #14560,#14567,#14574,#14581,#14588,#14595,#14602,#14609,#14616,
    #14623,#14630,#14637,#14644,#14651,#14658,#14665,#14672,#14679,
    #14686),#4839);
#14370 = STYLED_ITEM('color',(#14371),#3533);
#14371 = PRESENTATION_STYLE_ASSIGNMENT((#14372));
#14372 = SURFACE_STYLE_USAGE(.BOTH.,#14373);
#14373 = SURFACE_SIDE_STYLE('',(#14374));
#14374 = SURFACE_STYLE_FILL_AREA(#14375);
#14375 = FILL_AREA_STYLE('',(#14376));
#14376 = FILL_AREA_STYLE_COLOUR('',#14248);
#14377 = OVER_RIDING_STYLED_ITEM('overriding color',(#14378),#3535,
  #14370);
#14378 = PRESENTATION_STYLE_ASSIGNMENT((#14379));
#14379 = SURFACE_STYLE_USAGE(.BOTH.,#14380);
#14380 = SURFACE_SIDE_STYLE('',(#14381));
#14381 = SURFACE_STYLE_FILL_AREA(#14382);
#14382 = FILL_AREA_STYLE('',(#14383));
#14383 = FILL_AREA_STYLE_COLOUR('',#14384);
#14384 = COLOUR_RGB('',0.188235296286,0.529411766244,0.890196087049);
#14385 = OVER_RIDING_STYLED_ITEM('overriding color',(#14386),#3583,
  #14370);
#14386 = PRESENTATION_STYLE_ASSIGNMENT((#14387));
#14387 = SURFACE_STYLE_USAGE(.BOTH.,#14388);
#14388 = SURFACE_SIDE_STYLE('',(#14389));
#14389 = SURFACE_STYLE_FILL_AREA(#14390);
#14390 = FILL_AREA_STYLE('',(#14391));
#14391 = FILL_AREA_STYLE_COLOUR('',#14384);
#14392 = OVER_RIDING_STYLED_ITEM('overriding color',(#14393),#3614,
  #14370);
#14393 = PRESENTATION_STYLE_ASSIGNMENT((#14394));
#14394 = SURFACE_STYLE_USAGE(.BOTH.,#14395);
#14395 = SURFACE_SIDE_STYLE('',(#14396));
#14396 = SURFACE_STYLE_FILL_AREA(#14397);
#14397 = FILL_AREA_STYLE('',(#14398));
#14398 = FILL_AREA_STYLE_COLOUR('',#14384);
#14399 = OVER_RIDING_STYLED_ITEM('overriding color',(#14400),#3653,
  #14370);
#14400 = PRESENTATION_STYLE_ASSIGNMENT((#14401));
#14401 = SURFACE_STYLE_USAGE(.BOTH.,#14402);
#14402 = SURFACE_SIDE_STYLE('',(#14403));
#14403 = SURFACE_STYLE_FILL_AREA(#14404);
#14404 = FILL_AREA_STYLE('',(#14405));
#14405 = FILL_AREA_STYLE_COLOUR('',#14384);
#14406 = OVER_RIDING_STYLED_ITEM('overriding color',(#14407),#3684,
  #14370);
#14407 = PRESENTATION_STYLE_ASSIGNMENT((#14408));
#14408 = SURFACE_STYLE_USAGE(.BOTH.,#14409);
#14409 = SURFACE_SIDE_STYLE('',(#14410));
#14410 = SURFACE_STYLE_FILL_AREA(#14411);
#14411 = FILL_AREA_STYLE('',(#14412));
#14412 = FILL_AREA_STYLE_COLOUR('',#14384);
#14413 = OVER_RIDING_STYLED_ITEM('overriding color',(#14414),#3723,
  #14370);
#14414 = PRESENTATION_STYLE_ASSIGNMENT((#14415));
#14415 = SURFACE_STYLE_USAGE(.BOTH.,#14416);
#14416 = SURFACE_SIDE_STYLE('',(#14417));
#14417 = SURFACE_STYLE_FILL_AREA(#14418);
#14418 = FILL_AREA_STYLE('',(#14419));
#14419 = FILL_AREA_STYLE_COLOUR('',#14384);
#14420 = OVER_RIDING_STYLED_ITEM('overriding color',(#14421),#3754,
  #14370);
#14421 = PRESENTATION_STYLE_ASSIGNMENT((#14422));
#14422 = SURFACE_STYLE_USAGE(.BOTH.,#14423);
#14423 = SURFACE_SIDE_STYLE('',(#14424));
#14424 = SURFACE_STYLE_FILL_AREA(#14425);
#14425 = FILL_AREA_STYLE('',(#14426));
#14426 = FILL_AREA_STYLE_COLOUR('',#14384);
#14427 = OVER_RIDING_STYLED_ITEM('overriding color',(#14428),#3785,
  #14370);
#14428 = PRESENTATION_STYLE_ASSIGNMENT((#14429));
#14429 = SURFACE_STYLE_USAGE(.BOTH.,#14430);
#14430 = SURFACE_SIDE_STYLE('',(#14431));
#14431 = SURFACE_STYLE_FILL_AREA(#14432);
#14432 = FILL_AREA_STYLE('',(#14433));
#14433 = FILL_AREA_STYLE_COLOUR('',#14384);
#14434 = OVER_RIDING_STYLED_ITEM('overriding color',(#14435),#3816,
  #14370);
#14435 = PRESENTATION_STYLE_ASSIGNMENT((#14436));
#14436 = SURFACE_STYLE_USAGE(.BOTH.,#14437);
#14437 = SURFACE_SIDE_STYLE('',(#14438));
#14438 = SURFACE_STYLE_FILL_AREA(#14439);
#14439 = FILL_AREA_STYLE('',(#14440));
#14440 = FILL_AREA_STYLE_COLOUR('',#14384);
#14441 = OVER_RIDING_STYLED_ITEM('overriding color',(#14442),#3862,
  #14370);
#14442 = PRESENTATION_STYLE_ASSIGNMENT((#14443));
#14443 = SURFACE_STYLE_USAGE(.BOTH.,#14444);
#14444 = SURFACE_SIDE_STYLE('',(#14445));
#14445 = SURFACE_STYLE_FILL_AREA(#14446);
#14446 = FILL_AREA_STYLE('',(#14447));
#14447 = FILL_AREA_STYLE_COLOUR('',#14384);
#14448 = OVER_RIDING_STYLED_ITEM('overriding color',(#14449),#3894,
  #14370);
#14449 = PRESENTATION_STYLE_ASSIGNMENT((#14450));
#14450 = SURFACE_STYLE_USAGE(.BOTH.,#14451);
#14451 = SURFACE_SIDE_STYLE('',(#14452));
#14452 = SURFACE_STYLE_FILL_AREA(#14453);
#14453 = FILL_AREA_STYLE('',(#14454));
#14454 = FILL_AREA_STYLE_COLOUR('',#14384);
#14455 = OVER_RIDING_STYLED_ITEM('overriding color',(#14456),#3911,
  #14370);
#14456 = PRESENTATION_STYLE_ASSIGNMENT((#14457));
#14457 = SURFACE_STYLE_USAGE(.BOTH.,#14458);
#14458 = SURFACE_SIDE_STYLE('',(#14459));
#14459 = SURFACE_STYLE_FILL_AREA(#14460);
#14460 = FILL_AREA_STYLE('',(#14461));
#14461 = FILL_AREA_STYLE_COLOUR('',#14384);
#14462 = OVER_RIDING_STYLED_ITEM('overriding color',(#14463),#3942,
  #14370);
#14463 = PRESENTATION_STYLE_ASSIGNMENT((#14464));
#14464 = SURFACE_STYLE_USAGE(.BOTH.,#14465);
#14465 = SURFACE_SIDE_STYLE('',(#14466));
#14466 = SURFACE_STYLE_FILL_AREA(#14467);
#14467 = FILL_AREA_STYLE('',(#14468));
#14468 = FILL_AREA_STYLE_COLOUR('',#14384);
#14469 = OVER_RIDING_STYLED_ITEM('overriding color',(#14470),#3966,
  #14370);
#14470 = PRESENTATION_STYLE_ASSIGNMENT((#14471));
#14471 = SURFACE_STYLE_USAGE(.BOTH.,#14472);
#14472 = SURFACE_SIDE_STYLE('',(#14473));
#14473 = SURFACE_STYLE_FILL_AREA(#14474);
#14474 = FILL_AREA_STYLE('',(#14475));
#14475 = FILL_AREA_STYLE_COLOUR('',#14384);
#14476 = OVER_RIDING_STYLED_ITEM('overriding color',(#14477),#3990,
  #14370);
#14477 = PRESENTATION_STYLE_ASSIGNMENT((#14478));
#14478 = SURFACE_STYLE_USAGE(.BOTH.,#14479);
#14479 = SURFACE_SIDE_STYLE('',(#14480));
#14480 = SURFACE_STYLE_FILL_AREA(#14481);
#14481 = FILL_AREA_STYLE('',(#14482));
#14482 = FILL_AREA_STYLE_COLOUR('',#14384);
#14483 = OVER_RIDING_STYLED_ITEM('overriding color',(#14484),#4007,
  #14370);
#14484 = PRESENTATION_STYLE_ASSIGNMENT((#14485));
#14485 = SURFACE_STYLE_USAGE(.BOTH.,#14486);
#14486 = SURFACE_SIDE_STYLE('',(#14487));
#14487 = SURFACE_STYLE_FILL_AREA(#14488);
#14488 = FILL_AREA_STYLE('',(#14489));
#14489 = FILL_AREA_STYLE_COLOUR('',#14384);
#14490 = OVER_RIDING_STYLED_ITEM('overriding color',(#14491),#4038,
  #14370);
#14491 = PRESENTATION_STYLE_ASSIGNMENT((#14492));
#14492 = SURFACE_STYLE_USAGE(.BOTH.,#14493);
#14493 = SURFACE_SIDE_STYLE('',(#14494));
#14494 = SURFACE_STYLE_FILL_AREA(#14495);
#14495 = FILL_AREA_STYLE('',(#14496));
#14496 = FILL_AREA_STYLE_COLOUR('',#14384);
#14497 = OVER_RIDING_STYLED_ITEM('overriding color',(#14498),#4062,
  #14370);
#14498 = PRESENTATION_STYLE_ASSIGNMENT((#14499));
#14499 = SURFACE_STYLE_USAGE(.BOTH.,#14500);
#14500 = SURFACE_SIDE_STYLE('',(#14501));
#14501 = SURFACE_STYLE_FILL_AREA(#14502);
#14502 = FILL_AREA_STYLE('',(#14503));
#14503 = FILL_AREA_STYLE_COLOUR('',#14384);
#14504 = OVER_RIDING_STYLED_ITEM('overriding color',(#14505),#4086,
  #14370);
#14505 = PRESENTATION_STYLE_ASSIGNMENT((#14506));
#14506 = SURFACE_STYLE_USAGE(.BOTH.,#14507);
#14507 = SURFACE_SIDE_STYLE('',(#14508));
#14508 = SURFACE_STYLE_FILL_AREA(#14509);
#14509 = FILL_AREA_STYLE('',(#14510));
#14510 = FILL_AREA_STYLE_COLOUR('',#14384);
#14511 = OVER_RIDING_STYLED_ITEM('overriding color',(#14512),#4117,
  #14370);
#14512 = PRESENTATION_STYLE_ASSIGNMENT((#14513));
#14513 = SURFACE_STYLE_USAGE(.BOTH.,#14514);
#14514 = SURFACE_SIDE_STYLE('',(#14515));
#14515 = SURFACE_STYLE_FILL_AREA(#14516);
#14516 = FILL_AREA_STYLE('',(#14517));
#14517 = FILL_AREA_STYLE_COLOUR('',#14384);
#14518 = OVER_RIDING_STYLED_ITEM('overriding color',(#14519),#4141,
  #14370);
#14519 = PRESENTATION_STYLE_ASSIGNMENT((#14520));
#14520 = SURFACE_STYLE_USAGE(.BOTH.,#14521);
#14521 = SURFACE_SIDE_STYLE('',(#14522));
#14522 = SURFACE_STYLE_FILL_AREA(#14523);
#14523 = FILL_AREA_STYLE('',(#14524));
#14524 = FILL_AREA_STYLE_COLOUR('',#14384);
#14525 = OVER_RIDING_STYLED_ITEM('overriding color',(#14526),#4158,
  #14370);
#14526 = PRESENTATION_STYLE_ASSIGNMENT((#14527));
#14527 = SURFACE_STYLE_USAGE(.BOTH.,#14528);
#14528 = SURFACE_SIDE_STYLE('',(#14529));
#14529 = SURFACE_STYLE_FILL_AREA(#14530);
#14530 = FILL_AREA_STYLE('',(#14531));
#14531 = FILL_AREA_STYLE_COLOUR('',#14384);
#14532 = OVER_RIDING_STYLED_ITEM('overriding color',(#14533),#4182,
  #14370);
#14533 = PRESENTATION_STYLE_ASSIGNMENT((#14534));
#14534 = SURFACE_STYLE_USAGE(.BOTH.,#14535);
#14535 = SURFACE_SIDE_STYLE('',(#14536));
#14536 = SURFACE_STYLE_FILL_AREA(#14537);
#14537 = FILL_AREA_STYLE('',(#14538));
#14538 = FILL_AREA_STYLE_COLOUR('',#14384);
#14539 = OVER_RIDING_STYLED_ITEM('overriding color',(#14540),#4206,
  #14370);
#14540 = PRESENTATION_STYLE_ASSIGNMENT((#14541));
#14541 = SURFACE_STYLE_USAGE(.BOTH.,#14542);
#14542 = SURFACE_SIDE_STYLE('',(#14543));
#14543 = SURFACE_STYLE_FILL_AREA(#14544);
#14544 = FILL_AREA_STYLE('',(#14545));
#14545 = FILL_AREA_STYLE_COLOUR('',#14384);
#14546 = OVER_RIDING_STYLED_ITEM('overriding color',(#14547),#4223,
  #14370);
#14547 = PRESENTATION_STYLE_ASSIGNMENT((#14548));
#14548 = SURFACE_STYLE_USAGE(.BOTH.,#14549);
#14549 = SURFACE_SIDE_STYLE('',(#14550));
#14550 = SURFACE_STYLE_FILL_AREA(#14551);
#14551 = FILL_AREA_STYLE('',(#14552));
#14552 = FILL_AREA_STYLE_COLOUR('',#14384);
#14553 = OVER_RIDING_STYLED_ITEM('overriding color',(#14554),#4263,
  #14370);
#14554 = PRESENTATION_STYLE_ASSIGNMENT((#14555));
#14555 = SURFACE_STYLE_USAGE(.BOTH.,#14556);
#14556 = SURFACE_SIDE_STYLE('',(#14557));
#14557 = SURFACE_STYLE_FILL_AREA(#14558);
#14558 = FILL_AREA_STYLE('',(#14559));
#14559 = FILL_AREA_STYLE_COLOUR('',#14384);
#14560 = OVER_RIDING_STYLED_ITEM('overriding color',(#14561),#4294,
  #14370);
#14561 = PRESENTATION_STYLE_ASSIGNMENT((#14562));
#14562 = SURFACE_STYLE_USAGE(.BOTH.,#14563);
#14563 = SURFACE_SIDE_STYLE('',(#14564));
#14564 = SURFACE_STYLE_FILL_AREA(#14565);
#14565 = FILL_AREA_STYLE('',(#14566));
#14566 = FILL_AREA_STYLE_COLOUR('',#14384);
#14567 = OVER_RIDING_STYLED_ITEM('overriding color',(#14568),#4325,
  #14370);
#14568 = PRESENTATION_STYLE_ASSIGNMENT((#14569));
#14569 = SURFACE_STYLE_USAGE(.BOTH.,#14570);
#14570 = SURFACE_SIDE_STYLE('',(#14571));
#14571 = SURFACE_STYLE_FILL_AREA(#14572);
#14572 = FILL_AREA_STYLE('',(#14573));
#14573 = FILL_AREA_STYLE_COLOUR('',#14384);
#14574 = OVER_RIDING_STYLED_ITEM('overriding color',(#14575),#4356,
  #14370);
#14575 = PRESENTATION_STYLE_ASSIGNMENT((#14576));
#14576 = SURFACE_STYLE_USAGE(.BOTH.,#14577);
#14577 = SURFACE_SIDE_STYLE('',(#14578));
#14578 = SURFACE_STYLE_FILL_AREA(#14579);
#14579 = FILL_AREA_STYLE('',(#14580));
#14580 = FILL_AREA_STYLE_COLOUR('',#14384);
#14581 = OVER_RIDING_STYLED_ITEM('overriding color',(#14582),#4387,
  #14370);
#14582 = PRESENTATION_STYLE_ASSIGNMENT((#14583));
#14583 = SURFACE_STYLE_USAGE(.BOTH.,#14584);
#14584 = SURFACE_SIDE_STYLE('',(#14585));
#14585 = SURFACE_STYLE_FILL_AREA(#14586);
#14586 = FILL_AREA_STYLE('',(#14587));
#14587 = FILL_AREA_STYLE_COLOUR('',#14384);
#14588 = OVER_RIDING_STYLED_ITEM('overriding color',(#14589),#4422,
  #14370);
#14589 = PRESENTATION_STYLE_ASSIGNMENT((#14590));
#14590 = SURFACE_STYLE_USAGE(.BOTH.,#14591);
#14591 = SURFACE_SIDE_STYLE('',(#14592));
#14592 = SURFACE_STYLE_FILL_AREA(#14593);
#14593 = FILL_AREA_STYLE('',(#14594));
#14594 = FILL_AREA_STYLE_COLOUR('',#14384);
#14595 = OVER_RIDING_STYLED_ITEM('overriding color',(#14596),#4462,
  #14370);
#14596 = PRESENTATION_STYLE_ASSIGNMENT((#14597));
#14597 = SURFACE_STYLE_USAGE(.BOTH.,#14598);
#14598 = SURFACE_SIDE_STYLE('',(#14599));
#14599 = SURFACE_STYLE_FILL_AREA(#14600);
#14600 = FILL_AREA_STYLE('',(#14601));
#14601 = FILL_AREA_STYLE_COLOUR('',#14384);
#14602 = OVER_RIDING_STYLED_ITEM('overriding color',(#14603),#4493,
  #14370);
#14603 = PRESENTATION_STYLE_ASSIGNMENT((#14604));
#14604 = SURFACE_STYLE_USAGE(.BOTH.,#14605);
#14605 = SURFACE_SIDE_STYLE('',(#14606));
#14606 = SURFACE_STYLE_FILL_AREA(#14607);
#14607 = FILL_AREA_STYLE('',(#14608));
#14608 = FILL_AREA_STYLE_COLOUR('',#14384);
#14609 = OVER_RIDING_STYLED_ITEM('overriding color',(#14610),#4524,
  #14370);
#14610 = PRESENTATION_STYLE_ASSIGNMENT((#14611));
#14611 = SURFACE_STYLE_USAGE(.BOTH.,#14612);
#14612 = SURFACE_SIDE_STYLE('',(#14613));
#14613 = SURFACE_STYLE_FILL_AREA(#14614);
#14614 = FILL_AREA_STYLE('',(#14615));
#14615 = FILL_AREA_STYLE_COLOUR('',#14384);
#14616 = OVER_RIDING_STYLED_ITEM('overriding color',(#14617),#4555,
  #14370);
#14617 = PRESENTATION_STYLE_ASSIGNMENT((#14618));
#14618 = SURFACE_STYLE_USAGE(.BOTH.,#14619);
#14619 = SURFACE_SIDE_STYLE('',(#14620));
#14620 = SURFACE_STYLE_FILL_AREA(#14621);
#14621 = FILL_AREA_STYLE('',(#14622));
#14622 = FILL_AREA_STYLE_COLOUR('',#14384);
#14623 = OVER_RIDING_STYLED_ITEM('overriding color',(#14624),#4586,
  #14370);
#14624 = PRESENTATION_STYLE_ASSIGNMENT((#14625));
#14625 = SURFACE_STYLE_USAGE(.BOTH.,#14626);
#14626 = SURFACE_SIDE_STYLE('',(#14627));
#14627 = SURFACE_STYLE_FILL_AREA(#14628);
#14628 = FILL_AREA_STYLE('',(#14629));
#14629 = FILL_AREA_STYLE_COLOUR('',#14384);
#14630 = OVER_RIDING_STYLED_ITEM('overriding color',(#14631),#4621,
  #14370);
#14631 = PRESENTATION_STYLE_ASSIGNMENT((#14632));
#14632 = SURFACE_STYLE_USAGE(.BOTH.,#14633);
#14633 = SURFACE_SIDE_STYLE('',(#14634));
#14634 = SURFACE_STYLE_FILL_AREA(#14635);
#14635 = FILL_AREA_STYLE('',(#14636));
#14636 = FILL_AREA_STYLE_COLOUR('',#14384);
#14637 = OVER_RIDING_STYLED_ITEM('overriding color',(#14638),#4638,
  #14370);
#14638 = PRESENTATION_STYLE_ASSIGNMENT((#14639));
#14639 = SURFACE_STYLE_USAGE(.BOTH.,#14640);
#14640 = SURFACE_SIDE_STYLE('',(#14641));
#14641 = SURFACE_STYLE_FILL_AREA(#14642);
#14642 = FILL_AREA_STYLE('',(#14643));
#14643 = FILL_AREA_STYLE_COLOUR('',#14384);
#14644 = OVER_RIDING_STYLED_ITEM('overriding color',(#14645),#4662,
  #14370);
#14645 = PRESENTATION_STYLE_ASSIGNMENT((#14646));
#14646 = SURFACE_STYLE_USAGE(.BOTH.,#14647);
#14647 = SURFACE_SIDE_STYLE('',(#14648));
#14648 = SURFACE_STYLE_FILL_AREA(#14649);
#14649 = FILL_AREA_STYLE('',(#14650));
#14650 = FILL_AREA_STYLE_COLOUR('',#14384);
#14651 = OVER_RIDING_STYLED_ITEM('overriding color',(#14652),#4679,
  #14370);
#14652 = PRESENTATION_STYLE_ASSIGNMENT((#14653));
#14653 = SURFACE_STYLE_USAGE(.BOTH.,#14654);
#14654 = SURFACE_SIDE_STYLE('',(#14655));
#14655 = SURFACE_STYLE_FILL_AREA(#14656);
#14656 = FILL_AREA_STYLE('',(#14657));
#14657 = FILL_AREA_STYLE_COLOUR('',#14384);
#14658 = OVER_RIDING_STYLED_ITEM('overriding color',(#14659),#4719,
  #14370);
#14659 = PRESENTATION_STYLE_ASSIGNMENT((#14660));
#14660 = SURFACE_STYLE_USAGE(.BOTH.,#14661);
#14661 = SURFACE_SIDE_STYLE('',(#14662));
#14662 = SURFACE_STYLE_FILL_AREA(#14663);
#14663 = FILL_AREA_STYLE('',(#14664));
#14664 = FILL_AREA_STYLE_COLOUR('',#14384);
#14665 = OVER_RIDING_STYLED_ITEM('overriding color',(#14666),#4743,
  #14370);
#14666 = PRESENTATION_STYLE_ASSIGNMENT((#14667));
#14667 = SURFACE_STYLE_USAGE(.BOTH.,#14668);
#14668 = SURFACE_SIDE_STYLE('',(#14669));
#14669 = SURFACE_STYLE_FILL_AREA(#14670);
#14670 = FILL_AREA_STYLE('',(#14671));
#14671 = FILL_AREA_STYLE_COLOUR('',#14384);
#14672 = OVER_RIDING_STYLED_ITEM('overriding color',(#14673),#4776,
  #14370);
#14673 = PRESENTATION_STYLE_ASSIGNMENT((#14674));
#14674 = SURFACE_STYLE_USAGE(.BOTH.,#14675);
#14675 = SURFACE_SIDE_STYLE('',(#14676));
#14676 = SURFACE_STYLE_FILL_AREA(#14677);
#14677 = FILL_AREA_STYLE('',(#14678));
#14678 = FILL_AREA_STYLE_COLOUR('',#14384);
#14679 = OVER_RIDING_STYLED_ITEM('overriding color',(#14680),#4793,
  #14370);
#14680 = PRESENTATION_STYLE_ASSIGNMENT((#14681));
#14681 = SURFACE_STYLE_USAGE(.BOTH.,#14682);
#14682 = SURFACE_SIDE_STYLE('',(#14683));
#14683 = SURFACE_STYLE_FILL_AREA(#14684);
#14684 = FILL_AREA_STYLE('',(#14685));
#14685 = FILL_AREA_STYLE_COLOUR('',#14384);
#14686 = OVER_RIDING_STYLED_ITEM('overriding color',(#14687),#4827,
  #14370);
#14687 = PRESENTATION_STYLE_ASSIGNMENT((#14688));
#14688 = SURFACE_STYLE_USAGE(.BOTH.,#14689);
#14689 = SURFACE_SIDE_STYLE('',(#14690));
#14690 = SURFACE_STYLE_FILL_AREA(#14691);
#14691 = FILL_AREA_STYLE('',(#14692));
#14692 = FILL_AREA_STYLE_COLOUR('',#14384);
#14693 = MECHANICAL_DESIGN_GEOMETRIC_PRESENTATION_REPRESENTATION('',(
    #14694,#14704,#14713,#14722,#14731,#14740,#14749,#14758,#14767,
    #14777,#14786,#14795,#14804,#14813,#14822,#14831,#14840,#14849,
    #14858,#14867,#14876,#14885,#14894,#14903,#14912,#14921,#14930,
    #14939,#14948,#14957,#14966,#14975,#14984,#14993,#15002,#15011,
    #15020,#15029,#15038,#15047,#15056,#15065,#15074,#15083,#15092,
    #15101,#15110,#15119,#15128,#15137,#15146,#15155,#15164,#15173,
    #15182,#15191,#15200,#15209,#15218,#15227,#15236,#15245,#15254,
    #15263,#15272,#15281,#15290,#15299,#15308,#15317,#15326,#15335,
    #15344,#15353,#15362,#15371,#15380,#15389,#15398,#15407,#15416,
    #15425,#15434,#15443,#15452,#15461,#15470,#15479,#15488,#15497,
    #15506,#15515,#15524,#15533,#15542,#15551,#15560,#15569,#15578,
    #15587,#15596,#15605,#15614,#15623,#15632,#15641,#15650,#15659,
    #15668,#15677,#15686,#15695,#15704,#15713,#15722,#15731,#15740,
    #15749,#15758,#15767,#15776,#15785,#15794,#15803,#15812,#15821,
    #15830,#15839,#15848,#15857,#15866,#15875,#15884,#15893,#15902,
    #15911,#15920,#15929,#15938,#15947,#15956,#15965,#15974,#15983,
    #15992,#16001,#16010,#16019,#16028,#16037,#16046,#16055,#16064,
    #16073,#16082,#16091,#16100,#16109,#16118,#16127,#16136,#16145,
    #16154,#16163,#16172,#16181,#16190,#16199,#16208,#16217,#16226,
    #16235,#16244,#16253,#16262,#16271,#16280,#16289,#16298,#16307,
    #16316,#16325,#16334,#16343,#16352,#16361,#16370,#16379,#16388,
    #16397,#16406,#16415,#16424,#16433,#16442,#16451,#16460,#16469,
    #16478,#16487,#16496,#16505,#16514,#16523,#16532,#16541,#16550,
    #16559,#16568,#16577,#16586,#16595,#16604,#16613,#16622,#16631,
    #16640,#16649,#16658,#16667,#16676,#16685,#16694,#16703,#16712,
    #16721,#16730,#16739,#16748,#16757,#16766,#16775,#16784,#16793,
    #16802,#16811,#16820,#16829,#16838,#16847,#16856,#16865,#16874,
    #16883,#16892,#16901,#16910,#16919,#16928,#16937,#16946,#16955,
    #16964,#16973,#16982,#16991,#17000,#17009,#17018,#17027,#17036,
    #17045,#17054,#17063,#17072,#17081,#17090,#17099,#17108,#17117,
    #17126,#17135,#17144,#17153,#17162,#17171,#17180,#17189,#17198,
    #17207,#17216,#17225),#11827);
#14694 = STYLED_ITEM('color',(#14695),#5339);
#14695 = PRESENTATION_STYLE_ASSIGNMENT((#14696,#14702));
#14696 = SURFACE_STYLE_USAGE(.BOTH.,#14697);
#14697 = SURFACE_SIDE_STYLE('',(#14698));
#14698 = SURFACE_STYLE_FILL_AREA(#14699);
#14699 = FILL_AREA_STYLE('',(#14700));
#14700 = FILL_AREA_STYLE_COLOUR('',#14701);
#14701 = COLOUR_RGB('',0.147999998088,0.145000001626,0.145000001626);
#14702 = CURVE_STYLE('',#14703,POSITIVE_LENGTH_MEASURE(0.1),#14701);
#14703 = DRAUGHTING_PRE_DEFINED_CURVE_FONT('continuous');
#14704 = STYLED_ITEM('color',(#14705),#5379);
#14705 = PRESENTATION_STYLE_ASSIGNMENT((#14706,#14711));
#14706 = SURFACE_STYLE_USAGE(.BOTH.,#14707);
#14707 = SURFACE_SIDE_STYLE('',(#14708));
#14708 = SURFACE_STYLE_FILL_AREA(#14709);
#14709 = FILL_AREA_STYLE('',(#14710));
#14710 = FILL_AREA_STYLE_COLOUR('',#14701);
#14711 = CURVE_STYLE('',#14712,POSITIVE_LENGTH_MEASURE(0.1),#14701);
#14712 = DRAUGHTING_PRE_DEFINED_CURVE_FONT('continuous');
#14713 = STYLED_ITEM('color',(#14714),#5442);
#14714 = PRESENTATION_STYLE_ASSIGNMENT((#14715,#14720));
#14715 = SURFACE_STYLE_USAGE(.BOTH.,#14716);
#14716 = SURFACE_SIDE_STYLE('',(#14717));
#14717 = SURFACE_STYLE_FILL_AREA(#14718);
#14718 = FILL_AREA_STYLE('',(#14719));
#14719 = FILL_AREA_STYLE_COLOUR('',#14701);
#14720 = CURVE_STYLE('',#14721,POSITIVE_LENGTH_MEASURE(0.1),#14701);
#14721 = DRAUGHTING_PRE_DEFINED_CURVE_FONT('continuous');
#14722 = STYLED_ITEM('color',(#14723),#5505);
#14723 = PRESENTATION_STYLE_ASSIGNMENT((#14724,#14729));
#14724 = SURFACE_STYLE_USAGE(.BOTH.,#14725);
#14725 = SURFACE_SIDE_STYLE('',(#14726));
#14726 = SURFACE_STYLE_FILL_AREA(#14727);
#14727 = FILL_AREA_STYLE('',(#14728));
#14728 = FILL_AREA_STYLE_COLOUR('',#14701);
#14729 = CURVE_STYLE('',#14730,POSITIVE_LENGTH_MEASURE(0.1),#14701);
#14730 = DRAUGHTING_PRE_DEFINED_CURVE_FONT('continuous');
#14731 = STYLED_ITEM('color',(#14732),#5522);
#14732 = PRESENTATION_STYLE_ASSIGNMENT((#14733,#14738));
#14733 = SURFACE_STYLE_USAGE(.BOTH.,#14734);
#14734 = SURFACE_SIDE_STYLE('',(#14735));
#14735 = SURFACE_STYLE_FILL_AREA(#14736);
#14736 = FILL_AREA_STYLE('',(#14737));
#14737 = FILL_AREA_STYLE_COLOUR('',#14701);
#14738 = CURVE_STYLE('',#14739,POSITIVE_LENGTH_MEASURE(0.1),#14701);
#14739 = DRAUGHTING_PRE_DEFINED_CURVE_FONT('continuous');
#14740 = STYLED_ITEM('color',(#14741),#5811);
#14741 = PRESENTATION_STYLE_ASSIGNMENT((#14742,#14747));
#14742 = SURFACE_STYLE_USAGE(.BOTH.,#14743);
#14743 = SURFACE_SIDE_STYLE('',(#14744));
#14744 = SURFACE_STYLE_FILL_AREA(#14745);
#14745 = FILL_AREA_STYLE('',(#14746));
#14746 = FILL_AREA_STYLE_COLOUR('',#14701);
#14747 = CURVE_STYLE('',#14748,POSITIVE_LENGTH_MEASURE(0.1),#14701);
#14748 = DRAUGHTING_PRE_DEFINED_CURVE_FONT('continuous');
#14749 = STYLED_ITEM('color',(#14750),#5833);
#14750 = PRESENTATION_STYLE_ASSIGNMENT((#14751,#14756));
#14751 = SURFACE_STYLE_USAGE(.BOTH.,#14752);
#14752 = SURFACE_SIDE_STYLE('',(#14753));
#14753 = SURFACE_STYLE_FILL_AREA(#14754);
#14754 = FILL_AREA_STYLE('',(#14755));
#14755 = FILL_AREA_STYLE_COLOUR('',#14701);
#14756 = CURVE_STYLE('',#14757,POSITIVE_LENGTH_MEASURE(0.1),#14701);
#14757 = DRAUGHTING_PRE_DEFINED_CURVE_FONT('continuous');
#14758 = STYLED_ITEM('color',(#14759),#5850);
#14759 = PRESENTATION_STYLE_ASSIGNMENT((#14760,#14765));
#14760 = SURFACE_STYLE_USAGE(.BOTH.,#14761);
#14761 = SURFACE_SIDE_STYLE('',(#14762));
#14762 = SURFACE_STYLE_FILL_AREA(#14763);
#14763 = FILL_AREA_STYLE('',(#14764));
#14764 = FILL_AREA_STYLE_COLOUR('',#14701);
#14765 = CURVE_STYLE('',#14766,POSITIVE_LENGTH_MEASURE(0.1),#14701);
#14766 = DRAUGHTING_PRE_DEFINED_CURVE_FONT('continuous');
#14767 = OVER_RIDING_STYLED_ITEM('overriding color',(#14768),#5883,
  #14758);
#14768 = PRESENTATION_STYLE_ASSIGNMENT((#14769,#14775));
#14769 = SURFACE_STYLE_USAGE(.BOTH.,#14770);
#14770 = SURFACE_SIDE_STYLE('',(#14771));
#14771 = SURFACE_STYLE_FILL_AREA(#14772);
#14772 = FILL_AREA_STYLE('',(#14773));
#14773 = FILL_AREA_STYLE_COLOUR('',#14774);
#14774 = COLOUR_RGB('',0.858999988747,0.738000004258,0.496000005009);
#14775 = CURVE_STYLE('',#14776,POSITIVE_LENGTH_MEASURE(0.1),#14774);
#14776 = DRAUGHTING_PRE_DEFINED_CURVE_FONT('continuous');
#14777 = OVER_RIDING_STYLED_ITEM('overriding color',(#14778),#5915,
  #14758);
#14778 = PRESENTATION_STYLE_ASSIGNMENT((#14779,#14784));
#14779 = SURFACE_STYLE_USAGE(.BOTH.,#14780);
#14780 = SURFACE_SIDE_STYLE('',(#14781));
#14781 = SURFACE_STYLE_FILL_AREA(#14782);
#14782 = FILL_AREA_STYLE('',(#14783));
#14783 = FILL_AREA_STYLE_COLOUR('',#14774);
#14784 = CURVE_STYLE('',#14785,POSITIVE_LENGTH_MEASURE(0.1),#14774);
#14785 = DRAUGHTING_PRE_DEFINED_CURVE_FONT('continuous');
#14786 = OVER_RIDING_STYLED_ITEM('overriding color',(#14787),#5949,
  #14758);
#14787 = PRESENTATION_STYLE_ASSIGNMENT((#14788,#14793));
#14788 = SURFACE_STYLE_USAGE(.BOTH.,#14789);
#14789 = SURFACE_SIDE_STYLE('',(#14790));
#14790 = SURFACE_STYLE_FILL_AREA(#14791);
#14791 = FILL_AREA_STYLE('',(#14792));
#14792 = FILL_AREA_STYLE_COLOUR('',#14774);
#14793 = CURVE_STYLE('',#14794,POSITIVE_LENGTH_MEASURE(0.1),#14774);
#14794 = DRAUGHTING_PRE_DEFINED_CURVE_FONT('continuous');
#14795 = OVER_RIDING_STYLED_ITEM('overriding color',(#14796),#5981,
  #14758);
#14796 = PRESENTATION_STYLE_ASSIGNMENT((#14797,#14802));
#14797 = SURFACE_STYLE_USAGE(.BOTH.,#14798);
#14798 = SURFACE_SIDE_STYLE('',(#14799));
#14799 = SURFACE_STYLE_FILL_AREA(#14800);
#14800 = FILL_AREA_STYLE('',(#14801));
#14801 = FILL_AREA_STYLE_COLOUR('',#14774);
#14802 = CURVE_STYLE('',#14803,POSITIVE_LENGTH_MEASURE(0.1),#14774);
#14803 = DRAUGHTING_PRE_DEFINED_CURVE_FONT('continuous');
#14804 = OVER_RIDING_STYLED_ITEM('overriding color',(#14805),#6015,
  #14758);
#14805 = PRESENTATION_STYLE_ASSIGNMENT((#14806,#14811));
#14806 = SURFACE_STYLE_USAGE(.BOTH.,#14807);
#14807 = SURFACE_SIDE_STYLE('',(#14808));
#14808 = SURFACE_STYLE_FILL_AREA(#14809);
#14809 = FILL_AREA_STYLE('',(#14810));
#14810 = FILL_AREA_STYLE_COLOUR('',#14774);
#14811 = CURVE_STYLE('',#14812,POSITIVE_LENGTH_MEASURE(0.1),#14774);
#14812 = DRAUGHTING_PRE_DEFINED_CURVE_FONT('continuous');
#14813 = OVER_RIDING_STYLED_ITEM('overriding color',(#14814),#6047,
  #14758);
#14814 = PRESENTATION_STYLE_ASSIGNMENT((#14815,#14820));
#14815 = SURFACE_STYLE_USAGE(.BOTH.,#14816);
#14816 = SURFACE_SIDE_STYLE('',(#14817));
#14817 = SURFACE_STYLE_FILL_AREA(#14818);
#14818 = FILL_AREA_STYLE('',(#14819));
#14819 = FILL_AREA_STYLE_COLOUR('',#14774);
#14820 = CURVE_STYLE('',#14821,POSITIVE_LENGTH_MEASURE(0.1),#14774);
#14821 = DRAUGHTING_PRE_DEFINED_CURVE_FONT('continuous');
#14822 = OVER_RIDING_STYLED_ITEM('overriding color',(#14823),#6081,
  #14758);
#14823 = PRESENTATION_STYLE_ASSIGNMENT((#14824,#14829));
#14824 = SURFACE_STYLE_USAGE(.BOTH.,#14825);
#14825 = SURFACE_SIDE_STYLE('',(#14826));
#14826 = SURFACE_STYLE_FILL_AREA(#14827);
#14827 = FILL_AREA_STYLE('',(#14828));
#14828 = FILL_AREA_STYLE_COLOUR('',#14774);
#14829 = CURVE_STYLE('',#14830,POSITIVE_LENGTH_MEASURE(0.1),#14774);
#14830 = DRAUGHTING_PRE_DEFINED_CURVE_FONT('continuous');
#14831 = OVER_RIDING_STYLED_ITEM('overriding color',(#14832),#6113,
  #14758);
#14832 = PRESENTATION_STYLE_ASSIGNMENT((#14833,#14838));
#14833 = SURFACE_STYLE_USAGE(.BOTH.,#14834);
#14834 = SURFACE_SIDE_STYLE('',(#14835));
#14835 = SURFACE_STYLE_FILL_AREA(#14836);
#14836 = FILL_AREA_STYLE('',(#14837));
#14837 = FILL_AREA_STYLE_COLOUR('',#14774);
#14838 = CURVE_STYLE('',#14839,POSITIVE_LENGTH_MEASURE(0.1),#14774);
#14839 = DRAUGHTING_PRE_DEFINED_CURVE_FONT('continuous');
#14840 = OVER_RIDING_STYLED_ITEM('overriding color',(#14841),#6147,
  #14758);
#14841 = PRESENTATION_STYLE_ASSIGNMENT((#14842,#14847));
#14842 = SURFACE_STYLE_USAGE(.BOTH.,#14843);
#14843 = SURFACE_SIDE_STYLE('',(#14844));
#14844 = SURFACE_STYLE_FILL_AREA(#14845);
#14845 = FILL_AREA_STYLE('',(#14846));
#14846 = FILL_AREA_STYLE_COLOUR('',#14774);
#14847 = CURVE_STYLE('',#14848,POSITIVE_LENGTH_MEASURE(0.1),#14774);
#14848 = DRAUGHTING_PRE_DEFINED_CURVE_FONT('continuous');
#14849 = OVER_RIDING_STYLED_ITEM('overriding color',(#14850),#6179,
  #14758);
#14850 = PRESENTATION_STYLE_ASSIGNMENT((#14851,#14856));
#14851 = SURFACE_STYLE_USAGE(.BOTH.,#14852);
#14852 = SURFACE_SIDE_STYLE('',(#14853));
#14853 = SURFACE_STYLE_FILL_AREA(#14854);
#14854 = FILL_AREA_STYLE('',(#14855));
#14855 = FILL_AREA_STYLE_COLOUR('',#14774);
#14856 = CURVE_STYLE('',#14857,POSITIVE_LENGTH_MEASURE(0.1),#14774);
#14857 = DRAUGHTING_PRE_DEFINED_CURVE_FONT('continuous');
#14858 = OVER_RIDING_STYLED_ITEM('overriding color',(#14859),#6213,
  #14758);
#14859 = PRESENTATION_STYLE_ASSIGNMENT((#14860,#14865));
#14860 = SURFACE_STYLE_USAGE(.BOTH.,#14861);
#14861 = SURFACE_SIDE_STYLE('',(#14862));
#14862 = SURFACE_STYLE_FILL_AREA(#14863);
#14863 = FILL_AREA_STYLE('',(#14864));
#14864 = FILL_AREA_STYLE_COLOUR('',#14774);
#14865 = CURVE_STYLE('',#14866,POSITIVE_LENGTH_MEASURE(0.1),#14774);
#14866 = DRAUGHTING_PRE_DEFINED_CURVE_FONT('continuous');
#14867 = OVER_RIDING_STYLED_ITEM('overriding color',(#14868),#6245,
  #14758);
#14868 = PRESENTATION_STYLE_ASSIGNMENT((#14869,#14874));
#14869 = SURFACE_STYLE_USAGE(.BOTH.,#14870);
#14870 = SURFACE_SIDE_STYLE('',(#14871));
#14871 = SURFACE_STYLE_FILL_AREA(#14872);
#14872 = FILL_AREA_STYLE('',(#14873));
#14873 = FILL_AREA_STYLE_COLOUR('',#14774);
#14874 = CURVE_STYLE('',#14875,POSITIVE_LENGTH_MEASURE(0.1),#14774);
#14875 = DRAUGHTING_PRE_DEFINED_CURVE_FONT('continuous');
#14876 = OVER_RIDING_STYLED_ITEM('overriding color',(#14877),#6279,
  #14758);
#14877 = PRESENTATION_STYLE_ASSIGNMENT((#14878,#14883));
#14878 = SURFACE_STYLE_USAGE(.BOTH.,#14879);
#14879 = SURFACE_SIDE_STYLE('',(#14880));
#14880 = SURFACE_STYLE_FILL_AREA(#14881);
#14881 = FILL_AREA_STYLE('',(#14882));
#14882 = FILL_AREA_STYLE_COLOUR('',#14774);
#14883 = CURVE_STYLE('',#14884,POSITIVE_LENGTH_MEASURE(0.1),#14774);
#14884 = DRAUGHTING_PRE_DEFINED_CURVE_FONT('continuous');
#14885 = OVER_RIDING_STYLED_ITEM('overriding color',(#14886),#6311,
  #14758);
#14886 = PRESENTATION_STYLE_ASSIGNMENT((#14887,#14892));
#14887 = SURFACE_STYLE_USAGE(.BOTH.,#14888);
#14888 = SURFACE_SIDE_STYLE('',(#14889));
#14889 = SURFACE_STYLE_FILL_AREA(#14890);
#14890 = FILL_AREA_STYLE('',(#14891));
#14891 = FILL_AREA_STYLE_COLOUR('',#14774);
#14892 = CURVE_STYLE('',#14893,POSITIVE_LENGTH_MEASURE(0.1),#14774);
#14893 = DRAUGHTING_PRE_DEFINED_CURVE_FONT('continuous');
#14894 = OVER_RIDING_STYLED_ITEM('overriding color',(#14895),#6345,
  #14758);
#14895 = PRESENTATION_STYLE_ASSIGNMENT((#14896,#14901));
#14896 = SURFACE_STYLE_USAGE(.BOTH.,#14897);
#14897 = SURFACE_SIDE_STYLE('',(#14898));
#14898 = SURFACE_STYLE_FILL_AREA(#14899);
#14899 = FILL_AREA_STYLE('',(#14900));
#14900 = FILL_AREA_STYLE_COLOUR('',#14774);
#14901 = CURVE_STYLE('',#14902,POSITIVE_LENGTH_MEASURE(0.1),#14774);
#14902 = DRAUGHTING_PRE_DEFINED_CURVE_FONT('continuous');
#14903 = OVER_RIDING_STYLED_ITEM('overriding color',(#14904),#6377,
  #14758);
#14904 = PRESENTATION_STYLE_ASSIGNMENT((#14905,#14910));
#14905 = SURFACE_STYLE_USAGE(.BOTH.,#14906);
#14906 = SURFACE_SIDE_STYLE('',(#14907));
#14907 = SURFACE_STYLE_FILL_AREA(#14908);
#14908 = FILL_AREA_STYLE('',(#14909));
#14909 = FILL_AREA_STYLE_COLOUR('',#14774);
#14910 = CURVE_STYLE('',#14911,POSITIVE_LENGTH_MEASURE(0.1),#14774);
#14911 = DRAUGHTING_PRE_DEFINED_CURVE_FONT('continuous');
#14912 = STYLED_ITEM('color',(#14913),#6395);
#14913 = PRESENTATION_STYLE_ASSIGNMENT((#14914,#14919));
#14914 = SURFACE_STYLE_USAGE(.BOTH.,#14915);
#14915 = SURFACE_SIDE_STYLE('',(#14916));
#14916 = SURFACE_STYLE_FILL_AREA(#14917);
#14917 = FILL_AREA_STYLE('',(#14918));
#14918 = FILL_AREA_STYLE_COLOUR('',#14701);
#14919 = CURVE_STYLE('',#14920,POSITIVE_LENGTH_MEASURE(0.1),#14701);
#14920 = DRAUGHTING_PRE_DEFINED_CURVE_FONT('continuous');
#14921 = STYLED_ITEM('color',(#14922),#6407);
#14922 = PRESENTATION_STYLE_ASSIGNMENT((#14923,#14928));
#14923 = SURFACE_STYLE_USAGE(.BOTH.,#14924);
#14924 = SURFACE_SIDE_STYLE('',(#14925));
#14925 = SURFACE_STYLE_FILL_AREA(#14926);
#14926 = FILL_AREA_STYLE('',(#14927));
#14927 = FILL_AREA_STYLE_COLOUR('',#14701);
#14928 = CURVE_STYLE('',#14929,POSITIVE_LENGTH_MEASURE(0.1),#14701);
#14929 = DRAUGHTING_PRE_DEFINED_CURVE_FONT('continuous');
#14930 = STYLED_ITEM('color',(#14931),#6419);
#14931 = PRESENTATION_STYLE_ASSIGNMENT((#14932,#14937));
#14932 = SURFACE_STYLE_USAGE(.BOTH.,#14933);
#14933 = SURFACE_SIDE_STYLE('',(#14934));
#14934 = SURFACE_STYLE_FILL_AREA(#14935);
#14935 = FILL_AREA_STYLE('',(#14936));
#14936 = FILL_AREA_STYLE_COLOUR('',#14701);
#14937 = CURVE_STYLE('',#14938,POSITIVE_LENGTH_MEASURE(0.1),#14701);
#14938 = DRAUGHTING_PRE_DEFINED_CURVE_FONT('continuous');
#14939 = STYLED_ITEM('color',(#14940),#6450);
#14940 = PRESENTATION_STYLE_ASSIGNMENT((#14941,#14946));
#14941 = SURFACE_STYLE_USAGE(.BOTH.,#14942);
#14942 = SURFACE_SIDE_STYLE('',(#14943));
#14943 = SURFACE_STYLE_FILL_AREA(#14944);
#14944 = FILL_AREA_STYLE('',(#14945));
#14945 = FILL_AREA_STYLE_COLOUR('',#14701);
#14946 = CURVE_STYLE('',#14947,POSITIVE_LENGTH_MEASURE(0.1),#14701);
#14947 = DRAUGHTING_PRE_DEFINED_CURVE_FONT('continuous');
#14948 = STYLED_ITEM('color',(#14949),#6474);
#14949 = PRESENTATION_STYLE_ASSIGNMENT((#14950,#14955));
#14950 = SURFACE_STYLE_USAGE(.BOTH.,#14951);
#14951 = SURFACE_SIDE_STYLE('',(#14952));
#14952 = SURFACE_STYLE_FILL_AREA(#14953);
#14953 = FILL_AREA_STYLE('',(#14954));
#14954 = FILL_AREA_STYLE_COLOUR('',#14701);
#14955 = CURVE_STYLE('',#14956,POSITIVE_LENGTH_MEASURE(0.1),#14701);
#14956 = DRAUGHTING_PRE_DEFINED_CURVE_FONT('continuous');
#14957 = STYLED_ITEM('color',(#14958),#6498);
#14958 = PRESENTATION_STYLE_ASSIGNMENT((#14959,#14964));
#14959 = SURFACE_STYLE_USAGE(.BOTH.,#14960);
#14960 = SURFACE_SIDE_STYLE('',(#14961));
#14961 = SURFACE_STYLE_FILL_AREA(#14962);
#14962 = FILL_AREA_STYLE('',(#14963));
#14963 = FILL_AREA_STYLE_COLOUR('',#14701);
#14964 = CURVE_STYLE('',#14965,POSITIVE_LENGTH_MEASURE(0.1),#14701);
#14965 = DRAUGHTING_PRE_DEFINED_CURVE_FONT('continuous');
#14966 = STYLED_ITEM('color',(#14967),#6515);
#14967 = PRESENTATION_STYLE_ASSIGNMENT((#14968,#14973));
#14968 = SURFACE_STYLE_USAGE(.BOTH.,#14969);
#14969 = SURFACE_SIDE_STYLE('',(#14970));
#14970 = SURFACE_STYLE_FILL_AREA(#14971);
#14971 = FILL_AREA_STYLE('',(#14972));
#14972 = FILL_AREA_STYLE_COLOUR('',#14701);
#14973 = CURVE_STYLE('',#14974,POSITIVE_LENGTH_MEASURE(0.1),#14701);
#14974 = DRAUGHTING_PRE_DEFINED_CURVE_FONT('continuous');
#14975 = STYLED_ITEM('color',(#14976),#6546);
#14976 = PRESENTATION_STYLE_ASSIGNMENT((#14977,#14982));
#14977 = SURFACE_STYLE_USAGE(.BOTH.,#14978);
#14978 = SURFACE_SIDE_STYLE('',(#14979));
#14979 = SURFACE_STYLE_FILL_AREA(#14980);
#14980 = FILL_AREA_STYLE('',(#14981));
#14981 = FILL_AREA_STYLE_COLOUR('',#14701);
#14982 = CURVE_STYLE('',#14983,POSITIVE_LENGTH_MEASURE(0.1),#14701);
#14983 = DRAUGHTING_PRE_DEFINED_CURVE_FONT('continuous');
#14984 = STYLED_ITEM('color',(#14985),#6570);
#14985 = PRESENTATION_STYLE_ASSIGNMENT((#14986,#14991));
#14986 = SURFACE_STYLE_USAGE(.BOTH.,#14987);
#14987 = SURFACE_SIDE_STYLE('',(#14988));
#14988 = SURFACE_STYLE_FILL_AREA(#14989);
#14989 = FILL_AREA_STYLE('',(#14990));
#14990 = FILL_AREA_STYLE_COLOUR('',#14701);
#14991 = CURVE_STYLE('',#14992,POSITIVE_LENGTH_MEASURE(0.1),#14701);
#14992 = DRAUGHTING_PRE_DEFINED_CURVE_FONT('continuous');
#14993 = STYLED_ITEM('color',(#14994),#6594);
#14994 = PRESENTATION_STYLE_ASSIGNMENT((#14995,#15000));
#14995 = SURFACE_STYLE_USAGE(.BOTH.,#14996);
#14996 = SURFACE_SIDE_STYLE('',(#14997));
#14997 = SURFACE_STYLE_FILL_AREA(#14998);
#14998 = FILL_AREA_STYLE('',(#14999));
#14999 = FILL_AREA_STYLE_COLOUR('',#14701);
#15000 = CURVE_STYLE('',#15001,POSITIVE_LENGTH_MEASURE(0.1),#14701);
#15001 = DRAUGHTING_PRE_DEFINED_CURVE_FONT('continuous');
#15002 = STYLED_ITEM('color',(#15003),#6611);
#15003 = PRESENTATION_STYLE_ASSIGNMENT((#15004,#15009));
#15004 = SURFACE_STYLE_USAGE(.BOTH.,#15005);
#15005 = SURFACE_SIDE_STYLE('',(#15006));
#15006 = SURFACE_STYLE_FILL_AREA(#15007);
#15007 = FILL_AREA_STYLE('',(#15008));
#15008 = FILL_AREA_STYLE_COLOUR('',#14701);
#15009 = CURVE_STYLE('',#15010,POSITIVE_LENGTH_MEASURE(0.1),#14701);
#15010 = DRAUGHTING_PRE_DEFINED_CURVE_FONT('continuous');
#15011 = STYLED_ITEM('color',(#15012),#6642);
#15012 = PRESENTATION_STYLE_ASSIGNMENT((#15013,#15018));
#15013 = SURFACE_STYLE_USAGE(.BOTH.,#15014);
#15014 = SURFACE_SIDE_STYLE('',(#15015));
#15015 = SURFACE_STYLE_FILL_AREA(#15016);
#15016 = FILL_AREA_STYLE('',(#15017));
#15017 = FILL_AREA_STYLE_COLOUR('',#14701);
#15018 = CURVE_STYLE('',#15019,POSITIVE_LENGTH_MEASURE(0.1),#14701);
#15019 = DRAUGHTING_PRE_DEFINED_CURVE_FONT('continuous');
#15020 = STYLED_ITEM('color',(#15021),#6666);
#15021 = PRESENTATION_STYLE_ASSIGNMENT((#15022,#15027));
#15022 = SURFACE_STYLE_USAGE(.BOTH.,#15023);
#15023 = SURFACE_SIDE_STYLE('',(#15024));
#15024 = SURFACE_STYLE_FILL_AREA(#15025);
#15025 = FILL_AREA_STYLE('',(#15026));
#15026 = FILL_AREA_STYLE_COLOUR('',#14701);
#15027 = CURVE_STYLE('',#15028,POSITIVE_LENGTH_MEASURE(0.1),#14701);
#15028 = DRAUGHTING_PRE_DEFINED_CURVE_FONT('continuous');
#15029 = STYLED_ITEM('color',(#15030),#6690);
#15030 = PRESENTATION_STYLE_ASSIGNMENT((#15031,#15036));
#15031 = SURFACE_STYLE_USAGE(.BOTH.,#15032);
#15032 = SURFACE_SIDE_STYLE('',(#15033));
#15033 = SURFACE_STYLE_FILL_AREA(#15034);
#15034 = FILL_AREA_STYLE('',(#15035));
#15035 = FILL_AREA_STYLE_COLOUR('',#14701);
#15036 = CURVE_STYLE('',#15037,POSITIVE_LENGTH_MEASURE(0.1),#14701);
#15037 = DRAUGHTING_PRE_DEFINED_CURVE_FONT('continuous');
#15038 = STYLED_ITEM('color',(#15039),#6707);
#15039 = PRESENTATION_STYLE_ASSIGNMENT((#15040,#15045));
#15040 = SURFACE_STYLE_USAGE(.BOTH.,#15041);
#15041 = SURFACE_SIDE_STYLE('',(#15042));
#15042 = SURFACE_STYLE_FILL_AREA(#15043);
#15043 = FILL_AREA_STYLE('',(#15044));
#15044 = FILL_AREA_STYLE_COLOUR('',#14701);
#15045 = CURVE_STYLE('',#15046,POSITIVE_LENGTH_MEASURE(0.1),#14701);
#15046 = DRAUGHTING_PRE_DEFINED_CURVE_FONT('continuous');
#15047 = STYLED_ITEM('color',(#15048),#6738);
#15048 = PRESENTATION_STYLE_ASSIGNMENT((#15049,#15054));
#15049 = SURFACE_STYLE_USAGE(.BOTH.,#15050);
#15050 = SURFACE_SIDE_STYLE('',(#15051));
#15051 = SURFACE_STYLE_FILL_AREA(#15052);
#15052 = FILL_AREA_STYLE('',(#15053));
#15053 = FILL_AREA_STYLE_COLOUR('',#14701);
#15054 = CURVE_STYLE('',#15055,POSITIVE_LENGTH_MEASURE(0.1),#14701);
#15055 = DRAUGHTING_PRE_DEFINED_CURVE_FONT('continuous');
#15056 = STYLED_ITEM('color',(#15057),#6762);
#15057 = PRESENTATION_STYLE_ASSIGNMENT((#15058,#15063));
#15058 = SURFACE_STYLE_USAGE(.BOTH.,#15059);
#15059 = SURFACE_SIDE_STYLE('',(#15060));
#15060 = SURFACE_STYLE_FILL_AREA(#15061);
#15061 = FILL_AREA_STYLE('',(#15062));
#15062 = FILL_AREA_STYLE_COLOUR('',#14701);
#15063 = CURVE_STYLE('',#15064,POSITIVE_LENGTH_MEASURE(0.1),#14701);
#15064 = DRAUGHTING_PRE_DEFINED_CURVE_FONT('continuous');
#15065 = STYLED_ITEM('color',(#15066),#6786);
#15066 = PRESENTATION_STYLE_ASSIGNMENT((#15067,#15072));
#15067 = SURFACE_STYLE_USAGE(.BOTH.,#15068);
#15068 = SURFACE_SIDE_STYLE('',(#15069));
#15069 = SURFACE_STYLE_FILL_AREA(#15070);
#15070 = FILL_AREA_STYLE('',(#15071));
#15071 = FILL_AREA_STYLE_COLOUR('',#14701);
#15072 = CURVE_STYLE('',#15073,POSITIVE_LENGTH_MEASURE(0.1),#14701);
#15073 = DRAUGHTING_PRE_DEFINED_CURVE_FONT('continuous');
#15074 = STYLED_ITEM('color',(#15075),#6803);
#15075 = PRESENTATION_STYLE_ASSIGNMENT((#15076,#15081));
#15076 = SURFACE_STYLE_USAGE(.BOTH.,#15077);
#15077 = SURFACE_SIDE_STYLE('',(#15078));
#15078 = SURFACE_STYLE_FILL_AREA(#15079);
#15079 = FILL_AREA_STYLE('',(#15080));
#15080 = FILL_AREA_STYLE_COLOUR('',#14701);
#15081 = CURVE_STYLE('',#15082,POSITIVE_LENGTH_MEASURE(0.1),#14701);
#15082 = DRAUGHTING_PRE_DEFINED_CURVE_FONT('continuous');
#15083 = STYLED_ITEM('color',(#15084),#6834);
#15084 = PRESENTATION_STYLE_ASSIGNMENT((#15085,#15090));
#15085 = SURFACE_STYLE_USAGE(.BOTH.,#15086);
#15086 = SURFACE_SIDE_STYLE('',(#15087));
#15087 = SURFACE_STYLE_FILL_AREA(#15088);
#15088 = FILL_AREA_STYLE('',(#15089));
#15089 = FILL_AREA_STYLE_COLOUR('',#14701);
#15090 = CURVE_STYLE('',#15091,POSITIVE_LENGTH_MEASURE(0.1),#14701);
#15091 = DRAUGHTING_PRE_DEFINED_CURVE_FONT('continuous');
#15092 = STYLED_ITEM('color',(#15093),#6858);
#15093 = PRESENTATION_STYLE_ASSIGNMENT((#15094,#15099));
#15094 = SURFACE_STYLE_USAGE(.BOTH.,#15095);
#15095 = SURFACE_SIDE_STYLE('',(#15096));
#15096 = SURFACE_STYLE_FILL_AREA(#15097);
#15097 = FILL_AREA_STYLE('',(#15098));
#15098 = FILL_AREA_STYLE_COLOUR('',#14701);
#15099 = CURVE_STYLE('',#15100,POSITIVE_LENGTH_MEASURE(0.1),#14701);
#15100 = DRAUGHTING_PRE_DEFINED_CURVE_FONT('continuous');
#15101 = STYLED_ITEM('color',(#15102),#6882);
#15102 = PRESENTATION_STYLE_ASSIGNMENT((#15103,#15108));
#15103 = SURFACE_STYLE_USAGE(.BOTH.,#15104);
#15104 = SURFACE_SIDE_STYLE('',(#15105));
#15105 = SURFACE_STYLE_FILL_AREA(#15106);
#15106 = FILL_AREA_STYLE('',(#15107));
#15107 = FILL_AREA_STYLE_COLOUR('',#14701);
#15108 = CURVE_STYLE('',#15109,POSITIVE_LENGTH_MEASURE(0.1),#14701);
#15109 = DRAUGHTING_PRE_DEFINED_CURVE_FONT('continuous');
#15110 = STYLED_ITEM('color',(#15111),#6899);
#15111 = PRESENTATION_STYLE_ASSIGNMENT((#15112,#15117));
#15112 = SURFACE_STYLE_USAGE(.BOTH.,#15113);
#15113 = SURFACE_SIDE_STYLE('',(#15114));
#15114 = SURFACE_STYLE_FILL_AREA(#15115);
#15115 = FILL_AREA_STYLE('',(#15116));
#15116 = FILL_AREA_STYLE_COLOUR('',#14701);
#15117 = CURVE_STYLE('',#15118,POSITIVE_LENGTH_MEASURE(0.1),#14701);
#15118 = DRAUGHTING_PRE_DEFINED_CURVE_FONT('continuous');
#15119 = STYLED_ITEM('color',(#15120),#6930);
#15120 = PRESENTATION_STYLE_ASSIGNMENT((#15121,#15126));
#15121 = SURFACE_STYLE_USAGE(.BOTH.,#15122);
#15122 = SURFACE_SIDE_STYLE('',(#15123));
#15123 = SURFACE_STYLE_FILL_AREA(#15124);
#15124 = FILL_AREA_STYLE('',(#15125));
#15125 = FILL_AREA_STYLE_COLOUR('',#14701);
#15126 = CURVE_STYLE('',#15127,POSITIVE_LENGTH_MEASURE(0.1),#14701);
#15127 = DRAUGHTING_PRE_DEFINED_CURVE_FONT('continuous');
#15128 = STYLED_ITEM('color',(#15129),#6954);
#15129 = PRESENTATION_STYLE_ASSIGNMENT((#15130,#15135));
#15130 = SURFACE_STYLE_USAGE(.BOTH.,#15131);
#15131 = SURFACE_SIDE_STYLE('',(#15132));
#15132 = SURFACE_STYLE_FILL_AREA(#15133);
#15133 = FILL_AREA_STYLE('',(#15134));
#15134 = FILL_AREA_STYLE_COLOUR('',#14701);
#15135 = CURVE_STYLE('',#15136,POSITIVE_LENGTH_MEASURE(0.1),#14701);
#15136 = DRAUGHTING_PRE_DEFINED_CURVE_FONT('continuous');
#15137 = STYLED_ITEM('color',(#15138),#6978);
#15138 = PRESENTATION_STYLE_ASSIGNMENT((#15139,#15144));
#15139 = SURFACE_STYLE_USAGE(.BOTH.,#15140);
#15140 = SURFACE_SIDE_STYLE('',(#15141));
#15141 = SURFACE_STYLE_FILL_AREA(#15142);
#15142 = FILL_AREA_STYLE('',(#15143));
#15143 = FILL_AREA_STYLE_COLOUR('',#14701);
#15144 = CURVE_STYLE('',#15145,POSITIVE_LENGTH_MEASURE(0.1),#14701);
#15145 = DRAUGHTING_PRE_DEFINED_CURVE_FONT('continuous');
#15146 = STYLED_ITEM('color',(#15147),#6995);
#15147 = PRESENTATION_STYLE_ASSIGNMENT((#15148,#15153));
#15148 = SURFACE_STYLE_USAGE(.BOTH.,#15149);
#15149 = SURFACE_SIDE_STYLE('',(#15150));
#15150 = SURFACE_STYLE_FILL_AREA(#15151);
#15151 = FILL_AREA_STYLE('',(#15152));
#15152 = FILL_AREA_STYLE_COLOUR('',#14701);
#15153 = CURVE_STYLE('',#15154,POSITIVE_LENGTH_MEASURE(0.1),#14701);
#15154 = DRAUGHTING_PRE_DEFINED_CURVE_FONT('continuous');
#15155 = STYLED_ITEM('color',(#15156),#7026);
#15156 = PRESENTATION_STYLE_ASSIGNMENT((#15157,#15162));
#15157 = SURFACE_STYLE_USAGE(.BOTH.,#15158);
#15158 = SURFACE_SIDE_STYLE('',(#15159));
#15159 = SURFACE_STYLE_FILL_AREA(#15160);
#15160 = FILL_AREA_STYLE('',(#15161));
#15161 = FILL_AREA_STYLE_COLOUR('',#14701);
#15162 = CURVE_STYLE('',#15163,POSITIVE_LENGTH_MEASURE(0.1),#14701);
#15163 = DRAUGHTING_PRE_DEFINED_CURVE_FONT('continuous');
#15164 = STYLED_ITEM('color',(#15165),#7050);
#15165 = PRESENTATION_STYLE_ASSIGNMENT((#15166,#15171));
#15166 = SURFACE_STYLE_USAGE(.BOTH.,#15167);
#15167 = SURFACE_SIDE_STYLE('',(#15168));
#15168 = SURFACE_STYLE_FILL_AREA(#15169);
#15169 = FILL_AREA_STYLE('',(#15170));
#15170 = FILL_AREA_STYLE_COLOUR('',#14701);
#15171 = CURVE_STYLE('',#15172,POSITIVE_LENGTH_MEASURE(0.1),#14701);
#15172 = DRAUGHTING_PRE_DEFINED_CURVE_FONT('continuous');
#15173 = STYLED_ITEM('color',(#15174),#7074);
#15174 = PRESENTATION_STYLE_ASSIGNMENT((#15175,#15180));
#15175 = SURFACE_STYLE_USAGE(.BOTH.,#15176);
#15176 = SURFACE_SIDE_STYLE('',(#15177));
#15177 = SURFACE_STYLE_FILL_AREA(#15178);
#15178 = FILL_AREA_STYLE('',(#15179));
#15179 = FILL_AREA_STYLE_COLOUR('',#14701);
#15180 = CURVE_STYLE('',#15181,POSITIVE_LENGTH_MEASURE(0.1),#14701);
#15181 = DRAUGHTING_PRE_DEFINED_CURVE_FONT('continuous');
#15182 = STYLED_ITEM('color',(#15183),#7091);
#15183 = PRESENTATION_STYLE_ASSIGNMENT((#15184,#15189));
#15184 = SURFACE_STYLE_USAGE(.BOTH.,#15185);
#15185 = SURFACE_SIDE_STYLE('',(#15186));
#15186 = SURFACE_STYLE_FILL_AREA(#15187);
#15187 = FILL_AREA_STYLE('',(#15188));
#15188 = FILL_AREA_STYLE_COLOUR('',#14701);
#15189 = CURVE_STYLE('',#15190,POSITIVE_LENGTH_MEASURE(0.1),#14701);
#15190 = DRAUGHTING_PRE_DEFINED_CURVE_FONT('continuous');
#15191 = STYLED_ITEM('color',(#15192),#7122);
#15192 = PRESENTATION_STYLE_ASSIGNMENT((#15193,#15198));
#15193 = SURFACE_STYLE_USAGE(.BOTH.,#15194);
#15194 = SURFACE_SIDE_STYLE('',(#15195));
#15195 = SURFACE_STYLE_FILL_AREA(#15196);
#15196 = FILL_AREA_STYLE('',(#15197));
#15197 = FILL_AREA_STYLE_COLOUR('',#14701);
#15198 = CURVE_STYLE('',#15199,POSITIVE_LENGTH_MEASURE(0.1),#14701);
#15199 = DRAUGHTING_PRE_DEFINED_CURVE_FONT('continuous');
#15200 = STYLED_ITEM('color',(#15201),#7146);
#15201 = PRESENTATION_STYLE_ASSIGNMENT((#15202,#15207));
#15202 = SURFACE_STYLE_USAGE(.BOTH.,#15203);
#15203 = SURFACE_SIDE_STYLE('',(#15204));
#15204 = SURFACE_STYLE_FILL_AREA(#15205);
#15205 = FILL_AREA_STYLE('',(#15206));
#15206 = FILL_AREA_STYLE_COLOUR('',#14701);
#15207 = CURVE_STYLE('',#15208,POSITIVE_LENGTH_MEASURE(0.1),#14701);
#15208 = DRAUGHTING_PRE_DEFINED_CURVE_FONT('continuous');
#15209 = STYLED_ITEM('color',(#15210),#7170);
#15210 = PRESENTATION_STYLE_ASSIGNMENT((#15211,#15216));
#15211 = SURFACE_STYLE_USAGE(.BOTH.,#15212);
#15212 = SURFACE_SIDE_STYLE('',(#15213));
#15213 = SURFACE_STYLE_FILL_AREA(#15214);
#15214 = FILL_AREA_STYLE('',(#15215));
#15215 = FILL_AREA_STYLE_COLOUR('',#14701);
#15216 = CURVE_STYLE('',#15217,POSITIVE_LENGTH_MEASURE(0.1),#14701);
#15217 = DRAUGHTING_PRE_DEFINED_CURVE_FONT('continuous');
#15218 = STYLED_ITEM('color',(#15219),#7187);
#15219 = PRESENTATION_STYLE_ASSIGNMENT((#15220,#15225));
#15220 = SURFACE_STYLE_USAGE(.BOTH.,#15221);
#15221 = SURFACE_SIDE_STYLE('',(#15222));
#15222 = SURFACE_STYLE_FILL_AREA(#15223);
#15223 = FILL_AREA_STYLE('',(#15224));
#15224 = FILL_AREA_STYLE_COLOUR('',#14774);
#15225 = CURVE_STYLE('',#15226,POSITIVE_LENGTH_MEASURE(0.1),#14774);
#15226 = DRAUGHTING_PRE_DEFINED_CURVE_FONT('continuous');
#15227 = STYLED_ITEM('color',(#15228),#7204);
#15228 = PRESENTATION_STYLE_ASSIGNMENT((#15229,#15234));
#15229 = SURFACE_STYLE_USAGE(.BOTH.,#15230);
#15230 = SURFACE_SIDE_STYLE('',(#15231));
#15231 = SURFACE_STYLE_FILL_AREA(#15232);
#15232 = FILL_AREA_STYLE('',(#15233));
#15233 = FILL_AREA_STYLE_COLOUR('',#14774);
#15234 = CURVE_STYLE('',#15235,POSITIVE_LENGTH_MEASURE(0.1),#14774);
#15235 = DRAUGHTING_PRE_DEFINED_CURVE_FONT('continuous');
#15236 = STYLED_ITEM('color',(#15237),#7251);
#15237 = PRESENTATION_STYLE_ASSIGNMENT((#15238,#15243));
#15238 = SURFACE_STYLE_USAGE(.BOTH.,#15239);
#15239 = SURFACE_SIDE_STYLE('',(#15240));
#15240 = SURFACE_STYLE_FILL_AREA(#15241);
#15241 = FILL_AREA_STYLE('',(#15242));
#15242 = FILL_AREA_STYLE_COLOUR('',#14774);
#15243 = CURVE_STYLE('',#15244,POSITIVE_LENGTH_MEASURE(0.1),#14774);
#15244 = DRAUGHTING_PRE_DEFINED_CURVE_FONT('continuous');
#15245 = STYLED_ITEM('color',(#15246),#7268);
#15246 = PRESENTATION_STYLE_ASSIGNMENT((#15247,#15252));
#15247 = SURFACE_STYLE_USAGE(.BOTH.,#15248);
#15248 = SURFACE_SIDE_STYLE('',(#15249));
#15249 = SURFACE_STYLE_FILL_AREA(#15250);
#15250 = FILL_AREA_STYLE('',(#15251));
#15251 = FILL_AREA_STYLE_COLOUR('',#14774);
#15252 = CURVE_STYLE('',#15253,POSITIVE_LENGTH_MEASURE(0.1),#14774);
#15253 = DRAUGHTING_PRE_DEFINED_CURVE_FONT('continuous');
#15254 = STYLED_ITEM('color',(#15255),#7315);
#15255 = PRESENTATION_STYLE_ASSIGNMENT((#15256,#15261));
#15256 = SURFACE_STYLE_USAGE(.BOTH.,#15257);
#15257 = SURFACE_SIDE_STYLE('',(#15258));
#15258 = SURFACE_STYLE_FILL_AREA(#15259);
#15259 = FILL_AREA_STYLE('',(#15260));
#15260 = FILL_AREA_STYLE_COLOUR('',#14774);
#15261 = CURVE_STYLE('',#15262,POSITIVE_LENGTH_MEASURE(0.1),#14774);
#15262 = DRAUGHTING_PRE_DEFINED_CURVE_FONT('continuous');
#15263 = STYLED_ITEM('color',(#15264),#7332);
#15264 = PRESENTATION_STYLE_ASSIGNMENT((#15265,#15270));
#15265 = SURFACE_STYLE_USAGE(.BOTH.,#15266);
#15266 = SURFACE_SIDE_STYLE('',(#15267));
#15267 = SURFACE_STYLE_FILL_AREA(#15268);
#15268 = FILL_AREA_STYLE('',(#15269));
#15269 = FILL_AREA_STYLE_COLOUR('',#14774);
#15270 = CURVE_STYLE('',#15271,POSITIVE_LENGTH_MEASURE(0.1),#14774);
#15271 = DRAUGHTING_PRE_DEFINED_CURVE_FONT('continuous');
#15272 = STYLED_ITEM('color',(#15273),#7379);
#15273 = PRESENTATION_STYLE_ASSIGNMENT((#15274,#15279));
#15274 = SURFACE_STYLE_USAGE(.BOTH.,#15275);
#15275 = SURFACE_SIDE_STYLE('',(#15276));
#15276 = SURFACE_STYLE_FILL_AREA(#15277);
#15277 = FILL_AREA_STYLE('',(#15278));
#15278 = FILL_AREA_STYLE_COLOUR('',#14774);
#15279 = CURVE_STYLE('',#15280,POSITIVE_LENGTH_MEASURE(0.1),#14774);
#15280 = DRAUGHTING_PRE_DEFINED_CURVE_FONT('continuous');
#15281 = STYLED_ITEM('color',(#15282),#7396);
#15282 = PRESENTATION_STYLE_ASSIGNMENT((#15283,#15288));
#15283 = SURFACE_STYLE_USAGE(.BOTH.,#15284);
#15284 = SURFACE_SIDE_STYLE('',(#15285));
#15285 = SURFACE_STYLE_FILL_AREA(#15286);
#15286 = FILL_AREA_STYLE('',(#15287));
#15287 = FILL_AREA_STYLE_COLOUR('',#14774);
#15288 = CURVE_STYLE('',#15289,POSITIVE_LENGTH_MEASURE(0.1),#14774);
#15289 = DRAUGHTING_PRE_DEFINED_CURVE_FONT('continuous');
#15290 = STYLED_ITEM('color',(#15291),#7443);
#15291 = PRESENTATION_STYLE_ASSIGNMENT((#15292,#15297));
#15292 = SURFACE_STYLE_USAGE(.BOTH.,#15293);
#15293 = SURFACE_SIDE_STYLE('',(#15294));
#15294 = SURFACE_STYLE_FILL_AREA(#15295);
#15295 = FILL_AREA_STYLE('',(#15296));
#15296 = FILL_AREA_STYLE_COLOUR('',#14774);
#15297 = CURVE_STYLE('',#15298,POSITIVE_LENGTH_MEASURE(0.1),#14774);
#15298 = DRAUGHTING_PRE_DEFINED_CURVE_FONT('continuous');
#15299 = STYLED_ITEM('color',(#15300),#7460);
#15300 = PRESENTATION_STYLE_ASSIGNMENT((#15301,#15306));
#15301 = SURFACE_STYLE_USAGE(.BOTH.,#15302);
#15302 = SURFACE_SIDE_STYLE('',(#15303));
#15303 = SURFACE_STYLE_FILL_AREA(#15304);
#15304 = FILL_AREA_STYLE('',(#15305));
#15305 = FILL_AREA_STYLE_COLOUR('',#14774);
#15306 = CURVE_STYLE('',#15307,POSITIVE_LENGTH_MEASURE(0.1),#14774);
#15307 = DRAUGHTING_PRE_DEFINED_CURVE_FONT('continuous');
#15308 = STYLED_ITEM('color',(#15309),#7507);
#15309 = PRESENTATION_STYLE_ASSIGNMENT((#15310,#15315));
#15310 = SURFACE_STYLE_USAGE(.BOTH.,#15311);
#15311 = SURFACE_SIDE_STYLE('',(#15312));
#15312 = SURFACE_STYLE_FILL_AREA(#15313);
#15313 = FILL_AREA_STYLE('',(#15314));
#15314 = FILL_AREA_STYLE_COLOUR('',#14774);
#15315 = CURVE_STYLE('',#15316,POSITIVE_LENGTH_MEASURE(0.1),#14774);
#15316 = DRAUGHTING_PRE_DEFINED_CURVE_FONT('continuous');
#15317 = STYLED_ITEM('color',(#15318),#7524);
#15318 = PRESENTATION_STYLE_ASSIGNMENT((#15319,#15324));
#15319 = SURFACE_STYLE_USAGE(.BOTH.,#15320);
#15320 = SURFACE_SIDE_STYLE('',(#15321));
#15321 = SURFACE_STYLE_FILL_AREA(#15322);
#15322 = FILL_AREA_STYLE('',(#15323));
#15323 = FILL_AREA_STYLE_COLOUR('',#14774);
#15324 = CURVE_STYLE('',#15325,POSITIVE_LENGTH_MEASURE(0.1),#14774);
#15325 = DRAUGHTING_PRE_DEFINED_CURVE_FONT('continuous');
#15326 = STYLED_ITEM('color',(#15327),#7571);
#15327 = PRESENTATION_STYLE_ASSIGNMENT((#15328,#15333));
#15328 = SURFACE_STYLE_USAGE(.BOTH.,#15329);
#15329 = SURFACE_SIDE_STYLE('',(#15330));
#15330 = SURFACE_STYLE_FILL_AREA(#15331);
#15331 = FILL_AREA_STYLE('',(#15332));
#15332 = FILL_AREA_STYLE_COLOUR('',#14774);
#15333 = CURVE_STYLE('',#15334,POSITIVE_LENGTH_MEASURE(0.1),#14774);
#15334 = DRAUGHTING_PRE_DEFINED_CURVE_FONT('continuous');
#15335 = STYLED_ITEM('color',(#15336),#7588);
#15336 = PRESENTATION_STYLE_ASSIGNMENT((#15337,#15342));
#15337 = SURFACE_STYLE_USAGE(.BOTH.,#15338);
#15338 = SURFACE_SIDE_STYLE('',(#15339));
#15339 = SURFACE_STYLE_FILL_AREA(#15340);
#15340 = FILL_AREA_STYLE('',(#15341));
#15341 = FILL_AREA_STYLE_COLOUR('',#14774);
#15342 = CURVE_STYLE('',#15343,POSITIVE_LENGTH_MEASURE(0.1),#14774);
#15343 = DRAUGHTING_PRE_DEFINED_CURVE_FONT('continuous');
#15344 = STYLED_ITEM('color',(#15345),#7635);
#15345 = PRESENTATION_STYLE_ASSIGNMENT((#15346,#15351));
#15346 = SURFACE_STYLE_USAGE(.BOTH.,#15347);
#15347 = SURFACE_SIDE_STYLE('',(#15348));
#15348 = SURFACE_STYLE_FILL_AREA(#15349);
#15349 = FILL_AREA_STYLE('',(#15350));
#15350 = FILL_AREA_STYLE_COLOUR('',#14774);
#15351 = CURVE_STYLE('',#15352,POSITIVE_LENGTH_MEASURE(0.1),#14774);
#15352 = DRAUGHTING_PRE_DEFINED_CURVE_FONT('continuous');
#15353 = STYLED_ITEM('color',(#15354),#7652);
#15354 = PRESENTATION_STYLE_ASSIGNMENT((#15355,#15360));
#15355 = SURFACE_STYLE_USAGE(.BOTH.,#15356);
#15356 = SURFACE_SIDE_STYLE('',(#15357));
#15357 = SURFACE_STYLE_FILL_AREA(#15358);
#15358 = FILL_AREA_STYLE('',(#15359));
#15359 = FILL_AREA_STYLE_COLOUR('',#14774);
#15360 = CURVE_STYLE('',#15361,POSITIVE_LENGTH_MEASURE(0.1),#14774);
#15361 = DRAUGHTING_PRE_DEFINED_CURVE_FONT('continuous');
#15362 = STYLED_ITEM('color',(#15363),#7699);
#15363 = PRESENTATION_STYLE_ASSIGNMENT((#15364,#15369));
#15364 = SURFACE_STYLE_USAGE(.BOTH.,#15365);
#15365 = SURFACE_SIDE_STYLE('',(#15366));
#15366 = SURFACE_STYLE_FILL_AREA(#15367);
#15367 = FILL_AREA_STYLE('',(#15368));
#15368 = FILL_AREA_STYLE_COLOUR('',#14774);
#15369 = CURVE_STYLE('',#15370,POSITIVE_LENGTH_MEASURE(0.1),#14774);
#15370 = DRAUGHTING_PRE_DEFINED_CURVE_FONT('continuous');
#15371 = STYLED_ITEM('color',(#15372),#7716);
#15372 = PRESENTATION_STYLE_ASSIGNMENT((#15373,#15378));
#15373 = SURFACE_STYLE_USAGE(.BOTH.,#15374);
#15374 = SURFACE_SIDE_STYLE('',(#15375));
#15375 = SURFACE_STYLE_FILL_AREA(#15376);
#15376 = FILL_AREA_STYLE('',(#15377));
#15377 = FILL_AREA_STYLE_COLOUR('',#14774);
#15378 = CURVE_STYLE('',#15379,POSITIVE_LENGTH_MEASURE(0.1),#14774);
#15379 = DRAUGHTING_PRE_DEFINED_CURVE_FONT('continuous');
#15380 = STYLED_ITEM('color',(#15381),#7763);
#15381 = PRESENTATION_STYLE_ASSIGNMENT((#15382,#15387));
#15382 = SURFACE_STYLE_USAGE(.BOTH.,#15383);
#15383 = SURFACE_SIDE_STYLE('',(#15384));
#15384 = SURFACE_STYLE_FILL_AREA(#15385);
#15385 = FILL_AREA_STYLE('',(#15386));
#15386 = FILL_AREA_STYLE_COLOUR('',#14774);
#15387 = CURVE_STYLE('',#15388,POSITIVE_LENGTH_MEASURE(0.1),#14774);
#15388 = DRAUGHTING_PRE_DEFINED_CURVE_FONT('continuous');
#15389 = STYLED_ITEM('color',(#15390),#7780);
#15390 = PRESENTATION_STYLE_ASSIGNMENT((#15391,#15396));
#15391 = SURFACE_STYLE_USAGE(.BOTH.,#15392);
#15392 = SURFACE_SIDE_STYLE('',(#15393));
#15393 = SURFACE_STYLE_FILL_AREA(#15394);
#15394 = FILL_AREA_STYLE('',(#15395));
#15395 = FILL_AREA_STYLE_COLOUR('',#14774);
#15396 = CURVE_STYLE('',#15397,POSITIVE_LENGTH_MEASURE(0.1),#14774);
#15397 = DRAUGHTING_PRE_DEFINED_CURVE_FONT('continuous');
#15398 = STYLED_ITEM('color',(#15399),#7827);
#15399 = PRESENTATION_STYLE_ASSIGNMENT((#15400,#15405));
#15400 = SURFACE_STYLE_USAGE(.BOTH.,#15401);
#15401 = SURFACE_SIDE_STYLE('',(#15402));
#15402 = SURFACE_STYLE_FILL_AREA(#15403);
#15403 = FILL_AREA_STYLE('',(#15404));
#15404 = FILL_AREA_STYLE_COLOUR('',#14774);
#15405 = CURVE_STYLE('',#15406,POSITIVE_LENGTH_MEASURE(0.1),#14774);
#15406 = DRAUGHTING_PRE_DEFINED_CURVE_FONT('continuous');
#15407 = STYLED_ITEM('color',(#15408),#7844);
#15408 = PRESENTATION_STYLE_ASSIGNMENT((#15409,#15414));
#15409 = SURFACE_STYLE_USAGE(.BOTH.,#15410);
#15410 = SURFACE_SIDE_STYLE('',(#15411));
#15411 = SURFACE_STYLE_FILL_AREA(#15412);
#15412 = FILL_AREA_STYLE('',(#15413));
#15413 = FILL_AREA_STYLE_COLOUR('',#14774);
#15414 = CURVE_STYLE('',#15415,POSITIVE_LENGTH_MEASURE(0.1),#14774);
#15415 = DRAUGHTING_PRE_DEFINED_CURVE_FONT('continuous');
#15416 = STYLED_ITEM('color',(#15417),#7891);
#15417 = PRESENTATION_STYLE_ASSIGNMENT((#15418,#15423));
#15418 = SURFACE_STYLE_USAGE(.BOTH.,#15419);
#15419 = SURFACE_SIDE_STYLE('',(#15420));
#15420 = SURFACE_STYLE_FILL_AREA(#15421);
#15421 = FILL_AREA_STYLE('',(#15422));
#15422 = FILL_AREA_STYLE_COLOUR('',#14774);
#15423 = CURVE_STYLE('',#15424,POSITIVE_LENGTH_MEASURE(0.1),#14774);
#15424 = DRAUGHTING_PRE_DEFINED_CURVE_FONT('continuous');
#15425 = STYLED_ITEM('color',(#15426),#7908);
#15426 = PRESENTATION_STYLE_ASSIGNMENT((#15427,#15432));
#15427 = SURFACE_STYLE_USAGE(.BOTH.,#15428);
#15428 = SURFACE_SIDE_STYLE('',(#15429));
#15429 = SURFACE_STYLE_FILL_AREA(#15430);
#15430 = FILL_AREA_STYLE('',(#15431));
#15431 = FILL_AREA_STYLE_COLOUR('',#14774);
#15432 = CURVE_STYLE('',#15433,POSITIVE_LENGTH_MEASURE(0.1),#14774);
#15433 = DRAUGHTING_PRE_DEFINED_CURVE_FONT('continuous');
#15434 = STYLED_ITEM('color',(#15435),#7955);
#15435 = PRESENTATION_STYLE_ASSIGNMENT((#15436,#15441));
#15436 = SURFACE_STYLE_USAGE(.BOTH.,#15437);
#15437 = SURFACE_SIDE_STYLE('',(#15438));
#15438 = SURFACE_STYLE_FILL_AREA(#15439);
#15439 = FILL_AREA_STYLE('',(#15440));
#15440 = FILL_AREA_STYLE_COLOUR('',#14774);
#15441 = CURVE_STYLE('',#15442,POSITIVE_LENGTH_MEASURE(0.1),#14774);
#15442 = DRAUGHTING_PRE_DEFINED_CURVE_FONT('continuous');
#15443 = STYLED_ITEM('color',(#15444),#7972);
#15444 = PRESENTATION_STYLE_ASSIGNMENT((#15445,#15450));
#15445 = SURFACE_STYLE_USAGE(.BOTH.,#15446);
#15446 = SURFACE_SIDE_STYLE('',(#15447));
#15447 = SURFACE_STYLE_FILL_AREA(#15448);
#15448 = FILL_AREA_STYLE('',(#15449));
#15449 = FILL_AREA_STYLE_COLOUR('',#14774);
#15450 = CURVE_STYLE('',#15451,POSITIVE_LENGTH_MEASURE(0.1),#14774);
#15451 = DRAUGHTING_PRE_DEFINED_CURVE_FONT('continuous');
#15452 = STYLED_ITEM('color',(#15453),#8019);
#15453 = PRESENTATION_STYLE_ASSIGNMENT((#15454,#15459));
#15454 = SURFACE_STYLE_USAGE(.BOTH.,#15455);
#15455 = SURFACE_SIDE_STYLE('',(#15456));
#15456 = SURFACE_STYLE_FILL_AREA(#15457);
#15457 = FILL_AREA_STYLE('',(#15458));
#15458 = FILL_AREA_STYLE_COLOUR('',#14774);
#15459 = CURVE_STYLE('',#15460,POSITIVE_LENGTH_MEASURE(0.1),#14774);
#15460 = DRAUGHTING_PRE_DEFINED_CURVE_FONT('continuous');
#15461 = STYLED_ITEM('color',(#15462),#8036);
#15462 = PRESENTATION_STYLE_ASSIGNMENT((#15463,#15468));
#15463 = SURFACE_STYLE_USAGE(.BOTH.,#15464);
#15464 = SURFACE_SIDE_STYLE('',(#15465));
#15465 = SURFACE_STYLE_FILL_AREA(#15466);
#15466 = FILL_AREA_STYLE('',(#15467));
#15467 = FILL_AREA_STYLE_COLOUR('',#14774);
#15468 = CURVE_STYLE('',#15469,POSITIVE_LENGTH_MEASURE(0.1),#14774);
#15469 = DRAUGHTING_PRE_DEFINED_CURVE_FONT('continuous');
#15470 = STYLED_ITEM('color',(#15471),#8083);
#15471 = PRESENTATION_STYLE_ASSIGNMENT((#15472,#15477));
#15472 = SURFACE_STYLE_USAGE(.BOTH.,#15473);
#15473 = SURFACE_SIDE_STYLE('',(#15474));
#15474 = SURFACE_STYLE_FILL_AREA(#15475);
#15475 = FILL_AREA_STYLE('',(#15476));
#15476 = FILL_AREA_STYLE_COLOUR('',#14774);
#15477 = CURVE_STYLE('',#15478,POSITIVE_LENGTH_MEASURE(0.1),#14774);
#15478 = DRAUGHTING_PRE_DEFINED_CURVE_FONT('continuous');
#15479 = STYLED_ITEM('color',(#15480),#8100);
#15480 = PRESENTATION_STYLE_ASSIGNMENT((#15481,#15486));
#15481 = SURFACE_STYLE_USAGE(.BOTH.,#15482);
#15482 = SURFACE_SIDE_STYLE('',(#15483));
#15483 = SURFACE_STYLE_FILL_AREA(#15484);
#15484 = FILL_AREA_STYLE('',(#15485));
#15485 = FILL_AREA_STYLE_COLOUR('',#14774);
#15486 = CURVE_STYLE('',#15487,POSITIVE_LENGTH_MEASURE(0.1),#14774);
#15487 = DRAUGHTING_PRE_DEFINED_CURVE_FONT('continuous');
#15488 = STYLED_ITEM('color',(#15489),#8147);
#15489 = PRESENTATION_STYLE_ASSIGNMENT((#15490,#15495));
#15490 = SURFACE_STYLE_USAGE(.BOTH.,#15491);
#15491 = SURFACE_SIDE_STYLE('',(#15492));
#15492 = SURFACE_STYLE_FILL_AREA(#15493);
#15493 = FILL_AREA_STYLE('',(#15494));
#15494 = FILL_AREA_STYLE_COLOUR('',#14774);
#15495 = CURVE_STYLE('',#15496,POSITIVE_LENGTH_MEASURE(0.1),#14774);
#15496 = DRAUGHTING_PRE_DEFINED_CURVE_FONT('continuous');
#15497 = STYLED_ITEM('color',(#15498),#8164);
#15498 = PRESENTATION_STYLE_ASSIGNMENT((#15499,#15504));
#15499 = SURFACE_STYLE_USAGE(.BOTH.,#15500);
#15500 = SURFACE_SIDE_STYLE('',(#15501));
#15501 = SURFACE_STYLE_FILL_AREA(#15502);
#15502 = FILL_AREA_STYLE('',(#15503));
#15503 = FILL_AREA_STYLE_COLOUR('',#14774);
#15504 = CURVE_STYLE('',#15505,POSITIVE_LENGTH_MEASURE(0.1),#14774);
#15505 = DRAUGHTING_PRE_DEFINED_CURVE_FONT('continuous');
#15506 = STYLED_ITEM('color',(#15507),#8211);
#15507 = PRESENTATION_STYLE_ASSIGNMENT((#15508,#15513));
#15508 = SURFACE_STYLE_USAGE(.BOTH.,#15509);
#15509 = SURFACE_SIDE_STYLE('',(#15510));
#15510 = SURFACE_STYLE_FILL_AREA(#15511);
#15511 = FILL_AREA_STYLE('',(#15512));
#15512 = FILL_AREA_STYLE_COLOUR('',#14701);
#15513 = CURVE_STYLE('',#15514,POSITIVE_LENGTH_MEASURE(0.1),#14701);
#15514 = DRAUGHTING_PRE_DEFINED_CURVE_FONT('continuous');
#15515 = STYLED_ITEM('color',(#15516),#8242);
#15516 = PRESENTATION_STYLE_ASSIGNMENT((#15517,#15522));
#15517 = SURFACE_STYLE_USAGE(.BOTH.,#15518);
#15518 = SURFACE_SIDE_STYLE('',(#15519));
#15519 = SURFACE_STYLE_FILL_AREA(#15520);
#15520 = FILL_AREA_STYLE('',(#15521));
#15521 = FILL_AREA_STYLE_COLOUR('',#14701);
#15522 = CURVE_STYLE('',#15523,POSITIVE_LENGTH_MEASURE(0.1),#14701);
#15523 = DRAUGHTING_PRE_DEFINED_CURVE_FONT('continuous');
#15524 = OVER_RIDING_STYLED_ITEM('overriding color',(#15525),#8256,
  #15515);
#15525 = PRESENTATION_STYLE_ASSIGNMENT((#15526,#15531));
#15526 = SURFACE_STYLE_USAGE(.BOTH.,#15527);
#15527 = SURFACE_SIDE_STYLE('',(#15528));
#15528 = SURFACE_STYLE_FILL_AREA(#15529);
#15529 = FILL_AREA_STYLE('',(#15530));
#15530 = FILL_AREA_STYLE_COLOUR('',#14774);
#15531 = CURVE_STYLE('',#15532,POSITIVE_LENGTH_MEASURE(0.1),#14774);
#15532 = DRAUGHTING_PRE_DEFINED_CURVE_FONT('continuous');
#15533 = OVER_RIDING_STYLED_ITEM('overriding color',(#15534),#8272,
  #15515);
#15534 = PRESENTATION_STYLE_ASSIGNMENT((#15535,#15540));
#15535 = SURFACE_STYLE_USAGE(.BOTH.,#15536);
#15536 = SURFACE_SIDE_STYLE('',(#15537));
#15537 = SURFACE_STYLE_FILL_AREA(#15538);
#15538 = FILL_AREA_STYLE('',(#15539));
#15539 = FILL_AREA_STYLE_COLOUR('',#14774);
#15540 = CURVE_STYLE('',#15541,POSITIVE_LENGTH_MEASURE(0.1),#14774);
#15541 = DRAUGHTING_PRE_DEFINED_CURVE_FONT('continuous');
#15542 = STYLED_ITEM('color',(#15543),#8298);
#15543 = PRESENTATION_STYLE_ASSIGNMENT((#15544,#15549));
#15544 = SURFACE_STYLE_USAGE(.BOTH.,#15545);
#15545 = SURFACE_SIDE_STYLE('',(#15546));
#15546 = SURFACE_STYLE_FILL_AREA(#15547);
#15547 = FILL_AREA_STYLE('',(#15548));
#15548 = FILL_AREA_STYLE_COLOUR('',#14701);
#15549 = CURVE_STYLE('',#15550,POSITIVE_LENGTH_MEASURE(0.1),#14701);
#15550 = DRAUGHTING_PRE_DEFINED_CURVE_FONT('continuous');
#15551 = STYLED_ITEM('color',(#15552),#8322);
#15552 = PRESENTATION_STYLE_ASSIGNMENT((#15553,#15558));
#15553 = SURFACE_STYLE_USAGE(.BOTH.,#15554);
#15554 = SURFACE_SIDE_STYLE('',(#15555));
#15555 = SURFACE_STYLE_FILL_AREA(#15556);
#15556 = FILL_AREA_STYLE('',(#15557));
#15557 = FILL_AREA_STYLE_COLOUR('',#14701);
#15558 = CURVE_STYLE('',#15559,POSITIVE_LENGTH_MEASURE(0.1),#14701);
#15559 = DRAUGHTING_PRE_DEFINED_CURVE_FONT('continuous');
#15560 = OVER_RIDING_STYLED_ITEM('overriding color',(#15561),#8336,
  #15551);
#15561 = PRESENTATION_STYLE_ASSIGNMENT((#15562,#15567));
#15562 = SURFACE_STYLE_USAGE(.BOTH.,#15563);
#15563 = SURFACE_SIDE_STYLE('',(#15564));
#15564 = SURFACE_STYLE_FILL_AREA(#15565);
#15565 = FILL_AREA_STYLE('',(#15566));
#15566 = FILL_AREA_STYLE_COLOUR('',#14774);
#15567 = CURVE_STYLE('',#15568,POSITIVE_LENGTH_MEASURE(0.1),#14774);
#15568 = DRAUGHTING_PRE_DEFINED_CURVE_FONT('continuous');
#15569 = OVER_RIDING_STYLED_ITEM('overriding color',(#15570),#8352,
  #15551);
#15570 = PRESENTATION_STYLE_ASSIGNMENT((#15571,#15576));
#15571 = SURFACE_STYLE_USAGE(.BOTH.,#15572);
#15572 = SURFACE_SIDE_STYLE('',(#15573));
#15573 = SURFACE_STYLE_FILL_AREA(#15574);
#15574 = FILL_AREA_STYLE('',(#15575));
#15575 = FILL_AREA_STYLE_COLOUR('',#14774);
#15576 = CURVE_STYLE('',#15577,POSITIVE_LENGTH_MEASURE(0.1),#14774);
#15577 = DRAUGHTING_PRE_DEFINED_CURVE_FONT('continuous');
#15578 = STYLED_ITEM('color',(#15579),#8371);
#15579 = PRESENTATION_STYLE_ASSIGNMENT((#15580,#15585));
#15580 = SURFACE_STYLE_USAGE(.BOTH.,#15581);
#15581 = SURFACE_SIDE_STYLE('',(#15582));
#15582 = SURFACE_STYLE_FILL_AREA(#15583);
#15583 = FILL_AREA_STYLE('',(#15584));
#15584 = FILL_AREA_STYLE_COLOUR('',#14701);
#15585 = CURVE_STYLE('',#15586,POSITIVE_LENGTH_MEASURE(0.1),#14701);
#15586 = DRAUGHTING_PRE_DEFINED_CURVE_FONT('continuous');
#15587 = STYLED_ITEM('color',(#15588),#8402);
#15588 = PRESENTATION_STYLE_ASSIGNMENT((#15589,#15594));
#15589 = SURFACE_STYLE_USAGE(.BOTH.,#15590);
#15590 = SURFACE_SIDE_STYLE('',(#15591));
#15591 = SURFACE_STYLE_FILL_AREA(#15592);
#15592 = FILL_AREA_STYLE('',(#15593));
#15593 = FILL_AREA_STYLE_COLOUR('',#14701);
#15594 = CURVE_STYLE('',#15595,POSITIVE_LENGTH_MEASURE(0.1),#14701);
#15595 = DRAUGHTING_PRE_DEFINED_CURVE_FONT('continuous');
#15596 = OVER_RIDING_STYLED_ITEM('overriding color',(#15597),#8416,
  #15587);
#15597 = PRESENTATION_STYLE_ASSIGNMENT((#15598,#15603));
#15598 = SURFACE_STYLE_USAGE(.BOTH.,#15599);
#15599 = SURFACE_SIDE_STYLE('',(#15600));
#15600 = SURFACE_STYLE_FILL_AREA(#15601);
#15601 = FILL_AREA_STYLE('',(#15602));
#15602 = FILL_AREA_STYLE_COLOUR('',#14774);
#15603 = CURVE_STYLE('',#15604,POSITIVE_LENGTH_MEASURE(0.1),#14774);
#15604 = DRAUGHTING_PRE_DEFINED_CURVE_FONT('continuous');
#15605 = OVER_RIDING_STYLED_ITEM('overriding color',(#15606),#8432,
  #15587);
#15606 = PRESENTATION_STYLE_ASSIGNMENT((#15607,#15612));
#15607 = SURFACE_STYLE_USAGE(.BOTH.,#15608);
#15608 = SURFACE_SIDE_STYLE('',(#15609));
#15609 = SURFACE_STYLE_FILL_AREA(#15610);
#15610 = FILL_AREA_STYLE('',(#15611));
#15611 = FILL_AREA_STYLE_COLOUR('',#14774);
#15612 = CURVE_STYLE('',#15613,POSITIVE_LENGTH_MEASURE(0.1),#14774);
#15613 = DRAUGHTING_PRE_DEFINED_CURVE_FONT('continuous');
#15614 = STYLED_ITEM('color',(#15615),#8458);
#15615 = PRESENTATION_STYLE_ASSIGNMENT((#15616,#15621));
#15616 = SURFACE_STYLE_USAGE(.BOTH.,#15617);
#15617 = SURFACE_SIDE_STYLE('',(#15618));
#15618 = SURFACE_STYLE_FILL_AREA(#15619);
#15619 = FILL_AREA_STYLE('',(#15620));
#15620 = FILL_AREA_STYLE_COLOUR('',#14701);
#15621 = CURVE_STYLE('',#15622,POSITIVE_LENGTH_MEASURE(0.1),#14701);
#15622 = DRAUGHTING_PRE_DEFINED_CURVE_FONT('continuous');
#15623 = STYLED_ITEM('color',(#15624),#8482);
#15624 = PRESENTATION_STYLE_ASSIGNMENT((#15625,#15630));
#15625 = SURFACE_STYLE_USAGE(.BOTH.,#15626);
#15626 = SURFACE_SIDE_STYLE('',(#15627));
#15627 = SURFACE_STYLE_FILL_AREA(#15628);
#15628 = FILL_AREA_STYLE('',(#15629));
#15629 = FILL_AREA_STYLE_COLOUR('',#14701);
#15630 = CURVE_STYLE('',#15631,POSITIVE_LENGTH_MEASURE(0.1),#14701);
#15631 = DRAUGHTING_PRE_DEFINED_CURVE_FONT('continuous');
#15632 = OVER_RIDING_STYLED_ITEM('overriding color',(#15633),#8496,
  #15623);
#15633 = PRESENTATION_STYLE_ASSIGNMENT((#15634,#15639));
#15634 = SURFACE_STYLE_USAGE(.BOTH.,#15635);
#15635 = SURFACE_SIDE_STYLE('',(#15636));
#15636 = SURFACE_STYLE_FILL_AREA(#15637);
#15637 = FILL_AREA_STYLE('',(#15638));
#15638 = FILL_AREA_STYLE_COLOUR('',#14774);
#15639 = CURVE_STYLE('',#15640,POSITIVE_LENGTH_MEASURE(0.1),#14774);
#15640 = DRAUGHTING_PRE_DEFINED_CURVE_FONT('continuous');
#15641 = OVER_RIDING_STYLED_ITEM('overriding color',(#15642),#8512,
  #15623);
#15642 = PRESENTATION_STYLE_ASSIGNMENT((#15643,#15648));
#15643 = SURFACE_STYLE_USAGE(.BOTH.,#15644);
#15644 = SURFACE_SIDE_STYLE('',(#15645));
#15645 = SURFACE_STYLE_FILL_AREA(#15646);
#15646 = FILL_AREA_STYLE('',(#15647));
#15647 = FILL_AREA_STYLE_COLOUR('',#14774);
#15648 = CURVE_STYLE('',#15649,POSITIVE_LENGTH_MEASURE(0.1),#14774);
#15649 = DRAUGHTING_PRE_DEFINED_CURVE_FONT('continuous');
#15650 = STYLED_ITEM('color',(#15651),#8531);
#15651 = PRESENTATION_STYLE_ASSIGNMENT((#15652,#15657));
#15652 = SURFACE_STYLE_USAGE(.BOTH.,#15653);
#15653 = SURFACE_SIDE_STYLE('',(#15654));
#15654 = SURFACE_STYLE_FILL_AREA(#15655);
#15655 = FILL_AREA_STYLE('',(#15656));
#15656 = FILL_AREA_STYLE_COLOUR('',#14701);
#15657 = CURVE_STYLE('',#15658,POSITIVE_LENGTH_MEASURE(0.1),#14701);
#15658 = DRAUGHTING_PRE_DEFINED_CURVE_FONT('continuous');
#15659 = STYLED_ITEM('color',(#15660),#8562);
#15660 = PRESENTATION_STYLE_ASSIGNMENT((#15661,#15666));
#15661 = SURFACE_STYLE_USAGE(.BOTH.,#15662);
#15662 = SURFACE_SIDE_STYLE('',(#15663));
#15663 = SURFACE_STYLE_FILL_AREA(#15664);
#15664 = FILL_AREA_STYLE('',(#15665));
#15665 = FILL_AREA_STYLE_COLOUR('',#14701);
#15666 = CURVE_STYLE('',#15667,POSITIVE_LENGTH_MEASURE(0.1),#14701);
#15667 = DRAUGHTING_PRE_DEFINED_CURVE_FONT('continuous');
#15668 = OVER_RIDING_STYLED_ITEM('overriding color',(#15669),#8576,
  #15659);
#15669 = PRESENTATION_STYLE_ASSIGNMENT((#15670,#15675));
#15670 = SURFACE_STYLE_USAGE(.BOTH.,#15671);
#15671 = SURFACE_SIDE_STYLE('',(#15672));
#15672 = SURFACE_STYLE_FILL_AREA(#15673);
#15673 = FILL_AREA_STYLE('',(#15674));
#15674 = FILL_AREA_STYLE_COLOUR('',#14774);
#15675 = CURVE_STYLE('',#15676,POSITIVE_LENGTH_MEASURE(0.1),#14774);
#15676 = DRAUGHTING_PRE_DEFINED_CURVE_FONT('continuous');
#15677 = OVER_RIDING_STYLED_ITEM('overriding color',(#15678),#8592,
  #15659);
#15678 = PRESENTATION_STYLE_ASSIGNMENT((#15679,#15684));
#15679 = SURFACE_STYLE_USAGE(.BOTH.,#15680);
#15680 = SURFACE_SIDE_STYLE('',(#15681));
#15681 = SURFACE_STYLE_FILL_AREA(#15682);
#15682 = FILL_AREA_STYLE('',(#15683));
#15683 = FILL_AREA_STYLE_COLOUR('',#14774);
#15684 = CURVE_STYLE('',#15685,POSITIVE_LENGTH_MEASURE(0.1),#14774);
#15685 = DRAUGHTING_PRE_DEFINED_CURVE_FONT('continuous');
#15686 = STYLED_ITEM('color',(#15687),#8618);
#15687 = PRESENTATION_STYLE_ASSIGNMENT((#15688,#15693));
#15688 = SURFACE_STYLE_USAGE(.BOTH.,#15689);
#15689 = SURFACE_SIDE_STYLE('',(#15690));
#15690 = SURFACE_STYLE_FILL_AREA(#15691);
#15691 = FILL_AREA_STYLE('',(#15692));
#15692 = FILL_AREA_STYLE_COLOUR('',#14701);
#15693 = CURVE_STYLE('',#15694,POSITIVE_LENGTH_MEASURE(0.1),#14701);
#15694 = DRAUGHTING_PRE_DEFINED_CURVE_FONT('continuous');
#15695 = STYLED_ITEM('color',(#15696),#8642);
#15696 = PRESENTATION_STYLE_ASSIGNMENT((#15697,#15702));
#15697 = SURFACE_STYLE_USAGE(.BOTH.,#15698);
#15698 = SURFACE_SIDE_STYLE('',(#15699));
#15699 = SURFACE_STYLE_FILL_AREA(#15700);
#15700 = FILL_AREA_STYLE('',(#15701));
#15701 = FILL_AREA_STYLE_COLOUR('',#14701);
#15702 = CURVE_STYLE('',#15703,POSITIVE_LENGTH_MEASURE(0.1),#14701);
#15703 = DRAUGHTING_PRE_DEFINED_CURVE_FONT('continuous');
#15704 = OVER_RIDING_STYLED_ITEM('overriding color',(#15705),#8656,
  #15695);
#15705 = PRESENTATION_STYLE_ASSIGNMENT((#15706,#15711));
#15706 = SURFACE_STYLE_USAGE(.BOTH.,#15707);
#15707 = SURFACE_SIDE_STYLE('',(#15708));
#15708 = SURFACE_STYLE_FILL_AREA(#15709);
#15709 = FILL_AREA_STYLE('',(#15710));
#15710 = FILL_AREA_STYLE_COLOUR('',#14774);
#15711 = CURVE_STYLE('',#15712,POSITIVE_LENGTH_MEASURE(0.1),#14774);
#15712 = DRAUGHTING_PRE_DEFINED_CURVE_FONT('continuous');
#15713 = OVER_RIDING_STYLED_ITEM('overriding color',(#15714),#8672,
  #15695);
#15714 = PRESENTATION_STYLE_ASSIGNMENT((#15715,#15720));
#15715 = SURFACE_STYLE_USAGE(.BOTH.,#15716);
#15716 = SURFACE_SIDE_STYLE('',(#15717));
#15717 = SURFACE_STYLE_FILL_AREA(#15718);
#15718 = FILL_AREA_STYLE('',(#15719));
#15719 = FILL_AREA_STYLE_COLOUR('',#14774);
#15720 = CURVE_STYLE('',#15721,POSITIVE_LENGTH_MEASURE(0.1),#14774);
#15721 = DRAUGHTING_PRE_DEFINED_CURVE_FONT('continuous');
#15722 = STYLED_ITEM('color',(#15723),#8691);
#15723 = PRESENTATION_STYLE_ASSIGNMENT((#15724,#15729));
#15724 = SURFACE_STYLE_USAGE(.BOTH.,#15725);
#15725 = SURFACE_SIDE_STYLE('',(#15726));
#15726 = SURFACE_STYLE_FILL_AREA(#15727);
#15727 = FILL_AREA_STYLE('',(#15728));
#15728 = FILL_AREA_STYLE_COLOUR('',#14701);
#15729 = CURVE_STYLE('',#15730,POSITIVE_LENGTH_MEASURE(0.1),#14701);
#15730 = DRAUGHTING_PRE_DEFINED_CURVE_FONT('continuous');
#15731 = STYLED_ITEM('color',(#15732),#8722);
#15732 = PRESENTATION_STYLE_ASSIGNMENT((#15733,#15738));
#15733 = SURFACE_STYLE_USAGE(.BOTH.,#15734);
#15734 = SURFACE_SIDE_STYLE('',(#15735));
#15735 = SURFACE_STYLE_FILL_AREA(#15736);
#15736 = FILL_AREA_STYLE('',(#15737));
#15737 = FILL_AREA_STYLE_COLOUR('',#14701);
#15738 = CURVE_STYLE('',#15739,POSITIVE_LENGTH_MEASURE(0.1),#14701);
#15739 = DRAUGHTING_PRE_DEFINED_CURVE_FONT('continuous');
#15740 = OVER_RIDING_STYLED_ITEM('overriding color',(#15741),#8736,
  #15731);
#15741 = PRESENTATION_STYLE_ASSIGNMENT((#15742,#15747));
#15742 = SURFACE_STYLE_USAGE(.BOTH.,#15743);
#15743 = SURFACE_SIDE_STYLE('',(#15744));
#15744 = SURFACE_STYLE_FILL_AREA(#15745);
#15745 = FILL_AREA_STYLE('',(#15746));
#15746 = FILL_AREA_STYLE_COLOUR('',#14774);
#15747 = CURVE_STYLE('',#15748,POSITIVE_LENGTH_MEASURE(0.1),#14774);
#15748 = DRAUGHTING_PRE_DEFINED_CURVE_FONT('continuous');
#15749 = OVER_RIDING_STYLED_ITEM('overriding color',(#15750),#8752,
  #15731);
#15750 = PRESENTATION_STYLE_ASSIGNMENT((#15751,#15756));
#15751 = SURFACE_STYLE_USAGE(.BOTH.,#15752);
#15752 = SURFACE_SIDE_STYLE('',(#15753));
#15753 = SURFACE_STYLE_FILL_AREA(#15754);
#15754 = FILL_AREA_STYLE('',(#15755));
#15755 = FILL_AREA_STYLE_COLOUR('',#14774);
#15756 = CURVE_STYLE('',#15757,POSITIVE_LENGTH_MEASURE(0.1),#14774);
#15757 = DRAUGHTING_PRE_DEFINED_CURVE_FONT('continuous');
#15758 = STYLED_ITEM('color',(#15759),#8778);
#15759 = PRESENTATION_STYLE_ASSIGNMENT((#15760,#15765));
#15760 = SURFACE_STYLE_USAGE(.BOTH.,#15761);
#15761 = SURFACE_SIDE_STYLE('',(#15762));
#15762 = SURFACE_STYLE_FILL_AREA(#15763);
#15763 = FILL_AREA_STYLE('',(#15764));
#15764 = FILL_AREA_STYLE_COLOUR('',#14701);
#15765 = CURVE_STYLE('',#15766,POSITIVE_LENGTH_MEASURE(0.1),#14701);
#15766 = DRAUGHTING_PRE_DEFINED_CURVE_FONT('continuous');
#15767 = STYLED_ITEM('color',(#15768),#8802);
#15768 = PRESENTATION_STYLE_ASSIGNMENT((#15769,#15774));
#15769 = SURFACE_STYLE_USAGE(.BOTH.,#15770);
#15770 = SURFACE_SIDE_STYLE('',(#15771));
#15771 = SURFACE_STYLE_FILL_AREA(#15772);
#15772 = FILL_AREA_STYLE('',(#15773));
#15773 = FILL_AREA_STYLE_COLOUR('',#14701);
#15774 = CURVE_STYLE('',#15775,POSITIVE_LENGTH_MEASURE(0.1),#14701);
#15775 = DRAUGHTING_PRE_DEFINED_CURVE_FONT('continuous');
#15776 = OVER_RIDING_STYLED_ITEM('overriding color',(#15777),#8816,
  #15767);
#15777 = PRESENTATION_STYLE_ASSIGNMENT((#15778,#15783));
#15778 = SURFACE_STYLE_USAGE(.BOTH.,#15779);
#15779 = SURFACE_SIDE_STYLE('',(#15780));
#15780 = SURFACE_STYLE_FILL_AREA(#15781);
#15781 = FILL_AREA_STYLE('',(#15782));
#15782 = FILL_AREA_STYLE_COLOUR('',#14774);
#15783 = CURVE_STYLE('',#15784,POSITIVE_LENGTH_MEASURE(0.1),#14774);
#15784 = DRAUGHTING_PRE_DEFINED_CURVE_FONT('continuous');
#15785 = OVER_RIDING_STYLED_ITEM('overriding color',(#15786),#8832,
  #15767);
#15786 = PRESENTATION_STYLE_ASSIGNMENT((#15787,#15792));
#15787 = SURFACE_STYLE_USAGE(.BOTH.,#15788);
#15788 = SURFACE_SIDE_STYLE('',(#15789));
#15789 = SURFACE_STYLE_FILL_AREA(#15790);
#15790 = FILL_AREA_STYLE('',(#15791));
#15791 = FILL_AREA_STYLE_COLOUR('',#14774);
#15792 = CURVE_STYLE('',#15793,POSITIVE_LENGTH_MEASURE(0.1),#14774);
#15793 = DRAUGHTING_PRE_DEFINED_CURVE_FONT('continuous');
#15794 = STYLED_ITEM('color',(#15795),#8851);
#15795 = PRESENTATION_STYLE_ASSIGNMENT((#15796,#15801));
#15796 = SURFACE_STYLE_USAGE(.BOTH.,#15797);
#15797 = SURFACE_SIDE_STYLE('',(#15798));
#15798 = SURFACE_STYLE_FILL_AREA(#15799);
#15799 = FILL_AREA_STYLE('',(#15800));
#15800 = FILL_AREA_STYLE_COLOUR('',#14701);
#15801 = CURVE_STYLE('',#15802,POSITIVE_LENGTH_MEASURE(0.1),#14701);
#15802 = DRAUGHTING_PRE_DEFINED_CURVE_FONT('continuous');
#15803 = STYLED_ITEM('color',(#15804),#8882);
#15804 = PRESENTATION_STYLE_ASSIGNMENT((#15805,#15810));
#15805 = SURFACE_STYLE_USAGE(.BOTH.,#15806);
#15806 = SURFACE_SIDE_STYLE('',(#15807));
#15807 = SURFACE_STYLE_FILL_AREA(#15808);
#15808 = FILL_AREA_STYLE('',(#15809));
#15809 = FILL_AREA_STYLE_COLOUR('',#14701);
#15810 = CURVE_STYLE('',#15811,POSITIVE_LENGTH_MEASURE(0.1),#14701);
#15811 = DRAUGHTING_PRE_DEFINED_CURVE_FONT('continuous');
#15812 = OVER_RIDING_STYLED_ITEM('overriding color',(#15813),#8896,
  #15803);
#15813 = PRESENTATION_STYLE_ASSIGNMENT((#15814,#15819));
#15814 = SURFACE_STYLE_USAGE(.BOTH.,#15815);
#15815 = SURFACE_SIDE_STYLE('',(#15816));
#15816 = SURFACE_STYLE_FILL_AREA(#15817);
#15817 = FILL_AREA_STYLE('',(#15818));
#15818 = FILL_AREA_STYLE_COLOUR('',#14774);
#15819 = CURVE_STYLE('',#15820,POSITIVE_LENGTH_MEASURE(0.1),#14774);
#15820 = DRAUGHTING_PRE_DEFINED_CURVE_FONT('continuous');
#15821 = OVER_RIDING_STYLED_ITEM('overriding color',(#15822),#8912,
  #15803);
#15822 = PRESENTATION_STYLE_ASSIGNMENT((#15823,#15828));
#15823 = SURFACE_STYLE_USAGE(.BOTH.,#15824);
#15824 = SURFACE_SIDE_STYLE('',(#15825));
#15825 = SURFACE_STYLE_FILL_AREA(#15826);
#15826 = FILL_AREA_STYLE('',(#15827));
#15827 = FILL_AREA_STYLE_COLOUR('',#14774);
#15828 = CURVE_STYLE('',#15829,POSITIVE_LENGTH_MEASURE(0.1),#14774);
#15829 = DRAUGHTING_PRE_DEFINED_CURVE_FONT('continuous');
#15830 = STYLED_ITEM('color',(#15831),#8938);
#15831 = PRESENTATION_STYLE_ASSIGNMENT((#15832,#15837));
#15832 = SURFACE_STYLE_USAGE(.BOTH.,#15833);
#15833 = SURFACE_SIDE_STYLE('',(#15834));
#15834 = SURFACE_STYLE_FILL_AREA(#15835);
#15835 = FILL_AREA_STYLE('',(#15836));
#15836 = FILL_AREA_STYLE_COLOUR('',#14701);
#15837 = CURVE_STYLE('',#15838,POSITIVE_LENGTH_MEASURE(0.1),#14701);
#15838 = DRAUGHTING_PRE_DEFINED_CURVE_FONT('continuous');
#15839 = STYLED_ITEM('color',(#15840),#8962);
#15840 = PRESENTATION_STYLE_ASSIGNMENT((#15841,#15846));
#15841 = SURFACE_STYLE_USAGE(.BOTH.,#15842);
#15842 = SURFACE_SIDE_STYLE('',(#15843));
#15843 = SURFACE_STYLE_FILL_AREA(#15844);
#15844 = FILL_AREA_STYLE('',(#15845));
#15845 = FILL_AREA_STYLE_COLOUR('',#14701);
#15846 = CURVE_STYLE('',#15847,POSITIVE_LENGTH_MEASURE(0.1),#14701);
#15847 = DRAUGHTING_PRE_DEFINED_CURVE_FONT('continuous');
#15848 = OVER_RIDING_STYLED_ITEM('overriding color',(#15849),#8976,
  #15839);
#15849 = PRESENTATION_STYLE_ASSIGNMENT((#15850,#15855));
#15850 = SURFACE_STYLE_USAGE(.BOTH.,#15851);
#15851 = SURFACE_SIDE_STYLE('',(#15852));
#15852 = SURFACE_STYLE_FILL_AREA(#15853);
#15853 = FILL_AREA_STYLE('',(#15854));
#15854 = FILL_AREA_STYLE_COLOUR('',#14774);
#15855 = CURVE_STYLE('',#15856,POSITIVE_LENGTH_MEASURE(0.1),#14774);
#15856 = DRAUGHTING_PRE_DEFINED_CURVE_FONT('continuous');
#15857 = OVER_RIDING_STYLED_ITEM('overriding color',(#15858),#8992,
  #15839);
#15858 = PRESENTATION_STYLE_ASSIGNMENT((#15859,#15864));
#15859 = SURFACE_STYLE_USAGE(.BOTH.,#15860);
#15860 = SURFACE_SIDE_STYLE('',(#15861));
#15861 = SURFACE_STYLE_FILL_AREA(#15862);
#15862 = FILL_AREA_STYLE('',(#15863));
#15863 = FILL_AREA_STYLE_COLOUR('',#14774);
#15864 = CURVE_STYLE('',#15865,POSITIVE_LENGTH_MEASURE(0.1),#14774);
#15865 = DRAUGHTING_PRE_DEFINED_CURVE_FONT('continuous');
#15866 = STYLED_ITEM('color',(#15867),#9011);
#15867 = PRESENTATION_STYLE_ASSIGNMENT((#15868,#15873));
#15868 = SURFACE_STYLE_USAGE(.BOTH.,#15869);
#15869 = SURFACE_SIDE_STYLE('',(#15870));
#15870 = SURFACE_STYLE_FILL_AREA(#15871);
#15871 = FILL_AREA_STYLE('',(#15872));
#15872 = FILL_AREA_STYLE_COLOUR('',#14701);
#15873 = CURVE_STYLE('',#15874,POSITIVE_LENGTH_MEASURE(0.1),#14701);
#15874 = DRAUGHTING_PRE_DEFINED_CURVE_FONT('continuous');
#15875 = STYLED_ITEM('color',(#15876),#9042);
#15876 = PRESENTATION_STYLE_ASSIGNMENT((#15877,#15882));
#15877 = SURFACE_STYLE_USAGE(.BOTH.,#15878);
#15878 = SURFACE_SIDE_STYLE('',(#15879));
#15879 = SURFACE_STYLE_FILL_AREA(#15880);
#15880 = FILL_AREA_STYLE('',(#15881));
#15881 = FILL_AREA_STYLE_COLOUR('',#14701);
#15882 = CURVE_STYLE('',#15883,POSITIVE_LENGTH_MEASURE(0.1),#14701);
#15883 = DRAUGHTING_PRE_DEFINED_CURVE_FONT('continuous');
#15884 = OVER_RIDING_STYLED_ITEM('overriding color',(#15885),#9056,
  #15875);
#15885 = PRESENTATION_STYLE_ASSIGNMENT((#15886,#15891));
#15886 = SURFACE_STYLE_USAGE(.BOTH.,#15887);
#15887 = SURFACE_SIDE_STYLE('',(#15888));
#15888 = SURFACE_STYLE_FILL_AREA(#15889);
#15889 = FILL_AREA_STYLE('',(#15890));
#15890 = FILL_AREA_STYLE_COLOUR('',#14774);
#15891 = CURVE_STYLE('',#15892,POSITIVE_LENGTH_MEASURE(0.1),#14774);
#15892 = DRAUGHTING_PRE_DEFINED_CURVE_FONT('continuous');
#15893 = OVER_RIDING_STYLED_ITEM('overriding color',(#15894),#9072,
  #15875);
#15894 = PRESENTATION_STYLE_ASSIGNMENT((#15895,#15900));
#15895 = SURFACE_STYLE_USAGE(.BOTH.,#15896);
#15896 = SURFACE_SIDE_STYLE('',(#15897));
#15897 = SURFACE_STYLE_FILL_AREA(#15898);
#15898 = FILL_AREA_STYLE('',(#15899));
#15899 = FILL_AREA_STYLE_COLOUR('',#14774);
#15900 = CURVE_STYLE('',#15901,POSITIVE_LENGTH_MEASURE(0.1),#14774);
#15901 = DRAUGHTING_PRE_DEFINED_CURVE_FONT('continuous');
#15902 = STYLED_ITEM('color',(#15903),#9098);
#15903 = PRESENTATION_STYLE_ASSIGNMENT((#15904,#15909));
#15904 = SURFACE_STYLE_USAGE(.BOTH.,#15905);
#15905 = SURFACE_SIDE_STYLE('',(#15906));
#15906 = SURFACE_STYLE_FILL_AREA(#15907);
#15907 = FILL_AREA_STYLE('',(#15908));
#15908 = FILL_AREA_STYLE_COLOUR('',#14701);
#15909 = CURVE_STYLE('',#15910,POSITIVE_LENGTH_MEASURE(0.1),#14701);
#15910 = DRAUGHTING_PRE_DEFINED_CURVE_FONT('continuous');
#15911 = STYLED_ITEM('color',(#15912),#9122);
#15912 = PRESENTATION_STYLE_ASSIGNMENT((#15913,#15918));
#15913 = SURFACE_STYLE_USAGE(.BOTH.,#15914);
#15914 = SURFACE_SIDE_STYLE('',(#15915));
#15915 = SURFACE_STYLE_FILL_AREA(#15916);
#15916 = FILL_AREA_STYLE('',(#15917));
#15917 = FILL_AREA_STYLE_COLOUR('',#14701);
#15918 = CURVE_STYLE('',#15919,POSITIVE_LENGTH_MEASURE(0.1),#14701);
#15919 = DRAUGHTING_PRE_DEFINED_CURVE_FONT('continuous');
#15920 = OVER_RIDING_STYLED_ITEM('overriding color',(#15921),#9136,
  #15911);
#15921 = PRESENTATION_STYLE_ASSIGNMENT((#15922,#15927));
#15922 = SURFACE_STYLE_USAGE(.BOTH.,#15923);
#15923 = SURFACE_SIDE_STYLE('',(#15924));
#15924 = SURFACE_STYLE_FILL_AREA(#15925);
#15925 = FILL_AREA_STYLE('',(#15926));
#15926 = FILL_AREA_STYLE_COLOUR('',#14774);
#15927 = CURVE_STYLE('',#15928,POSITIVE_LENGTH_MEASURE(0.1),#14774);
#15928 = DRAUGHTING_PRE_DEFINED_CURVE_FONT('continuous');
#15929 = OVER_RIDING_STYLED_ITEM('overriding color',(#15930),#9152,
  #15911);
#15930 = PRESENTATION_STYLE_ASSIGNMENT((#15931,#15936));
#15931 = SURFACE_STYLE_USAGE(.BOTH.,#15932);
#15932 = SURFACE_SIDE_STYLE('',(#15933));
#15933 = SURFACE_STYLE_FILL_AREA(#15934);
#15934 = FILL_AREA_STYLE('',(#15935));
#15935 = FILL_AREA_STYLE_COLOUR('',#14774);
#15936 = CURVE_STYLE('',#15937,POSITIVE_LENGTH_MEASURE(0.1),#14774);
#15937 = DRAUGHTING_PRE_DEFINED_CURVE_FONT('continuous');
#15938 = STYLED_ITEM('color',(#15939),#9171);
#15939 = PRESENTATION_STYLE_ASSIGNMENT((#15940,#15945));
#15940 = SURFACE_STYLE_USAGE(.BOTH.,#15941);
#15941 = SURFACE_SIDE_STYLE('',(#15942));
#15942 = SURFACE_STYLE_FILL_AREA(#15943);
#15943 = FILL_AREA_STYLE('',(#15944));
#15944 = FILL_AREA_STYLE_COLOUR('',#14701);
#15945 = CURVE_STYLE('',#15946,POSITIVE_LENGTH_MEASURE(0.1),#14701);
#15946 = DRAUGHTING_PRE_DEFINED_CURVE_FONT('continuous');
#15947 = STYLED_ITEM('color',(#15948),#9202);
#15948 = PRESENTATION_STYLE_ASSIGNMENT((#15949,#15954));
#15949 = SURFACE_STYLE_USAGE(.BOTH.,#15950);
#15950 = SURFACE_SIDE_STYLE('',(#15951));
#15951 = SURFACE_STYLE_FILL_AREA(#15952);
#15952 = FILL_AREA_STYLE('',(#15953));
#15953 = FILL_AREA_STYLE_COLOUR('',#14701);
#15954 = CURVE_STYLE('',#15955,POSITIVE_LENGTH_MEASURE(0.1),#14701);
#15955 = DRAUGHTING_PRE_DEFINED_CURVE_FONT('continuous');
#15956 = OVER_RIDING_STYLED_ITEM('overriding color',(#15957),#9216,
  #15947);
#15957 = PRESENTATION_STYLE_ASSIGNMENT((#15958,#15963));
#15958 = SURFACE_STYLE_USAGE(.BOTH.,#15959);
#15959 = SURFACE_SIDE_STYLE('',(#15960));
#15960 = SURFACE_STYLE_FILL_AREA(#15961);
#15961 = FILL_AREA_STYLE('',(#15962));
#15962 = FILL_AREA_STYLE_COLOUR('',#14774);
#15963 = CURVE_STYLE('',#15964,POSITIVE_LENGTH_MEASURE(0.1),#14774);
#15964 = DRAUGHTING_PRE_DEFINED_CURVE_FONT('continuous');
#15965 = OVER_RIDING_STYLED_ITEM('overriding color',(#15966),#9232,
  #15947);
#15966 = PRESENTATION_STYLE_ASSIGNMENT((#15967,#15972));
#15967 = SURFACE_STYLE_USAGE(.BOTH.,#15968);
#15968 = SURFACE_SIDE_STYLE('',(#15969));
#15969 = SURFACE_STYLE_FILL_AREA(#15970);
#15970 = FILL_AREA_STYLE('',(#15971));
#15971 = FILL_AREA_STYLE_COLOUR('',#14774);
#15972 = CURVE_STYLE('',#15973,POSITIVE_LENGTH_MEASURE(0.1),#14774);
#15973 = DRAUGHTING_PRE_DEFINED_CURVE_FONT('continuous');
#15974 = STYLED_ITEM('color',(#15975),#9258);
#15975 = PRESENTATION_STYLE_ASSIGNMENT((#15976,#15981));
#15976 = SURFACE_STYLE_USAGE(.BOTH.,#15977);
#15977 = SURFACE_SIDE_STYLE('',(#15978));
#15978 = SURFACE_STYLE_FILL_AREA(#15979);
#15979 = FILL_AREA_STYLE('',(#15980));
#15980 = FILL_AREA_STYLE_COLOUR('',#14701);
#15981 = CURVE_STYLE('',#15982,POSITIVE_LENGTH_MEASURE(0.1),#14701);
#15982 = DRAUGHTING_PRE_DEFINED_CURVE_FONT('continuous');
#15983 = STYLED_ITEM('color',(#15984),#9282);
#15984 = PRESENTATION_STYLE_ASSIGNMENT((#15985,#15990));
#15985 = SURFACE_STYLE_USAGE(.BOTH.,#15986);
#15986 = SURFACE_SIDE_STYLE('',(#15987));
#15987 = SURFACE_STYLE_FILL_AREA(#15988);
#15988 = FILL_AREA_STYLE('',(#15989));
#15989 = FILL_AREA_STYLE_COLOUR('',#14701);
#15990 = CURVE_STYLE('',#15991,POSITIVE_LENGTH_MEASURE(0.1),#14701);
#15991 = DRAUGHTING_PRE_DEFINED_CURVE_FONT('continuous');
#15992 = OVER_RIDING_STYLED_ITEM('overriding color',(#15993),#9296,
  #15983);
#15993 = PRESENTATION_STYLE_ASSIGNMENT((#15994,#15999));
#15994 = SURFACE_STYLE_USAGE(.BOTH.,#15995);
#15995 = SURFACE_SIDE_STYLE('',(#15996));
#15996 = SURFACE_STYLE_FILL_AREA(#15997);
#15997 = FILL_AREA_STYLE('',(#15998));
#15998 = FILL_AREA_STYLE_COLOUR('',#14774);
#15999 = CURVE_STYLE('',#16000,POSITIVE_LENGTH_MEASURE(0.1),#14774);
#16000 = DRAUGHTING_PRE_DEFINED_CURVE_FONT('continuous');
#16001 = OVER_RIDING_STYLED_ITEM('overriding color',(#16002),#9312,
  #15983);
#16002 = PRESENTATION_STYLE_ASSIGNMENT((#16003,#16008));
#16003 = SURFACE_STYLE_USAGE(.BOTH.,#16004);
#16004 = SURFACE_SIDE_STYLE('',(#16005));
#16005 = SURFACE_STYLE_FILL_AREA(#16006);
#16006 = FILL_AREA_STYLE('',(#16007));
#16007 = FILL_AREA_STYLE_COLOUR('',#14774);
#16008 = CURVE_STYLE('',#16009,POSITIVE_LENGTH_MEASURE(0.1),#14774);
#16009 = DRAUGHTING_PRE_DEFINED_CURVE_FONT('continuous');
#16010 = STYLED_ITEM('color',(#16011),#9331);
#16011 = PRESENTATION_STYLE_ASSIGNMENT((#16012,#16017));
#16012 = SURFACE_STYLE_USAGE(.BOTH.,#16013);
#16013 = SURFACE_SIDE_STYLE('',(#16014));
#16014 = SURFACE_STYLE_FILL_AREA(#16015);
#16015 = FILL_AREA_STYLE('',(#16016));
#16016 = FILL_AREA_STYLE_COLOUR('',#14701);
#16017 = CURVE_STYLE('',#16018,POSITIVE_LENGTH_MEASURE(0.1),#14701);
#16018 = DRAUGHTING_PRE_DEFINED_CURVE_FONT('continuous');
#16019 = STYLED_ITEM('color',(#16020),#9362);
#16020 = PRESENTATION_STYLE_ASSIGNMENT((#16021,#16026));
#16021 = SURFACE_STYLE_USAGE(.BOTH.,#16022);
#16022 = SURFACE_SIDE_STYLE('',(#16023));
#16023 = SURFACE_STYLE_FILL_AREA(#16024);
#16024 = FILL_AREA_STYLE('',(#16025));
#16025 = FILL_AREA_STYLE_COLOUR('',#14701);
#16026 = CURVE_STYLE('',#16027,POSITIVE_LENGTH_MEASURE(0.1),#14701);
#16027 = DRAUGHTING_PRE_DEFINED_CURVE_FONT('continuous');
#16028 = OVER_RIDING_STYLED_ITEM('overriding color',(#16029),#9376,
  #16019);
#16029 = PRESENTATION_STYLE_ASSIGNMENT((#16030,#16035));
#16030 = SURFACE_STYLE_USAGE(.BOTH.,#16031);
#16031 = SURFACE_SIDE_STYLE('',(#16032));
#16032 = SURFACE_STYLE_FILL_AREA(#16033);
#16033 = FILL_AREA_STYLE('',(#16034));
#16034 = FILL_AREA_STYLE_COLOUR('',#14774);
#16035 = CURVE_STYLE('',#16036,POSITIVE_LENGTH_MEASURE(0.1),#14774);
#16036 = DRAUGHTING_PRE_DEFINED_CURVE_FONT('continuous');
#16037 = OVER_RIDING_STYLED_ITEM('overriding color',(#16038),#9392,
  #16019);
#16038 = PRESENTATION_STYLE_ASSIGNMENT((#16039,#16044));
#16039 = SURFACE_STYLE_USAGE(.BOTH.,#16040);
#16040 = SURFACE_SIDE_STYLE('',(#16041));
#16041 = SURFACE_STYLE_FILL_AREA(#16042);
#16042 = FILL_AREA_STYLE('',(#16043));
#16043 = FILL_AREA_STYLE_COLOUR('',#14774);
#16044 = CURVE_STYLE('',#16045,POSITIVE_LENGTH_MEASURE(0.1),#14774);
#16045 = DRAUGHTING_PRE_DEFINED_CURVE_FONT('continuous');
#16046 = STYLED_ITEM('color',(#16047),#9418);
#16047 = PRESENTATION_STYLE_ASSIGNMENT((#16048,#16053));
#16048 = SURFACE_STYLE_USAGE(.BOTH.,#16049);
#16049 = SURFACE_SIDE_STYLE('',(#16050));
#16050 = SURFACE_STYLE_FILL_AREA(#16051);
#16051 = FILL_AREA_STYLE('',(#16052));
#16052 = FILL_AREA_STYLE_COLOUR('',#14701);
#16053 = CURVE_STYLE('',#16054,POSITIVE_LENGTH_MEASURE(0.1),#14701);
#16054 = DRAUGHTING_PRE_DEFINED_CURVE_FONT('continuous');
#16055 = STYLED_ITEM('color',(#16056),#9442);
#16056 = PRESENTATION_STYLE_ASSIGNMENT((#16057,#16062));
#16057 = SURFACE_STYLE_USAGE(.BOTH.,#16058);
#16058 = SURFACE_SIDE_STYLE('',(#16059));
#16059 = SURFACE_STYLE_FILL_AREA(#16060);
#16060 = FILL_AREA_STYLE('',(#16061));
#16061 = FILL_AREA_STYLE_COLOUR('',#14701);
#16062 = CURVE_STYLE('',#16063,POSITIVE_LENGTH_MEASURE(0.1),#14701);
#16063 = DRAUGHTING_PRE_DEFINED_CURVE_FONT('continuous');
#16064 = OVER_RIDING_STYLED_ITEM('overriding color',(#16065),#9456,
  #16055);
#16065 = PRESENTATION_STYLE_ASSIGNMENT((#16066,#16071));
#16066 = SURFACE_STYLE_USAGE(.BOTH.,#16067);
#16067 = SURFACE_SIDE_STYLE('',(#16068));
#16068 = SURFACE_STYLE_FILL_AREA(#16069);
#16069 = FILL_AREA_STYLE('',(#16070));
#16070 = FILL_AREA_STYLE_COLOUR('',#14774);
#16071 = CURVE_STYLE('',#16072,POSITIVE_LENGTH_MEASURE(0.1),#14774);
#16072 = DRAUGHTING_PRE_DEFINED_CURVE_FONT('continuous');
#16073 = OVER_RIDING_STYLED_ITEM('overriding color',(#16074),#9472,
  #16055);
#16074 = PRESENTATION_STYLE_ASSIGNMENT((#16075,#16080));
#16075 = SURFACE_STYLE_USAGE(.BOTH.,#16076);
#16076 = SURFACE_SIDE_STYLE('',(#16077));
#16077 = SURFACE_STYLE_FILL_AREA(#16078);
#16078 = FILL_AREA_STYLE('',(#16079));
#16079 = FILL_AREA_STYLE_COLOUR('',#14774);
#16080 = CURVE_STYLE('',#16081,POSITIVE_LENGTH_MEASURE(0.1),#14774);
#16081 = DRAUGHTING_PRE_DEFINED_CURVE_FONT('continuous');
#16082 = STYLED_ITEM('color',(#16083),#9491);
#16083 = PRESENTATION_STYLE_ASSIGNMENT((#16084,#16089));
#16084 = SURFACE_STYLE_USAGE(.BOTH.,#16085);
#16085 = SURFACE_SIDE_STYLE('',(#16086));
#16086 = SURFACE_STYLE_FILL_AREA(#16087);
#16087 = FILL_AREA_STYLE('',(#16088));
#16088 = FILL_AREA_STYLE_COLOUR('',#14774);
#16089 = CURVE_STYLE('',#16090,POSITIVE_LENGTH_MEASURE(0.1),#14774);
#16090 = DRAUGHTING_PRE_DEFINED_CURVE_FONT('continuous');
#16091 = STYLED_ITEM('color',(#16092),#9508);
#16092 = PRESENTATION_STYLE_ASSIGNMENT((#16093,#16098));
#16093 = SURFACE_STYLE_USAGE(.BOTH.,#16094);
#16094 = SURFACE_SIDE_STYLE('',(#16095));
#16095 = SURFACE_STYLE_FILL_AREA(#16096);
#16096 = FILL_AREA_STYLE('',(#16097));
#16097 = FILL_AREA_STYLE_COLOUR('',#14774);
#16098 = CURVE_STYLE('',#16099,POSITIVE_LENGTH_MEASURE(0.1),#14774);
#16099 = DRAUGHTING_PRE_DEFINED_CURVE_FONT('continuous');
#16100 = STYLED_ITEM('color',(#16101),#9525);
#16101 = PRESENTATION_STYLE_ASSIGNMENT((#16102,#16107));
#16102 = SURFACE_STYLE_USAGE(.BOTH.,#16103);
#16103 = SURFACE_SIDE_STYLE('',(#16104));
#16104 = SURFACE_STYLE_FILL_AREA(#16105);
#16105 = FILL_AREA_STYLE('',(#16106));
#16106 = FILL_AREA_STYLE_COLOUR('',#14774);
#16107 = CURVE_STYLE('',#16108,POSITIVE_LENGTH_MEASURE(0.1),#14774);
#16108 = DRAUGHTING_PRE_DEFINED_CURVE_FONT('continuous');
#16109 = STYLED_ITEM('color',(#16110),#9542);
#16110 = PRESENTATION_STYLE_ASSIGNMENT((#16111,#16116));
#16111 = SURFACE_STYLE_USAGE(.BOTH.,#16112);
#16112 = SURFACE_SIDE_STYLE('',(#16113));
#16113 = SURFACE_STYLE_FILL_AREA(#16114);
#16114 = FILL_AREA_STYLE('',(#16115));
#16115 = FILL_AREA_STYLE_COLOUR('',#14774);
#16116 = CURVE_STYLE('',#16117,POSITIVE_LENGTH_MEASURE(0.1),#14774);
#16117 = DRAUGHTING_PRE_DEFINED_CURVE_FONT('continuous');
#16118 = STYLED_ITEM('color',(#16119),#9559);
#16119 = PRESENTATION_STYLE_ASSIGNMENT((#16120,#16125));
#16120 = SURFACE_STYLE_USAGE(.BOTH.,#16121);
#16121 = SURFACE_SIDE_STYLE('',(#16122));
#16122 = SURFACE_STYLE_FILL_AREA(#16123);
#16123 = FILL_AREA_STYLE('',(#16124));
#16124 = FILL_AREA_STYLE_COLOUR('',#14774);
#16125 = CURVE_STYLE('',#16126,POSITIVE_LENGTH_MEASURE(0.1),#14774);
#16126 = DRAUGHTING_PRE_DEFINED_CURVE_FONT('continuous');
#16127 = STYLED_ITEM('color',(#16128),#9571);
#16128 = PRESENTATION_STYLE_ASSIGNMENT((#16129,#16134));
#16129 = SURFACE_STYLE_USAGE(.BOTH.,#16130);
#16130 = SURFACE_SIDE_STYLE('',(#16131));
#16131 = SURFACE_STYLE_FILL_AREA(#16132);
#16132 = FILL_AREA_STYLE('',(#16133));
#16133 = FILL_AREA_STYLE_COLOUR('',#14774);
#16134 = CURVE_STYLE('',#16135,POSITIVE_LENGTH_MEASURE(0.1),#14774);
#16135 = DRAUGHTING_PRE_DEFINED_CURVE_FONT('continuous');
#16136 = STYLED_ITEM('color',(#16137),#9588);
#16137 = PRESENTATION_STYLE_ASSIGNMENT((#16138,#16143));
#16138 = SURFACE_STYLE_USAGE(.BOTH.,#16139);
#16139 = SURFACE_SIDE_STYLE('',(#16140));
#16140 = SURFACE_STYLE_FILL_AREA(#16141);
#16141 = FILL_AREA_STYLE('',(#16142));
#16142 = FILL_AREA_STYLE_COLOUR('',#14774);
#16143 = CURVE_STYLE('',#16144,POSITIVE_LENGTH_MEASURE(0.1),#14774);
#16144 = DRAUGHTING_PRE_DEFINED_CURVE_FONT('continuous');
#16145 = STYLED_ITEM('color',(#16146),#9605);
#16146 = PRESENTATION_STYLE_ASSIGNMENT((#16147,#16152));
#16147 = SURFACE_STYLE_USAGE(.BOTH.,#16148);
#16148 = SURFACE_SIDE_STYLE('',(#16149));
#16149 = SURFACE_STYLE_FILL_AREA(#16150);
#16150 = FILL_AREA_STYLE('',(#16151));
#16151 = FILL_AREA_STYLE_COLOUR('',#14774);
#16152 = CURVE_STYLE('',#16153,POSITIVE_LENGTH_MEASURE(0.1),#14774);
#16153 = DRAUGHTING_PRE_DEFINED_CURVE_FONT('continuous');
#16154 = STYLED_ITEM('color',(#16155),#9622);
#16155 = PRESENTATION_STYLE_ASSIGNMENT((#16156,#16161));
#16156 = SURFACE_STYLE_USAGE(.BOTH.,#16157);
#16157 = SURFACE_SIDE_STYLE('',(#16158));
#16158 = SURFACE_STYLE_FILL_AREA(#16159);
#16159 = FILL_AREA_STYLE('',(#16160));
#16160 = FILL_AREA_STYLE_COLOUR('',#14774);
#16161 = CURVE_STYLE('',#16162,POSITIVE_LENGTH_MEASURE(0.1),#14774);
#16162 = DRAUGHTING_PRE_DEFINED_CURVE_FONT('continuous');
#16163 = STYLED_ITEM('color',(#16164),#9639);
#16164 = PRESENTATION_STYLE_ASSIGNMENT((#16165,#16170));
#16165 = SURFACE_STYLE_USAGE(.BOTH.,#16166);
#16166 = SURFACE_SIDE_STYLE('',(#16167));
#16167 = SURFACE_STYLE_FILL_AREA(#16168);
#16168 = FILL_AREA_STYLE('',(#16169));
#16169 = FILL_AREA_STYLE_COLOUR('',#14774);
#16170 = CURVE_STYLE('',#16171,POSITIVE_LENGTH_MEASURE(0.1),#14774);
#16171 = DRAUGHTING_PRE_DEFINED_CURVE_FONT('continuous');
#16172 = STYLED_ITEM('color',(#16173),#9651);
#16173 = PRESENTATION_STYLE_ASSIGNMENT((#16174,#16179));
#16174 = SURFACE_STYLE_USAGE(.BOTH.,#16175);
#16175 = SURFACE_SIDE_STYLE('',(#16176));
#16176 = SURFACE_STYLE_FILL_AREA(#16177);
#16177 = FILL_AREA_STYLE('',(#16178));
#16178 = FILL_AREA_STYLE_COLOUR('',#14774);
#16179 = CURVE_STYLE('',#16180,POSITIVE_LENGTH_MEASURE(0.1),#14774);
#16180 = DRAUGHTING_PRE_DEFINED_CURVE_FONT('continuous');
#16181 = STYLED_ITEM('color',(#16182),#9668);
#16182 = PRESENTATION_STYLE_ASSIGNMENT((#16183,#16188));
#16183 = SURFACE_STYLE_USAGE(.BOTH.,#16184);
#16184 = SURFACE_SIDE_STYLE('',(#16185));
#16185 = SURFACE_STYLE_FILL_AREA(#16186);
#16186 = FILL_AREA_STYLE('',(#16187));
#16187 = FILL_AREA_STYLE_COLOUR('',#14774);
#16188 = CURVE_STYLE('',#16189,POSITIVE_LENGTH_MEASURE(0.1),#14774);
#16189 = DRAUGHTING_PRE_DEFINED_CURVE_FONT('continuous');
#16190 = STYLED_ITEM('color',(#16191),#9685);
#16191 = PRESENTATION_STYLE_ASSIGNMENT((#16192,#16197));
#16192 = SURFACE_STYLE_USAGE(.BOTH.,#16193);
#16193 = SURFACE_SIDE_STYLE('',(#16194));
#16194 = SURFACE_STYLE_FILL_AREA(#16195);
#16195 = FILL_AREA_STYLE('',(#16196));
#16196 = FILL_AREA_STYLE_COLOUR('',#14774);
#16197 = CURVE_STYLE('',#16198,POSITIVE_LENGTH_MEASURE(0.1),#14774);
#16198 = DRAUGHTING_PRE_DEFINED_CURVE_FONT('continuous');
#16199 = STYLED_ITEM('color',(#16200),#9702);
#16200 = PRESENTATION_STYLE_ASSIGNMENT((#16201,#16206));
#16201 = SURFACE_STYLE_USAGE(.BOTH.,#16202);
#16202 = SURFACE_SIDE_STYLE('',(#16203));
#16203 = SURFACE_STYLE_FILL_AREA(#16204);
#16204 = FILL_AREA_STYLE('',(#16205));
#16205 = FILL_AREA_STYLE_COLOUR('',#14774);
#16206 = CURVE_STYLE('',#16207,POSITIVE_LENGTH_MEASURE(0.1),#14774);
#16207 = DRAUGHTING_PRE_DEFINED_CURVE_FONT('continuous');
#16208 = STYLED_ITEM('color',(#16209),#9719);
#16209 = PRESENTATION_STYLE_ASSIGNMENT((#16210,#16215));
#16210 = SURFACE_STYLE_USAGE(.BOTH.,#16211);
#16211 = SURFACE_SIDE_STYLE('',(#16212));
#16212 = SURFACE_STYLE_FILL_AREA(#16213);
#16213 = FILL_AREA_STYLE('',(#16214));
#16214 = FILL_AREA_STYLE_COLOUR('',#14774);
#16215 = CURVE_STYLE('',#16216,POSITIVE_LENGTH_MEASURE(0.1),#14774);
#16216 = DRAUGHTING_PRE_DEFINED_CURVE_FONT('continuous');
#16217 = STYLED_ITEM('color',(#16218),#9731);
#16218 = PRESENTATION_STYLE_ASSIGNMENT((#16219,#16224));
#16219 = SURFACE_STYLE_USAGE(.BOTH.,#16220);
#16220 = SURFACE_SIDE_STYLE('',(#16221));
#16221 = SURFACE_STYLE_FILL_AREA(#16222);
#16222 = FILL_AREA_STYLE('',(#16223));
#16223 = FILL_AREA_STYLE_COLOUR('',#14774);
#16224 = CURVE_STYLE('',#16225,POSITIVE_LENGTH_MEASURE(0.1),#14774);
#16225 = DRAUGHTING_PRE_DEFINED_CURVE_FONT('continuous');
#16226 = STYLED_ITEM('color',(#16227),#9748);
#16227 = PRESENTATION_STYLE_ASSIGNMENT((#16228,#16233));
#16228 = SURFACE_STYLE_USAGE(.BOTH.,#16229);
#16229 = SURFACE_SIDE_STYLE('',(#16230));
#16230 = SURFACE_STYLE_FILL_AREA(#16231);
#16231 = FILL_AREA_STYLE('',(#16232));
#16232 = FILL_AREA_STYLE_COLOUR('',#14774);
#16233 = CURVE_STYLE('',#16234,POSITIVE_LENGTH_MEASURE(0.1),#14774);
#16234 = DRAUGHTING_PRE_DEFINED_CURVE_FONT('continuous');
#16235 = STYLED_ITEM('color',(#16236),#9765);
#16236 = PRESENTATION_STYLE_ASSIGNMENT((#16237,#16242));
#16237 = SURFACE_STYLE_USAGE(.BOTH.,#16238);
#16238 = SURFACE_SIDE_STYLE('',(#16239));
#16239 = SURFACE_STYLE_FILL_AREA(#16240);
#16240 = FILL_AREA_STYLE('',(#16241));
#16241 = FILL_AREA_STYLE_COLOUR('',#14774);
#16242 = CURVE_STYLE('',#16243,POSITIVE_LENGTH_MEASURE(0.1),#14774);
#16243 = DRAUGHTING_PRE_DEFINED_CURVE_FONT('continuous');
#16244 = STYLED_ITEM('color',(#16245),#9782);
#16245 = PRESENTATION_STYLE_ASSIGNMENT((#16246,#16251));
#16246 = SURFACE_STYLE_USAGE(.BOTH.,#16247);
#16247 = SURFACE_SIDE_STYLE('',(#16248));
#16248 = SURFACE_STYLE_FILL_AREA(#16249);
#16249 = FILL_AREA_STYLE('',(#16250));
#16250 = FILL_AREA_STYLE_COLOUR('',#14774);
#16251 = CURVE_STYLE('',#16252,POSITIVE_LENGTH_MEASURE(0.1),#14774);
#16252 = DRAUGHTING_PRE_DEFINED_CURVE_FONT('continuous');
#16253 = STYLED_ITEM('color',(#16254),#9799);
#16254 = PRESENTATION_STYLE_ASSIGNMENT((#16255,#16260));
#16255 = SURFACE_STYLE_USAGE(.BOTH.,#16256);
#16256 = SURFACE_SIDE_STYLE('',(#16257));
#16257 = SURFACE_STYLE_FILL_AREA(#16258);
#16258 = FILL_AREA_STYLE('',(#16259));
#16259 = FILL_AREA_STYLE_COLOUR('',#14774);
#16260 = CURVE_STYLE('',#16261,POSITIVE_LENGTH_MEASURE(0.1),#14774);
#16261 = DRAUGHTING_PRE_DEFINED_CURVE_FONT('continuous');
#16262 = STYLED_ITEM('color',(#16263),#9811);
#16263 = PRESENTATION_STYLE_ASSIGNMENT((#16264,#16269));
#16264 = SURFACE_STYLE_USAGE(.BOTH.,#16265);
#16265 = SURFACE_SIDE_STYLE('',(#16266));
#16266 = SURFACE_STYLE_FILL_AREA(#16267);
#16267 = FILL_AREA_STYLE('',(#16268));
#16268 = FILL_AREA_STYLE_COLOUR('',#14774);
#16269 = CURVE_STYLE('',#16270,POSITIVE_LENGTH_MEASURE(0.1),#14774);
#16270 = DRAUGHTING_PRE_DEFINED_CURVE_FONT('continuous');
#16271 = STYLED_ITEM('color',(#16272),#9828);
#16272 = PRESENTATION_STYLE_ASSIGNMENT((#16273,#16278));
#16273 = SURFACE_STYLE_USAGE(.BOTH.,#16274);
#16274 = SURFACE_SIDE_STYLE('',(#16275));
#16275 = SURFACE_STYLE_FILL_AREA(#16276);
#16276 = FILL_AREA_STYLE('',(#16277));
#16277 = FILL_AREA_STYLE_COLOUR('',#14774);
#16278 = CURVE_STYLE('',#16279,POSITIVE_LENGTH_MEASURE(0.1),#14774);
#16279 = DRAUGHTING_PRE_DEFINED_CURVE_FONT('continuous');
#16280 = STYLED_ITEM('color',(#16281),#9845);
#16281 = PRESENTATION_STYLE_ASSIGNMENT((#16282,#16287));
#16282 = SURFACE_STYLE_USAGE(.BOTH.,#16283);
#16283 = SURFACE_SIDE_STYLE('',(#16284));
#16284 = SURFACE_STYLE_FILL_AREA(#16285);
#16285 = FILL_AREA_STYLE('',(#16286));
#16286 = FILL_AREA_STYLE_COLOUR('',#14774);
#16287 = CURVE_STYLE('',#16288,POSITIVE_LENGTH_MEASURE(0.1),#14774);
#16288 = DRAUGHTING_PRE_DEFINED_CURVE_FONT('continuous');
#16289 = STYLED_ITEM('color',(#16290),#9862);
#16290 = PRESENTATION_STYLE_ASSIGNMENT((#16291,#16296));
#16291 = SURFACE_STYLE_USAGE(.BOTH.,#16292);
#16292 = SURFACE_SIDE_STYLE('',(#16293));
#16293 = SURFACE_STYLE_FILL_AREA(#16294);
#16294 = FILL_AREA_STYLE('',(#16295));
#16295 = FILL_AREA_STYLE_COLOUR('',#14774);
#16296 = CURVE_STYLE('',#16297,POSITIVE_LENGTH_MEASURE(0.1),#14774);
#16297 = DRAUGHTING_PRE_DEFINED_CURVE_FONT('continuous');
#16298 = STYLED_ITEM('color',(#16299),#9879);
#16299 = PRESENTATION_STYLE_ASSIGNMENT((#16300,#16305));
#16300 = SURFACE_STYLE_USAGE(.BOTH.,#16301);
#16301 = SURFACE_SIDE_STYLE('',(#16302));
#16302 = SURFACE_STYLE_FILL_AREA(#16303);
#16303 = FILL_AREA_STYLE('',(#16304));
#16304 = FILL_AREA_STYLE_COLOUR('',#14774);
#16305 = CURVE_STYLE('',#16306,POSITIVE_LENGTH_MEASURE(0.1),#14774);
#16306 = DRAUGHTING_PRE_DEFINED_CURVE_FONT('continuous');
#16307 = STYLED_ITEM('color',(#16308),#9891);
#16308 = PRESENTATION_STYLE_ASSIGNMENT((#16309,#16314));
#16309 = SURFACE_STYLE_USAGE(.BOTH.,#16310);
#16310 = SURFACE_SIDE_STYLE('',(#16311));
#16311 = SURFACE_STYLE_FILL_AREA(#16312);
#16312 = FILL_AREA_STYLE('',(#16313));
#16313 = FILL_AREA_STYLE_COLOUR('',#14774);
#16314 = CURVE_STYLE('',#16315,POSITIVE_LENGTH_MEASURE(0.1),#14774);
#16315 = DRAUGHTING_PRE_DEFINED_CURVE_FONT('continuous');
#16316 = STYLED_ITEM('color',(#16317),#9908);
#16317 = PRESENTATION_STYLE_ASSIGNMENT((#16318,#16323));
#16318 = SURFACE_STYLE_USAGE(.BOTH.,#16319);
#16319 = SURFACE_SIDE_STYLE('',(#16320));
#16320 = SURFACE_STYLE_FILL_AREA(#16321);
#16321 = FILL_AREA_STYLE('',(#16322));
#16322 = FILL_AREA_STYLE_COLOUR('',#14774);
#16323 = CURVE_STYLE('',#16324,POSITIVE_LENGTH_MEASURE(0.1),#14774);
#16324 = DRAUGHTING_PRE_DEFINED_CURVE_FONT('continuous');
#16325 = STYLED_ITEM('color',(#16326),#9925);
#16326 = PRESENTATION_STYLE_ASSIGNMENT((#16327,#16332));
#16327 = SURFACE_STYLE_USAGE(.BOTH.,#16328);
#16328 = SURFACE_SIDE_STYLE('',(#16329));
#16329 = SURFACE_STYLE_FILL_AREA(#16330);
#16330 = FILL_AREA_STYLE('',(#16331));
#16331 = FILL_AREA_STYLE_COLOUR('',#14774);
#16332 = CURVE_STYLE('',#16333,POSITIVE_LENGTH_MEASURE(0.1),#14774);
#16333 = DRAUGHTING_PRE_DEFINED_CURVE_FONT('continuous');
#16334 = STYLED_ITEM('color',(#16335),#9942);
#16335 = PRESENTATION_STYLE_ASSIGNMENT((#16336,#16341));
#16336 = SURFACE_STYLE_USAGE(.BOTH.,#16337);
#16337 = SURFACE_SIDE_STYLE('',(#16338));
#16338 = SURFACE_STYLE_FILL_AREA(#16339);
#16339 = FILL_AREA_STYLE('',(#16340));
#16340 = FILL_AREA_STYLE_COLOUR('',#14774);
#16341 = CURVE_STYLE('',#16342,POSITIVE_LENGTH_MEASURE(0.1),#14774);
#16342 = DRAUGHTING_PRE_DEFINED_CURVE_FONT('continuous');
#16343 = STYLED_ITEM('color',(#16344),#9959);
#16344 = PRESENTATION_STYLE_ASSIGNMENT((#16345,#16350));
#16345 = SURFACE_STYLE_USAGE(.BOTH.,#16346);
#16346 = SURFACE_SIDE_STYLE('',(#16347));
#16347 = SURFACE_STYLE_FILL_AREA(#16348);
#16348 = FILL_AREA_STYLE('',(#16349));
#16349 = FILL_AREA_STYLE_COLOUR('',#14774);
#16350 = CURVE_STYLE('',#16351,POSITIVE_LENGTH_MEASURE(0.1),#14774);
#16351 = DRAUGHTING_PRE_DEFINED_CURVE_FONT('continuous');
#16352 = STYLED_ITEM('color',(#16353),#9971);
#16353 = PRESENTATION_STYLE_ASSIGNMENT((#16354,#16359));
#16354 = SURFACE_STYLE_USAGE(.BOTH.,#16355);
#16355 = SURFACE_SIDE_STYLE('',(#16356));
#16356 = SURFACE_STYLE_FILL_AREA(#16357);
#16357 = FILL_AREA_STYLE('',(#16358));
#16358 = FILL_AREA_STYLE_COLOUR('',#14774);
#16359 = CURVE_STYLE('',#16360,POSITIVE_LENGTH_MEASURE(0.1),#14774);
#16360 = DRAUGHTING_PRE_DEFINED_CURVE_FONT('continuous');
#16361 = STYLED_ITEM('color',(#16362),#9988);
#16362 = PRESENTATION_STYLE_ASSIGNMENT((#16363,#16368));
#16363 = SURFACE_STYLE_USAGE(.BOTH.,#16364);
#16364 = SURFACE_SIDE_STYLE('',(#16365));
#16365 = SURFACE_STYLE_FILL_AREA(#16366);
#16366 = FILL_AREA_STYLE('',(#16367));
#16367 = FILL_AREA_STYLE_COLOUR('',#14774);
#16368 = CURVE_STYLE('',#16369,POSITIVE_LENGTH_MEASURE(0.1),#14774);
#16369 = DRAUGHTING_PRE_DEFINED_CURVE_FONT('continuous');
#16370 = STYLED_ITEM('color',(#16371),#10005);
#16371 = PRESENTATION_STYLE_ASSIGNMENT((#16372,#16377));
#16372 = SURFACE_STYLE_USAGE(.BOTH.,#16373);
#16373 = SURFACE_SIDE_STYLE('',(#16374));
#16374 = SURFACE_STYLE_FILL_AREA(#16375);
#16375 = FILL_AREA_STYLE('',(#16376));
#16376 = FILL_AREA_STYLE_COLOUR('',#14774);
#16377 = CURVE_STYLE('',#16378,POSITIVE_LENGTH_MEASURE(0.1),#14774);
#16378 = DRAUGHTING_PRE_DEFINED_CURVE_FONT('continuous');
#16379 = STYLED_ITEM('color',(#16380),#10022);
#16380 = PRESENTATION_STYLE_ASSIGNMENT((#16381,#16386));
#16381 = SURFACE_STYLE_USAGE(.BOTH.,#16382);
#16382 = SURFACE_SIDE_STYLE('',(#16383));
#16383 = SURFACE_STYLE_FILL_AREA(#16384);
#16384 = FILL_AREA_STYLE('',(#16385));
#16385 = FILL_AREA_STYLE_COLOUR('',#14774);
#16386 = CURVE_STYLE('',#16387,POSITIVE_LENGTH_MEASURE(0.1),#14774);
#16387 = DRAUGHTING_PRE_DEFINED_CURVE_FONT('continuous');
#16388 = STYLED_ITEM('color',(#16389),#10039);
#16389 = PRESENTATION_STYLE_ASSIGNMENT((#16390,#16395));
#16390 = SURFACE_STYLE_USAGE(.BOTH.,#16391);
#16391 = SURFACE_SIDE_STYLE('',(#16392));
#16392 = SURFACE_STYLE_FILL_AREA(#16393);
#16393 = FILL_AREA_STYLE('',(#16394));
#16394 = FILL_AREA_STYLE_COLOUR('',#14774);
#16395 = CURVE_STYLE('',#16396,POSITIVE_LENGTH_MEASURE(0.1),#14774);
#16396 = DRAUGHTING_PRE_DEFINED_CURVE_FONT('continuous');
#16397 = STYLED_ITEM('color',(#16398),#10051);
#16398 = PRESENTATION_STYLE_ASSIGNMENT((#16399,#16404));
#16399 = SURFACE_STYLE_USAGE(.BOTH.,#16400);
#16400 = SURFACE_SIDE_STYLE('',(#16401));
#16401 = SURFACE_STYLE_FILL_AREA(#16402);
#16402 = FILL_AREA_STYLE('',(#16403));
#16403 = FILL_AREA_STYLE_COLOUR('',#14774);
#16404 = CURVE_STYLE('',#16405,POSITIVE_LENGTH_MEASURE(0.1),#14774);
#16405 = DRAUGHTING_PRE_DEFINED_CURVE_FONT('continuous');
#16406 = STYLED_ITEM('color',(#16407),#10068);
#16407 = PRESENTATION_STYLE_ASSIGNMENT((#16408,#16413));
#16408 = SURFACE_STYLE_USAGE(.BOTH.,#16409);
#16409 = SURFACE_SIDE_STYLE('',(#16410));
#16410 = SURFACE_STYLE_FILL_AREA(#16411);
#16411 = FILL_AREA_STYLE('',(#16412));
#16412 = FILL_AREA_STYLE_COLOUR('',#14774);
#16413 = CURVE_STYLE('',#16414,POSITIVE_LENGTH_MEASURE(0.1),#14774);
#16414 = DRAUGHTING_PRE_DEFINED_CURVE_FONT('continuous');
#16415 = STYLED_ITEM('color',(#16416),#10085);
#16416 = PRESENTATION_STYLE_ASSIGNMENT((#16417,#16422));
#16417 = SURFACE_STYLE_USAGE(.BOTH.,#16418);
#16418 = SURFACE_SIDE_STYLE('',(#16419));
#16419 = SURFACE_STYLE_FILL_AREA(#16420);
#16420 = FILL_AREA_STYLE('',(#16421));
#16421 = FILL_AREA_STYLE_COLOUR('',#14774);
#16422 = CURVE_STYLE('',#16423,POSITIVE_LENGTH_MEASURE(0.1),#14774);
#16423 = DRAUGHTING_PRE_DEFINED_CURVE_FONT('continuous');
#16424 = STYLED_ITEM('color',(#16425),#10102);
#16425 = PRESENTATION_STYLE_ASSIGNMENT((#16426,#16431));
#16426 = SURFACE_STYLE_USAGE(.BOTH.,#16427);
#16427 = SURFACE_SIDE_STYLE('',(#16428));
#16428 = SURFACE_STYLE_FILL_AREA(#16429);
#16429 = FILL_AREA_STYLE('',(#16430));
#16430 = FILL_AREA_STYLE_COLOUR('',#14774);
#16431 = CURVE_STYLE('',#16432,POSITIVE_LENGTH_MEASURE(0.1),#14774);
#16432 = DRAUGHTING_PRE_DEFINED_CURVE_FONT('continuous');
#16433 = STYLED_ITEM('color',(#16434),#10119);
#16434 = PRESENTATION_STYLE_ASSIGNMENT((#16435,#16440));
#16435 = SURFACE_STYLE_USAGE(.BOTH.,#16436);
#16436 = SURFACE_SIDE_STYLE('',(#16437));
#16437 = SURFACE_STYLE_FILL_AREA(#16438);
#16438 = FILL_AREA_STYLE('',(#16439));
#16439 = FILL_AREA_STYLE_COLOUR('',#14774);
#16440 = CURVE_STYLE('',#16441,POSITIVE_LENGTH_MEASURE(0.1),#14774);
#16441 = DRAUGHTING_PRE_DEFINED_CURVE_FONT('continuous');
#16442 = STYLED_ITEM('color',(#16443),#10131);
#16443 = PRESENTATION_STYLE_ASSIGNMENT((#16444,#16449));
#16444 = SURFACE_STYLE_USAGE(.BOTH.,#16445);
#16445 = SURFACE_SIDE_STYLE('',(#16446));
#16446 = SURFACE_STYLE_FILL_AREA(#16447);
#16447 = FILL_AREA_STYLE('',(#16448));
#16448 = FILL_AREA_STYLE_COLOUR('',#14701);
#16449 = CURVE_STYLE('',#16450,POSITIVE_LENGTH_MEASURE(0.1),#14701);
#16450 = DRAUGHTING_PRE_DEFINED_CURVE_FONT('continuous');
#16451 = OVER_RIDING_STYLED_ITEM('overriding color',(#16452),#10138,
  #16442);
#16452 = PRESENTATION_STYLE_ASSIGNMENT((#16453,#16458));
#16453 = SURFACE_STYLE_USAGE(.BOTH.,#16454);
#16454 = SURFACE_SIDE_STYLE('',(#16455));
#16455 = SURFACE_STYLE_FILL_AREA(#16456);
#16456 = FILL_AREA_STYLE('',(#16457));
#16457 = FILL_AREA_STYLE_COLOUR('',#14774);
#16458 = CURVE_STYLE('',#16459,POSITIVE_LENGTH_MEASURE(0.1),#14774);
#16459 = DRAUGHTING_PRE_DEFINED_CURVE_FONT('continuous');
#16460 = STYLED_ITEM('color',(#16461),#10148);
#16461 = PRESENTATION_STYLE_ASSIGNMENT((#16462,#16467));
#16462 = SURFACE_STYLE_USAGE(.BOTH.,#16463);
#16463 = SURFACE_SIDE_STYLE('',(#16464));
#16464 = SURFACE_STYLE_FILL_AREA(#16465);
#16465 = FILL_AREA_STYLE('',(#16466));
#16466 = FILL_AREA_STYLE_COLOUR('',#14701);
#16467 = CURVE_STYLE('',#16468,POSITIVE_LENGTH_MEASURE(0.1),#14701);
#16468 = DRAUGHTING_PRE_DEFINED_CURVE_FONT('continuous');
#16469 = OVER_RIDING_STYLED_ITEM('overriding color',(#16470),#10153,
  #16460);
#16470 = PRESENTATION_STYLE_ASSIGNMENT((#16471,#16476));
#16471 = SURFACE_STYLE_USAGE(.BOTH.,#16472);
#16472 = SURFACE_SIDE_STYLE('',(#16473));
#16473 = SURFACE_STYLE_FILL_AREA(#16474);
#16474 = FILL_AREA_STYLE('',(#16475));
#16475 = FILL_AREA_STYLE_COLOUR('',#14774);
#16476 = CURVE_STYLE('',#16477,POSITIVE_LENGTH_MEASURE(0.1),#14774);
#16477 = DRAUGHTING_PRE_DEFINED_CURVE_FONT('continuous');
#16478 = STYLED_ITEM('color',(#16479),#10165);
#16479 = PRESENTATION_STYLE_ASSIGNMENT((#16480,#16485));
#16480 = SURFACE_STYLE_USAGE(.BOTH.,#16481);
#16481 = SURFACE_SIDE_STYLE('',(#16482));
#16482 = SURFACE_STYLE_FILL_AREA(#16483);
#16483 = FILL_AREA_STYLE('',(#16484));
#16484 = FILL_AREA_STYLE_COLOUR('',#14774);
#16485 = CURVE_STYLE('',#16486,POSITIVE_LENGTH_MEASURE(0.1),#14774);
#16486 = DRAUGHTING_PRE_DEFINED_CURVE_FONT('continuous');
#16487 = STYLED_ITEM('color',(#16488),#10214);
#16488 = PRESENTATION_STYLE_ASSIGNMENT((#16489,#16494));
#16489 = SURFACE_STYLE_USAGE(.BOTH.,#16490);
#16490 = SURFACE_SIDE_STYLE('',(#16491));
#16491 = SURFACE_STYLE_FILL_AREA(#16492);
#16492 = FILL_AREA_STYLE('',(#16493));
#16493 = FILL_AREA_STYLE_COLOUR('',#14774);
#16494 = CURVE_STYLE('',#16495,POSITIVE_LENGTH_MEASURE(0.1),#14774);
#16495 = DRAUGHTING_PRE_DEFINED_CURVE_FONT('continuous');
#16496 = STYLED_ITEM('color',(#16497),#10238);
#16497 = PRESENTATION_STYLE_ASSIGNMENT((#16498,#16503));
#16498 = SURFACE_STYLE_USAGE(.BOTH.,#16499);
#16499 = SURFACE_SIDE_STYLE('',(#16500));
#16500 = SURFACE_STYLE_FILL_AREA(#16501);
#16501 = FILL_AREA_STYLE('',(#16502));
#16502 = FILL_AREA_STYLE_COLOUR('',#14774);
#16503 = CURVE_STYLE('',#16504,POSITIVE_LENGTH_MEASURE(0.1),#14774);
#16504 = DRAUGHTING_PRE_DEFINED_CURVE_FONT('continuous');
#16505 = STYLED_ITEM('color',(#16506),#10280);
#16506 = PRESENTATION_STYLE_ASSIGNMENT((#16507,#16512));
#16507 = SURFACE_STYLE_USAGE(.BOTH.,#16508);
#16508 = SURFACE_SIDE_STYLE('',(#16509));
#16509 = SURFACE_STYLE_FILL_AREA(#16510);
#16510 = FILL_AREA_STYLE('',(#16511));
#16511 = FILL_AREA_STYLE_COLOUR('',#14774);
#16512 = CURVE_STYLE('',#16513,POSITIVE_LENGTH_MEASURE(0.1),#14774);
#16513 = DRAUGHTING_PRE_DEFINED_CURVE_FONT('continuous');
#16514 = STYLED_ITEM('color',(#16515),#10297);
#16515 = PRESENTATION_STYLE_ASSIGNMENT((#16516,#16521));
#16516 = SURFACE_STYLE_USAGE(.BOTH.,#16517);
#16517 = SURFACE_SIDE_STYLE('',(#16518));
#16518 = SURFACE_STYLE_FILL_AREA(#16519);
#16519 = FILL_AREA_STYLE('',(#16520));
#16520 = FILL_AREA_STYLE_COLOUR('',#14701);
#16521 = CURVE_STYLE('',#16522,POSITIVE_LENGTH_MEASURE(0.1),#14701);
#16522 = DRAUGHTING_PRE_DEFINED_CURVE_FONT('continuous');
#16523 = OVER_RIDING_STYLED_ITEM('overriding color',(#16524),#10304,
  #16514);
#16524 = PRESENTATION_STYLE_ASSIGNMENT((#16525,#16530));
#16525 = SURFACE_STYLE_USAGE(.BOTH.,#16526);
#16526 = SURFACE_SIDE_STYLE('',(#16527));
#16527 = SURFACE_STYLE_FILL_AREA(#16528);
#16528 = FILL_AREA_STYLE('',(#16529));
#16529 = FILL_AREA_STYLE_COLOUR('',#14774);
#16530 = CURVE_STYLE('',#16531,POSITIVE_LENGTH_MEASURE(0.1),#14774);
#16531 = DRAUGHTING_PRE_DEFINED_CURVE_FONT('continuous');
#16532 = STYLED_ITEM('color',(#16533),#10314);
#16533 = PRESENTATION_STYLE_ASSIGNMENT((#16534,#16539));
#16534 = SURFACE_STYLE_USAGE(.BOTH.,#16535);
#16535 = SURFACE_SIDE_STYLE('',(#16536));
#16536 = SURFACE_STYLE_FILL_AREA(#16537);
#16537 = FILL_AREA_STYLE('',(#16538));
#16538 = FILL_AREA_STYLE_COLOUR('',#14701);
#16539 = CURVE_STYLE('',#16540,POSITIVE_LENGTH_MEASURE(0.1),#14701);
#16540 = DRAUGHTING_PRE_DEFINED_CURVE_FONT('continuous');
#16541 = OVER_RIDING_STYLED_ITEM('overriding color',(#16542),#10319,
  #16532);
#16542 = PRESENTATION_STYLE_ASSIGNMENT((#16543,#16548));
#16543 = SURFACE_STYLE_USAGE(.BOTH.,#16544);
#16544 = SURFACE_SIDE_STYLE('',(#16545));
#16545 = SURFACE_STYLE_FILL_AREA(#16546);
#16546 = FILL_AREA_STYLE('',(#16547));
#16547 = FILL_AREA_STYLE_COLOUR('',#14774);
#16548 = CURVE_STYLE('',#16549,POSITIVE_LENGTH_MEASURE(0.1),#14774);
#16549 = DRAUGHTING_PRE_DEFINED_CURVE_FONT('continuous');
#16550 = STYLED_ITEM('color',(#16551),#10331);
#16551 = PRESENTATION_STYLE_ASSIGNMENT((#16552,#16557));
#16552 = SURFACE_STYLE_USAGE(.BOTH.,#16553);
#16553 = SURFACE_SIDE_STYLE('',(#16554));
#16554 = SURFACE_STYLE_FILL_AREA(#16555);
#16555 = FILL_AREA_STYLE('',(#16556));
#16556 = FILL_AREA_STYLE_COLOUR('',#14774);
#16557 = CURVE_STYLE('',#16558,POSITIVE_LENGTH_MEASURE(0.1),#14774);
#16558 = DRAUGHTING_PRE_DEFINED_CURVE_FONT('continuous');
#16559 = STYLED_ITEM('color',(#16560),#10380);
#16560 = PRESENTATION_STYLE_ASSIGNMENT((#16561,#16566));
#16561 = SURFACE_STYLE_USAGE(.BOTH.,#16562);
#16562 = SURFACE_SIDE_STYLE('',(#16563));
#16563 = SURFACE_STYLE_FILL_AREA(#16564);
#16564 = FILL_AREA_STYLE('',(#16565));
#16565 = FILL_AREA_STYLE_COLOUR('',#14774);
#16566 = CURVE_STYLE('',#16567,POSITIVE_LENGTH_MEASURE(0.1),#14774);
#16567 = DRAUGHTING_PRE_DEFINED_CURVE_FONT('continuous');
#16568 = STYLED_ITEM('color',(#16569),#10404);
#16569 = PRESENTATION_STYLE_ASSIGNMENT((#16570,#16575));
#16570 = SURFACE_STYLE_USAGE(.BOTH.,#16571);
#16571 = SURFACE_SIDE_STYLE('',(#16572));
#16572 = SURFACE_STYLE_FILL_AREA(#16573);
#16573 = FILL_AREA_STYLE('',(#16574));
#16574 = FILL_AREA_STYLE_COLOUR('',#14774);
#16575 = CURVE_STYLE('',#16576,POSITIVE_LENGTH_MEASURE(0.1),#14774);
#16576 = DRAUGHTING_PRE_DEFINED_CURVE_FONT('continuous');
#16577 = STYLED_ITEM('color',(#16578),#10446);
#16578 = PRESENTATION_STYLE_ASSIGNMENT((#16579,#16584));
#16579 = SURFACE_STYLE_USAGE(.BOTH.,#16580);
#16580 = SURFACE_SIDE_STYLE('',(#16581));
#16581 = SURFACE_STYLE_FILL_AREA(#16582);
#16582 = FILL_AREA_STYLE('',(#16583));
#16583 = FILL_AREA_STYLE_COLOUR('',#14774);
#16584 = CURVE_STYLE('',#16585,POSITIVE_LENGTH_MEASURE(0.1),#14774);
#16585 = DRAUGHTING_PRE_DEFINED_CURVE_FONT('continuous');
#16586 = STYLED_ITEM('color',(#16587),#10463);
#16587 = PRESENTATION_STYLE_ASSIGNMENT((#16588,#16593));
#16588 = SURFACE_STYLE_USAGE(.BOTH.,#16589);
#16589 = SURFACE_SIDE_STYLE('',(#16590));
#16590 = SURFACE_STYLE_FILL_AREA(#16591);
#16591 = FILL_AREA_STYLE('',(#16592));
#16592 = FILL_AREA_STYLE_COLOUR('',#14701);
#16593 = CURVE_STYLE('',#16594,POSITIVE_LENGTH_MEASURE(0.1),#14701);
#16594 = DRAUGHTING_PRE_DEFINED_CURVE_FONT('continuous');
#16595 = OVER_RIDING_STYLED_ITEM('overriding color',(#16596),#10470,
  #16586);
#16596 = PRESENTATION_STYLE_ASSIGNMENT((#16597,#16602));
#16597 = SURFACE_STYLE_USAGE(.BOTH.,#16598);
#16598 = SURFACE_SIDE_STYLE('',(#16599));
#16599 = SURFACE_STYLE_FILL_AREA(#16600);
#16600 = FILL_AREA_STYLE('',(#16601));
#16601 = FILL_AREA_STYLE_COLOUR('',#14774);
#16602 = CURVE_STYLE('',#16603,POSITIVE_LENGTH_MEASURE(0.1),#14774);
#16603 = DRAUGHTING_PRE_DEFINED_CURVE_FONT('continuous');
#16604 = STYLED_ITEM('color',(#16605),#10480);
#16605 = PRESENTATION_STYLE_ASSIGNMENT((#16606,#16611));
#16606 = SURFACE_STYLE_USAGE(.BOTH.,#16607);
#16607 = SURFACE_SIDE_STYLE('',(#16608));
#16608 = SURFACE_STYLE_FILL_AREA(#16609);
#16609 = FILL_AREA_STYLE('',(#16610));
#16610 = FILL_AREA_STYLE_COLOUR('',#14701);
#16611 = CURVE_STYLE('',#16612,POSITIVE_LENGTH_MEASURE(0.1),#14701);
#16612 = DRAUGHTING_PRE_DEFINED_CURVE_FONT('continuous');
#16613 = OVER_RIDING_STYLED_ITEM('overriding color',(#16614),#10485,
  #16604);
#16614 = PRESENTATION_STYLE_ASSIGNMENT((#16615,#16620));
#16615 = SURFACE_STYLE_USAGE(.BOTH.,#16616);
#16616 = SURFACE_SIDE_STYLE('',(#16617));
#16617 = SURFACE_STYLE_FILL_AREA(#16618);
#16618 = FILL_AREA_STYLE('',(#16619));
#16619 = FILL_AREA_STYLE_COLOUR('',#14774);
#16620 = CURVE_STYLE('',#16621,POSITIVE_LENGTH_MEASURE(0.1),#14774);
#16621 = DRAUGHTING_PRE_DEFINED_CURVE_FONT('continuous');
#16622 = STYLED_ITEM('color',(#16623),#10497);
#16623 = PRESENTATION_STYLE_ASSIGNMENT((#16624,#16629));
#16624 = SURFACE_STYLE_USAGE(.BOTH.,#16625);
#16625 = SURFACE_SIDE_STYLE('',(#16626));
#16626 = SURFACE_STYLE_FILL_AREA(#16627);
#16627 = FILL_AREA_STYLE('',(#16628));
#16628 = FILL_AREA_STYLE_COLOUR('',#14774);
#16629 = CURVE_STYLE('',#16630,POSITIVE_LENGTH_MEASURE(0.1),#14774);
#16630 = DRAUGHTING_PRE_DEFINED_CURVE_FONT('continuous');
#16631 = STYLED_ITEM('color',(#16632),#10546);
#16632 = PRESENTATION_STYLE_ASSIGNMENT((#16633,#16638));
#16633 = SURFACE_STYLE_USAGE(.BOTH.,#16634);
#16634 = SURFACE_SIDE_STYLE('',(#16635));
#16635 = SURFACE_STYLE_FILL_AREA(#16636);
#16636 = FILL_AREA_STYLE('',(#16637));
#16637 = FILL_AREA_STYLE_COLOUR('',#14774);
#16638 = CURVE_STYLE('',#16639,POSITIVE_LENGTH_MEASURE(0.1),#14774);
#16639 = DRAUGHTING_PRE_DEFINED_CURVE_FONT('continuous');
#16640 = STYLED_ITEM('color',(#16641),#10570);
#16641 = PRESENTATION_STYLE_ASSIGNMENT((#16642,#16647));
#16642 = SURFACE_STYLE_USAGE(.BOTH.,#16643);
#16643 = SURFACE_SIDE_STYLE('',(#16644));
#16644 = SURFACE_STYLE_FILL_AREA(#16645);
#16645 = FILL_AREA_STYLE('',(#16646));
#16646 = FILL_AREA_STYLE_COLOUR('',#14774);
#16647 = CURVE_STYLE('',#16648,POSITIVE_LENGTH_MEASURE(0.1),#14774);
#16648 = DRAUGHTING_PRE_DEFINED_CURVE_FONT('continuous');
#16649 = STYLED_ITEM('color',(#16650),#10612);
#16650 = PRESENTATION_STYLE_ASSIGNMENT((#16651,#16656));
#16651 = SURFACE_STYLE_USAGE(.BOTH.,#16652);
#16652 = SURFACE_SIDE_STYLE('',(#16653));
#16653 = SURFACE_STYLE_FILL_AREA(#16654);
#16654 = FILL_AREA_STYLE('',(#16655));
#16655 = FILL_AREA_STYLE_COLOUR('',#14774);
#16656 = CURVE_STYLE('',#16657,POSITIVE_LENGTH_MEASURE(0.1),#14774);
#16657 = DRAUGHTING_PRE_DEFINED_CURVE_FONT('continuous');
#16658 = STYLED_ITEM('color',(#16659),#10629);
#16659 = PRESENTATION_STYLE_ASSIGNMENT((#16660,#16665));
#16660 = SURFACE_STYLE_USAGE(.BOTH.,#16661);
#16661 = SURFACE_SIDE_STYLE('',(#16662));
#16662 = SURFACE_STYLE_FILL_AREA(#16663);
#16663 = FILL_AREA_STYLE('',(#16664));
#16664 = FILL_AREA_STYLE_COLOUR('',#14701);
#16665 = CURVE_STYLE('',#16666,POSITIVE_LENGTH_MEASURE(0.1),#14701);
#16666 = DRAUGHTING_PRE_DEFINED_CURVE_FONT('continuous');
#16667 = OVER_RIDING_STYLED_ITEM('overriding color',(#16668),#10636,
  #16658);
#16668 = PRESENTATION_STYLE_ASSIGNMENT((#16669,#16674));
#16669 = SURFACE_STYLE_USAGE(.BOTH.,#16670);
#16670 = SURFACE_SIDE_STYLE('',(#16671));
#16671 = SURFACE_STYLE_FILL_AREA(#16672);
#16672 = FILL_AREA_STYLE('',(#16673));
#16673 = FILL_AREA_STYLE_COLOUR('',#14774);
#16674 = CURVE_STYLE('',#16675,POSITIVE_LENGTH_MEASURE(0.1),#14774);
#16675 = DRAUGHTING_PRE_DEFINED_CURVE_FONT('continuous');
#16676 = STYLED_ITEM('color',(#16677),#10646);
#16677 = PRESENTATION_STYLE_ASSIGNMENT((#16678,#16683));
#16678 = SURFACE_STYLE_USAGE(.BOTH.,#16679);
#16679 = SURFACE_SIDE_STYLE('',(#16680));
#16680 = SURFACE_STYLE_FILL_AREA(#16681);
#16681 = FILL_AREA_STYLE('',(#16682));
#16682 = FILL_AREA_STYLE_COLOUR('',#14701);
#16683 = CURVE_STYLE('',#16684,POSITIVE_LENGTH_MEASURE(0.1),#14701);
#16684 = DRAUGHTING_PRE_DEFINED_CURVE_FONT('continuous');
#16685 = OVER_RIDING_STYLED_ITEM('overriding color',(#16686),#10651,
  #16676);
#16686 = PRESENTATION_STYLE_ASSIGNMENT((#16687,#16692));
#16687 = SURFACE_STYLE_USAGE(.BOTH.,#16688);
#16688 = SURFACE_SIDE_STYLE('',(#16689));
#16689 = SURFACE_STYLE_FILL_AREA(#16690);
#16690 = FILL_AREA_STYLE('',(#16691));
#16691 = FILL_AREA_STYLE_COLOUR('',#14774);
#16692 = CURVE_STYLE('',#16693,POSITIVE_LENGTH_MEASURE(0.1),#14774);
#16693 = DRAUGHTING_PRE_DEFINED_CURVE_FONT('continuous');
#16694 = STYLED_ITEM('color',(#16695),#10663);
#16695 = PRESENTATION_STYLE_ASSIGNMENT((#16696,#16701));
#16696 = SURFACE_STYLE_USAGE(.BOTH.,#16697);
#16697 = SURFACE_SIDE_STYLE('',(#16698));
#16698 = SURFACE_STYLE_FILL_AREA(#16699);
#16699 = FILL_AREA_STYLE('',(#16700));
#16700 = FILL_AREA_STYLE_COLOUR('',#14774);
#16701 = CURVE_STYLE('',#16702,POSITIVE_LENGTH_MEASURE(0.1),#14774);
#16702 = DRAUGHTING_PRE_DEFINED_CURVE_FONT('continuous');
#16703 = STYLED_ITEM('color',(#16704),#10712);
#16704 = PRESENTATION_STYLE_ASSIGNMENT((#16705,#16710));
#16705 = SURFACE_STYLE_USAGE(.BOTH.,#16706);
#16706 = SURFACE_SIDE_STYLE('',(#16707));
#16707 = SURFACE_STYLE_FILL_AREA(#16708);
#16708 = FILL_AREA_STYLE('',(#16709));
#16709 = FILL_AREA_STYLE_COLOUR('',#14774);
#16710 = CURVE_STYLE('',#16711,POSITIVE_LENGTH_MEASURE(0.1),#14774);
#16711 = DRAUGHTING_PRE_DEFINED_CURVE_FONT('continuous');
#16712 = STYLED_ITEM('color',(#16713),#10736);
#16713 = PRESENTATION_STYLE_ASSIGNMENT((#16714,#16719));
#16714 = SURFACE_STYLE_USAGE(.BOTH.,#16715);
#16715 = SURFACE_SIDE_STYLE('',(#16716));
#16716 = SURFACE_STYLE_FILL_AREA(#16717);
#16717 = FILL_AREA_STYLE('',(#16718));
#16718 = FILL_AREA_STYLE_COLOUR('',#14774);
#16719 = CURVE_STYLE('',#16720,POSITIVE_LENGTH_MEASURE(0.1),#14774);
#16720 = DRAUGHTING_PRE_DEFINED_CURVE_FONT('continuous');
#16721 = STYLED_ITEM('color',(#16722),#10778);
#16722 = PRESENTATION_STYLE_ASSIGNMENT((#16723,#16728));
#16723 = SURFACE_STYLE_USAGE(.BOTH.,#16724);
#16724 = SURFACE_SIDE_STYLE('',(#16725));
#16725 = SURFACE_STYLE_FILL_AREA(#16726);
#16726 = FILL_AREA_STYLE('',(#16727));
#16727 = FILL_AREA_STYLE_COLOUR('',#14774);
#16728 = CURVE_STYLE('',#16729,POSITIVE_LENGTH_MEASURE(0.1),#14774);
#16729 = DRAUGHTING_PRE_DEFINED_CURVE_FONT('continuous');
#16730 = STYLED_ITEM('color',(#16731),#10795);
#16731 = PRESENTATION_STYLE_ASSIGNMENT((#16732,#16737));
#16732 = SURFACE_STYLE_USAGE(.BOTH.,#16733);
#16733 = SURFACE_SIDE_STYLE('',(#16734));
#16734 = SURFACE_STYLE_FILL_AREA(#16735);
#16735 = FILL_AREA_STYLE('',(#16736));
#16736 = FILL_AREA_STYLE_COLOUR('',#14701);
#16737 = CURVE_STYLE('',#16738,POSITIVE_LENGTH_MEASURE(0.1),#14701);
#16738 = DRAUGHTING_PRE_DEFINED_CURVE_FONT('continuous');
#16739 = OVER_RIDING_STYLED_ITEM('overriding color',(#16740),#10802,
  #16730);
#16740 = PRESENTATION_STYLE_ASSIGNMENT((#16741,#16746));
#16741 = SURFACE_STYLE_USAGE(.BOTH.,#16742);
#16742 = SURFACE_SIDE_STYLE('',(#16743));
#16743 = SURFACE_STYLE_FILL_AREA(#16744);
#16744 = FILL_AREA_STYLE('',(#16745));
#16745 = FILL_AREA_STYLE_COLOUR('',#14774);
#16746 = CURVE_STYLE('',#16747,POSITIVE_LENGTH_MEASURE(0.1),#14774);
#16747 = DRAUGHTING_PRE_DEFINED_CURVE_FONT('continuous');
#16748 = STYLED_ITEM('color',(#16749),#10812);
#16749 = PRESENTATION_STYLE_ASSIGNMENT((#16750,#16755));
#16750 = SURFACE_STYLE_USAGE(.BOTH.,#16751);
#16751 = SURFACE_SIDE_STYLE('',(#16752));
#16752 = SURFACE_STYLE_FILL_AREA(#16753);
#16753 = FILL_AREA_STYLE('',(#16754));
#16754 = FILL_AREA_STYLE_COLOUR('',#14701);
#16755 = CURVE_STYLE('',#16756,POSITIVE_LENGTH_MEASURE(0.1),#14701);
#16756 = DRAUGHTING_PRE_DEFINED_CURVE_FONT('continuous');
#16757 = OVER_RIDING_STYLED_ITEM('overriding color',(#16758),#10817,
  #16748);
#16758 = PRESENTATION_STYLE_ASSIGNMENT((#16759,#16764));
#16759 = SURFACE_STYLE_USAGE(.BOTH.,#16760);
#16760 = SURFACE_SIDE_STYLE('',(#16761));
#16761 = SURFACE_STYLE_FILL_AREA(#16762);
#16762 = FILL_AREA_STYLE('',(#16763));
#16763 = FILL_AREA_STYLE_COLOUR('',#14774);
#16764 = CURVE_STYLE('',#16765,POSITIVE_LENGTH_MEASURE(0.1),#14774);
#16765 = DRAUGHTING_PRE_DEFINED_CURVE_FONT('continuous');
#16766 = STYLED_ITEM('color',(#16767),#10829);
#16767 = PRESENTATION_STYLE_ASSIGNMENT((#16768,#16773));
#16768 = SURFACE_STYLE_USAGE(.BOTH.,#16769);
#16769 = SURFACE_SIDE_STYLE('',(#16770));
#16770 = SURFACE_STYLE_FILL_AREA(#16771);
#16771 = FILL_AREA_STYLE('',(#16772));
#16772 = FILL_AREA_STYLE_COLOUR('',#14774);
#16773 = CURVE_STYLE('',#16774,POSITIVE_LENGTH_MEASURE(0.1),#14774);
#16774 = DRAUGHTING_PRE_DEFINED_CURVE_FONT('continuous');
#16775 = STYLED_ITEM('color',(#16776),#10878);
#16776 = PRESENTATION_STYLE_ASSIGNMENT((#16777,#16782));
#16777 = SURFACE_STYLE_USAGE(.BOTH.,#16778);
#16778 = SURFACE_SIDE_STYLE('',(#16779));
#16779 = SURFACE_STYLE_FILL_AREA(#16780);
#16780 = FILL_AREA_STYLE('',(#16781));
#16781 = FILL_AREA_STYLE_COLOUR('',#14774);
#16782 = CURVE_STYLE('',#16783,POSITIVE_LENGTH_MEASURE(0.1),#14774);
#16783 = DRAUGHTING_PRE_DEFINED_CURVE_FONT('continuous');
#16784 = STYLED_ITEM('color',(#16785),#10902);
#16785 = PRESENTATION_STYLE_ASSIGNMENT((#16786,#16791));
#16786 = SURFACE_STYLE_USAGE(.BOTH.,#16787);
#16787 = SURFACE_SIDE_STYLE('',(#16788));
#16788 = SURFACE_STYLE_FILL_AREA(#16789);
#16789 = FILL_AREA_STYLE('',(#16790));
#16790 = FILL_AREA_STYLE_COLOUR('',#14774);
#16791 = CURVE_STYLE('',#16792,POSITIVE_LENGTH_MEASURE(0.1),#14774);
#16792 = DRAUGHTING_PRE_DEFINED_CURVE_FONT('continuous');
#16793 = STYLED_ITEM('color',(#16794),#10944);
#16794 = PRESENTATION_STYLE_ASSIGNMENT((#16795,#16800));
#16795 = SURFACE_STYLE_USAGE(.BOTH.,#16796);
#16796 = SURFACE_SIDE_STYLE('',(#16797));
#16797 = SURFACE_STYLE_FILL_AREA(#16798);
#16798 = FILL_AREA_STYLE('',(#16799));
#16799 = FILL_AREA_STYLE_COLOUR('',#14774);
#16800 = CURVE_STYLE('',#16801,POSITIVE_LENGTH_MEASURE(0.1),#14774);
#16801 = DRAUGHTING_PRE_DEFINED_CURVE_FONT('continuous');
#16802 = STYLED_ITEM('color',(#16803),#10961);
#16803 = PRESENTATION_STYLE_ASSIGNMENT((#16804,#16809));
#16804 = SURFACE_STYLE_USAGE(.BOTH.,#16805);
#16805 = SURFACE_SIDE_STYLE('',(#16806));
#16806 = SURFACE_STYLE_FILL_AREA(#16807);
#16807 = FILL_AREA_STYLE('',(#16808));
#16808 = FILL_AREA_STYLE_COLOUR('',#14701);
#16809 = CURVE_STYLE('',#16810,POSITIVE_LENGTH_MEASURE(0.1),#14701);
#16810 = DRAUGHTING_PRE_DEFINED_CURVE_FONT('continuous');
#16811 = OVER_RIDING_STYLED_ITEM('overriding color',(#16812),#10968,
  #16802);
#16812 = PRESENTATION_STYLE_ASSIGNMENT((#16813,#16818));
#16813 = SURFACE_STYLE_USAGE(.BOTH.,#16814);
#16814 = SURFACE_SIDE_STYLE('',(#16815));
#16815 = SURFACE_STYLE_FILL_AREA(#16816);
#16816 = FILL_AREA_STYLE('',(#16817));
#16817 = FILL_AREA_STYLE_COLOUR('',#14774);
#16818 = CURVE_STYLE('',#16819,POSITIVE_LENGTH_MEASURE(0.1),#14774);
#16819 = DRAUGHTING_PRE_DEFINED_CURVE_FONT('continuous');
#16820 = STYLED_ITEM('color',(#16821),#10978);
#16821 = PRESENTATION_STYLE_ASSIGNMENT((#16822,#16827));
#16822 = SURFACE_STYLE_USAGE(.BOTH.,#16823);
#16823 = SURFACE_SIDE_STYLE('',(#16824));
#16824 = SURFACE_STYLE_FILL_AREA(#16825);
#16825 = FILL_AREA_STYLE('',(#16826));
#16826 = FILL_AREA_STYLE_COLOUR('',#14701);
#16827 = CURVE_STYLE('',#16828,POSITIVE_LENGTH_MEASURE(0.1),#14701);
#16828 = DRAUGHTING_PRE_DEFINED_CURVE_FONT('continuous');
#16829 = OVER_RIDING_STYLED_ITEM('overriding color',(#16830),#10983,
  #16820);
#16830 = PRESENTATION_STYLE_ASSIGNMENT((#16831,#16836));
#16831 = SURFACE_STYLE_USAGE(.BOTH.,#16832);
#16832 = SURFACE_SIDE_STYLE('',(#16833));
#16833 = SURFACE_STYLE_FILL_AREA(#16834);
#16834 = FILL_AREA_STYLE('',(#16835));
#16835 = FILL_AREA_STYLE_COLOUR('',#14774);
#16836 = CURVE_STYLE('',#16837,POSITIVE_LENGTH_MEASURE(0.1),#14774);
#16837 = DRAUGHTING_PRE_DEFINED_CURVE_FONT('continuous');
#16838 = STYLED_ITEM('color',(#16839),#10995);
#16839 = PRESENTATION_STYLE_ASSIGNMENT((#16840,#16845));
#16840 = SURFACE_STYLE_USAGE(.BOTH.,#16841);
#16841 = SURFACE_SIDE_STYLE('',(#16842));
#16842 = SURFACE_STYLE_FILL_AREA(#16843);
#16843 = FILL_AREA_STYLE('',(#16844));
#16844 = FILL_AREA_STYLE_COLOUR('',#14774);
#16845 = CURVE_STYLE('',#16846,POSITIVE_LENGTH_MEASURE(0.1),#14774);
#16846 = DRAUGHTING_PRE_DEFINED_CURVE_FONT('continuous');
#16847 = STYLED_ITEM('color',(#16848),#11044);
#16848 = PRESENTATION_STYLE_ASSIGNMENT((#16849,#16854));
#16849 = SURFACE_STYLE_USAGE(.BOTH.,#16850);
#16850 = SURFACE_SIDE_STYLE('',(#16851));
#16851 = SURFACE_STYLE_FILL_AREA(#16852);
#16852 = FILL_AREA_STYLE('',(#16853));
#16853 = FILL_AREA_STYLE_COLOUR('',#14774);
#16854 = CURVE_STYLE('',#16855,POSITIVE_LENGTH_MEASURE(0.1),#14774);
#16855 = DRAUGHTING_PRE_DEFINED_CURVE_FONT('continuous');
#16856 = STYLED_ITEM('color',(#16857),#11068);
#16857 = PRESENTATION_STYLE_ASSIGNMENT((#16858,#16863));
#16858 = SURFACE_STYLE_USAGE(.BOTH.,#16859);
#16859 = SURFACE_SIDE_STYLE('',(#16860));
#16860 = SURFACE_STYLE_FILL_AREA(#16861);
#16861 = FILL_AREA_STYLE('',(#16862));
#16862 = FILL_AREA_STYLE_COLOUR('',#14774);
#16863 = CURVE_STYLE('',#16864,POSITIVE_LENGTH_MEASURE(0.1),#14774);
#16864 = DRAUGHTING_PRE_DEFINED_CURVE_FONT('continuous');
#16865 = STYLED_ITEM('color',(#16866),#11110);
#16866 = PRESENTATION_STYLE_ASSIGNMENT((#16867,#16872));
#16867 = SURFACE_STYLE_USAGE(.BOTH.,#16868);
#16868 = SURFACE_SIDE_STYLE('',(#16869));
#16869 = SURFACE_STYLE_FILL_AREA(#16870);
#16870 = FILL_AREA_STYLE('',(#16871));
#16871 = FILL_AREA_STYLE_COLOUR('',#14774);
#16872 = CURVE_STYLE('',#16873,POSITIVE_LENGTH_MEASURE(0.1),#14774);
#16873 = DRAUGHTING_PRE_DEFINED_CURVE_FONT('continuous');
#16874 = STYLED_ITEM('color',(#16875),#11127);
#16875 = PRESENTATION_STYLE_ASSIGNMENT((#16876,#16881));
#16876 = SURFACE_STYLE_USAGE(.BOTH.,#16877);
#16877 = SURFACE_SIDE_STYLE('',(#16878));
#16878 = SURFACE_STYLE_FILL_AREA(#16879);
#16879 = FILL_AREA_STYLE('',(#16880));
#16880 = FILL_AREA_STYLE_COLOUR('',#14701);
#16881 = CURVE_STYLE('',#16882,POSITIVE_LENGTH_MEASURE(0.1),#14701);
#16882 = DRAUGHTING_PRE_DEFINED_CURVE_FONT('continuous');
#16883 = OVER_RIDING_STYLED_ITEM('overriding color',(#16884),#11134,
  #16874);
#16884 = PRESENTATION_STYLE_ASSIGNMENT((#16885,#16890));
#16885 = SURFACE_STYLE_USAGE(.BOTH.,#16886);
#16886 = SURFACE_SIDE_STYLE('',(#16887));
#16887 = SURFACE_STYLE_FILL_AREA(#16888);
#16888 = FILL_AREA_STYLE('',(#16889));
#16889 = FILL_AREA_STYLE_COLOUR('',#14774);
#16890 = CURVE_STYLE('',#16891,POSITIVE_LENGTH_MEASURE(0.1),#14774);
#16891 = DRAUGHTING_PRE_DEFINED_CURVE_FONT('continuous');
#16892 = STYLED_ITEM('color',(#16893),#11144);
#16893 = PRESENTATION_STYLE_ASSIGNMENT((#16894,#16899));
#16894 = SURFACE_STYLE_USAGE(.BOTH.,#16895);
#16895 = SURFACE_SIDE_STYLE('',(#16896));
#16896 = SURFACE_STYLE_FILL_AREA(#16897);
#16897 = FILL_AREA_STYLE('',(#16898));
#16898 = FILL_AREA_STYLE_COLOUR('',#14701);
#16899 = CURVE_STYLE('',#16900,POSITIVE_LENGTH_MEASURE(0.1),#14701);
#16900 = DRAUGHTING_PRE_DEFINED_CURVE_FONT('continuous');
#16901 = OVER_RIDING_STYLED_ITEM('overriding color',(#16902),#11149,
  #16892);
#16902 = PRESENTATION_STYLE_ASSIGNMENT((#16903,#16908));
#16903 = SURFACE_STYLE_USAGE(.BOTH.,#16904);
#16904 = SURFACE_SIDE_STYLE('',(#16905));
#16905 = SURFACE_STYLE_FILL_AREA(#16906);
#16906 = FILL_AREA_STYLE('',(#16907));
#16907 = FILL_AREA_STYLE_COLOUR('',#14774);
#16908 = CURVE_STYLE('',#16909,POSITIVE_LENGTH_MEASURE(0.1),#14774);
#16909 = DRAUGHTING_PRE_DEFINED_CURVE_FONT('continuous');
#16910 = STYLED_ITEM('color',(#16911),#11161);
#16911 = PRESENTATION_STYLE_ASSIGNMENT((#16912,#16917));
#16912 = SURFACE_STYLE_USAGE(.BOTH.,#16913);
#16913 = SURFACE_SIDE_STYLE('',(#16914));
#16914 = SURFACE_STYLE_FILL_AREA(#16915);
#16915 = FILL_AREA_STYLE('',(#16916));
#16916 = FILL_AREA_STYLE_COLOUR('',#14774);
#16917 = CURVE_STYLE('',#16918,POSITIVE_LENGTH_MEASURE(0.1),#14774);
#16918 = DRAUGHTING_PRE_DEFINED_CURVE_FONT('continuous');
#16919 = STYLED_ITEM('color',(#16920),#11210);
#16920 = PRESENTATION_STYLE_ASSIGNMENT((#16921,#16926));
#16921 = SURFACE_STYLE_USAGE(.BOTH.,#16922);
#16922 = SURFACE_SIDE_STYLE('',(#16923));
#16923 = SURFACE_STYLE_FILL_AREA(#16924);
#16924 = FILL_AREA_STYLE('',(#16925));
#16925 = FILL_AREA_STYLE_COLOUR('',#14774);
#16926 = CURVE_STYLE('',#16927,POSITIVE_LENGTH_MEASURE(0.1),#14774);
#16927 = DRAUGHTING_PRE_DEFINED_CURVE_FONT('continuous');
#16928 = STYLED_ITEM('color',(#16929),#11234);
#16929 = PRESENTATION_STYLE_ASSIGNMENT((#16930,#16935));
#16930 = SURFACE_STYLE_USAGE(.BOTH.,#16931);
#16931 = SURFACE_SIDE_STYLE('',(#16932));
#16932 = SURFACE_STYLE_FILL_AREA(#16933);
#16933 = FILL_AREA_STYLE('',(#16934));
#16934 = FILL_AREA_STYLE_COLOUR('',#14774);
#16935 = CURVE_STYLE('',#16936,POSITIVE_LENGTH_MEASURE(0.1),#14774);
#16936 = DRAUGHTING_PRE_DEFINED_CURVE_FONT('continuous');
#16937 = STYLED_ITEM('color',(#16938),#11276);
#16938 = PRESENTATION_STYLE_ASSIGNMENT((#16939,#16944));
#16939 = SURFACE_STYLE_USAGE(.BOTH.,#16940);
#16940 = SURFACE_SIDE_STYLE('',(#16941));
#16941 = SURFACE_STYLE_FILL_AREA(#16942);
#16942 = FILL_AREA_STYLE('',(#16943));
#16943 = FILL_AREA_STYLE_COLOUR('',#14774);
#16944 = CURVE_STYLE('',#16945,POSITIVE_LENGTH_MEASURE(0.1),#14774);
#16945 = DRAUGHTING_PRE_DEFINED_CURVE_FONT('continuous');
#16946 = STYLED_ITEM('color',(#16947),#11293);
#16947 = PRESENTATION_STYLE_ASSIGNMENT((#16948,#16953));
#16948 = SURFACE_STYLE_USAGE(.BOTH.,#16949);
#16949 = SURFACE_SIDE_STYLE('',(#16950));
#16950 = SURFACE_STYLE_FILL_AREA(#16951);
#16951 = FILL_AREA_STYLE('',(#16952));
#16952 = FILL_AREA_STYLE_COLOUR('',#14701);
#16953 = CURVE_STYLE('',#16954,POSITIVE_LENGTH_MEASURE(0.1),#14701);
#16954 = DRAUGHTING_PRE_DEFINED_CURVE_FONT('continuous');
#16955 = OVER_RIDING_STYLED_ITEM('overriding color',(#16956),#11300,
  #16946);
#16956 = PRESENTATION_STYLE_ASSIGNMENT((#16957,#16962));
#16957 = SURFACE_STYLE_USAGE(.BOTH.,#16958);
#16958 = SURFACE_SIDE_STYLE('',(#16959));
#16959 = SURFACE_STYLE_FILL_AREA(#16960);
#16960 = FILL_AREA_STYLE('',(#16961));
#16961 = FILL_AREA_STYLE_COLOUR('',#14774);
#16962 = CURVE_STYLE('',#16963,POSITIVE_LENGTH_MEASURE(0.1),#14774);
#16963 = DRAUGHTING_PRE_DEFINED_CURVE_FONT('continuous');
#16964 = STYLED_ITEM('color',(#16965),#11310);
#16965 = PRESENTATION_STYLE_ASSIGNMENT((#16966,#16971));
#16966 = SURFACE_STYLE_USAGE(.BOTH.,#16967);
#16967 = SURFACE_SIDE_STYLE('',(#16968));
#16968 = SURFACE_STYLE_FILL_AREA(#16969);
#16969 = FILL_AREA_STYLE('',(#16970));
#16970 = FILL_AREA_STYLE_COLOUR('',#14701);
#16971 = CURVE_STYLE('',#16972,POSITIVE_LENGTH_MEASURE(0.1),#14701);
#16972 = DRAUGHTING_PRE_DEFINED_CURVE_FONT('continuous');
#16973 = OVER_RIDING_STYLED_ITEM('overriding color',(#16974),#11315,
  #16964);
#16974 = PRESENTATION_STYLE_ASSIGNMENT((#16975,#16980));
#16975 = SURFACE_STYLE_USAGE(.BOTH.,#16976);
#16976 = SURFACE_SIDE_STYLE('',(#16977));
#16977 = SURFACE_STYLE_FILL_AREA(#16978);
#16978 = FILL_AREA_STYLE('',(#16979));
#16979 = FILL_AREA_STYLE_COLOUR('',#14774);
#16980 = CURVE_STYLE('',#16981,POSITIVE_LENGTH_MEASURE(0.1),#14774);
#16981 = DRAUGHTING_PRE_DEFINED_CURVE_FONT('continuous');
#16982 = STYLED_ITEM('color',(#16983),#11327);
#16983 = PRESENTATION_STYLE_ASSIGNMENT((#16984,#16989));
#16984 = SURFACE_STYLE_USAGE(.BOTH.,#16985);
#16985 = SURFACE_SIDE_STYLE('',(#16986));
#16986 = SURFACE_STYLE_FILL_AREA(#16987);
#16987 = FILL_AREA_STYLE('',(#16988));
#16988 = FILL_AREA_STYLE_COLOUR('',#14774);
#16989 = CURVE_STYLE('',#16990,POSITIVE_LENGTH_MEASURE(0.1),#14774);
#16990 = DRAUGHTING_PRE_DEFINED_CURVE_FONT('continuous');
#16991 = STYLED_ITEM('color',(#16992),#11376);
#16992 = PRESENTATION_STYLE_ASSIGNMENT((#16993,#16998));
#16993 = SURFACE_STYLE_USAGE(.BOTH.,#16994);
#16994 = SURFACE_SIDE_STYLE('',(#16995));
#16995 = SURFACE_STYLE_FILL_AREA(#16996);
#16996 = FILL_AREA_STYLE('',(#16997));
#16997 = FILL_AREA_STYLE_COLOUR('',#14774);
#16998 = CURVE_STYLE('',#16999,POSITIVE_LENGTH_MEASURE(0.1),#14774);
#16999 = DRAUGHTING_PRE_DEFINED_CURVE_FONT('continuous');
#17000 = STYLED_ITEM('color',(#17001),#11400);
#17001 = PRESENTATION_STYLE_ASSIGNMENT((#17002,#17007));
#17002 = SURFACE_STYLE_USAGE(.BOTH.,#17003);
#17003 = SURFACE_SIDE_STYLE('',(#17004));
#17004 = SURFACE_STYLE_FILL_AREA(#17005);
#17005 = FILL_AREA_STYLE('',(#17006));
#17006 = FILL_AREA_STYLE_COLOUR('',#14774);
#17007 = CURVE_STYLE('',#17008,POSITIVE_LENGTH_MEASURE(0.1),#14774);
#17008 = DRAUGHTING_PRE_DEFINED_CURVE_FONT('continuous');
#17009 = STYLED_ITEM('color',(#17010),#11442);
#17010 = PRESENTATION_STYLE_ASSIGNMENT((#17011,#17016));
#17011 = SURFACE_STYLE_USAGE(.BOTH.,#17012);
#17012 = SURFACE_SIDE_STYLE('',(#17013));
#17013 = SURFACE_STYLE_FILL_AREA(#17014);
#17014 = FILL_AREA_STYLE('',(#17015));
#17015 = FILL_AREA_STYLE_COLOUR('',#14774);
#17016 = CURVE_STYLE('',#17017,POSITIVE_LENGTH_MEASURE(0.1),#14774);
#17017 = DRAUGHTING_PRE_DEFINED_CURVE_FONT('continuous');
#17018 = STYLED_ITEM('color',(#17019),#11459);
#17019 = PRESENTATION_STYLE_ASSIGNMENT((#17020,#17025));
#17020 = SURFACE_STYLE_USAGE(.BOTH.,#17021);
#17021 = SURFACE_SIDE_STYLE('',(#17022));
#17022 = SURFACE_STYLE_FILL_AREA(#17023);
#17023 = FILL_AREA_STYLE('',(#17024));
#17024 = FILL_AREA_STYLE_COLOUR('',#14774);
#17025 = CURVE_STYLE('',#17026,POSITIVE_LENGTH_MEASURE(0.1),#14774);
#17026 = DRAUGHTING_PRE_DEFINED_CURVE_FONT('continuous');
#17027 = STYLED_ITEM('color',(#17028),#11476);
#17028 = PRESENTATION_STYLE_ASSIGNMENT((#17029,#17034));
#17029 = SURFACE_STYLE_USAGE(.BOTH.,#17030);
#17030 = SURFACE_SIDE_STYLE('',(#17031));
#17031 = SURFACE_STYLE_FILL_AREA(#17032);
#17032 = FILL_AREA_STYLE('',(#17033));
#17033 = FILL_AREA_STYLE_COLOUR('',#14774);
#17034 = CURVE_STYLE('',#17035,POSITIVE_LENGTH_MEASURE(0.1),#14774);
#17035 = DRAUGHTING_PRE_DEFINED_CURVE_FONT('continuous');
#17036 = STYLED_ITEM('color',(#17037),#11493);
#17037 = PRESENTATION_STYLE_ASSIGNMENT((#17038,#17043));
#17038 = SURFACE_STYLE_USAGE(.BOTH.,#17039);
#17039 = SURFACE_SIDE_STYLE('',(#17040));
#17040 = SURFACE_STYLE_FILL_AREA(#17041);
#17041 = FILL_AREA_STYLE('',(#17042));
#17042 = FILL_AREA_STYLE_COLOUR('',#14774);
#17043 = CURVE_STYLE('',#17044,POSITIVE_LENGTH_MEASURE(0.1),#14774);
#17044 = DRAUGHTING_PRE_DEFINED_CURVE_FONT('continuous');
#17045 = STYLED_ITEM('color',(#17046),#11505);
#17046 = PRESENTATION_STYLE_ASSIGNMENT((#17047,#17052));
#17047 = SURFACE_STYLE_USAGE(.BOTH.,#17048);
#17048 = SURFACE_SIDE_STYLE('',(#17049));
#17049 = SURFACE_STYLE_FILL_AREA(#17050);
#17050 = FILL_AREA_STYLE('',(#17051));
#17051 = FILL_AREA_STYLE_COLOUR('',#14774);
#17052 = CURVE_STYLE('',#17053,POSITIVE_LENGTH_MEASURE(0.1),#14774);
#17053 = DRAUGHTING_PRE_DEFINED_CURVE_FONT('continuous');
#17054 = STYLED_ITEM('color',(#17055),#11522);
#17055 = PRESENTATION_STYLE_ASSIGNMENT((#17056,#17061));
#17056 = SURFACE_STYLE_USAGE(.BOTH.,#17057);
#17057 = SURFACE_SIDE_STYLE('',(#17058));
#17058 = SURFACE_STYLE_FILL_AREA(#17059);
#17059 = FILL_AREA_STYLE('',(#17060));
#17060 = FILL_AREA_STYLE_COLOUR('',#14774);
#17061 = CURVE_STYLE('',#17062,POSITIVE_LENGTH_MEASURE(0.1),#14774);
#17062 = DRAUGHTING_PRE_DEFINED_CURVE_FONT('continuous');
#17063 = STYLED_ITEM('color',(#17064),#11539);
#17064 = PRESENTATION_STYLE_ASSIGNMENT((#17065,#17070));
#17065 = SURFACE_STYLE_USAGE(.BOTH.,#17066);
#17066 = SURFACE_SIDE_STYLE('',(#17067));
#17067 = SURFACE_STYLE_FILL_AREA(#17068);
#17068 = FILL_AREA_STYLE('',(#17069));
#17069 = FILL_AREA_STYLE_COLOUR('',#14774);
#17070 = CURVE_STYLE('',#17071,POSITIVE_LENGTH_MEASURE(0.1),#14774);
#17071 = DRAUGHTING_PRE_DEFINED_CURVE_FONT('continuous');
#17072 = STYLED_ITEM('color',(#17073),#11551);
#17073 = PRESENTATION_STYLE_ASSIGNMENT((#17074,#17079));
#17074 = SURFACE_STYLE_USAGE(.BOTH.,#17075);
#17075 = SURFACE_SIDE_STYLE('',(#17076));
#17076 = SURFACE_STYLE_FILL_AREA(#17077);
#17077 = FILL_AREA_STYLE('',(#17078));
#17078 = FILL_AREA_STYLE_COLOUR('',#14774);
#17079 = CURVE_STYLE('',#17080,POSITIVE_LENGTH_MEASURE(0.1),#14774);
#17080 = DRAUGHTING_PRE_DEFINED_CURVE_FONT('continuous');
#17081 = STYLED_ITEM('color',(#17082),#11568);
#17082 = PRESENTATION_STYLE_ASSIGNMENT((#17083,#17088));
#17083 = SURFACE_STYLE_USAGE(.BOTH.,#17084);
#17084 = SURFACE_SIDE_STYLE('',(#17085));
#17085 = SURFACE_STYLE_FILL_AREA(#17086);
#17086 = FILL_AREA_STYLE('',(#17087));
#17087 = FILL_AREA_STYLE_COLOUR('',#14774);
#17088 = CURVE_STYLE('',#17089,POSITIVE_LENGTH_MEASURE(0.1),#14774);
#17089 = DRAUGHTING_PRE_DEFINED_CURVE_FONT('continuous');
#17090 = STYLED_ITEM('color',(#17091),#11585);
#17091 = PRESENTATION_STYLE_ASSIGNMENT((#17092,#17097));
#17092 = SURFACE_STYLE_USAGE(.BOTH.,#17093);
#17093 = SURFACE_SIDE_STYLE('',(#17094));
#17094 = SURFACE_STYLE_FILL_AREA(#17095);
#17095 = FILL_AREA_STYLE('',(#17096));
#17096 = FILL_AREA_STYLE_COLOUR('',#14774);
#17097 = CURVE_STYLE('',#17098,POSITIVE_LENGTH_MEASURE(0.1),#14774);
#17098 = DRAUGHTING_PRE_DEFINED_CURVE_FONT('continuous');
#17099 = STYLED_ITEM('color',(#17100),#11597);
#17100 = PRESENTATION_STYLE_ASSIGNMENT((#17101,#17106));
#17101 = SURFACE_STYLE_USAGE(.BOTH.,#17102);
#17102 = SURFACE_SIDE_STYLE('',(#17103));
#17103 = SURFACE_STYLE_FILL_AREA(#17104);
#17104 = FILL_AREA_STYLE('',(#17105));
#17105 = FILL_AREA_STYLE_COLOUR('',#14774);
#17106 = CURVE_STYLE('',#17107,POSITIVE_LENGTH_MEASURE(0.1),#14774);
#17107 = DRAUGHTING_PRE_DEFINED_CURVE_FONT('continuous');
#17108 = STYLED_ITEM('color',(#17109),#11614);
#17109 = PRESENTATION_STYLE_ASSIGNMENT((#17110,#17115));
#17110 = SURFACE_STYLE_USAGE(.BOTH.,#17111);
#17111 = SURFACE_SIDE_STYLE('',(#17112));
#17112 = SURFACE_STYLE_FILL_AREA(#17113);
#17113 = FILL_AREA_STYLE('',(#17114));
#17114 = FILL_AREA_STYLE_COLOUR('',#14774);
#17115 = CURVE_STYLE('',#17116,POSITIVE_LENGTH_MEASURE(0.1),#14774);
#17116 = DRAUGHTING_PRE_DEFINED_CURVE_FONT('continuous');
#17117 = STYLED_ITEM('color',(#17118),#11631);
#17118 = PRESENTATION_STYLE_ASSIGNMENT((#17119,#17124));
#17119 = SURFACE_STYLE_USAGE(.BOTH.,#17120);
#17120 = SURFACE_SIDE_STYLE('',(#17121));
#17121 = SURFACE_STYLE_FILL_AREA(#17122);
#17122 = FILL_AREA_STYLE('',(#17123));
#17123 = FILL_AREA_STYLE_COLOUR('',#14774);
#17124 = CURVE_STYLE('',#17125,POSITIVE_LENGTH_MEASURE(0.1),#14774);
#17125 = DRAUGHTING_PRE_DEFINED_CURVE_FONT('continuous');
#17126 = STYLED_ITEM('color',(#17127),#11643);
#17127 = PRESENTATION_STYLE_ASSIGNMENT((#17128,#17133));
#17128 = SURFACE_STYLE_USAGE(.BOTH.,#17129);
#17129 = SURFACE_SIDE_STYLE('',(#17130));
#17130 = SURFACE_STYLE_FILL_AREA(#17131);
#17131 = FILL_AREA_STYLE('',(#17132));
#17132 = FILL_AREA_STYLE_COLOUR('',#14774);
#17133 = CURVE_STYLE('',#17134,POSITIVE_LENGTH_MEASURE(0.1),#14774);
#17134 = DRAUGHTING_PRE_DEFINED_CURVE_FONT('continuous');
#17135 = STYLED_ITEM('color',(#17136),#11660);
#17136 = PRESENTATION_STYLE_ASSIGNMENT((#17137,#17142));
#17137 = SURFACE_STYLE_USAGE(.BOTH.,#17138);
#17138 = SURFACE_SIDE_STYLE('',(#17139));
#17139 = SURFACE_STYLE_FILL_AREA(#17140);
#17140 = FILL_AREA_STYLE('',(#17141));
#17141 = FILL_AREA_STYLE_COLOUR('',#14774);
#17142 = CURVE_STYLE('',#17143,POSITIVE_LENGTH_MEASURE(0.1),#14774);
#17143 = DRAUGHTING_PRE_DEFINED_CURVE_FONT('continuous');
#17144 = STYLED_ITEM('color',(#17145),#11677);
#17145 = PRESENTATION_STYLE_ASSIGNMENT((#17146,#17151));
#17146 = SURFACE_STYLE_USAGE(.BOTH.,#17147);
#17147 = SURFACE_SIDE_STYLE('',(#17148));
#17148 = SURFACE_STYLE_FILL_AREA(#17149);
#17149 = FILL_AREA_STYLE('',(#17150));
#17150 = FILL_AREA_STYLE_COLOUR('',#14774);
#17151 = CURVE_STYLE('',#17152,POSITIVE_LENGTH_MEASURE(0.1),#14774);
#17152 = DRAUGHTING_PRE_DEFINED_CURVE_FONT('continuous');
#17153 = STYLED_ITEM('color',(#17154),#11689);
#17154 = PRESENTATION_STYLE_ASSIGNMENT((#17155,#17160));
#17155 = SURFACE_STYLE_USAGE(.BOTH.,#17156);
#17156 = SURFACE_SIDE_STYLE('',(#17157));
#17157 = SURFACE_STYLE_FILL_AREA(#17158);
#17158 = FILL_AREA_STYLE('',(#17159));
#17159 = FILL_AREA_STYLE_COLOUR('',#14774);
#17160 = CURVE_STYLE('',#17161,POSITIVE_LENGTH_MEASURE(0.1),#14774);
#17161 = DRAUGHTING_PRE_DEFINED_CURVE_FONT('continuous');
#17162 = STYLED_ITEM('color',(#17163),#11706);
#17163 = PRESENTATION_STYLE_ASSIGNMENT((#17164,#17169));
#17164 = SURFACE_STYLE_USAGE(.BOTH.,#17165);
#17165 = SURFACE_SIDE_STYLE('',(#17166));
#17166 = SURFACE_STYLE_FILL_AREA(#17167);
#17167 = FILL_AREA_STYLE('',(#17168));
#17168 = FILL_AREA_STYLE_COLOUR('',#14774);
#17169 = CURVE_STYLE('',#17170,POSITIVE_LENGTH_MEASURE(0.1),#14774);
#17170 = DRAUGHTING_PRE_DEFINED_CURVE_FONT('continuous');
#17171 = STYLED_ITEM('color',(#17172),#11723);
#17172 = PRESENTATION_STYLE_ASSIGNMENT((#17173,#17178));
#17173 = SURFACE_STYLE_USAGE(.BOTH.,#17174);
#17174 = SURFACE_SIDE_STYLE('',(#17175));
#17175 = SURFACE_STYLE_FILL_AREA(#17176);
#17176 = FILL_AREA_STYLE('',(#17177));
#17177 = FILL_AREA_STYLE_COLOUR('',#14774);
#17178 = CURVE_STYLE('',#17179,POSITIVE_LENGTH_MEASURE(0.1),#14774);
#17179 = DRAUGHTING_PRE_DEFINED_CURVE_FONT('continuous');
#17180 = STYLED_ITEM('color',(#17181),#11735);
#17181 = PRESENTATION_STYLE_ASSIGNMENT((#17182,#17187));
#17182 = SURFACE_STYLE_USAGE(.BOTH.,#17183);
#17183 = SURFACE_SIDE_STYLE('',(#17184));
#17184 = SURFACE_STYLE_FILL_AREA(#17185);
#17185 = FILL_AREA_STYLE('',(#17186));
#17186 = FILL_AREA_STYLE_COLOUR('',#14774);
#17187 = CURVE_STYLE('',#17188,POSITIVE_LENGTH_MEASURE(0.1),#14774);
#17188 = DRAUGHTING_PRE_DEFINED_CURVE_FONT('continuous');
#17189 = STYLED_ITEM('color',(#17190),#11752);
#17190 = PRESENTATION_STYLE_ASSIGNMENT((#17191,#17196));
#17191 = SURFACE_STYLE_USAGE(.BOTH.,#17192);
#17192 = SURFACE_SIDE_STYLE('',(#17193));
#17193 = SURFACE_STYLE_FILL_AREA(#17194);
#17194 = FILL_AREA_STYLE('',(#17195));
#17195 = FILL_AREA_STYLE_COLOUR('',#14774);
#17196 = CURVE_STYLE('',#17197,POSITIVE_LENGTH_MEASURE(0.1),#14774);
#17197 = DRAUGHTING_PRE_DEFINED_CURVE_FONT('continuous');
#17198 = STYLED_ITEM('color',(#17199),#11769);
#17199 = PRESENTATION_STYLE_ASSIGNMENT((#17200,#17205));
#17200 = SURFACE_STYLE_USAGE(.BOTH.,#17201);
#17201 = SURFACE_SIDE_STYLE('',(#17202));
#17202 = SURFACE_STYLE_FILL_AREA(#17203);
#17203 = FILL_AREA_STYLE('',(#17204));
#17204 = FILL_AREA_STYLE_COLOUR('',#14774);
#17205 = CURVE_STYLE('',#17206,POSITIVE_LENGTH_MEASURE(0.1),#14774);
#17206 = DRAUGHTING_PRE_DEFINED_CURVE_FONT('continuous');
#17207 = STYLED_ITEM('color',(#17208),#11781);
#17208 = PRESENTATION_STYLE_ASSIGNMENT((#17209,#17214));
#17209 = SURFACE_STYLE_USAGE(.BOTH.,#17210);
#17210 = SURFACE_SIDE_STYLE('',(#17211));
#17211 = SURFACE_STYLE_FILL_AREA(#17212);
#17212 = FILL_AREA_STYLE('',(#17213));
#17213 = FILL_AREA_STYLE_COLOUR('',#14774);
#17214 = CURVE_STYLE('',#17215,POSITIVE_LENGTH_MEASURE(0.1),#14774);
#17215 = DRAUGHTING_PRE_DEFINED_CURVE_FONT('continuous');
#17216 = STYLED_ITEM('color',(#17217),#11798);
#17217 = PRESENTATION_STYLE_ASSIGNMENT((#17218,#17223));
#17218 = SURFACE_STYLE_USAGE(.BOTH.,#17219);
#17219 = SURFACE_SIDE_STYLE('',(#17220));
#17220 = SURFACE_STYLE_FILL_AREA(#17221);
#17221 = FILL_AREA_STYLE('',(#17222));
#17222 = FILL_AREA_STYLE_COLOUR('',#14774);
#17223 = CURVE_STYLE('',#17224,POSITIVE_LENGTH_MEASURE(0.1),#14774);
#17224 = DRAUGHTING_PRE_DEFINED_CURVE_FONT('continuous');
#17225 = STYLED_ITEM('color',(#17226),#11815);
#17226 = PRESENTATION_STYLE_ASSIGNMENT((#17227,#17232));
#17227 = SURFACE_STYLE_USAGE(.BOTH.,#17228);
#17228 = SURFACE_SIDE_STYLE('',(#17229));
#17229 = SURFACE_STYLE_FILL_AREA(#17230);
#17230 = FILL_AREA_STYLE('',(#17231));
#17231 = FILL_AREA_STYLE_COLOUR('',#14774);
#17232 = CURVE_STYLE('',#17233,POSITIVE_LENGTH_MEASURE(0.1),#14774);
#17233 = DRAUGHTING_PRE_DEFINED_CURVE_FONT('continuous');
#17234 = MECHANICAL_DESIGN_GEOMETRIC_PRESENTATION_REPRESENTATION('',(
    #17235,#17242,#17249,#17256,#17263,#17270,#17278,#17285,#17292,
    #17299,#17306,#17314,#17321),#12171);
#17235 = STYLED_ITEM('color',(#17236),#11881);
#17236 = PRESENTATION_STYLE_ASSIGNMENT((#17237));
#17237 = SURFACE_STYLE_USAGE(.BOTH.,#17238);
#17238 = SURFACE_SIDE_STYLE('',(#17239));
#17239 = SURFACE_STYLE_FILL_AREA(#17240);
#17240 = FILL_AREA_STYLE('',(#17241));
#17241 = FILL_AREA_STYLE_COLOUR('',#14701);
#17242 = STYLED_ITEM('color',(#17243),#11914);
#17243 = PRESENTATION_STYLE_ASSIGNMENT((#17244));
#17244 = SURFACE_STYLE_USAGE(.BOTH.,#17245);
#17245 = SURFACE_SIDE_STYLE('',(#17246));
#17246 = SURFACE_STYLE_FILL_AREA(#17247);
#17247 = FILL_AREA_STYLE('',(#17248));
#17248 = FILL_AREA_STYLE_COLOUR('',#14701);
#17249 = STYLED_ITEM('color',(#17250),#11940);
#17250 = PRESENTATION_STYLE_ASSIGNMENT((#17251));
#17251 = SURFACE_STYLE_USAGE(.BOTH.,#17252);
#17252 = SURFACE_SIDE_STYLE('',(#17253));
#17253 = SURFACE_STYLE_FILL_AREA(#17254);
#17254 = FILL_AREA_STYLE('',(#17255));
#17255 = FILL_AREA_STYLE_COLOUR('',#14701);
#17256 = STYLED_ITEM('color',(#17257),#11966);
#17257 = PRESENTATION_STYLE_ASSIGNMENT((#17258));
#17258 = SURFACE_STYLE_USAGE(.BOTH.,#17259);
#17259 = SURFACE_SIDE_STYLE('',(#17260));
#17260 = SURFACE_STYLE_FILL_AREA(#17261);
#17261 = FILL_AREA_STYLE('',(#17262));
#17262 = FILL_AREA_STYLE_COLOUR('',#14701);
#17263 = STYLED_ITEM('color',(#17264),#11997);
#17264 = PRESENTATION_STYLE_ASSIGNMENT((#17265));
#17265 = SURFACE_STYLE_USAGE(.BOTH.,#17266);
#17266 = SURFACE_SIDE_STYLE('',(#17267));
#17267 = SURFACE_STYLE_FILL_AREA(#17268);
#17268 = FILL_AREA_STYLE('',(#17269));
#17269 = FILL_AREA_STYLE_COLOUR('',#14701);
#17270 = STYLED_ITEM('color',(#17271),#12017);
#17271 = PRESENTATION_STYLE_ASSIGNMENT((#17272));
#17272 = SURFACE_STYLE_USAGE(.BOTH.,#17273);
#17273 = SURFACE_SIDE_STYLE('',(#17274));
#17274 = SURFACE_STYLE_FILL_AREA(#17275);
#17275 = FILL_AREA_STYLE('',(#17276));
#17276 = FILL_AREA_STYLE_COLOUR('',#17277);
#17277 = COLOUR_RGB('',0.823999987314,0.819999987296,0.781000009244);
#17278 = STYLED_ITEM('color',(#17279),#12042);
#17279 = PRESENTATION_STYLE_ASSIGNMENT((#17280));
#17280 = SURFACE_STYLE_USAGE(.BOTH.,#17281);
#17281 = SURFACE_SIDE_STYLE('',(#17282));
#17282 = SURFACE_STYLE_FILL_AREA(#17283);
#17283 = FILL_AREA_STYLE('',(#17284));
#17284 = FILL_AREA_STYLE_COLOUR('',#17277);
#17285 = STYLED_ITEM('color',(#17286),#12067);
#17286 = PRESENTATION_STYLE_ASSIGNMENT((#17287));
#17287 = SURFACE_STYLE_USAGE(.BOTH.,#17288);
#17288 = SURFACE_SIDE_STYLE('',(#17289));
#17289 = SURFACE_STYLE_FILL_AREA(#17290);
#17290 = FILL_AREA_STYLE('',(#17291));
#17291 = FILL_AREA_STYLE_COLOUR('',#14701);
#17292 = STYLED_ITEM('color',(#17293),#12092);
#17293 = PRESENTATION_STYLE_ASSIGNMENT((#17294));
#17294 = SURFACE_STYLE_USAGE(.BOTH.,#17295);
#17295 = SURFACE_SIDE_STYLE('',(#17296));
#17296 = SURFACE_STYLE_FILL_AREA(#17297);
#17297 = FILL_AREA_STYLE('',(#17298));
#17298 = FILL_AREA_STYLE_COLOUR('',#17277);
#17299 = STYLED_ITEM('color',(#17300),#12118);
#17300 = PRESENTATION_STYLE_ASSIGNMENT((#17301));
#17301 = SURFACE_STYLE_USAGE(.BOTH.,#17302);
#17302 = SURFACE_SIDE_STYLE('',(#17303));
#17303 = SURFACE_STYLE_FILL_AREA(#17304);
#17304 = FILL_AREA_STYLE('',(#17305));
#17305 = FILL_AREA_STYLE_COLOUR('',#17277);
#17306 = STYLED_ITEM('color',(#17307),#12144);
#17307 = PRESENTATION_STYLE_ASSIGNMENT((#17308));
#17308 = SURFACE_STYLE_USAGE(.BOTH.,#17309);
#17309 = SURFACE_SIDE_STYLE('',(#17310));
#17310 = SURFACE_STYLE_FILL_AREA(#17311);
#17311 = FILL_AREA_STYLE('',(#17312));
#17312 = FILL_AREA_STYLE_COLOUR('',#17313);
#17313 = COLOUR_RGB('',0.809000013735,0.426000008053,0.147999998088);
#17314 = STYLED_ITEM('color',(#17315),#12153);
#17315 = PRESENTATION_STYLE_ASSIGNMENT((#17316));
#17316 = SURFACE_STYLE_USAGE(.BOTH.,#17317);
#17317 = SURFACE_SIDE_STYLE('',(#17318));
#17318 = SURFACE_STYLE_FILL_AREA(#17319);
#17319 = FILL_AREA_STYLE('',(#17320));
#17320 = FILL_AREA_STYLE_COLOUR('',#17277);
#17321 = STYLED_ITEM('color',(#17322),#12162);
#17322 = PRESENTATION_STYLE_ASSIGNMENT((#17323));
#17323 = SURFACE_STYLE_USAGE(.BOTH.,#17324);
#17324 = SURFACE_SIDE_STYLE('',(#17325));
#17325 = SURFACE_STYLE_FILL_AREA(#17326);
#17326 = FILL_AREA_STYLE('',(#17327));
#17327 = FILL_AREA_STYLE_COLOUR('',#17277);
#17328 = MECHANICAL_DESIGN_GEOMETRIC_PRESENTATION_REPRESENTATION('',(
    #17329),#14212);
#17329 = STYLED_ITEM('color',(#17330),#12190);
#17330 = PRESENTATION_STYLE_ASSIGNMENT((#17331));
#17331 = SURFACE_STYLE_USAGE(.BOTH.,#17332);
#17332 = SURFACE_SIDE_STYLE('',(#17333));
#17333 = SURFACE_STYLE_FILL_AREA(#17334);
#17334 = FILL_AREA_STYLE('',(#17335));
#17335 = FILL_AREA_STYLE_COLOUR('',#17336);
#17336 = COLOUR_RGB('',0.313304153717,0.484529207832,0.410020903123);
#17337 = MECHANICAL_DESIGN_GEOMETRIC_PRESENTATION_REPRESENTATION('',(
    #17338,#17345,#17353,#17360,#17367,#17374,#17381,#17388,#17395,
    #17402,#17410,#17417,#17424,#17431,#17438,#17445,#17452,#17459,
    #17466,#17473,#17480,#17487,#17494,#17501,#17508,#17515,#17522,
    #17529,#17536,#17543,#17550,#17557,#17564,#17571,#17578,#17585,
    #17592,#17599,#17606,#17613,#17620,#17627,#17634,#17641,#17648,
    #17655,#17662,#17669,#17676,#17683,#17690,#17697,#17704,#17711,
    #17718,#17725,#17732,#17739,#17746,#17753,#17760,#17767,#17774,
    #17781,#17788,#17795,#17802,#17809,#17816,#17823,#17830,#17837,
    #17844,#17851,#17858,#17865,#17872,#17879,#17886,#17893,#17900,
    #17907,#17914,#17921,#17928,#17935,#17942,#17949,#17956,#17963,
    #17970,#17977,#17984,#17991,#17998,#18005,#18012,#18019,#18026,
    #18033,#18040,#18047,#18054,#18061,#18068,#18075),#3514);
#17338 = STYLED_ITEM('color',(#17339),#111);
#17339 = PRESENTATION_STYLE_ASSIGNMENT((#17340));
#17340 = SURFACE_STYLE_USAGE(.BOTH.,#17341);
#17341 = SURFACE_SIDE_STYLE('',(#17342));
#17342 = SURFACE_STYLE_FILL_AREA(#17343);
#17343 = FILL_AREA_STYLE('',(#17344));
#17344 = FILL_AREA_STYLE_COLOUR('',#14248);
#17345 = OVER_RIDING_STYLED_ITEM('overriding color',(#17346),#273,#17338
  );
#17346 = PRESENTATION_STYLE_ASSIGNMENT((#17347));
#17347 = SURFACE_STYLE_USAGE(.BOTH.,#17348);
#17348 = SURFACE_SIDE_STYLE('',(#17349));
#17349 = SURFACE_STYLE_FILL_AREA(#17350);
#17350 = FILL_AREA_STYLE('',(#17351));
#17351 = FILL_AREA_STYLE_COLOUR('',#17352);
#17352 = DRAUGHTING_PRE_DEFINED_COLOUR('black');
#17353 = OVER_RIDING_STYLED_ITEM('overriding color',(#17354),#327,#17338
  );
#17354 = PRESENTATION_STYLE_ASSIGNMENT((#17355));
#17355 = SURFACE_STYLE_USAGE(.BOTH.,#17356);
#17356 = SURFACE_SIDE_STYLE('',(#17357));
#17357 = SURFACE_STYLE_FILL_AREA(#17358);
#17358 = FILL_AREA_STYLE('',(#17359));
#17359 = FILL_AREA_STYLE_COLOUR('',#17352);
#17360 = OVER_RIDING_STYLED_ITEM('overriding color',(#17361),#358,#17338
  );
#17361 = PRESENTATION_STYLE_ASSIGNMENT((#17362));
#17362 = SURFACE_STYLE_USAGE(.BOTH.,#17363);
#17363 = SURFACE_SIDE_STYLE('',(#17364));
#17364 = SURFACE_STYLE_FILL_AREA(#17365);
#17365 = FILL_AREA_STYLE('',(#17366));
#17366 = FILL_AREA_STYLE_COLOUR('',#17352);
#17367 = OVER_RIDING_STYLED_ITEM('overriding color',(#17368),#389,#17338
  );
#17368 = PRESENTATION_STYLE_ASSIGNMENT((#17369));
#17369 = SURFACE_STYLE_USAGE(.BOTH.,#17370);
#17370 = SURFACE_SIDE_STYLE('',(#17371));
#17371 = SURFACE_STYLE_FILL_AREA(#17372);
#17372 = FILL_AREA_STYLE('',(#17373));
#17373 = FILL_AREA_STYLE_COLOUR('',#17352);
#17374 = OVER_RIDING_STYLED_ITEM('overriding color',(#17375),#420,#17338
  );
#17375 = PRESENTATION_STYLE_ASSIGNMENT((#17376));
#17376 = SURFACE_STYLE_USAGE(.BOTH.,#17377);
#17377 = SURFACE_SIDE_STYLE('',(#17378));
#17378 = SURFACE_STYLE_FILL_AREA(#17379);
#17379 = FILL_AREA_STYLE('',(#17380));
#17380 = FILL_AREA_STYLE_COLOUR('',#17352);
#17381 = OVER_RIDING_STYLED_ITEM('overriding color',(#17382),#451,#17338
  );
#17382 = PRESENTATION_STYLE_ASSIGNMENT((#17383));
#17383 = SURFACE_STYLE_USAGE(.BOTH.,#17384);
#17384 = SURFACE_SIDE_STYLE('',(#17385));
#17385 = SURFACE_STYLE_FILL_AREA(#17386);
#17386 = FILL_AREA_STYLE('',(#17387));
#17387 = FILL_AREA_STYLE_COLOUR('',#17352);
#17388 = OVER_RIDING_STYLED_ITEM('overriding color',(#17389),#484,#17338
  );
#17389 = PRESENTATION_STYLE_ASSIGNMENT((#17390));
#17390 = SURFACE_STYLE_USAGE(.BOTH.,#17391);
#17391 = SURFACE_SIDE_STYLE('',(#17392));
#17392 = SURFACE_STYLE_FILL_AREA(#17393);
#17393 = FILL_AREA_STYLE('',(#17394));
#17394 = FILL_AREA_STYLE_COLOUR('',#17352);
#17395 = OVER_RIDING_STYLED_ITEM('overriding color',(#17396),#517,#17338
  );
#17396 = PRESENTATION_STYLE_ASSIGNMENT((#17397));
#17397 = SURFACE_STYLE_USAGE(.BOTH.,#17398);
#17398 = SURFACE_SIDE_STYLE('',(#17399));
#17399 = SURFACE_STYLE_FILL_AREA(#17400);
#17400 = FILL_AREA_STYLE('',(#17401));
#17401 = FILL_AREA_STYLE_COLOUR('',#17352);
#17402 = OVER_RIDING_STYLED_ITEM('overriding color',(#17403),#557,#17338
  );
#17403 = PRESENTATION_STYLE_ASSIGNMENT((#17404));
#17404 = SURFACE_STYLE_USAGE(.BOTH.,#17405);
#17405 = SURFACE_SIDE_STYLE('',(#17406));
#17406 = SURFACE_STYLE_FILL_AREA(#17407);
#17407 = FILL_AREA_STYLE('',(#17408));
#17408 = FILL_AREA_STYLE_COLOUR('',#17409);
#17409 = COLOUR_RGB('',0.599999994755,0.599999994755,0.599999994755);
#17410 = OVER_RIDING_STYLED_ITEM('overriding color',(#17411),#597,#17338
  );
#17411 = PRESENTATION_STYLE_ASSIGNMENT((#17412));
#17412 = SURFACE_STYLE_USAGE(.BOTH.,#17413);
#17413 = SURFACE_SIDE_STYLE('',(#17414));
#17414 = SURFACE_STYLE_FILL_AREA(#17415);
#17415 = FILL_AREA_STYLE('',(#17416));
#17416 = FILL_AREA_STYLE_COLOUR('',#17409);
#17417 = OVER_RIDING_STYLED_ITEM('overriding color',(#17418),#636,#17338
  );
#17418 = PRESENTATION_STYLE_ASSIGNMENT((#17419));
#17419 = SURFACE_STYLE_USAGE(.BOTH.,#17420);
#17420 = SURFACE_SIDE_STYLE('',(#17421));
#17421 = SURFACE_STYLE_FILL_AREA(#17422);
#17422 = FILL_AREA_STYLE('',(#17423));
#17423 = FILL_AREA_STYLE_COLOUR('',#17409);
#17424 = OVER_RIDING_STYLED_ITEM('overriding color',(#17425),#775,#17338
  );
#17425 = PRESENTATION_STYLE_ASSIGNMENT((#17426));
#17426 = SURFACE_STYLE_USAGE(.BOTH.,#17427);
#17427 = SURFACE_SIDE_STYLE('',(#17428));
#17428 = SURFACE_STYLE_FILL_AREA(#17429);
#17429 = FILL_AREA_STYLE('',(#17430));
#17430 = FILL_AREA_STYLE_COLOUR('',#17409);
#17431 = OVER_RIDING_STYLED_ITEM('overriding color',(#17432),#806,#17338
  );
#17432 = PRESENTATION_STYLE_ASSIGNMENT((#17433));
#17433 = SURFACE_STYLE_USAGE(.BOTH.,#17434);
#17434 = SURFACE_SIDE_STYLE('',(#17435));
#17435 = SURFACE_STYLE_FILL_AREA(#17436);
#17436 = FILL_AREA_STYLE('',(#17437));
#17437 = FILL_AREA_STYLE_COLOUR('',#17409);
#17438 = OVER_RIDING_STYLED_ITEM('overriding color',(#17439),#838,#17338
  );
#17439 = PRESENTATION_STYLE_ASSIGNMENT((#17440));
#17440 = SURFACE_STYLE_USAGE(.BOTH.,#17441);
#17441 = SURFACE_SIDE_STYLE('',(#17442));
#17442 = SURFACE_STYLE_FILL_AREA(#17443);
#17443 = FILL_AREA_STYLE('',(#17444));
#17444 = FILL_AREA_STYLE_COLOUR('',#17409);
#17445 = OVER_RIDING_STYLED_ITEM('overriding color',(#17446),#871,#17338
  );
#17446 = PRESENTATION_STYLE_ASSIGNMENT((#17447));
#17447 = SURFACE_STYLE_USAGE(.BOTH.,#17448);
#17448 = SURFACE_SIDE_STYLE('',(#17449));
#17449 = SURFACE_STYLE_FILL_AREA(#17450);
#17450 = FILL_AREA_STYLE('',(#17451));
#17451 = FILL_AREA_STYLE_COLOUR('',#17409);
#17452 = OVER_RIDING_STYLED_ITEM('overriding color',(#17453),#912,#17338
  );
#17453 = PRESENTATION_STYLE_ASSIGNMENT((#17454));
#17454 = SURFACE_STYLE_USAGE(.BOTH.,#17455);
#17455 = SURFACE_SIDE_STYLE('',(#17456));
#17456 = SURFACE_STYLE_FILL_AREA(#17457);
#17457 = FILL_AREA_STYLE('',(#17458));
#17458 = FILL_AREA_STYLE_COLOUR('',#17409);
#17459 = OVER_RIDING_STYLED_ITEM('overriding color',(#17460),#936,#17338
  );
#17460 = PRESENTATION_STYLE_ASSIGNMENT((#17461));
#17461 = SURFACE_STYLE_USAGE(.BOTH.,#17462);
#17462 = SURFACE_SIDE_STYLE('',(#17463));
#17463 = SURFACE_STYLE_FILL_AREA(#17464);
#17464 = FILL_AREA_STYLE('',(#17465));
#17465 = FILL_AREA_STYLE_COLOUR('',#17409);
#17466 = OVER_RIDING_STYLED_ITEM('overriding color',(#17467),#967,#17338
  );
#17467 = PRESENTATION_STYLE_ASSIGNMENT((#17468));
#17468 = SURFACE_STYLE_USAGE(.BOTH.,#17469);
#17469 = SURFACE_SIDE_STYLE('',(#17470));
#17470 = SURFACE_STYLE_FILL_AREA(#17471);
#17471 = FILL_AREA_STYLE('',(#17472));
#17472 = FILL_AREA_STYLE_COLOUR('',#17409);
#17473 = OVER_RIDING_STYLED_ITEM('overriding color',(#17474),#991,#17338
  );
#17474 = PRESENTATION_STYLE_ASSIGNMENT((#17475));
#17475 = SURFACE_STYLE_USAGE(.BOTH.,#17476);
#17476 = SURFACE_SIDE_STYLE('',(#17477));
#17477 = SURFACE_STYLE_FILL_AREA(#17478);
#17478 = FILL_AREA_STYLE('',(#17479));
#17479 = FILL_AREA_STYLE_COLOUR('',#17409);
#17480 = OVER_RIDING_STYLED_ITEM('overriding color',(#17481),#1015,
  #17338);
#17481 = PRESENTATION_STYLE_ASSIGNMENT((#17482));
#17482 = SURFACE_STYLE_USAGE(.BOTH.,#17483);
#17483 = SURFACE_SIDE_STYLE('',(#17484));
#17484 = SURFACE_STYLE_FILL_AREA(#17485);
#17485 = FILL_AREA_STYLE('',(#17486));
#17486 = FILL_AREA_STYLE_COLOUR('',#17409);
#17487 = OVER_RIDING_STYLED_ITEM('overriding color',(#17488),#1032,
  #17338);
#17488 = PRESENTATION_STYLE_ASSIGNMENT((#17489));
#17489 = SURFACE_STYLE_USAGE(.BOTH.,#17490);
#17490 = SURFACE_SIDE_STYLE('',(#17491));
#17491 = SURFACE_STYLE_FILL_AREA(#17492);
#17492 = FILL_AREA_STYLE('',(#17493));
#17493 = FILL_AREA_STYLE_COLOUR('',#17409);
#17494 = OVER_RIDING_STYLED_ITEM('overriding color',(#17495),#1044,
  #17338);
#17495 = PRESENTATION_STYLE_ASSIGNMENT((#17496));
#17496 = SURFACE_STYLE_USAGE(.BOTH.,#17497);
#17497 = SURFACE_SIDE_STYLE('',(#17498));
#17498 = SURFACE_STYLE_FILL_AREA(#17499);
#17499 = FILL_AREA_STYLE('',(#17500));
#17500 = FILL_AREA_STYLE_COLOUR('',#17409);
#17501 = OVER_RIDING_STYLED_ITEM('overriding color',(#17502),#1198,
  #17338);
#17502 = PRESENTATION_STYLE_ASSIGNMENT((#17503));
#17503 = SURFACE_STYLE_USAGE(.BOTH.,#17504);
#17504 = SURFACE_SIDE_STYLE('',(#17505));
#17505 = SURFACE_STYLE_FILL_AREA(#17506);
#17506 = FILL_AREA_STYLE('',(#17507));
#17507 = FILL_AREA_STYLE_COLOUR('',#17409);
#17508 = OVER_RIDING_STYLED_ITEM('overriding color',(#17509),#1239,
  #17338);
#17509 = PRESENTATION_STYLE_ASSIGNMENT((#17510));
#17510 = SURFACE_STYLE_USAGE(.BOTH.,#17511);
#17511 = SURFACE_SIDE_STYLE('',(#17512));
#17512 = SURFACE_STYLE_FILL_AREA(#17513);
#17513 = FILL_AREA_STYLE('',(#17514));
#17514 = FILL_AREA_STYLE_COLOUR('',#17409);
#17515 = OVER_RIDING_STYLED_ITEM('overriding color',(#17516),#1279,
  #17338);
#17516 = PRESENTATION_STYLE_ASSIGNMENT((#17517));
#17517 = SURFACE_STYLE_USAGE(.BOTH.,#17518);
#17518 = SURFACE_SIDE_STYLE('',(#17519));
#17519 = SURFACE_STYLE_FILL_AREA(#17520);
#17520 = FILL_AREA_STYLE('',(#17521));
#17521 = FILL_AREA_STYLE_COLOUR('',#17409);
#17522 = OVER_RIDING_STYLED_ITEM('overriding color',(#17523),#1302,
  #17338);
#17523 = PRESENTATION_STYLE_ASSIGNMENT((#17524));
#17524 = SURFACE_STYLE_USAGE(.BOTH.,#17525);
#17525 = SURFACE_SIDE_STYLE('',(#17526));
#17526 = SURFACE_STYLE_FILL_AREA(#17527);
#17527 = FILL_AREA_STYLE('',(#17528));
#17528 = FILL_AREA_STYLE_COLOUR('',#17409);
#17529 = OVER_RIDING_STYLED_ITEM('overriding color',(#17530),#1319,
  #17338);
#17530 = PRESENTATION_STYLE_ASSIGNMENT((#17531));
#17531 = SURFACE_STYLE_USAGE(.BOTH.,#17532);
#17532 = SURFACE_SIDE_STYLE('',(#17533));
#17533 = SURFACE_STYLE_FILL_AREA(#17534);
#17534 = FILL_AREA_STYLE('',(#17535));
#17535 = FILL_AREA_STYLE_COLOUR('',#17352);
#17536 = OVER_RIDING_STYLED_ITEM('overriding color',(#17537),#1444,
  #17338);
#17537 = PRESENTATION_STYLE_ASSIGNMENT((#17538));
#17538 = SURFACE_STYLE_USAGE(.BOTH.,#17539);
#17539 = SURFACE_SIDE_STYLE('',(#17540));
#17540 = SURFACE_STYLE_FILL_AREA(#17541);
#17541 = FILL_AREA_STYLE('',(#17542));
#17542 = FILL_AREA_STYLE_COLOUR('',#17409);
#17543 = OVER_RIDING_STYLED_ITEM('overriding color',(#17544),#1475,
  #17338);
#17544 = PRESENTATION_STYLE_ASSIGNMENT((#17545));
#17545 = SURFACE_STYLE_USAGE(.BOTH.,#17546);
#17546 = SURFACE_SIDE_STYLE('',(#17547));
#17547 = SURFACE_STYLE_FILL_AREA(#17548);
#17548 = FILL_AREA_STYLE('',(#17549));
#17549 = FILL_AREA_STYLE_COLOUR('',#17409);
#17550 = OVER_RIDING_STYLED_ITEM('overriding color',(#17551),#1523,
  #17338);
#17551 = PRESENTATION_STYLE_ASSIGNMENT((#17552));
#17552 = SURFACE_STYLE_USAGE(.BOTH.,#17553);
#17553 = SURFACE_SIDE_STYLE('',(#17554));
#17554 = SURFACE_STYLE_FILL_AREA(#17555);
#17555 = FILL_AREA_STYLE('',(#17556));
#17556 = FILL_AREA_STYLE_COLOUR('',#17409);
#17557 = OVER_RIDING_STYLED_ITEM('overriding color',(#17558),#1547,
  #17338);
#17558 = PRESENTATION_STYLE_ASSIGNMENT((#17559));
#17559 = SURFACE_STYLE_USAGE(.BOTH.,#17560);
#17560 = SURFACE_SIDE_STYLE('',(#17561));
#17561 = SURFACE_STYLE_FILL_AREA(#17562);
#17562 = FILL_AREA_STYLE('',(#17563));
#17563 = FILL_AREA_STYLE_COLOUR('',#17409);
#17564 = OVER_RIDING_STYLED_ITEM('overriding color',(#17565),#1595,
  #17338);
#17565 = PRESENTATION_STYLE_ASSIGNMENT((#17566));
#17566 = SURFACE_STYLE_USAGE(.BOTH.,#17567);
#17567 = SURFACE_SIDE_STYLE('',(#17568));
#17568 = SURFACE_STYLE_FILL_AREA(#17569);
#17569 = FILL_AREA_STYLE('',(#17570));
#17570 = FILL_AREA_STYLE_COLOUR('',#17409);
#17571 = OVER_RIDING_STYLED_ITEM('overriding color',(#17572),#1619,
  #17338);
#17572 = PRESENTATION_STYLE_ASSIGNMENT((#17573));
#17573 = SURFACE_STYLE_USAGE(.BOTH.,#17574);
#17574 = SURFACE_SIDE_STYLE('',(#17575));
#17575 = SURFACE_STYLE_FILL_AREA(#17576);
#17576 = FILL_AREA_STYLE('',(#17577));
#17577 = FILL_AREA_STYLE_COLOUR('',#17409);
#17578 = OVER_RIDING_STYLED_ITEM('overriding color',(#17579),#1636,
  #17338);
#17579 = PRESENTATION_STYLE_ASSIGNMENT((#17580));
#17580 = SURFACE_STYLE_USAGE(.BOTH.,#17581);
#17581 = SURFACE_SIDE_STYLE('',(#17582));
#17582 = SURFACE_STYLE_FILL_AREA(#17583);
#17583 = FILL_AREA_STYLE('',(#17584));
#17584 = FILL_AREA_STYLE_COLOUR('',#17409);
#17585 = OVER_RIDING_STYLED_ITEM('overriding color',(#17586),#1656,
  #17338);
#17586 = PRESENTATION_STYLE_ASSIGNMENT((#17587));
#17587 = SURFACE_STYLE_USAGE(.BOTH.,#17588);
#17588 = SURFACE_SIDE_STYLE('',(#17589));
#17589 = SURFACE_STYLE_FILL_AREA(#17590);
#17590 = FILL_AREA_STYLE('',(#17591));
#17591 = FILL_AREA_STYLE_COLOUR('',#17409);
#17592 = OVER_RIDING_STYLED_ITEM('overriding color',(#17593),#1673,
  #17338);
#17593 = PRESENTATION_STYLE_ASSIGNMENT((#17594));
#17594 = SURFACE_STYLE_USAGE(.BOTH.,#17595);
#17595 = SURFACE_SIDE_STYLE('',(#17596));
#17596 = SURFACE_STYLE_FILL_AREA(#17597);
#17597 = FILL_AREA_STYLE('',(#17598));
#17598 = FILL_AREA_STYLE_COLOUR('',#17409);
#17599 = OVER_RIDING_STYLED_ITEM('overriding color',(#17600),#1695,
  #17338);
#17600 = PRESENTATION_STYLE_ASSIGNMENT((#17601));
#17601 = SURFACE_STYLE_USAGE(.BOTH.,#17602);
#17602 = SURFACE_SIDE_STYLE('',(#17603));
#17603 = SURFACE_STYLE_FILL_AREA(#17604);
#17604 = FILL_AREA_STYLE('',(#17605));
#17605 = FILL_AREA_STYLE_COLOUR('',#17409);
#17606 = OVER_RIDING_STYLED_ITEM('overriding color',(#17607),#1709,
  #17338);
#17607 = PRESENTATION_STYLE_ASSIGNMENT((#17608));
#17608 = SURFACE_STYLE_USAGE(.BOTH.,#17609);
#17609 = SURFACE_SIDE_STYLE('',(#17610));
#17610 = SURFACE_STYLE_FILL_AREA(#17611);
#17611 = FILL_AREA_STYLE('',(#17612));
#17612 = FILL_AREA_STYLE_COLOUR('',#17409);
#17613 = OVER_RIDING_STYLED_ITEM('overriding color',(#17614),#1727,
  #17338);
#17614 = PRESENTATION_STYLE_ASSIGNMENT((#17615));
#17615 = SURFACE_STYLE_USAGE(.BOTH.,#17616);
#17616 = SURFACE_SIDE_STYLE('',(#17617));
#17617 = SURFACE_STYLE_FILL_AREA(#17618);
#17618 = FILL_AREA_STYLE('',(#17619));
#17619 = FILL_AREA_STYLE_COLOUR('',#17409);
#17620 = OVER_RIDING_STYLED_ITEM('overriding color',(#17621),#1752,
  #17338);
#17621 = PRESENTATION_STYLE_ASSIGNMENT((#17622));
#17622 = SURFACE_STYLE_USAGE(.BOTH.,#17623);
#17623 = SURFACE_SIDE_STYLE('',(#17624));
#17624 = SURFACE_STYLE_FILL_AREA(#17625);
#17625 = FILL_AREA_STYLE('',(#17626));
#17626 = FILL_AREA_STYLE_COLOUR('',#17409);
#17627 = OVER_RIDING_STYLED_ITEM('overriding color',(#17628),#1785,
  #17338);
#17628 = PRESENTATION_STYLE_ASSIGNMENT((#17629));
#17629 = SURFACE_STYLE_USAGE(.BOTH.,#17630);
#17630 = SURFACE_SIDE_STYLE('',(#17631));
#17631 = SURFACE_STYLE_FILL_AREA(#17632);
#17632 = FILL_AREA_STYLE('',(#17633));
#17633 = FILL_AREA_STYLE_COLOUR('',#17409);
#17634 = OVER_RIDING_STYLED_ITEM('overriding color',(#17635),#1818,
  #17338);
#17635 = PRESENTATION_STYLE_ASSIGNMENT((#17636));
#17636 = SURFACE_STYLE_USAGE(.BOTH.,#17637);
#17637 = SURFACE_SIDE_STYLE('',(#17638));
#17638 = SURFACE_STYLE_FILL_AREA(#17639);
#17639 = FILL_AREA_STYLE('',(#17640));
#17640 = FILL_AREA_STYLE_COLOUR('',#17409);
#17641 = OVER_RIDING_STYLED_ITEM('overriding color',(#17642),#1844,
  #17338);
#17642 = PRESENTATION_STYLE_ASSIGNMENT((#17643));
#17643 = SURFACE_STYLE_USAGE(.BOTH.,#17644);
#17644 = SURFACE_SIDE_STYLE('',(#17645));
#17645 = SURFACE_STYLE_FILL_AREA(#17646);
#17646 = FILL_AREA_STYLE('',(#17647));
#17647 = FILL_AREA_STYLE_COLOUR('',#17409);
#17648 = OVER_RIDING_STYLED_ITEM('overriding color',(#17649),#1870,
  #17338);
#17649 = PRESENTATION_STYLE_ASSIGNMENT((#17650));
#17650 = SURFACE_STYLE_USAGE(.BOTH.,#17651);
#17651 = SURFACE_SIDE_STYLE('',(#17652));
#17652 = SURFACE_STYLE_FILL_AREA(#17653);
#17653 = FILL_AREA_STYLE('',(#17654));
#17654 = FILL_AREA_STYLE_COLOUR('',#17409);
#17655 = OVER_RIDING_STYLED_ITEM('overriding color',(#17656),#1887,
  #17338);
#17656 = PRESENTATION_STYLE_ASSIGNMENT((#17657));
#17657 = SURFACE_STYLE_USAGE(.BOTH.,#17658);
#17658 = SURFACE_SIDE_STYLE('',(#17659));
#17659 = SURFACE_STYLE_FILL_AREA(#17660);
#17660 = FILL_AREA_STYLE('',(#17661));
#17661 = FILL_AREA_STYLE_COLOUR('',#17409);
#17662 = OVER_RIDING_STYLED_ITEM('overriding color',(#17663),#1899,
  #17338);
#17663 = PRESENTATION_STYLE_ASSIGNMENT((#17664));
#17664 = SURFACE_STYLE_USAGE(.BOTH.,#17665);
#17665 = SURFACE_SIDE_STYLE('',(#17666));
#17666 = SURFACE_STYLE_FILL_AREA(#17667);
#17667 = FILL_AREA_STYLE('',(#17668));
#17668 = FILL_AREA_STYLE_COLOUR('',#17409);
#17669 = OVER_RIDING_STYLED_ITEM('overriding color',(#17670),#1925,
  #17338);
#17670 = PRESENTATION_STYLE_ASSIGNMENT((#17671));
#17671 = SURFACE_STYLE_USAGE(.BOTH.,#17672);
#17672 = SURFACE_SIDE_STYLE('',(#17673));
#17673 = SURFACE_STYLE_FILL_AREA(#17674);
#17674 = FILL_AREA_STYLE('',(#17675));
#17675 = FILL_AREA_STYLE_COLOUR('',#17409);
#17676 = OVER_RIDING_STYLED_ITEM('overriding color',(#17677),#1943,
  #17338);
#17677 = PRESENTATION_STYLE_ASSIGNMENT((#17678));
#17678 = SURFACE_STYLE_USAGE(.BOTH.,#17679);
#17679 = SURFACE_SIDE_STYLE('',(#17680));
#17680 = SURFACE_STYLE_FILL_AREA(#17681);
#17681 = FILL_AREA_STYLE('',(#17682));
#17682 = FILL_AREA_STYLE_COLOUR('',#17409);
#17683 = OVER_RIDING_STYLED_ITEM('overriding color',(#17684),#1960,
  #17338);
#17684 = PRESENTATION_STYLE_ASSIGNMENT((#17685));
#17685 = SURFACE_STYLE_USAGE(.BOTH.,#17686);
#17686 = SURFACE_SIDE_STYLE('',(#17687));
#17687 = SURFACE_STYLE_FILL_AREA(#17688);
#17688 = FILL_AREA_STYLE('',(#17689));
#17689 = FILL_AREA_STYLE_COLOUR('',#17409);
#17690 = OVER_RIDING_STYLED_ITEM('overriding color',(#17691),#1977,
  #17338);
#17691 = PRESENTATION_STYLE_ASSIGNMENT((#17692));
#17692 = SURFACE_STYLE_USAGE(.BOTH.,#17693);
#17693 = SURFACE_SIDE_STYLE('',(#17694));
#17694 = SURFACE_STYLE_FILL_AREA(#17695);
#17695 = FILL_AREA_STYLE('',(#17696));
#17696 = FILL_AREA_STYLE_COLOUR('',#17409);
#17697 = OVER_RIDING_STYLED_ITEM('overriding color',(#17698),#1989,
  #17338);
#17698 = PRESENTATION_STYLE_ASSIGNMENT((#17699));
#17699 = SURFACE_STYLE_USAGE(.BOTH.,#17700);
#17700 = SURFACE_SIDE_STYLE('',(#17701));
#17701 = SURFACE_STYLE_FILL_AREA(#17702);
#17702 = FILL_AREA_STYLE('',(#17703));
#17703 = FILL_AREA_STYLE_COLOUR('',#17409);
#17704 = OVER_RIDING_STYLED_ITEM('overriding color',(#17705),#2000,
  #17338);
#17705 = PRESENTATION_STYLE_ASSIGNMENT((#17706));
#17706 = SURFACE_STYLE_USAGE(.BOTH.,#17707);
#17707 = SURFACE_SIDE_STYLE('',(#17708));
#17708 = SURFACE_STYLE_FILL_AREA(#17709);
#17709 = FILL_AREA_STYLE('',(#17710));
#17710 = FILL_AREA_STYLE_COLOUR('',#17409);
#17711 = OVER_RIDING_STYLED_ITEM('overriding color',(#17712),#2017,
  #17338);
#17712 = PRESENTATION_STYLE_ASSIGNMENT((#17713));
#17713 = SURFACE_STYLE_USAGE(.BOTH.,#17714);
#17714 = SURFACE_SIDE_STYLE('',(#17715));
#17715 = SURFACE_STYLE_FILL_AREA(#17716);
#17716 = FILL_AREA_STYLE('',(#17717));
#17717 = FILL_AREA_STYLE_COLOUR('',#17409);
#17718 = OVER_RIDING_STYLED_ITEM('overriding color',(#17719),#2030,
  #17338);
#17719 = PRESENTATION_STYLE_ASSIGNMENT((#17720));
#17720 = SURFACE_STYLE_USAGE(.BOTH.,#17721);
#17721 = SURFACE_SIDE_STYLE('',(#17722));
#17722 = SURFACE_STYLE_FILL_AREA(#17723);
#17723 = FILL_AREA_STYLE('',(#17724));
#17724 = FILL_AREA_STYLE_COLOUR('',#17352);
#17725 = OVER_RIDING_STYLED_ITEM('overriding color',(#17726),#2070,
  #17338);
#17726 = PRESENTATION_STYLE_ASSIGNMENT((#17727));
#17727 = SURFACE_STYLE_USAGE(.BOTH.,#17728);
#17728 = SURFACE_SIDE_STYLE('',(#17729));
#17729 = SURFACE_STYLE_FILL_AREA(#17730);
#17730 = FILL_AREA_STYLE('',(#17731));
#17731 = FILL_AREA_STYLE_COLOUR('',#17352);
#17732 = OVER_RIDING_STYLED_ITEM('overriding color',(#17733),#2110,
  #17338);
#17733 = PRESENTATION_STYLE_ASSIGNMENT((#17734));
#17734 = SURFACE_STYLE_USAGE(.BOTH.,#17735);
#17735 = SURFACE_SIDE_STYLE('',(#17736));
#17736 = SURFACE_STYLE_FILL_AREA(#17737);
#17737 = FILL_AREA_STYLE('',(#17738));
#17738 = FILL_AREA_STYLE_COLOUR('',#17352);
#17739 = OVER_RIDING_STYLED_ITEM('overriding color',(#17740),#2134,
  #17338);
#17740 = PRESENTATION_STYLE_ASSIGNMENT((#17741));
#17741 = SURFACE_STYLE_USAGE(.BOTH.,#17742);
#17742 = SURFACE_SIDE_STYLE('',(#17743));
#17743 = SURFACE_STYLE_FILL_AREA(#17744);
#17744 = FILL_AREA_STYLE('',(#17745));
#17745 = FILL_AREA_STYLE_COLOUR('',#17352);
#17746 = OVER_RIDING_STYLED_ITEM('overriding color',(#17747),#2193,
  #17338);
#17747 = PRESENTATION_STYLE_ASSIGNMENT((#17748));
#17748 = SURFACE_STYLE_USAGE(.BOTH.,#17749);
#17749 = SURFACE_SIDE_STYLE('',(#17750));
#17750 = SURFACE_STYLE_FILL_AREA(#17751);
#17751 = FILL_AREA_STYLE('',(#17752));
#17752 = FILL_AREA_STYLE_COLOUR('',#17352);
#17753 = OVER_RIDING_STYLED_ITEM('overriding color',(#17754),#2233,
  #17338);
#17754 = PRESENTATION_STYLE_ASSIGNMENT((#17755));
#17755 = SURFACE_STYLE_USAGE(.BOTH.,#17756);
#17756 = SURFACE_SIDE_STYLE('',(#17757));
#17757 = SURFACE_STYLE_FILL_AREA(#17758);
#17758 = FILL_AREA_STYLE('',(#17759));
#17759 = FILL_AREA_STYLE_COLOUR('',#17352);
#17760 = OVER_RIDING_STYLED_ITEM('overriding color',(#17761),#2273,
  #17338);
#17761 = PRESENTATION_STYLE_ASSIGNMENT((#17762));
#17762 = SURFACE_STYLE_USAGE(.BOTH.,#17763);
#17763 = SURFACE_SIDE_STYLE('',(#17764));
#17764 = SURFACE_STYLE_FILL_AREA(#17765);
#17765 = FILL_AREA_STYLE('',(#17766));
#17766 = FILL_AREA_STYLE_COLOUR('',#17352);
#17767 = OVER_RIDING_STYLED_ITEM('overriding color',(#17768),#2297,
  #17338);
#17768 = PRESENTATION_STYLE_ASSIGNMENT((#17769));
#17769 = SURFACE_STYLE_USAGE(.BOTH.,#17770);
#17770 = SURFACE_SIDE_STYLE('',(#17771));
#17771 = SURFACE_STYLE_FILL_AREA(#17772);
#17772 = FILL_AREA_STYLE('',(#17773));
#17773 = FILL_AREA_STYLE_COLOUR('',#17352);
#17774 = OVER_RIDING_STYLED_ITEM('overriding color',(#17775),#2348,
  #17338);
#17775 = PRESENTATION_STYLE_ASSIGNMENT((#17776));
#17776 = SURFACE_STYLE_USAGE(.BOTH.,#17777);
#17777 = SURFACE_SIDE_STYLE('',(#17778));
#17778 = SURFACE_STYLE_FILL_AREA(#17779);
#17779 = FILL_AREA_STYLE('',(#17780));
#17780 = FILL_AREA_STYLE_COLOUR('',#17352);
#17781 = OVER_RIDING_STYLED_ITEM('overriding color',(#17782),#2397,
  #17338);
#17782 = PRESENTATION_STYLE_ASSIGNMENT((#17783));
#17783 = SURFACE_STYLE_USAGE(.BOTH.,#17784);
#17784 = SURFACE_SIDE_STYLE('',(#17785));
#17785 = SURFACE_STYLE_FILL_AREA(#17786);
#17786 = FILL_AREA_STYLE('',(#17787));
#17787 = FILL_AREA_STYLE_COLOUR('',#17352);
#17788 = OVER_RIDING_STYLED_ITEM('overriding color',(#17789),#2428,
  #17338);
#17789 = PRESENTATION_STYLE_ASSIGNMENT((#17790));
#17790 = SURFACE_STYLE_USAGE(.BOTH.,#17791);
#17791 = SURFACE_SIDE_STYLE('',(#17792));
#17792 = SURFACE_STYLE_FILL_AREA(#17793);
#17793 = FILL_AREA_STYLE('',(#17794));
#17794 = FILL_AREA_STYLE_COLOUR('',#17352);
#17795 = OVER_RIDING_STYLED_ITEM('overriding color',(#17796),#2452,
  #17338);
#17796 = PRESENTATION_STYLE_ASSIGNMENT((#17797));
#17797 = SURFACE_STYLE_USAGE(.BOTH.,#17798);
#17798 = SURFACE_SIDE_STYLE('',(#17799));
#17799 = SURFACE_STYLE_FILL_AREA(#17800);
#17800 = FILL_AREA_STYLE('',(#17801));
#17801 = FILL_AREA_STYLE_COLOUR('',#17352);
#17802 = OVER_RIDING_STYLED_ITEM('overriding color',(#17803),#2501,
  #17338);
#17803 = PRESENTATION_STYLE_ASSIGNMENT((#17804));
#17804 = SURFACE_STYLE_USAGE(.BOTH.,#17805);
#17805 = SURFACE_SIDE_STYLE('',(#17806));
#17806 = SURFACE_STYLE_FILL_AREA(#17807);
#17807 = FILL_AREA_STYLE('',(#17808));
#17808 = FILL_AREA_STYLE_COLOUR('',#17352);
#17809 = OVER_RIDING_STYLED_ITEM('overriding color',(#17810),#2532,
  #17338);
#17810 = PRESENTATION_STYLE_ASSIGNMENT((#17811));
#17811 = SURFACE_STYLE_USAGE(.BOTH.,#17812);
#17812 = SURFACE_SIDE_STYLE('',(#17813));
#17813 = SURFACE_STYLE_FILL_AREA(#17814);
#17814 = FILL_AREA_STYLE('',(#17815));
#17815 = FILL_AREA_STYLE_COLOUR('',#17352);
#17816 = OVER_RIDING_STYLED_ITEM('overriding color',(#17817),#2556,
  #17338);
#17817 = PRESENTATION_STYLE_ASSIGNMENT((#17818));
#17818 = SURFACE_STYLE_USAGE(.BOTH.,#17819);
#17819 = SURFACE_SIDE_STYLE('',(#17820));
#17820 = SURFACE_STYLE_FILL_AREA(#17821);
#17821 = FILL_AREA_STYLE('',(#17822));
#17822 = FILL_AREA_STYLE_COLOUR('',#17352);
#17823 = OVER_RIDING_STYLED_ITEM('overriding color',(#17824),#2580,
  #17338);
#17824 = PRESENTATION_STYLE_ASSIGNMENT((#17825));
#17825 = SURFACE_STYLE_USAGE(.BOTH.,#17826);
#17826 = SURFACE_SIDE_STYLE('',(#17827));
#17827 = SURFACE_STYLE_FILL_AREA(#17828);
#17828 = FILL_AREA_STYLE('',(#17829));
#17829 = FILL_AREA_STYLE_COLOUR('',#17352);
#17830 = OVER_RIDING_STYLED_ITEM('overriding color',(#17831),#2597,
  #17338);
#17831 = PRESENTATION_STYLE_ASSIGNMENT((#17832));
#17832 = SURFACE_STYLE_USAGE(.BOTH.,#17833);
#17833 = SURFACE_SIDE_STYLE('',(#17834));
#17834 = SURFACE_STYLE_FILL_AREA(#17835);
#17835 = FILL_AREA_STYLE('',(#17836));
#17836 = FILL_AREA_STYLE_COLOUR('',#17352);
#17837 = OVER_RIDING_STYLED_ITEM('overriding color',(#17838),#2609,
  #17338);
#17838 = PRESENTATION_STYLE_ASSIGNMENT((#17839));
#17839 = SURFACE_STYLE_USAGE(.BOTH.,#17840);
#17840 = SURFACE_SIDE_STYLE('',(#17841));
#17841 = SURFACE_STYLE_FILL_AREA(#17842);
#17842 = FILL_AREA_STYLE('',(#17843));
#17843 = FILL_AREA_STYLE_COLOUR('',#17352);
#17844 = OVER_RIDING_STYLED_ITEM('overriding color',(#17845),#2633,
  #17338);
#17845 = PRESENTATION_STYLE_ASSIGNMENT((#17846));
#17846 = SURFACE_STYLE_USAGE(.BOTH.,#17847);
#17847 = SURFACE_SIDE_STYLE('',(#17848));
#17848 = SURFACE_STYLE_FILL_AREA(#17849);
#17849 = FILL_AREA_STYLE('',(#17850));
#17850 = FILL_AREA_STYLE_COLOUR('',#17352);
#17851 = OVER_RIDING_STYLED_ITEM('overriding color',(#17852),#2650,
  #17338);
#17852 = PRESENTATION_STYLE_ASSIGNMENT((#17853));
#17853 = SURFACE_STYLE_USAGE(.BOTH.,#17854);
#17854 = SURFACE_SIDE_STYLE('',(#17855));
#17855 = SURFACE_STYLE_FILL_AREA(#17856);
#17856 = FILL_AREA_STYLE('',(#17857));
#17857 = FILL_AREA_STYLE_COLOUR('',#17352);
#17858 = OVER_RIDING_STYLED_ITEM('overriding color',(#17859),#2662,
  #17338);
#17859 = PRESENTATION_STYLE_ASSIGNMENT((#17860));
#17860 = SURFACE_STYLE_USAGE(.BOTH.,#17861);
#17861 = SURFACE_SIDE_STYLE('',(#17862));
#17862 = SURFACE_STYLE_FILL_AREA(#17863);
#17863 = FILL_AREA_STYLE('',(#17864));
#17864 = FILL_AREA_STYLE_COLOUR('',#17352);
#17865 = OVER_RIDING_STYLED_ITEM('overriding color',(#17866),#2702,
  #17338);
#17866 = PRESENTATION_STYLE_ASSIGNMENT((#17867));
#17867 = SURFACE_STYLE_USAGE(.BOTH.,#17868);
#17868 = SURFACE_SIDE_STYLE('',(#17869));
#17869 = SURFACE_STYLE_FILL_AREA(#17870);
#17870 = FILL_AREA_STYLE('',(#17871));
#17871 = FILL_AREA_STYLE_COLOUR('',#17352);
#17872 = OVER_RIDING_STYLED_ITEM('overriding color',(#17873),#2733,
  #17338);
#17873 = PRESENTATION_STYLE_ASSIGNMENT((#17874));
#17874 = SURFACE_STYLE_USAGE(.BOTH.,#17875);
#17875 = SURFACE_SIDE_STYLE('',(#17876));
#17876 = SURFACE_STYLE_FILL_AREA(#17877);
#17877 = FILL_AREA_STYLE('',(#17878));
#17878 = FILL_AREA_STYLE_COLOUR('',#17352);
#17879 = OVER_RIDING_STYLED_ITEM('overriding color',(#17880),#2770,
  #17338);
#17880 = PRESENTATION_STYLE_ASSIGNMENT((#17881));
#17881 = SURFACE_STYLE_USAGE(.BOTH.,#17882);
#17882 = SURFACE_SIDE_STYLE('',(#17883));
#17883 = SURFACE_STYLE_FILL_AREA(#17884);
#17884 = FILL_AREA_STYLE('',(#17885));
#17885 = FILL_AREA_STYLE_COLOUR('',#17352);
#17886 = OVER_RIDING_STYLED_ITEM('overriding color',(#17887),#2803,
  #17338);
#17887 = PRESENTATION_STYLE_ASSIGNMENT((#17888));
#17888 = SURFACE_STYLE_USAGE(.BOTH.,#17889);
#17889 = SURFACE_SIDE_STYLE('',(#17890));
#17890 = SURFACE_STYLE_FILL_AREA(#17891);
#17891 = FILL_AREA_STYLE('',(#17892));
#17892 = FILL_AREA_STYLE_COLOUR('',#17352);
#17893 = OVER_RIDING_STYLED_ITEM('overriding color',(#17894),#2836,
  #17338);
#17894 = PRESENTATION_STYLE_ASSIGNMENT((#17895));
#17895 = SURFACE_STYLE_USAGE(.BOTH.,#17896);
#17896 = SURFACE_SIDE_STYLE('',(#17897));
#17897 = SURFACE_STYLE_FILL_AREA(#17898);
#17898 = FILL_AREA_STYLE('',(#17899));
#17899 = FILL_AREA_STYLE_COLOUR('',#17352);
#17900 = OVER_RIDING_STYLED_ITEM('overriding color',(#17901),#2885,
  #17338);
#17901 = PRESENTATION_STYLE_ASSIGNMENT((#17902));
#17902 = SURFACE_STYLE_USAGE(.BOTH.,#17903);
#17903 = SURFACE_SIDE_STYLE('',(#17904));
#17904 = SURFACE_STYLE_FILL_AREA(#17905);
#17905 = FILL_AREA_STYLE('',(#17906));
#17906 = FILL_AREA_STYLE_COLOUR('',#17352);
#17907 = OVER_RIDING_STYLED_ITEM('overriding color',(#17908),#2916,
  #17338);
#17908 = PRESENTATION_STYLE_ASSIGNMENT((#17909));
#17909 = SURFACE_STYLE_USAGE(.BOTH.,#17910);
#17910 = SURFACE_SIDE_STYLE('',(#17911));
#17911 = SURFACE_STYLE_FILL_AREA(#17912);
#17912 = FILL_AREA_STYLE('',(#17913));
#17913 = FILL_AREA_STYLE_COLOUR('',#17352);
#17914 = OVER_RIDING_STYLED_ITEM('overriding color',(#17915),#2947,
  #17338);
#17915 = PRESENTATION_STYLE_ASSIGNMENT((#17916));
#17916 = SURFACE_STYLE_USAGE(.BOTH.,#17917);
#17917 = SURFACE_SIDE_STYLE('',(#17918));
#17918 = SURFACE_STYLE_FILL_AREA(#17919);
#17919 = FILL_AREA_STYLE('',(#17920));
#17920 = FILL_AREA_STYLE_COLOUR('',#17352);
#17921 = OVER_RIDING_STYLED_ITEM('overriding color',(#17922),#2969,
  #17338);
#17922 = PRESENTATION_STYLE_ASSIGNMENT((#17923));
#17923 = SURFACE_STYLE_USAGE(.BOTH.,#17924);
#17924 = SURFACE_SIDE_STYLE('',(#17925));
#17925 = SURFACE_STYLE_FILL_AREA(#17926);
#17926 = FILL_AREA_STYLE('',(#17927));
#17927 = FILL_AREA_STYLE_COLOUR('',#17352);
#17928 = OVER_RIDING_STYLED_ITEM('overriding color',(#17929),#2981,
  #17338);
#17929 = PRESENTATION_STYLE_ASSIGNMENT((#17930));
#17930 = SURFACE_STYLE_USAGE(.BOTH.,#17931);
#17931 = SURFACE_SIDE_STYLE('',(#17932));
#17932 = SURFACE_STYLE_FILL_AREA(#17933);
#17933 = FILL_AREA_STYLE('',(#17934));
#17934 = FILL_AREA_STYLE_COLOUR('',#17352);
#17935 = OVER_RIDING_STYLED_ITEM('overriding color',(#17936),#3031,
  #17338);
#17936 = PRESENTATION_STYLE_ASSIGNMENT((#17937));
#17937 = SURFACE_STYLE_USAGE(.BOTH.,#17938);
#17938 = SURFACE_SIDE_STYLE('',(#17939));
#17939 = SURFACE_STYLE_FILL_AREA(#17940);
#17940 = FILL_AREA_STYLE('',(#17941));
#17941 = FILL_AREA_STYLE_COLOUR('',#17352);
#17942 = OVER_RIDING_STYLED_ITEM('overriding color',(#17943),#3076,
  #17338);
#17943 = PRESENTATION_STYLE_ASSIGNMENT((#17944));
#17944 = SURFACE_STYLE_USAGE(.BOTH.,#17945);
#17945 = SURFACE_SIDE_STYLE('',(#17946));
#17946 = SURFACE_STYLE_FILL_AREA(#17947);
#17947 = FILL_AREA_STYLE('',(#17948));
#17948 = FILL_AREA_STYLE_COLOUR('',#17352);
#17949 = OVER_RIDING_STYLED_ITEM('overriding color',(#17950),#3112,
  #17338);
#17950 = PRESENTATION_STYLE_ASSIGNMENT((#17951));
#17951 = SURFACE_STYLE_USAGE(.BOTH.,#17952);
#17952 = SURFACE_SIDE_STYLE('',(#17953));
#17953 = SURFACE_STYLE_FILL_AREA(#17954);
#17954 = FILL_AREA_STYLE('',(#17955));
#17955 = FILL_AREA_STYLE_COLOUR('',#17352);
#17956 = OVER_RIDING_STYLED_ITEM('overriding color',(#17957),#3216,
  #17338);
#17957 = PRESENTATION_STYLE_ASSIGNMENT((#17958));
#17958 = SURFACE_STYLE_USAGE(.BOTH.,#17959);
#17959 = SURFACE_SIDE_STYLE('',(#17960));
#17960 = SURFACE_STYLE_FILL_AREA(#17961);
#17961 = FILL_AREA_STYLE('',(#17962));
#17962 = FILL_AREA_STYLE_COLOUR('',#17352);
#17963 = OVER_RIDING_STYLED_ITEM('overriding color',(#17964),#3235,
  #17338);
#17964 = PRESENTATION_STYLE_ASSIGNMENT((#17965));
#17965 = SURFACE_STYLE_USAGE(.BOTH.,#17966);
#17966 = SURFACE_SIDE_STYLE('',(#17967));
#17967 = SURFACE_STYLE_FILL_AREA(#17968);
#17968 = FILL_AREA_STYLE('',(#17969));
#17969 = FILL_AREA_STYLE_COLOUR('',#17352);
#17970 = OVER_RIDING_STYLED_ITEM('overriding color',(#17971),#3247,
  #17338);
#17971 = PRESENTATION_STYLE_ASSIGNMENT((#17972));
#17972 = SURFACE_STYLE_USAGE(.BOTH.,#17973);
#17973 = SURFACE_SIDE_STYLE('',(#17974));
#17974 = SURFACE_STYLE_FILL_AREA(#17975);
#17975 = FILL_AREA_STYLE('',(#17976));
#17976 = FILL_AREA_STYLE_COLOUR('',#17352);
#17977 = OVER_RIDING_STYLED_ITEM('overriding color',(#17978),#3266,
  #17338);
#17978 = PRESENTATION_STYLE_ASSIGNMENT((#17979));
#17979 = SURFACE_STYLE_USAGE(.BOTH.,#17980);
#17980 = SURFACE_SIDE_STYLE('',(#17981));
#17981 = SURFACE_STYLE_FILL_AREA(#17982);
#17982 = FILL_AREA_STYLE('',(#17983));
#17983 = FILL_AREA_STYLE_COLOUR('',#17352);
#17984 = OVER_RIDING_STYLED_ITEM('overriding color',(#17985),#3278,
  #17338);
#17985 = PRESENTATION_STYLE_ASSIGNMENT((#17986));
#17986 = SURFACE_STYLE_USAGE(.BOTH.,#17987);
#17987 = SURFACE_SIDE_STYLE('',(#17988));
#17988 = SURFACE_STYLE_FILL_AREA(#17989);
#17989 = FILL_AREA_STYLE('',(#17990));
#17990 = FILL_AREA_STYLE_COLOUR('',#17352);
#17991 = OVER_RIDING_STYLED_ITEM('overriding color',(#17992),#3295,
  #17338);
#17992 = PRESENTATION_STYLE_ASSIGNMENT((#17993));
#17993 = SURFACE_STYLE_USAGE(.BOTH.,#17994);
#17994 = SURFACE_SIDE_STYLE('',(#17995));
#17995 = SURFACE_STYLE_FILL_AREA(#17996);
#17996 = FILL_AREA_STYLE('',(#17997));
#17997 = FILL_AREA_STYLE_COLOUR('',#17352);
#17998 = OVER_RIDING_STYLED_ITEM('overriding color',(#17999),#3307,
  #17338);
#17999 = PRESENTATION_STYLE_ASSIGNMENT((#18000));
#18000 = SURFACE_STYLE_USAGE(.BOTH.,#18001);
#18001 = SURFACE_SIDE_STYLE('',(#18002));
#18002 = SURFACE_STYLE_FILL_AREA(#18003);
#18003 = FILL_AREA_STYLE('',(#18004));
#18004 = FILL_AREA_STYLE_COLOUR('',#17352);
#18005 = OVER_RIDING_STYLED_ITEM('overriding color',(#18006),#3324,
  #17338);
#18006 = PRESENTATION_STYLE_ASSIGNMENT((#18007));
#18007 = SURFACE_STYLE_USAGE(.BOTH.,#18008);
#18008 = SURFACE_SIDE_STYLE('',(#18009));
#18009 = SURFACE_STYLE_FILL_AREA(#18010);
#18010 = FILL_AREA_STYLE('',(#18011));
#18011 = FILL_AREA_STYLE_COLOUR('',#17352);
#18012 = OVER_RIDING_STYLED_ITEM('overriding color',(#18013),#3343,
  #17338);
#18013 = PRESENTATION_STYLE_ASSIGNMENT((#18014));
#18014 = SURFACE_STYLE_USAGE(.BOTH.,#18015);
#18015 = SURFACE_SIDE_STYLE('',(#18016));
#18016 = SURFACE_STYLE_FILL_AREA(#18017);
#18017 = FILL_AREA_STYLE('',(#18018));
#18018 = FILL_AREA_STYLE_COLOUR('',#17352);
#18019 = OVER_RIDING_STYLED_ITEM('overriding color',(#18020),#3357,
  #17338);
#18020 = PRESENTATION_STYLE_ASSIGNMENT((#18021));
#18021 = SURFACE_STYLE_USAGE(.BOTH.,#18022);
#18022 = SURFACE_SIDE_STYLE('',(#18023));
#18023 = SURFACE_STYLE_FILL_AREA(#18024);
#18024 = FILL_AREA_STYLE('',(#18025));
#18025 = FILL_AREA_STYLE_COLOUR('',#17352);
#18026 = OVER_RIDING_STYLED_ITEM('overriding color',(#18027),#3381,
  #17338);
#18027 = PRESENTATION_STYLE_ASSIGNMENT((#18028));
#18028 = SURFACE_STYLE_USAGE(.BOTH.,#18029);
#18029 = SURFACE_SIDE_STYLE('',(#18030));
#18030 = SURFACE_STYLE_FILL_AREA(#18031);
#18031 = FILL_AREA_STYLE('',(#18032));
#18032 = FILL_AREA_STYLE_COLOUR('',#17352);
#18033 = OVER_RIDING_STYLED_ITEM('overriding color',(#18034),#3405,
  #17338);
#18034 = PRESENTATION_STYLE_ASSIGNMENT((#18035));
#18035 = SURFACE_STYLE_USAGE(.BOTH.,#18036);
#18036 = SURFACE_SIDE_STYLE('',(#18037));
#18037 = SURFACE_STYLE_FILL_AREA(#18038);
#18038 = FILL_AREA_STYLE('',(#18039));
#18039 = FILL_AREA_STYLE_COLOUR('',#17352);
#18040 = OVER_RIDING_STYLED_ITEM('overriding color',(#18041),#3414,
  #17338);
#18041 = PRESENTATION_STYLE_ASSIGNMENT((#18042));
#18042 = SURFACE_STYLE_USAGE(.BOTH.,#18043);
#18043 = SURFACE_SIDE_STYLE('',(#18044));
#18044 = SURFACE_STYLE_FILL_AREA(#18045);
#18045 = FILL_AREA_STYLE('',(#18046));
#18046 = FILL_AREA_STYLE_COLOUR('',#17352);
#18047 = OVER_RIDING_STYLED_ITEM('overriding color',(#18048),#3423,
  #17338);
#18048 = PRESENTATION_STYLE_ASSIGNMENT((#18049));
#18049 = SURFACE_STYLE_USAGE(.BOTH.,#18050);
#18050 = SURFACE_SIDE_STYLE('',(#18051));
#18051 = SURFACE_STYLE_FILL_AREA(#18052);
#18052 = FILL_AREA_STYLE('',(#18053));
#18053 = FILL_AREA_STYLE_COLOUR('',#17352);
#18054 = OVER_RIDING_STYLED_ITEM('overriding color',(#18055),#3435,
  #17338);
#18055 = PRESENTATION_STYLE_ASSIGNMENT((#18056));
#18056 = SURFACE_STYLE_USAGE(.BOTH.,#18057);
#18057 = SURFACE_SIDE_STYLE('',(#18058));
#18058 = SURFACE_STYLE_FILL_AREA(#18059);
#18059 = FILL_AREA_STYLE('',(#18060));
#18060 = FILL_AREA_STYLE_COLOUR('',#17352);
#18061 = OVER_RIDING_STYLED_ITEM('overriding color',(#18062),#3447,
  #17338);
#18062 = PRESENTATION_STYLE_ASSIGNMENT((#18063));
#18063 = SURFACE_STYLE_USAGE(.BOTH.,#18064);
#18064 = SURFACE_SIDE_STYLE('',(#18065));
#18065 = SURFACE_STYLE_FILL_AREA(#18066);
#18066 = FILL_AREA_STYLE('',(#18067));
#18067 = FILL_AREA_STYLE_COLOUR('',#17352);
#18068 = OVER_RIDING_STYLED_ITEM('overriding color',(#18069),#3488,
  #17338);
#18069 = PRESENTATION_STYLE_ASSIGNMENT((#18070));
#18070 = SURFACE_STYLE_USAGE(.BOTH.,#18071);
#18071 = SURFACE_SIDE_STYLE('',(#18072));
#18072 = SURFACE_STYLE_FILL_AREA(#18073);
#18073 = FILL_AREA_STYLE('',(#18074));
#18074 = FILL_AREA_STYLE_COLOUR('',#17352);
#18075 = OVER_RIDING_STYLED_ITEM('overriding color',(#18076),#3505,
  #17338);
#18076 = PRESENTATION_STYLE_ASSIGNMENT((#18077));
#18077 = SURFACE_STYLE_USAGE(.BOTH.,#18078);
#18078 = SURFACE_SIDE_STYLE('',(#18079));
#18079 = SURFACE_STYLE_FILL_AREA(#18080);
#18080 = FILL_AREA_STYLE('',(#18081));
#18081 = FILL_AREA_STYLE_COLOUR('',#17352);
ENDSEC;
END-ISO-10303-21;
